[    7009ms] [INFO] %cDownload the React DevTools for a better development experience: https://react.dev/link/react-devtools font-weight:bold @ http://localhost:3001/node_modules/.vite/deps/react-dom_client.js?v=f1572d1d:20102
[  118568ms] [VERBOSE] [DOM] Input elements should have autocomplete attributes (suggested: "current-password"): (More info: https://goo.gl/9p2vKq) %o @ http://localhost:3001/:0
[  407148ms] [ERROR] Failed to load resource: the server responded with a status of 503 (Service Unavailable) @ http://localhost:8001/api/v1/professionals/invite:0
[  973971ms] [ERROR] Failed to load resource: the server responded with a status of 403 () @ https://vyfmzzmirezearxdbnyy.supabase.co/auth/v1/logout?scope=global:0
[  974065ms] [VERBOSE] [DOM] Input elements should have autocomplete attributes (suggested: "current-password"): (More info: https://goo.gl/9p2vKq) %o @ http://localhost:3001/:0
[  989243ms] [ERROR] Failed to load resource: the server responded with a status of 401 (Unauthorized) @ http://localhost:8001/api/v1/auth/me:0
[  989276ms] [ERROR] Failed to load resource: the server responded with a status of 401 (Unauthorized) @ http://localhost:8001/api/v1/auth/me:0
[  989294ms] [ERROR] Failed to load resource: the server responded with a status of 401 (Unauthorized) @ http://localhost:8001/api/v1/auth/me:0
[  989906ms] [ERROR] Failed to load resource: the server responded with a status of 401 (Unauthorized) @ http://localhost:8001/api/v1/auth/me:0
[  989932ms] [ERROR] Failed to load resource: the server responded with a status of 401 (Unauthorized) @ http://localhost:8001/api/v1/auth/me:0
[  989947ms] [ERROR] Failed to load resource: the server responded with a status of 401 (Unauthorized) @ http://localhost:8001/api/v1/auth/me:0
[  990129ms] [ERROR] Failed to load resource: the server responded with a status of 401 (Unauthorized) @ http://localhost:8001/api/v1/auth/me:0
[  990186ms] [ERROR] Failed to load resource: the server responded with a status of 401 (Unauthorized) @ http://localhost:8001/api/v1/auth/me:0
[  990189ms] [ERROR] Failed to load resource: the server responded with a status of 401 (Unauthorized) @ http://localhost:8001/api/v1/auth/me:0
[  990214ms] [ERROR] Failed to load resource: the server responded with a status of 401 (Unauthorized) @ http://localhost:8001/api/v1/auth/me:0
[  990234ms] [ERROR] Failed to load resource: the server responded with a status of 401 (Unauthorized) @ http://localhost:8001/api/v1/auth/me:0
[  990262ms] [ERROR] Failed to load resource: the server responded with a status of 401 (Unauthorized) @ http://localhost:8001/api/v1/auth/me:0
[ 3808892ms] [ERROR] Failed to load resource: net::ERR_NETWORK_CHANGED @ http://localhost:8001/api/v1/professionals:0
[ 4493397ms] [ERROR] Failed to load resource: the server responded with a status of 400 () @ https://vyfmzzmirezearxdbnyy.supabase.co/auth/v1/token?grant_type=refresh_token:0
[ 4569058ms] [ERROR] Failed to load resource: the server responded with a status of 400 () @ https://vyfmzzmirezearxdbnyy.supabase.co/auth/v1/token?grant_type=refresh_token:0
[ 4659539ms] [ERROR] Failed to load resource: the server responded with a status of 400 () @ https://vyfmzzmirezearxdbnyy.supabase.co/auth/v1/token?grant_type=refresh_token:0
[ 4677966ms] [VERBOSE] [DOM] Input elements should have autocomplete attributes (suggested: "current-password"): (More info: https://goo.gl/9p2vKq) %o @ http://localhost:3001/:0
[ 5995225ms] [LOG] [vite] server connection lost. Polling for restart... @ http://localhost:3001/@vite/client:963
[ 6006399ms] [ERROR] WebSocket connection to 'ws://localhost:3001/' failed: Error in connection establishment: net::ERR_CONNECTION_REFUSED @ http://localhost:3001/@vite/client:1034
[ 6010024ms] [ERROR] WebSocket connection to 'ws://localhost:3001/' failed: Error in connection establishment: net::ERR_CONNECTION_REFUSED @ http://localhost:3001/@vite/client:1034
[ 6013498ms] [ERROR] WebSocket connection to 'ws://localhost:3001/' failed: Error in connection establishment: net::ERR_CONNECTION_REFUSED @ http://localhost:3001/@vite/client:1034
[ 6016840ms] [ERROR] WebSocket connection to 'ws://localhost:3001/' failed: Error in connection establishment: net::ERR_CONNECTION_REFUSED @ http://localhost:3001/@vite/client:1034
[ 6020231ms] [ERROR] WebSocket connection to 'ws://localhost:3001/' failed: Error in connection establishment: net::ERR_CONNECTION_REFUSED @ http://localhost:3001/@vite/client:1034
[ 6023775ms] [ERROR] WebSocket connection to 'ws://localhost:3001/' failed: Error in connection establishment: net::ERR_CONNECTION_REFUSED @ http://localhost:3001/@vite/client:1034
[ 6027167ms] [ERROR] WebSocket connection to 'ws://localhost:3001/' failed: Error in connection establishment: net::ERR_CONNECTION_REFUSED @ http://localhost:3001/@vite/client:1034
[ 6030520ms] [ERROR] WebSocket connection to 'ws://localhost:3001/' failed: Error in connection establishment: net::ERR_CONNECTION_REFUSED @ http://localhost:3001/@vite/client:1034
[ 6033871ms] [ERROR] WebSocket connection to 'ws://localhost:3001/' failed: Error in connection establishment: net::ERR_CONNECTION_REFUSED @ http://localhost:3001/@vite/client:1034
[ 6037412ms] [ERROR] WebSocket connection to 'ws://localhost:3001/' failed: Error in connection establishment: net::ERR_CONNECTION_REFUSED @ http://localhost:3001/@vite/client:1034
[ 6040806ms] [ERROR] WebSocket connection to 'ws://localhost:3001/' failed: Error in connection establishment: net::ERR_CONNECTION_REFUSED @ http://localhost:3001/@vite/client:1034
[ 6044337ms] [ERROR] WebSocket connection to 'ws://localhost:3001/' failed: Error in connection establishment: net::ERR_CONNECTION_REFUSED @ http://localhost:3001/@vite/client:1034
[ 6047886ms] [ERROR] WebSocket connection to 'ws://localhost:3001/' failed: Error in connection establishment: net::ERR_CONNECTION_REFUSED @ http://localhost:3001/@vite/client:1034
[ 6051463ms] [ERROR] WebSocket connection to 'ws://localhost:3001/' failed: Error in connection establishment: net::ERR_CONNECTION_REFUSED @ http://localhost:3001/@vite/client:1034
[ 6055572ms] [ERROR] WebSocket connection to 'ws://localhost:3001/' failed: Error in connection establishment: net::ERR_CONNECTION_REFUSED @ http://localhost:3001/@vite/client:1034
[ 6060040ms] [ERROR] WebSocket connection to 'ws://localhost:3001/' failed: Error in connection establishment: net::ERR_CONNECTION_REFUSED @ http://localhost:3001/@vite/client:1034
[ 6067368ms] [ERROR] WebSocket connection to 'ws://localhost:3001/' failed: Error in connection establishment: net::ERR_CONNECTION_REFUSED @ http://localhost:3001/@vite/client:1034
[ 6073776ms] [ERROR] WebSocket connection to 'ws://localhost:3001/' failed: Error in connection establishment: net::ERR_CONNECTION_REFUSED @ http://localhost:3001/@vite/client:1034
[ 6080125ms] [ERROR] WebSocket connection to 'ws://localhost:3001/' failed: Error in connection establishment: net::ERR_CONNECTION_REFUSED @ http://localhost:3001/@vite/client:1034
[ 6085123ms] [ERROR] WebSocket connection to 'ws://localhost:3001/' failed: Error in connection establishment: net::ERR_CONNECTION_REFUSED @ http://localhost:3001/@vite/client:1034
[ 6091097ms] [ERROR] WebSocket connection to 'ws://localhost:3001/' failed: Error in connection establishment: net::ERR_CONNECTION_REFUSED @ http://localhost:3001/@vite/client:1034
[ 6099187ms] [ERROR] WebSocket connection to 'ws://localhost:3001/' failed: Error in connection establishment: net::ERR_CONNECTION_REFUSED @ http://localhost:3001/@vite/client:1034
[ 6105554ms] [ERROR] WebSocket connection to 'ws://localhost:3001/' failed: Error in connection establishment: net::ERR_CONNECTION_REFUSED @ http://localhost:3001/@vite/client:1034
[ 6110718ms] [ERROR] WebSocket connection to 'ws://localhost:3001/' failed: Error in connection establishment: net::ERR_CONNECTION_REFUSED @ http://localhost:3001/@vite/client:1034
[ 6118462ms] [ERROR] WebSocket connection to 'ws://localhost:3001/' failed: Error in connection establishment: net::ERR_CONNECTION_REFUSED @ http://localhost:3001/@vite/client:1034
[ 6124139ms] [ERROR] WebSocket connection to 'ws://localhost:3001/' failed: Error in connection establishment: net::ERR_CONNECTION_REFUSED @ http://localhost:3001/@vite/client:1034
[ 6129704ms] [ERROR] WebSocket connection to 'ws://localhost:3001/' failed: Error in connection establishment: net::ERR_CONNECTION_REFUSED @ http://localhost:3001/@vite/client:1034
[ 6137866ms] [ERROR] WebSocket connection to 'ws://localhost:3001/' failed: Error in connection establishment: net::ERR_CONNECTION_REFUSED @ http://localhost:3001/@vite/client:1034
[ 6143437ms] [ERROR] WebSocket connection to 'ws://localhost:3001/' failed: Error in connection establishment: net::ERR_CONNECTION_REFUSED @ http://localhost:3001/@vite/client:1034
[ 6149164ms] [ERROR] WebSocket connection to 'ws://localhost:3001/' failed: Error in connection establishment: net::ERR_CONNECTION_REFUSED @ http://localhost:3001/@vite/client:1034
[ 6157608ms] [ERROR] WebSocket connection to 'ws://localhost:3001/' failed: Error in connection establishment: net::ERR_CONNECTION_REFUSED @ http://localhost:3001/@vite/client:1034
[ 6164301ms] [ERROR] WebSocket connection to 'ws://localhost:3001/' failed: Error in connection establishment: net::ERR_CONNECTION_REFUSED @ http://localhost:3001/@vite/client:1034
[ 6174695ms] [ERROR] WebSocket connection to 'ws://localhost:3001/' failed: Error in connection establishment: net::ERR_CONNECTION_REFUSED @ http://localhost:3001/@vite/client:1034
[ 6179096ms] [ERROR] WebSocket connection to 'ws://localhost:3001/' failed: Error in connection establishment: net::ERR_CONNECTION_REFUSED @ http://localhost:3001/@vite/client:1034
[ 6184049ms] [ERROR] WebSocket connection to 'ws://localhost:3001/' failed: Error in connection establishment: net::ERR_CONNECTION_REFUSED @ http://localhost:3001/@vite/client:1034
[ 6191295ms] [ERROR] WebSocket connection to 'ws://localhost:3001/' failed: Error in connection establishment: net::ERR_CONNECTION_REFUSED @ http://localhost:3001/@vite/client:1034
[ 6196126ms] [ERROR] WebSocket connection to 'ws://localhost:3001/' failed: Error in connection establishment: net::ERR_CONNECTION_REFUSED @ http://localhost:3001/@vite/client:1034
[ 6203233ms] [ERROR] WebSocket connection to 'ws://localhost:3001/' failed: Error in connection establishment: net::ERR_CONNECTION_REFUSED @ http://localhost:3001/@vite/client:1034
[ 6209269ms] [ERROR] WebSocket connection to 'ws://localhost:3001/' failed: Error in connection establishment: net::ERR_CONNECTION_REFUSED @ http://localhost:3001/@vite/client:1034
[ 6213812ms] [ERROR] WebSocket connection to 'ws://localhost:3001/' failed: Error in connection establishment: net::ERR_CONNECTION_REFUSED @ http://localhost:3001/@vite/client:1034
[ 6221726ms] [ERROR] WebSocket connection to 'ws://localhost:3001/' failed: Error in connection establishment: net::ERR_CONNECTION_REFUSED @ http://localhost:3001/@vite/client:1034
[ 6227123ms] [ERROR] WebSocket connection to 'ws://localhost:3001/' failed: Error in connection establishment: net::ERR_CONNECTION_REFUSED @ http://localhost:3001/@vite/client:1034
[ 6233970ms] [ERROR] WebSocket connection to 'ws://localhost:3001/' failed: Error in connection establishment: net::ERR_CONNECTION_REFUSED @ http://localhost:3001/@vite/client:1034
[ 6241901ms] [ERROR] WebSocket connection to 'ws://localhost:3001/' failed: Error in connection establishment: net::ERR_CONNECTION_REFUSED @ http://localhost:3001/@vite/client:1034
[ 6245256ms] [ERROR] WebSocket connection to 'ws://localhost:3001/' failed: Error in connection establishment: net::ERR_CONNECTION_REFUSED @ http://localhost:3001/@vite/client:1034
[ 6248593ms] [ERROR] WebSocket connection to 'ws://localhost:3001/' failed: Error in connection establishment: net::ERR_CONNECTION_REFUSED @ http://localhost:3001/@vite/client:1034
[ 6251942ms] [ERROR] WebSocket connection to 'ws://localhost:3001/' failed: Error in connection establishment: net::ERR_CONNECTION_REFUSED @ http://localhost:3001/@vite/client:1034
[ 6256133ms] [ERROR] WebSocket connection to 'ws://localhost:3001/' failed: Error in connection establishment: net::ERR_CONNECTION_REFUSED @ http://localhost:3001/@vite/client:1034
[ 6259888ms] [ERROR] WebSocket connection to 'ws://localhost:3001/' failed: Error in connection establishment: net::ERR_CONNECTION_REFUSED @ http://localhost:3001/@vite/client:1034
[ 6263260ms] [ERROR] WebSocket connection to 'ws://localhost:3001/' failed: Error in connection establishment: net::ERR_CONNECTION_REFUSED @ http://localhost:3001/@vite/client:1034
[ 6266622ms] [ERROR] WebSocket connection to 'ws://localhost:3001/' failed: Error in connection establishment: net::ERR_CONNECTION_REFUSED @ http://localhost:3001/@vite/client:1034
[ 6269980ms] [ERROR] WebSocket connection to 'ws://localhost:3001/' failed: Error in connection establishment: net::ERR_CONNECTION_REFUSED @ http://localhost:3001/@vite/client:1034
[ 6273350ms] [ERROR] WebSocket connection to 'ws://localhost:3001/' failed: Error in connection establishment: net::ERR_CONNECTION_REFUSED @ http://localhost:3001/@vite/client:1034
[ 6276755ms] [ERROR] WebSocket connection to 'ws://localhost:3001/' failed: Error in connection establishment: net::ERR_CONNECTION_REFUSED @ http://localhost:3001/@vite/client:1034
[ 6280168ms] [ERROR] WebSocket connection to 'ws://localhost:3001/' failed: Error in connection establishment: net::ERR_CONNECTION_REFUSED @ http://localhost:3001/@vite/client:1034
[ 6283582ms] [ERROR] WebSocket connection to 'ws://localhost:3001/' failed: Error in connection establishment: net::ERR_CONNECTION_REFUSED @ http://localhost:3001/@vite/client:1034
[ 6287169ms] [ERROR] WebSocket connection to 'ws://localhost:3001/' failed: Error in connection establishment: net::ERR_CONNECTION_REFUSED @ http://localhost:3001/@vite/client:1034
[ 6290744ms] [ERROR] WebSocket connection to 'ws://localhost:3001/' failed: Error in connection establishment: net::ERR_CONNECTION_REFUSED @ http://localhost:3001/@vite/client:1034
[ 6295367ms] [ERROR] WebSocket connection to 'ws://localhost:3001/' failed: Error in connection establishment: net::ERR_CONNECTION_REFUSED @ http://localhost:3001/@vite/client:1034
[ 6299426ms] [ERROR] WebSocket connection to 'ws://localhost:3001/' failed: Error in connection establishment: net::ERR_CONNECTION_REFUSED @ http://localhost:3001/@vite/client:1034
[ 6306782ms] [ERROR] WebSocket connection to 'ws://localhost:3001/' failed: Error in connection establishment: net::ERR_CONNECTION_REFUSED @ http://localhost:3001/@vite/client:1034
[ 6315121ms] [ERROR] WebSocket connection to 'ws://localhost:3001/' failed: Error in connection establishment: net::ERR_CONNECTION_REFUSED @ http://localhost:3001/@vite/client:1034
[ 6323335ms] [ERROR] WebSocket connection to 'ws://localhost:3001/' failed: Error in connection establishment: net::ERR_CONNECTION_REFUSED @ http://localhost:3001/@vite/client:1034
[ 6332037ms] [ERROR] WebSocket connection to 'ws://localhost:3001/' failed: Error in connection establishment: net::ERR_CONNECTION_REFUSED @ http://localhost:3001/@vite/client:1034
[ 6336633ms] [ERROR] WebSocket connection to 'ws://localhost:3001/' failed: Error in connection establishment: net::ERR_CONNECTION_REFUSED @ http://localhost:3001/@vite/client:1034
[ 6341627ms] [ERROR] WebSocket connection to 'ws://localhost:3001/' failed: Error in connection establishment: net::ERR_CONNECTION_REFUSED @ http://localhost:3001/@vite/client:1034
[ 6348796ms] [ERROR] WebSocket connection to 'ws://localhost:3001/' failed: Error in connection establishment: net::ERR_CONNECTION_REFUSED @ http://localhost:3001/@vite/client:1034
[ 6356875ms] [ERROR] WebSocket connection to 'ws://localhost:3001/' failed: Error in connection establishment: net::ERR_CONNECTION_REFUSED @ http://localhost:3001/@vite/client:1034
[ 6365926ms] [ERROR] WebSocket connection to 'ws://localhost:3001/' failed: Error in connection establishment: net::ERR_CONNECTION_REFUSED @ http://localhost:3001/@vite/client:1034
[ 6373700ms] [ERROR] WebSocket connection to 'ws://localhost:3001/' failed: Error in connection establishment: net::ERR_CONNECTION_REFUSED @ http://localhost:3001/@vite/client:1034
[ 6378290ms] [ERROR] WebSocket connection to 'ws://localhost:3001/' failed: Error in connection establishment: net::ERR_CONNECTION_REFUSED @ http://localhost:3001/@vite/client:1034
[ 6384171ms] [ERROR] WebSocket connection to 'ws://localhost:3001/' failed: Error in connection establishment: net::ERR_CONNECTION_REFUSED @ http://localhost:3001/@vite/client:1034
[ 6391987ms] [ERROR] WebSocket connection to 'ws://localhost:3001/' failed: Error in connection establishment: net::ERR_CONNECTION_REFUSED @ http://localhost:3001/@vite/client:1034
[ 6401061ms] [ERROR] WebSocket connection to 'ws://localhost:3001/' failed: Error in connection establishment: net::ERR_CONNECTION_REFUSED @ http://localhost:3001/@vite/client:1034
[ 6406961ms] [ERROR] WebSocket connection to 'ws://localhost:3001/' failed: Error in connection establishment: net::ERR_CONNECTION_REFUSED @ http://localhost:3001/@vite/client:1034
[ 6411326ms] [ERROR] WebSocket connection to 'ws://localhost:3001/' failed: Error in connection establishment: net::ERR_CONNECTION_REFUSED @ http://localhost:3001/@vite/client:1034
[ 6417877ms] [ERROR] WebSocket connection to 'ws://localhost:3001/' failed: Error in connection establishment: net::ERR_CONNECTION_REFUSED @ http://localhost:3001/@vite/client:1034
[ 6423881ms] [ERROR] WebSocket connection to 'ws://localhost:3001/' failed: Error in connection establishment: net::ERR_CONNECTION_REFUSED @ http://localhost:3001/@vite/client:1034
[ 6431857ms] [ERROR] WebSocket connection to 'ws://localhost:3001/' failed: Error in connection establishment: net::ERR_CONNECTION_REFUSED @ http://localhost:3001/@vite/client:1034
[ 6436865ms] [ERROR] WebSocket connection to 'ws://localhost:3001/' failed: Error in connection establishment: net::ERR_CONNECTION_REFUSED @ http://localhost:3001/@vite/client:1034
[ 6441743ms] [ERROR] WebSocket connection to 'ws://localhost:3001/' failed: Error in connection establishment: net::ERR_CONNECTION_REFUSED @ http://localhost:3001/@vite/client:1034
[ 6447840ms] [ERROR] WebSocket connection to 'ws://localhost:3001/' failed: Error in connection establishment: net::ERR_CONNECTION_REFUSED @ http://localhost:3001/@vite/client:1034
[ 6455026ms] [ERROR] WebSocket connection to 'ws://localhost:3001/' failed: Error in connection establishment: net::ERR_CONNECTION_REFUSED @ http://localhost:3001/@vite/client:1034
[ 6461688ms] [ERROR] WebSocket connection to 'ws://localhost:3001/' failed: Error in connection establishment: net::ERR_CONNECTION_REFUSED @ http://localhost:3001/@vite/client:1034
[ 6469062ms] [ERROR] WebSocket connection to 'ws://localhost:3001/' failed: Error in connection establishment: net::ERR_CONNECTION_REFUSED @ http://localhost:3001/@vite/client:1034
[ 6474971ms] [ERROR] WebSocket connection to 'ws://localhost:3001/' failed: Error in connection establishment: net::ERR_CONNECTION_REFUSED @ http://localhost:3001/@vite/client:1034
[ 6481764ms] [ERROR] WebSocket connection to 'ws://localhost:3001/' failed: Error in connection establishment: net::ERR_CONNECTION_REFUSED @ http://localhost:3001/@vite/client:1034
[ 6487476ms] [ERROR] WebSocket connection to 'ws://localhost:3001/' failed: Error in connection establishment: net::ERR_CONNECTION_REFUSED @ http://localhost:3001/@vite/client:1034
[ 6492571ms] [ERROR] WebSocket connection to 'ws://localhost:3001/' failed: Error in connection establishment: net::ERR_CONNECTION_REFUSED @ http://localhost:3001/@vite/client:1034
[ 6497834ms] [ERROR] WebSocket connection to 'ws://localhost:3001/' failed: Error in connection establishment: net::ERR_CONNECTION_REFUSED @ http://localhost:3001/@vite/client:1034
[ 6503066ms] [ERROR] WebSocket connection to 'ws://localhost:3001/' failed: Error in connection establishment: net::ERR_CONNECTION_REFUSED @ http://localhost:3001/@vite/client:1034
[ 6507528ms] [ERROR] WebSocket connection to 'ws://localhost:3001/' failed: Error in connection establishment: net::ERR_CONNECTION_REFUSED @ http://localhost:3001/@vite/client:1034
[ 6515794ms] [ERROR] WebSocket connection to 'ws://localhost:3001/' failed: Error in connection establishment: net::ERR_CONNECTION_REFUSED @ http://localhost:3001/@vite/client:1034
[ 6523767ms] [ERROR] WebSocket connection to 'ws://localhost:3001/' failed: Error in connection establishment: net::ERR_CONNECTION_REFUSED @ http://localhost:3001/@vite/client:1034
[ 6531402ms] [ERROR] WebSocket connection to 'ws://localhost:3001/' failed: Error in connection establishment: net::ERR_CONNECTION_REFUSED @ http://localhost:3001/@vite/client:1034
[ 6539112ms] [ERROR] WebSocket connection to 'ws://localhost:3001/' failed: Error in connection establishment: net::ERR_CONNECTION_REFUSED @ http://localhost:3001/@vite/client:1034
[ 6543578ms] [ERROR] WebSocket connection to 'ws://localhost:3001/' failed: Error in connection establishment: net::ERR_CONNECTION_REFUSED @ http://localhost:3001/@vite/client:1034
[ 6551748ms] [ERROR] WebSocket connection to 'ws://localhost:3001/' failed: Error in connection establishment: net::ERR_CONNECTION_REFUSED @ http://localhost:3001/@vite/client:1034
[ 6557683ms] [ERROR] WebSocket connection to 'ws://localhost:3001/' failed: Error in connection establishment: net::ERR_CONNECTION_REFUSED @ http://localhost:3001/@vite/client:1034
[ 6565924ms] [ERROR] WebSocket connection to 'ws://localhost:3001/' failed: Error in connection establishment: net::ERR_CONNECTION_REFUSED @ http://localhost:3001/@vite/client:1034
[ 6572126ms] [ERROR] WebSocket connection to 'ws://localhost:3001/' failed: Error in connection establishment: net::ERR_CONNECTION_REFUSED @ http://localhost:3001/@vite/client:1034
[ 6580385ms] [ERROR] WebSocket connection to 'ws://localhost:3001/' failed: Error in connection establishment: net::ERR_CONNECTION_REFUSED @ http://localhost:3001/@vite/client:1034
[ 6584804ms] [ERROR] WebSocket connection to 'ws://localhost:3001/' failed: Error in connection establishment: net::ERR_CONNECTION_REFUSED @ http://localhost:3001/@vite/client:1034
[ 6593155ms] [ERROR] WebSocket connection to 'ws://localhost:3001/' failed: Error in connection establishment: net::ERR_CONNECTION_REFUSED @ http://localhost:3001/@vite/client:1034
[ 6598730ms] [ERROR] WebSocket connection to 'ws://localhost:3001/' failed: Error in connection establishment: net::ERR_CONNECTION_REFUSED @ http://localhost:3001/@vite/client:1034
[ 6603477ms] [ERROR] WebSocket connection to 'ws://localhost:3001/' failed: Error in connection establishment: net::ERR_CONNECTION_REFUSED @ http://localhost:3001/@vite/client:1034
[ 6609197ms] [ERROR] WebSocket connection to 'ws://localhost:3001/' failed: Error in connection establishment: net::ERR_CONNECTION_REFUSED @ http://localhost:3001/@vite/client:1034
[ 6613717ms] [ERROR] WebSocket connection to 'ws://localhost:3001/' failed: Error in connection establishment: net::ERR_CONNECTION_REFUSED @ http://localhost:3001/@vite/client:1034
[ 6620029ms] [ERROR] WebSocket connection to 'ws://localhost:3001/' failed: Error in connection establishment: net::ERR_CONNECTION_REFUSED @ http://localhost:3001/@vite/client:1034
[ 6626370ms] [ERROR] WebSocket connection to 'ws://localhost:3001/' failed: Error in connection establishment: net::ERR_CONNECTION_REFUSED @ http://localhost:3001/@vite/client:1034
[ 6631149ms] [ERROR] WebSocket connection to 'ws://localhost:3001/' failed: Error in connection establishment: net::ERR_CONNECTION_REFUSED @ http://localhost:3001/@vite/client:1034
[ 6636084ms] [ERROR] WebSocket connection to 'ws://localhost:3001/' failed: Error in connection establishment: net::ERR_CONNECTION_REFUSED @ http://localhost:3001/@vite/client:1034
[ 6643288ms] [ERROR] WebSocket connection to 'ws://localhost:3001/' failed: Error in connection establishment: net::ERR_CONNECTION_REFUSED @ http://localhost:3001/@vite/client:1034
[ 6648625ms] [ERROR] WebSocket connection to 'ws://localhost:3001/' failed: Error in connection establishment: net::ERR_CONNECTION_REFUSED @ http://localhost:3001/@vite/client:1034
[ 6653764ms] [ERROR] WebSocket connection to 'ws://localhost:3001/' failed: Error in connection establishment: net::ERR_CONNECTION_REFUSED @ http://localhost:3001/@vite/client:1034
[ 6660393ms] [ERROR] WebSocket connection to 'ws://localhost:3001/' failed: Error in connection establishment: net::ERR_CONNECTION_REFUSED @ http://localhost:3001/@vite/client:1034
[ 6666091ms] [ERROR] WebSocket connection to 'ws://localhost:3001/' failed: Error in connection establishment: net::ERR_CONNECTION_REFUSED @ http://localhost:3001/@vite/client:1034
[ 6672577ms] [ERROR] WebSocket connection to 'ws://localhost:3001/' failed: Error in connection establishment: net::ERR_CONNECTION_REFUSED @ http://localhost:3001/@vite/client:1034
[ 6678344ms] [ERROR] WebSocket connection to 'ws://localhost:3001/' failed: Error in connection establishment: net::ERR_CONNECTION_REFUSED @ http://localhost:3001/@vite/client:1034
[ 6686401ms] [ERROR] WebSocket connection to 'ws://localhost:3001/' failed: Error in connection establishment: net::ERR_CONNECTION_REFUSED @ http://localhost:3001/@vite/client:1034
[ 6692217ms] [ERROR] WebSocket connection to 'ws://localhost:3001/' failed: Error in connection establishment: net::ERR_CONNECTION_REFUSED @ http://localhost:3001/@vite/client:1034
[ 6699212ms] [ERROR] WebSocket connection to 'ws://localhost:3001/' failed: Error in connection establishment: net::ERR_CONNECTION_REFUSED @ http://localhost:3001/@vite/client:1034
[ 6706412ms] [ERROR] WebSocket connection to 'ws://localhost:3001/' failed: Error in connection establishment: net::ERR_CONNECTION_REFUSED @ http://localhost:3001/@vite/client:1034
[ 6713189ms] [ERROR] WebSocket connection to 'ws://localhost:3001/' failed: Error in connection establishment: net::ERR_CONNECTION_REFUSED @ http://localhost:3001/@vite/client:1034
[ 6720617ms] [ERROR] WebSocket connection to 'ws://localhost:3001/' failed: Error in connection establishment: net::ERR_CONNECTION_REFUSED @ http://localhost:3001/@vite/client:1034
[ 6726259ms] [ERROR] WebSocket connection to 'ws://localhost:3001/' failed: Error in connection establishment: net::ERR_CONNECTION_REFUSED @ http://localhost:3001/@vite/client:1034
[ 6731491ms] [ERROR] WebSocket connection to 'ws://localhost:3001/' failed: Error in connection establishment: net::ERR_CONNECTION_REFUSED @ http://localhost:3001/@vite/client:1034
[ 6736885ms] [ERROR] WebSocket connection to 'ws://localhost:3001/' failed: Error in connection establishment: net::ERR_CONNECTION_REFUSED @ http://localhost:3001/@vite/client:1034
[ 6744680ms] [ERROR] WebSocket connection to 'ws://localhost:3001/' failed: Error in connection establishment: net::ERR_CONNECTION_REFUSED @ http://localhost:3001/@vite/client:1034
[ 6752313ms] [ERROR] WebSocket connection to 'ws://localhost:3001/' failed: Error in connection establishment: net::ERR_CONNECTION_REFUSED @ http://localhost:3001/@vite/client:1034
[ 6760109ms] [ERROR] WebSocket connection to 'ws://localhost:3001/' failed: Error in connection establishment: net::ERR_CONNECTION_REFUSED @ http://localhost:3001/@vite/client:1034
[ 6764910ms] [ERROR] WebSocket connection to 'ws://localhost:3001/' failed: Error in connection establishment: net::ERR_CONNECTION_REFUSED @ http://localhost:3001/@vite/client:1034
[ 6773149ms] [ERROR] WebSocket connection to 'ws://localhost:3001/' failed: Error in connection establishment: net::ERR_CONNECTION_REFUSED @ http://localhost:3001/@vite/client:1034
[ 6778077ms] [ERROR] WebSocket connection to 'ws://localhost:3001/' failed: Error in connection establishment: net::ERR_CONNECTION_REFUSED @ http://localhost:3001/@vite/client:1034
[ 6784359ms] [ERROR] WebSocket connection to 'ws://localhost:3001/' failed: Error in connection establishment: net::ERR_CONNECTION_REFUSED @ http://localhost:3001/@vite/client:1034
[ 6789674ms] [ERROR] WebSocket connection to 'ws://localhost:3001/' failed: Error in connection establishment: net::ERR_CONNECTION_REFUSED @ http://localhost:3001/@vite/client:1034
[ 6796950ms] [ERROR] WebSocket connection to 'ws://localhost:3001/' failed: Error in connection establishment: net::ERR_CONNECTION_REFUSED @ http://localhost:3001/@vite/client:1034
[ 6803333ms] [ERROR] WebSocket connection to 'ws://localhost:3001/' failed: Error in connection establishment: net::ERR_CONNECTION_REFUSED @ http://localhost:3001/@vite/client:1034
[ 6810438ms] [ERROR] WebSocket connection to 'ws://localhost:3001/' failed: Error in connection establishment: net::ERR_CONNECTION_REFUSED @ http://localhost:3001/@vite/client:1034
[ 6817040ms] [ERROR] WebSocket connection to 'ws://localhost:3001/' failed: Error in connection establishment: net::ERR_CONNECTION_REFUSED @ http://localhost:3001/@vite/client:1034
[ 6824854ms] [ERROR] WebSocket connection to 'ws://localhost:3001/' failed: Error in connection establishment: net::ERR_CONNECTION_REFUSED @ http://localhost:3001/@vite/client:1034
[ 6832773ms] [ERROR] WebSocket connection to 'ws://localhost:3001/' failed: Error in connection establishment: net::ERR_CONNECTION_REFUSED @ http://localhost:3001/@vite/client:1034
[ 6839095ms] [ERROR] WebSocket connection to 'ws://localhost:3001/' failed: Error in connection establishment: net::ERR_CONNECTION_REFUSED @ http://localhost:3001/@vite/client:1034
[ 6847166ms] [ERROR] WebSocket connection to 'ws://localhost:3001/' failed: Error in connection establishment: net::ERR_CONNECTION_REFUSED @ http://localhost:3001/@vite/client:1034
[ 6852300ms] [ERROR] WebSocket connection to 'ws://localhost:3001/' failed: Error in connection establishment: net::ERR_CONNECTION_REFUSED @ http://localhost:3001/@vite/client:1034
[ 6859877ms] [ERROR] WebSocket connection to 'ws://localhost:3001/' failed: Error in connection establishment: net::ERR_CONNECTION_REFUSED @ http://localhost:3001/@vite/client:1034
[ 6869494ms] [ERROR] WebSocket connection to 'ws://localhost:3001/' failed: Error in connection establishment: net::ERR_CONNECTION_REFUSED @ http://localhost:3001/@vite/client:1034
[ 6875876ms] [ERROR] WebSocket connection to 'ws://localhost:3001/' failed: Error in connection establishment: net::ERR_CONNECTION_REFUSED @ http://localhost:3001/@vite/client:1034
[ 6881218ms] [ERROR] WebSocket connection to 'ws://localhost:3001/' failed: Error in connection establishment: net::ERR_CONNECTION_REFUSED @ http://localhost:3001/@vite/client:1034
[ 6889146ms] [ERROR] WebSocket connection to 'ws://localhost:3001/' failed: Error in connection establishment: net::ERR_CONNECTION_REFUSED @ http://localhost:3001/@vite/client:1034
[ 6897017ms] [ERROR] WebSocket connection to 'ws://localhost:3001/' failed: Error in connection establishment: net::ERR_CONNECTION_REFUSED @ http://localhost:3001/@vite/client:1034
[ 6903692ms] [ERROR] WebSocket connection to 'ws://localhost:3001/' failed: Error in connection establishment: net::ERR_CONNECTION_REFUSED @ http://localhost:3001/@vite/client:1034
[ 6911469ms] [ERROR] WebSocket connection to 'ws://localhost:3001/' failed: Error in connection establishment: net::ERR_CONNECTION_REFUSED @ http://localhost:3001/@vite/client:1034
[ 6916221ms] [ERROR] WebSocket connection to 'ws://localhost:3001/' failed: Error in connection establishment: net::ERR_CONNECTION_REFUSED @ http://localhost:3001/@vite/client:1034
[ 6922060ms] [ERROR] WebSocket connection to 'ws://localhost:3001/' failed: Error in connection establishment: net::ERR_CONNECTION_REFUSED @ http://localhost:3001/@vite/client:1034
[ 6927620ms] [ERROR] WebSocket connection to 'ws://localhost:3001/' failed: Error in connection establishment: net::ERR_CONNECTION_REFUSED @ http://localhost:3001/@vite/client:1034
[ 6932634ms] [ERROR] WebSocket connection to 'ws://localhost:3001/' failed: Error in connection establishment: net::ERR_CONNECTION_REFUSED @ http://localhost:3001/@vite/client:1034
[ 6937492ms] [ERROR] WebSocket connection to 'ws://localhost:3001/' failed: Error in connection establishment: net::ERR_CONNECTION_REFUSED @ http://localhost:3001/@vite/client:1034
[ 6943465ms] [ERROR] WebSocket connection to 'ws://localhost:3001/' failed: Error in connection establishment: net::ERR_CONNECTION_REFUSED @ http://localhost:3001/@vite/client:1034
[ 6951292ms] [ERROR] WebSocket connection to 'ws://localhost:3001/' failed: Error in connection establishment: net::ERR_CONNECTION_REFUSED @ http://localhost:3001/@vite/client:1034
[ 6955739ms] [ERROR] WebSocket connection to 'ws://localhost:3001/' failed: Error in connection establishment: net::ERR_CONNECTION_REFUSED @ http://localhost:3001/@vite/client:1034
[ 6960986ms] [ERROR] WebSocket connection to 'ws://localhost:3001/' failed: Error in connection establishment: net::ERR_CONNECTION_REFUSED @ http://localhost:3001/@vite/client:1034
[ 6968586ms] [ERROR] WebSocket connection to 'ws://localhost:3001/' failed: Error in connection establishment: net::ERR_CONNECTION_REFUSED @ http://localhost:3001/@vite/client:1034
[ 6974662ms] [ERROR] WebSocket connection to 'ws://localhost:3001/' failed: Error in connection establishment: net::ERR_CONNECTION_REFUSED @ http://localhost:3001/@vite/client:1034
[ 6980224ms] [ERROR] WebSocket connection to 'ws://localhost:3001/' failed: Error in connection establishment: net::ERR_CONNECTION_REFUSED @ http://localhost:3001/@vite/client:1034
[ 6985505ms] [ERROR] WebSocket connection to 'ws://localhost:3001/' failed: Error in connection establishment: net::ERR_CONNECTION_REFUSED @ http://localhost:3001/@vite/client:1034
[ 6992354ms] [ERROR] WebSocket connection to 'ws://localhost:3001/' failed: Error in connection establishment: net::ERR_CONNECTION_REFUSED @ http://localhost:3001/@vite/client:1034
[ 7000718ms] [ERROR] WebSocket connection to 'ws://localhost:3001/' failed: Error in connection establishment: net::ERR_CONNECTION_REFUSED @ http://localhost:3001/@vite/client:1034
[ 7007463ms] [ERROR] WebSocket connection to 'ws://localhost:3001/' failed: Error in connection establishment: net::ERR_CONNECTION_REFUSED @ http://localhost:3001/@vite/client:1034
[ 7013196ms] [ERROR] WebSocket connection to 'ws://localhost:3001/' failed: Error in connection establishment: net::ERR_CONNECTION_REFUSED @ http://localhost:3001/@vite/client:1034
[ 7019909ms] [ERROR] WebSocket connection to 'ws://localhost:3001/' failed: Error in connection establishment: net::ERR_CONNECTION_REFUSED @ http://localhost:3001/@vite/client:1034
[ 7024867ms] [ERROR] WebSocket connection to 'ws://localhost:3001/' failed: Error in connection establishment: net::ERR_CONNECTION_REFUSED @ http://localhost:3001/@vite/client:1034
[ 7030316ms] [ERROR] WebSocket connection to 'ws://localhost:3001/' failed: Error in connection establishment: net::ERR_CONNECTION_REFUSED @ http://localhost:3001/@vite/client:1034
[ 7036698ms] [ERROR] WebSocket connection to 'ws://localhost:3001/' failed: Error in connection establishment: net::ERR_CONNECTION_REFUSED @ http://localhost:3001/@vite/client:1034
[ 7043745ms] [ERROR] WebSocket connection to 'ws://localhost:3001/' failed: Error in connection establishment: net::ERR_CONNECTION_REFUSED @ http://localhost:3001/@vite/client:1034
[ 7048304ms] [ERROR] WebSocket connection to 'ws://localhost:3001/' failed: Error in connection establishment: net::ERR_CONNECTION_REFUSED @ http://localhost:3001/@vite/client:1034
[ 7053472ms] [ERROR] WebSocket connection to 'ws://localhost:3001/' failed: Error in connection establishment: net::ERR_CONNECTION_REFUSED @ http://localhost:3001/@vite/client:1034
[ 7060555ms] [ERROR] WebSocket connection to 'ws://localhost:3001/' failed: Error in connection establishment: net::ERR_CONNECTION_REFUSED @ http://localhost:3001/@vite/client:1034
[ 7065071ms] [ERROR] WebSocket connection to 'ws://localhost:3001/' failed: Error in connection establishment: net::ERR_CONNECTION_REFUSED @ http://localhost:3001/@vite/client:1034
[ 7070370ms] [ERROR] WebSocket connection to 'ws://localhost:3001/' failed: Error in connection establishment: net::ERR_CONNECTION_REFUSED @ http://localhost:3001/@vite/client:1034
[ 7076508ms] [ERROR] WebSocket connection to 'ws://localhost:3001/' failed: Error in connection establishment: net::ERR_CONNECTION_REFUSED @ http://localhost:3001/@vite/client:1034
[ 7084528ms] [ERROR] WebSocket connection to 'ws://localhost:3001/' failed: Error in connection establishment: net::ERR_CONNECTION_REFUSED @ http://localhost:3001/@vite/client:1034
[ 7091916ms] [ERROR] WebSocket connection to 'ws://localhost:3001/' failed: Error in connection establishment: net::ERR_CONNECTION_REFUSED @ http://localhost:3001/@vite/client:1034
[ 7096508ms] [ERROR] WebSocket connection to 'ws://localhost:3001/' failed: Error in connection establishment: net::ERR_CONNECTION_REFUSED @ http://localhost:3001/@vite/client:1034
[ 7101694ms] [ERROR] WebSocket connection to 'ws://localhost:3001/' failed: Error in connection establishment: net::ERR_CONNECTION_REFUSED @ http://localhost:3001/@vite/client:1034
[ 7107558ms] [ERROR] WebSocket connection to 'ws://localhost:3001/' failed: Error in connection establishment: net::ERR_CONNECTION_REFUSED @ http://localhost:3001/@vite/client:1034
[ 7113226ms] [ERROR] WebSocket connection to 'ws://localhost:3001/' failed: Error in connection establishment: net::ERR_CONNECTION_REFUSED @ http://localhost:3001/@vite/client:1034
[ 7117650ms] [ERROR] WebSocket connection to 'ws://localhost:3001/' failed: Error in connection establishment: net::ERR_CONNECTION_REFUSED @ http://localhost:3001/@vite/client:1034
[ 7125485ms] [ERROR] WebSocket connection to 'ws://localhost:3001/' failed: Error in connection establishment: net::ERR_CONNECTION_REFUSED @ http://localhost:3001/@vite/client:1034
[ 7133176ms] [ERROR] WebSocket connection to 'ws://localhost:3001/' failed: Error in connection establishment: net::ERR_CONNECTION_REFUSED @ http://localhost:3001/@vite/client:1034
[ 7139481ms] [ERROR] WebSocket connection to 'ws://localhost:3001/' failed: Error in connection establishment: net::ERR_CONNECTION_REFUSED @ http://localhost:3001/@vite/client:1034
[ 7146578ms] [ERROR] WebSocket connection to 'ws://localhost:3001/' failed: Error in connection establishment: net::ERR_CONNECTION_REFUSED @ http://localhost:3001/@vite/client:1034
[ 7151610ms] [ERROR] WebSocket connection to 'ws://localhost:3001/' failed: Error in connection establishment: net::ERR_CONNECTION_REFUSED @ http://localhost:3001/@vite/client:1034
[ 7158542ms] [ERROR] WebSocket connection to 'ws://localhost:3001/' failed: Error in connection establishment: net::ERR_CONNECTION_REFUSED @ http://localhost:3001/@vite/client:1034
[ 7164378ms] [ERROR] WebSocket connection to 'ws://localhost:3001/' failed: Error in connection establishment: net::ERR_CONNECTION_REFUSED @ http://localhost:3001/@vite/client:1034
[ 7172726ms] [ERROR] WebSocket connection to 'ws://localhost:3001/' failed: Error in connection establishment: net::ERR_CONNECTION_REFUSED @ http://localhost:3001/@vite/client:1034
[ 7177443ms] [ERROR] WebSocket connection to 'ws://localhost:3001/' failed: Error in connection establishment: net::ERR_CONNECTION_REFUSED @ http://localhost:3001/@vite/client:1034
[ 7182053ms] [ERROR] WebSocket connection to 'ws://localhost:3001/' failed: Error in connection establishment: net::ERR_CONNECTION_REFUSED @ http://localhost:3001/@vite/client:1034
[ 7188773ms] [ERROR] WebSocket connection to 'ws://localhost:3001/' failed: Error in connection establishment: net::ERR_CONNECTION_REFUSED @ http://localhost:3001/@vite/client:1034
[ 7195296ms] [ERROR] WebSocket connection to 'ws://localhost:3001/' failed: Error in connection establishment: net::ERR_CONNECTION_REFUSED @ http://localhost:3001/@vite/client:1034
[ 7200676ms] [ERROR] WebSocket connection to 'ws://localhost:3001/' failed: Error in connection establishment: net::ERR_CONNECTION_REFUSED @ http://localhost:3001/@vite/client:1034
[ 7206048ms] [ERROR] WebSocket connection to 'ws://localhost:3001/' failed: Error in connection establishment: net::ERR_CONNECTION_REFUSED @ http://localhost:3001/@vite/client:1034
[ 7214084ms] [ERROR] WebSocket connection to 'ws://localhost:3001/' failed: Error in connection establishment: net::ERR_CONNECTION_REFUSED @ http://localhost:3001/@vite/client:1034
[ 7222212ms] [ERROR] WebSocket connection to 'ws://localhost:3001/' failed: Error in connection establishment: net::ERR_CONNECTION_REFUSED @ http://localhost:3001/@vite/client:1034
[ 7230584ms] [ERROR] WebSocket connection to 'ws://localhost:3001/' failed: Error in connection establishment: net::ERR_CONNECTION_REFUSED @ http://localhost:3001/@vite/client:1034
[ 7235524ms] [ERROR] WebSocket connection to 'ws://localhost:3001/' failed: Error in connection establishment: net::ERR_CONNECTION_REFUSED @ http://localhost:3001/@vite/client:1034
[ 7240687ms] [ERROR] WebSocket connection to 'ws://localhost:3001/' failed: Error in connection establishment: net::ERR_CONNECTION_REFUSED @ http://localhost:3001/@vite/client:1034
[ 7247023ms] [ERROR] WebSocket connection to 'ws://localhost:3001/' failed: Error in connection establishment: net::ERR_CONNECTION_REFUSED @ http://localhost:3001/@vite/client:1034
[ 7253638ms] [ERROR] WebSocket connection to 'ws://localhost:3001/' failed: Error in connection establishment: net::ERR_CONNECTION_REFUSED @ http://localhost:3001/@vite/client:1034
[ 7261237ms] [ERROR] WebSocket connection to 'ws://localhost:3001/' failed: Error in connection establishment: net::ERR_CONNECTION_REFUSED @ http://localhost:3001/@vite/client:1034
[ 7267619ms] [ERROR] WebSocket connection to 'ws://localhost:3001/' failed: Error in connection establishment: net::ERR_CONNECTION_REFUSED @ http://localhost:3001/@vite/client:1034
[ 7272404ms] [ERROR] WebSocket connection to 'ws://localhost:3001/' failed: Error in connection establishment: net::ERR_CONNECTION_REFUSED @ http://localhost:3001/@vite/client:1034
[ 7280247ms] [ERROR] WebSocket connection to 'ws://localhost:3001/' failed: Error in connection establishment: net::ERR_CONNECTION_REFUSED @ http://localhost:3001/@vite/client:1034
[ 7287532ms] [ERROR] WebSocket connection to 'ws://localhost:3001/' failed: Error in connection establishment: net::ERR_CONNECTION_REFUSED @ http://localhost:3001/@vite/client:1034
[ 7294962ms] [ERROR] WebSocket connection to 'ws://localhost:3001/' failed: Error in connection establishment: net::ERR_CONNECTION_REFUSED @ http://localhost:3001/@vite/client:1034
[ 7300598ms] [ERROR] WebSocket connection to 'ws://localhost:3001/' failed: Error in connection establishment: net::ERR_CONNECTION_REFUSED @ http://localhost:3001/@vite/client:1034
[ 7307495ms] [ERROR] WebSocket connection to 'ws://localhost:3001/' failed: Error in connection establishment: net::ERR_CONNECTION_REFUSED @ http://localhost:3001/@vite/client:1034
[ 7314514ms] [ERROR] WebSocket connection to 'ws://localhost:3001/' failed: Error in connection establishment: net::ERR_CONNECTION_REFUSED @ http://localhost:3001/@vite/client:1034
[ 7322674ms] [ERROR] WebSocket connection to 'ws://localhost:3001/' failed: Error in connection establishment: net::ERR_CONNECTION_REFUSED @ http://localhost:3001/@vite/client:1034
[ 7326050ms] [ERROR] WebSocket connection to 'ws://localhost:3001/' failed: Error in connection establishment: net::ERR_CONNECTION_REFUSED @ http://localhost:3001/@vite/client:1034
[ 7329447ms] [ERROR] WebSocket connection to 'ws://localhost:3001/' failed: Error in connection establishment: net::ERR_CONNECTION_REFUSED @ http://localhost:3001/@vite/client:1034
[ 7333243ms] [ERROR] WebSocket connection to 'ws://localhost:3001/' failed: Error in connection establishment: net::ERR_CONNECTION_REFUSED @ http://localhost:3001/@vite/client:1034
[ 7336618ms] [ERROR] WebSocket connection to 'ws://localhost:3001/' failed: Error in connection establishment: net::ERR_CONNECTION_REFUSED @ http://localhost:3001/@vite/client:1034
[ 7339983ms] [ERROR] WebSocket connection to 'ws://localhost:3001/' failed: Error in connection establishment: net::ERR_CONNECTION_REFUSED @ http://localhost:3001/@vite/client:1034
[ 7343355ms] [ERROR] WebSocket connection to 'ws://localhost:3001/' failed: Error in connection establishment: net::ERR_CONNECTION_REFUSED @ http://localhost:3001/@vite/client:1034
[ 7346770ms] [ERROR] WebSocket connection to 'ws://localhost:3001/' failed: Error in connection establishment: net::ERR_CONNECTION_REFUSED @ http://localhost:3001/@vite/client:1034
[ 7350169ms] [ERROR] WebSocket connection to 'ws://localhost:3001/' failed: Error in connection establishment: net::ERR_CONNECTION_REFUSED @ http://localhost:3001/@vite/client:1034
[ 7353575ms] [ERROR] WebSocket connection to 'ws://localhost:3001/' failed: Error in connection establishment: net::ERR_CONNECTION_REFUSED @ http://localhost:3001/@vite/client:1034
[ 7356944ms] [ERROR] WebSocket connection to 'ws://localhost:3001/' failed: Error in connection establishment: net::ERR_CONNECTION_REFUSED @ http://localhost:3001/@vite/client:1034
[ 7360374ms] [ERROR] WebSocket connection to 'ws://localhost:3001/' failed: Error in connection establishment: net::ERR_CONNECTION_REFUSED @ http://localhost:3001/@vite/client:1034
[ 7363971ms] [ERROR] WebSocket connection to 'ws://localhost:3001/' failed: Error in connection establishment: net::ERR_CONNECTION_REFUSED @ http://localhost:3001/@vite/client:1034
[ 7367659ms] [ERROR] WebSocket connection to 'ws://localhost:3001/' failed: Error in connection establishment: net::ERR_CONNECTION_REFUSED @ http://localhost:3001/@vite/client:1034
[ 7371321ms] [ERROR] WebSocket connection to 'ws://localhost:3001/' failed: Error in connection establishment: net::ERR_CONNECTION_REFUSED @ http://localhost:3001/@vite/client:1034
[ 7374935ms] [ERROR] WebSocket connection to 'ws://localhost:3001/' failed: Error in connection establishment: net::ERR_CONNECTION_REFUSED @ http://localhost:3001/@vite/client:1034
[ 7379392ms] [ERROR] WebSocket connection to 'ws://localhost:3001/' failed: Error in connection establishment: net::ERR_CONNECTION_REFUSED @ http://localhost:3001/@vite/client:1034
[ 7387725ms] [ERROR] WebSocket connection to 'ws://localhost:3001/' failed: Error in connection establishment: net::ERR_CONNECTION_REFUSED @ http://localhost:3001/@vite/client:1034
[ 7395934ms] [ERROR] WebSocket connection to 'ws://localhost:3001/' failed: Error in connection establishment: net::ERR_CONNECTION_REFUSED @ http://localhost:3001/@vite/client:1034
[ 7403825ms] [ERROR] WebSocket connection to 'ws://localhost:3001/' failed: Error in connection establishment: net::ERR_CONNECTION_REFUSED @ http://localhost:3001/@vite/client:1034
[ 7412166ms] [ERROR] WebSocket connection to 'ws://localhost:3001/' failed: Error in connection establishment: net::ERR_CONNECTION_REFUSED @ http://localhost:3001/@vite/client:1034
[ 7419352ms] [ERROR] WebSocket connection to 'ws://localhost:3001/' failed: Error in connection establishment: net::ERR_CONNECTION_REFUSED @ http://localhost:3001/@vite/client:1034
[ 7427273ms] [ERROR] WebSocket connection to 'ws://localhost:3001/' failed: Error in connection establishment: net::ERR_CONNECTION_REFUSED @ http://localhost:3001/@vite/client:1034
[ 7434821ms] [ERROR] WebSocket connection to 'ws://localhost:3001/' failed: Error in connection establishment: net::ERR_CONNECTION_REFUSED @ http://localhost:3001/@vite/client:1034
[ 7440820ms] [ERROR] WebSocket connection to 'ws://localhost:3001/' failed: Error in connection establishment: net::ERR_CONNECTION_REFUSED @ http://localhost:3001/@vite/client:1034
[ 7448806ms] [ERROR] WebSocket connection to 'ws://localhost:3001/' failed: Error in connection establishment: net::ERR_CONNECTION_REFUSED @ http://localhost:3001/@vite/client:1034
[ 7455273ms] [ERROR] WebSocket connection to 'ws://localhost:3001/' failed: Error in connection establishment: net::ERR_CONNECTION_REFUSED @ http://localhost:3001/@vite/client:1034
[ 7462391ms] [ERROR] WebSocket connection to 'ws://localhost:3001/' failed: Error in connection establishment: net::ERR_CONNECTION_REFUSED @ http://localhost:3001/@vite/client:1034
[ 7468750ms] [ERROR] WebSocket connection to 'ws://localhost:3001/' failed: Error in connection establishment: net::ERR_CONNECTION_REFUSED @ http://localhost:3001/@vite/client:1034
[ 7473786ms] [ERROR] WebSocket connection to 'ws://localhost:3001/' failed: Error in connection establishment: net::ERR_CONNECTION_REFUSED @ http://localhost:3001/@vite/client:1034
[ 7478677ms] [ERROR] WebSocket connection to 'ws://localhost:3001/' failed: Error in connection establishment: net::ERR_CONNECTION_REFUSED @ http://localhost:3001/@vite/client:1034
[ 7485045ms] [ERROR] WebSocket connection to 'ws://localhost:3001/' failed: Error in connection establishment: net::ERR_CONNECTION_REFUSED @ http://localhost:3001/@vite/client:1034
[ 7491601ms] [ERROR] WebSocket connection to 'ws://localhost:3001/' failed: Error in connection establishment: net::ERR_CONNECTION_REFUSED @ http://localhost:3001/@vite/client:1034
[ 7496297ms] [ERROR] WebSocket connection to 'ws://localhost:3001/' failed: Error in connection establishment: net::ERR_CONNECTION_REFUSED @ http://localhost:3001/@vite/client:1034
[ 7502464ms] [ERROR] WebSocket connection to 'ws://localhost:3001/' failed: Error in connection establishment: net::ERR_CONNECTION_REFUSED @ http://localhost:3001/@vite/client:1034
[ 7510389ms] [ERROR] WebSocket connection to 'ws://localhost:3001/' failed: Error in connection establishment: net::ERR_CONNECTION_REFUSED @ http://localhost:3001/@vite/client:1034
[ 7514990ms] [ERROR] WebSocket connection to 'ws://localhost:3001/' failed: Error in connection establishment: net::ERR_CONNECTION_REFUSED @ http://localhost:3001/@vite/client:1034
[ 7523276ms] [ERROR] WebSocket connection to 'ws://localhost:3001/' failed: Error in connection establishment: net::ERR_CONNECTION_REFUSED @ http://localhost:3001/@vite/client:1034
[ 7529154ms] [ERROR] WebSocket connection to 'ws://localhost:3001/' failed: Error in connection establishment: net::ERR_CONNECTION_REFUSED @ http://localhost:3001/@vite/client:1034
[ 7536647ms] [ERROR] WebSocket connection to 'ws://localhost:3001/' failed: Error in connection establishment: net::ERR_CONNECTION_REFUSED @ http://localhost:3001/@vite/client:1034
[ 7543772ms] [ERROR] WebSocket connection to 'ws://localhost:3001/' failed: Error in connection establishment: net::ERR_CONNECTION_REFUSED @ http://localhost:3001/@vite/client:1034
[ 7550616ms] [ERROR] WebSocket connection to 'ws://localhost:3001/' failed: Error in connection establishment: net::ERR_CONNECTION_REFUSED @ http://localhost:3001/@vite/client:1034
[ 7555516ms] [ERROR] WebSocket connection to 'ws://localhost:3001/' failed: Error in connection establishment: net::ERR_CONNECTION_REFUSED @ http://localhost:3001/@vite/client:1034
[ 7562018ms] [ERROR] WebSocket connection to 'ws://localhost:3001/' failed: Error in connection establishment: net::ERR_CONNECTION_REFUSED @ http://localhost:3001/@vite/client:1034
[ 7568007ms] [ERROR] WebSocket connection to 'ws://localhost:3001/' failed: Error in connection establishment: net::ERR_CONNECTION_REFUSED @ http://localhost:3001/@vite/client:1034
[ 7574061ms] [ERROR] WebSocket connection to 'ws://localhost:3001/' failed: Error in connection establishment: net::ERR_CONNECTION_REFUSED @ http://localhost:3001/@vite/client:1034
[ 7580279ms] [ERROR] WebSocket connection to 'ws://localhost:3001/' failed: Error in connection establishment: net::ERR_CONNECTION_REFUSED @ http://localhost:3001/@vite/client:1034
[ 7584713ms] [ERROR] WebSocket connection to 'ws://localhost:3001/' failed: Error in connection establishment: net::ERR_CONNECTION_REFUSED @ http://localhost:3001/@vite/client:1034
[ 7592221ms] [ERROR] WebSocket connection to 'ws://localhost:3001/' failed: Error in connection establishment: net::ERR_CONNECTION_REFUSED @ http://localhost:3001/@vite/client:1034
[ 7599875ms] [ERROR] WebSocket connection to 'ws://localhost:3001/' failed: Error in connection establishment: net::ERR_CONNECTION_REFUSED @ http://localhost:3001/@vite/client:1034
[ 7605209ms] [ERROR] WebSocket connection to 'ws://localhost:3001/' failed: Error in connection establishment: net::ERR_CONNECTION_REFUSED @ http://localhost:3001/@vite/client:1034
[ 7609959ms] [ERROR] WebSocket connection to 'ws://localhost:3001/' failed: Error in connection establishment: net::ERR_CONNECTION_REFUSED @ http://localhost:3001/@vite/client:1034
[ 7618224ms] [ERROR] WebSocket connection to 'ws://localhost:3001/' failed: Error in connection establishment: net::ERR_CONNECTION_REFUSED @ http://localhost:3001/@vite/client:1034
[ 7623556ms] [ERROR] WebSocket connection to 'ws://localhost:3001/' failed: Error in connection establishment: net::ERR_CONNECTION_REFUSED @ http://localhost:3001/@vite/client:1034
[ 7631239ms] [ERROR] WebSocket connection to 'ws://localhost:3001/' failed: Error in connection establishment: net::ERR_CONNECTION_REFUSED @ http://localhost:3001/@vite/client:1034
[ 7638877ms] [ERROR] WebSocket connection to 'ws://localhost:3001/' failed: Error in connection establishment: net::ERR_CONNECTION_REFUSED @ http://localhost:3001/@vite/client:1034
[ 7645833ms] [ERROR] WebSocket connection to 'ws://localhost:3001/' failed: Error in connection establishment: net::ERR_CONNECTION_REFUSED @ http://localhost:3001/@vite/client:1034
[ 7653644ms] [ERROR] WebSocket connection to 'ws://localhost:3001/' failed: Error in connection establishment: net::ERR_CONNECTION_REFUSED @ http://localhost:3001/@vite/client:1034
[ 7660569ms] [ERROR] WebSocket connection to 'ws://localhost:3001/' failed: Error in connection establishment: net::ERR_CONNECTION_REFUSED @ http://localhost:3001/@vite/client:1034
[ 7665319ms] [ERROR] WebSocket connection to 'ws://localhost:3001/' failed: Error in connection establishment: net::ERR_CONNECTION_REFUSED @ http://localhost:3001/@vite/client:1034
[ 7671985ms] [ERROR] WebSocket connection to 'ws://localhost:3001/' failed: Error in connection establishment: net::ERR_CONNECTION_REFUSED @ http://localhost:3001/@vite/client:1034
[ 7677202ms] [ERROR] WebSocket connection to 'ws://localhost:3001/' failed: Error in connection establishment: net::ERR_CONNECTION_REFUSED @ http://localhost:3001/@vite/client:1034
[ 7684085ms] [ERROR] WebSocket connection to 'ws://localhost:3001/' failed: Error in connection establishment: net::ERR_CONNECTION_REFUSED @ http://localhost:3001/@vite/client:1034
[ 7691102ms] [ERROR] WebSocket connection to 'ws://localhost:3001/' failed: Error in connection establishment: net::ERR_CONNECTION_REFUSED @ http://localhost:3001/@vite/client:1034
[ 7699469ms] [ERROR] WebSocket connection to 'ws://localhost:3001/' failed: Error in connection establishment: net::ERR_CONNECTION_REFUSED @ http://localhost:3001/@vite/client:1034
[ 7704011ms] [ERROR] WebSocket connection to 'ws://localhost:3001/' failed: Error in connection establishment: net::ERR_CONNECTION_REFUSED @ http://localhost:3001/@vite/client:1034
[ 7709813ms] [ERROR] WebSocket connection to 'ws://localhost:3001/' failed: Error in connection establishment: net::ERR_CONNECTION_REFUSED @ http://localhost:3001/@vite/client:1034
[ 7716796ms] [ERROR] WebSocket connection to 'ws://localhost:3001/' failed: Error in connection establishment: net::ERR_CONNECTION_REFUSED @ http://localhost:3001/@vite/client:1034
[ 7723709ms] [ERROR] WebSocket connection to 'ws://localhost:3001/' failed: Error in connection establishment: net::ERR_CONNECTION_REFUSED @ http://localhost:3001/@vite/client:1034
[ 7731518ms] [ERROR] WebSocket connection to 'ws://localhost:3001/' failed: Error in connection establishment: net::ERR_CONNECTION_REFUSED @ http://localhost:3001/@vite/client:1034
[ 7741505ms] [ERROR] WebSocket connection to 'ws://localhost:3001/' failed: Error in connection establishment: net::ERR_CONNECTION_REFUSED @ http://localhost:3001/@vite/client:1034
[ 7747728ms] [ERROR] WebSocket connection to 'ws://localhost:3001/' failed: Error in connection establishment: net::ERR_CONNECTION_REFUSED @ http://localhost:3001/@vite/client:1034
[ 7754195ms] [ERROR] WebSocket connection to 'ws://localhost:3001/' failed: Error in connection establishment: net::ERR_CONNECTION_REFUSED @ http://localhost:3001/@vite/client:1034
[ 7760834ms] [ERROR] WebSocket connection to 'ws://localhost:3001/' failed: Error in connection establishment: net::ERR_CONNECTION_REFUSED @ http://localhost:3001/@vite/client:1034
[ 7768195ms] [ERROR] WebSocket connection to 'ws://localhost:3001/' failed: Error in connection establishment: net::ERR_CONNECTION_REFUSED @ http://localhost:3001/@vite/client:1034
[ 7776079ms] [ERROR] WebSocket connection to 'ws://localhost:3001/' failed: Error in connection establishment: net::ERR_CONNECTION_REFUSED @ http://localhost:3001/@vite/client:1034
[ 7781023ms] [ERROR] WebSocket connection to 'ws://localhost:3001/' failed: Error in connection establishment: net::ERR_CONNECTION_REFUSED @ http://localhost:3001/@vite/client:1034
[ 7788924ms] [ERROR] WebSocket connection to 'ws://localhost:3001/' failed: Error in connection establishment: net::ERR_CONNECTION_REFUSED @ http://localhost:3001/@vite/client:1034
[ 7793523ms] [ERROR] WebSocket connection to 'ws://localhost:3001/' failed: Error in connection establishment: net::ERR_CONNECTION_REFUSED @ http://localhost:3001/@vite/client:1034
[ 7801319ms] [ERROR] WebSocket connection to 'ws://localhost:3001/' failed: Error in connection establishment: net::ERR_CONNECTION_REFUSED @ http://localhost:3001/@vite/client:1034
[ 7809030ms] [ERROR] WebSocket connection to 'ws://localhost:3001/' failed: Error in connection establishment: net::ERR_CONNECTION_REFUSED @ http://localhost:3001/@vite/client:1034
[ 7815547ms] [ERROR] WebSocket connection to 'ws://localhost:3001/' failed: Error in connection establishment: net::ERR_CONNECTION_REFUSED @ http://localhost:3001/@vite/client:1034
[ 7821758ms] [ERROR] WebSocket connection to 'ws://localhost:3001/' failed: Error in connection establishment: net::ERR_CONNECTION_REFUSED @ http://localhost:3001/@vite/client:1034
[ 7826285ms] [ERROR] WebSocket connection to 'ws://localhost:3001/' failed: Error in connection establishment: net::ERR_CONNECTION_REFUSED @ http://localhost:3001/@vite/client:1034
[ 7830761ms] [ERROR] WebSocket connection to 'ws://localhost:3001/' failed: Error in connection establishment: net::ERR_CONNECTION_REFUSED @ http://localhost:3001/@vite/client:1034
[ 7835512ms] [ERROR] WebSocket connection to 'ws://localhost:3001/' failed: Error in connection establishment: net::ERR_CONNECTION_REFUSED @ http://localhost:3001/@vite/client:1034
[ 7843408ms] [ERROR] WebSocket connection to 'ws://localhost:3001/' failed: Error in connection establishment: net::ERR_CONNECTION_REFUSED @ http://localhost:3001/@vite/client:1034
[ 7849915ms] [ERROR] WebSocket connection to 'ws://localhost:3001/' failed: Error in connection establishment: net::ERR_CONNECTION_REFUSED @ http://localhost:3001/@vite/client:1034
[ 7857166ms] [ERROR] WebSocket connection to 'ws://localhost:3001/' failed: Error in connection establishment: net::ERR_CONNECTION_REFUSED @ http://localhost:3001/@vite/client:1034
[ 7862653ms] [ERROR] WebSocket connection to 'ws://localhost:3001/' failed: Error in connection establishment: net::ERR_CONNECTION_REFUSED @ http://localhost:3001/@vite/client:1034
[ 7870730ms] [ERROR] WebSocket connection to 'ws://localhost:3001/' failed: Error in connection establishment: net::ERR_CONNECTION_REFUSED @ http://localhost:3001/@vite/client:1034
[ 7875414ms] [ERROR] WebSocket connection to 'ws://localhost:3001/' failed: Error in connection establishment: net::ERR_CONNECTION_REFUSED @ http://localhost:3001/@vite/client:1034
[ 7881060ms] [ERROR] WebSocket connection to 'ws://localhost:3001/' failed: Error in connection establishment: net::ERR_CONNECTION_REFUSED @ http://localhost:3001/@vite/client:1034
[ 7888817ms] [ERROR] WebSocket connection to 'ws://localhost:3001/' failed: Error in connection establishment: net::ERR_CONNECTION_REFUSED @ http://localhost:3001/@vite/client:1034
[ 7893900ms] [ERROR] WebSocket connection to 'ws://localhost:3001/' failed: Error in connection establishment: net::ERR_CONNECTION_REFUSED @ http://localhost:3001/@vite/client:1034
[ 7901124ms] [ERROR] WebSocket connection to 'ws://localhost:3001/' failed: Error in connection establishment: net::ERR_CONNECTION_REFUSED @ http://localhost:3001/@vite/client:1034
[ 7908358ms] [ERROR] WebSocket connection to 'ws://localhost:3001/' failed: Error in connection establishment: net::ERR_CONNECTION_REFUSED @ http://localhost:3001/@vite/client:1034
[ 7916324ms] [ERROR] WebSocket connection to 'ws://localhost:3001/' failed: Error in connection establishment: net::ERR_CONNECTION_REFUSED @ http://localhost:3001/@vite/client:1034
[ 7921139ms] [ERROR] WebSocket connection to 'ws://localhost:3001/' failed: Error in connection establishment: net::ERR_CONNECTION_REFUSED @ http://localhost:3001/@vite/client:1034
[ 7928591ms] [ERROR] WebSocket connection to 'ws://localhost:3001/' failed: Error in connection establishment: net::ERR_CONNECTION_REFUSED @ http://localhost:3001/@vite/client:1034
[ 7935284ms] [ERROR] WebSocket connection to 'ws://localhost:3001/' failed: Error in connection establishment: net::ERR_CONNECTION_REFUSED @ http://localhost:3001/@vite/client:1034
[ 7946141ms] [ERROR] WebSocket connection to 'ws://localhost:3001/' failed: Error in connection establishment: net::ERR_CONNECTION_REFUSED @ http://localhost:3001/@vite/client:1034
[ 7953218ms] [ERROR] WebSocket connection to 'ws://localhost:3001/' failed: Error in connection establishment: net::ERR_CONNECTION_REFUSED @ http://localhost:3001/@vite/client:1034
[ 7960823ms] [ERROR] WebSocket connection to 'ws://localhost:3001/' failed: Error in connection establishment: net::ERR_CONNECTION_REFUSED @ http://localhost:3001/@vite/client:1034
[ 7967691ms] [ERROR] WebSocket connection to 'ws://localhost:3001/' failed: Error in connection establishment: net::ERR_CONNECTION_REFUSED @ http://localhost:3001/@vite/client:1034
[ 7972110ms] [ERROR] WebSocket connection to 'ws://localhost:3001/' failed: Error in connection establishment: net::ERR_CONNECTION_REFUSED @ http://localhost:3001/@vite/client:1034
[ 7978078ms] [ERROR] WebSocket connection to 'ws://localhost:3001/' failed: Error in connection establishment: net::ERR_CONNECTION_REFUSED @ http://localhost:3001/@vite/client:1034
[ 7985150ms] [ERROR] WebSocket connection to 'ws://localhost:3001/' failed: Error in connection establishment: net::ERR_CONNECTION_REFUSED @ http://localhost:3001/@vite/client:1034
[ 7990529ms] [ERROR] WebSocket connection to 'ws://localhost:3001/' failed: Error in connection establishment: net::ERR_CONNECTION_REFUSED @ http://localhost:3001/@vite/client:1034
[ 7998189ms] [ERROR] WebSocket connection to 'ws://localhost:3001/' failed: Error in connection establishment: net::ERR_CONNECTION_REFUSED @ http://localhost:3001/@vite/client:1034
[ 8003285ms] [ERROR] WebSocket connection to 'ws://localhost:3001/' failed: Error in connection establishment: net::ERR_CONNECTION_REFUSED @ http://localhost:3001/@vite/client:1034
[ 8008813ms] [ERROR] WebSocket connection to 'ws://localhost:3001/' failed: Error in connection establishment: net::ERR_CONNECTION_REFUSED @ http://localhost:3001/@vite/client:1034
[ 8016713ms] [ERROR] WebSocket connection to 'ws://localhost:3001/' failed: Error in connection establishment: net::ERR_CONNECTION_REFUSED @ http://localhost:3001/@vite/client:1034
[ 8023664ms] [ERROR] WebSocket connection to 'ws://localhost:3001/' failed: Error in connection establishment: net::ERR_CONNECTION_REFUSED @ http://localhost:3001/@vite/client:1034
[ 8028701ms] [ERROR] WebSocket connection to 'ws://localhost:3001/' failed: Error in connection establishment: net::ERR_CONNECTION_REFUSED @ http://localhost:3001/@vite/client:1034
[ 8035171ms] [ERROR] WebSocket connection to 'ws://localhost:3001/' failed: Error in connection establishment: net::ERR_CONNECTION_REFUSED @ http://localhost:3001/@vite/client:1034
[ 8043472ms] [ERROR] WebSocket connection to 'ws://localhost:3001/' failed: Error in connection establishment: net::ERR_CONNECTION_REFUSED @ http://localhost:3001/@vite/client:1034
[ 8046831ms] [ERROR] WebSocket connection to 'ws://localhost:3001/' failed: Error in connection establishment: net::ERR_CONNECTION_REFUSED @ http://localhost:3001/@vite/client:1034
[ 8050175ms] [ERROR] WebSocket connection to 'ws://localhost:3001/' failed: Error in connection establishment: net::ERR_CONNECTION_REFUSED @ http://localhost:3001/@vite/client:1034
[ 8054076ms] [ERROR] WebSocket connection to 'ws://localhost:3001/' failed: Error in connection establishment: net::ERR_CONNECTION_REFUSED @ http://localhost:3001/@vite/client:1034
[ 8057441ms] [ERROR] WebSocket connection to 'ws://localhost:3001/' failed: Error in connection establishment: net::ERR_CONNECTION_REFUSED @ http://localhost:3001/@vite/client:1034
[ 8060817ms] [ERROR] WebSocket connection to 'ws://localhost:3001/' failed: Error in connection establishment: net::ERR_CONNECTION_REFUSED @ http://localhost:3001/@vite/client:1034
[ 8064193ms] [ERROR] WebSocket connection to 'ws://localhost:3001/' failed: Error in connection establishment: net::ERR_CONNECTION_REFUSED @ http://localhost:3001/@vite/client:1034
[ 8067545ms] [ERROR] WebSocket connection to 'ws://localhost:3001/' failed: Error in connection establishment: net::ERR_CONNECTION_REFUSED @ http://localhost:3001/@vite/client:1034
[ 8070916ms] [ERROR] WebSocket connection to 'ws://localhost:3001/' failed: Error in connection establishment: net::ERR_CONNECTION_REFUSED @ http://localhost:3001/@vite/client:1034
[ 8074379ms] [ERROR] WebSocket connection to 'ws://localhost:3001/' failed: Error in connection establishment: net::ERR_CONNECTION_REFUSED @ http://localhost:3001/@vite/client:1034
[ 8077767ms] [ERROR] WebSocket connection to 'ws://localhost:3001/' failed: Error in connection establishment: net::ERR_CONNECTION_REFUSED @ http://localhost:3001/@vite/client:1034
[ 8081658ms] [ERROR] WebSocket connection to 'ws://localhost:3001/' failed: Error in connection establishment: net::ERR_CONNECTION_REFUSED @ http://localhost:3001/@vite/client:1034
[ 8085523ms] [ERROR] WebSocket connection to 'ws://localhost:3001/' failed: Error in connection establishment: net::ERR_CONNECTION_REFUSED @ http://localhost:3001/@vite/client:1034
[ 8089150ms] [ERROR] WebSocket connection to 'ws://localhost:3001/' failed: Error in connection establishment: net::ERR_CONNECTION_REFUSED @ http://localhost:3001/@vite/client:1034
[ 8092945ms] [ERROR] WebSocket connection to 'ws://localhost:3001/' failed: Error in connection establishment: net::ERR_CONNECTION_REFUSED @ http://localhost:3001/@vite/client:1034
[ 8097110ms] [ERROR] WebSocket connection to 'ws://localhost:3001/' failed: Error in connection establishment: net::ERR_CONNECTION_REFUSED @ http://localhost:3001/@vite/client:1034
[ 8102705ms] [ERROR] WebSocket connection to 'ws://localhost:3001/' failed: Error in connection establishment: net::ERR_CONNECTION_REFUSED @ http://localhost:3001/@vite/client:1034
[ 8108842ms] [ERROR] WebSocket connection to 'ws://localhost:3001/' failed: Error in connection establishment: net::ERR_CONNECTION_REFUSED @ http://localhost:3001/@vite/client:1034
[ 8115743ms] [ERROR] WebSocket connection to 'ws://localhost:3001/' failed: Error in connection establishment: net::ERR_CONNECTION_REFUSED @ http://localhost:3001/@vite/client:1034
[ 8120237ms] [ERROR] WebSocket connection to 'ws://localhost:3001/' failed: Error in connection establishment: net::ERR_CONNECTION_REFUSED @ http://localhost:3001/@vite/client:1034
[ 8126622ms] [ERROR] WebSocket connection to 'ws://localhost:3001/' failed: Error in connection establishment: net::ERR_CONNECTION_REFUSED @ http://localhost:3001/@vite/client:1034
[ 8133692ms] [ERROR] WebSocket connection to 'ws://localhost:3001/' failed: Error in connection establishment: net::ERR_CONNECTION_REFUSED @ http://localhost:3001/@vite/client:1034
[ 8141172ms] [ERROR] WebSocket connection to 'ws://localhost:3001/' failed: Error in connection establishment: net::ERR_CONNECTION_REFUSED @ http://localhost:3001/@vite/client:1034
[ 8146274ms] [ERROR] WebSocket connection to 'ws://localhost:3001/' failed: Error in connection establishment: net::ERR_CONNECTION_REFUSED @ http://localhost:3001/@vite/client:1034
[ 8155237ms] [ERROR] WebSocket connection to 'ws://localhost:3001/' failed: Error in connection establishment: net::ERR_CONNECTION_REFUSED @ http://localhost:3001/@vite/client:1034
[ 8161920ms] [ERROR] WebSocket connection to 'ws://localhost:3001/' failed: Error in connection establishment: net::ERR_CONNECTION_REFUSED @ http://localhost:3001/@vite/client:1034
[ 8171064ms] [ERROR] WebSocket connection to 'ws://localhost:3001/' failed: Error in connection establishment: net::ERR_CONNECTION_REFUSED @ http://localhost:3001/@vite/client:1034
[ 8179442ms] [ERROR] WebSocket connection to 'ws://localhost:3001/' failed: Error in connection establishment: net::ERR_CONNECTION_REFUSED @ http://localhost:3001/@vite/client:1034
[ 8183979ms] [ERROR] WebSocket connection to 'ws://localhost:3001/' failed: Error in connection establishment: net::ERR_CONNECTION_REFUSED @ http://localhost:3001/@vite/client:1034
[ 8188984ms] [ERROR] WebSocket connection to 'ws://localhost:3001/' failed: Error in connection establishment: net::ERR_CONNECTION_REFUSED @ http://localhost:3001/@vite/client:1034
[ 8194334ms] [ERROR] WebSocket connection to 'ws://localhost:3001/' failed: Error in connection establishment: net::ERR_CONNECTION_REFUSED @ http://localhost:3001/@vite/client:1034
[ 8201069ms] [ERROR] WebSocket connection to 'ws://localhost:3001/' failed: Error in connection establishment: net::ERR_CONNECTION_REFUSED @ http://localhost:3001/@vite/client:1034
[ 8208803ms] [ERROR] WebSocket connection to 'ws://localhost:3001/' failed: Error in connection establishment: net::ERR_CONNECTION_REFUSED @ http://localhost:3001/@vite/client:1034
[ 8216290ms] [ERROR] WebSocket connection to 'ws://localhost:3001/' failed: Error in connection establishment: net::ERR_CONNECTION_REFUSED @ http://localhost:3001/@vite/client:1034
[ 8221770ms] [ERROR] WebSocket connection to 'ws://localhost:3001/' failed: Error in connection establishment: net::ERR_CONNECTION_REFUSED @ http://localhost:3001/@vite/client:1034
[ 8226829ms] [ERROR] WebSocket connection to 'ws://localhost:3001/' failed: Error in connection establishment: net::ERR_CONNECTION_REFUSED @ http://localhost:3001/@vite/client:1034
[ 8231885ms] [ERROR] WebSocket connection to 'ws://localhost:3001/' failed: Error in connection establishment: net::ERR_CONNECTION_REFUSED @ http://localhost:3001/@vite/client:1034
[ 8237224ms] [ERROR] WebSocket connection to 'ws://localhost:3001/' failed: Error in connection establishment: net::ERR_CONNECTION_REFUSED @ http://localhost:3001/@vite/client:1034
[ 8241869ms] [ERROR] WebSocket connection to 'ws://localhost:3001/' failed: Error in connection establishment: net::ERR_CONNECTION_REFUSED @ http://localhost:3001/@vite/client:1034
[ 8246673ms] [ERROR] WebSocket connection to 'ws://localhost:3001/' failed: Error in connection establishment: net::ERR_CONNECTION_REFUSED @ http://localhost:3001/@vite/client:1034
[ 8254075ms] [ERROR] WebSocket connection to 'ws://localhost:3001/' failed: Error in connection establishment: net::ERR_CONNECTION_REFUSED @ http://localhost:3001/@vite/client:1034
[ 8261318ms] [ERROR] WebSocket connection to 'ws://localhost:3001/' failed: Error in connection establishment: net::ERR_CONNECTION_REFUSED @ http://localhost:3001/@vite/client:1034
[ 8268685ms] [ERROR] WebSocket connection to 'ws://localhost:3001/' failed: Error in connection establishment: net::ERR_CONNECTION_REFUSED @ http://localhost:3001/@vite/client:1034
[ 8275768ms] [ERROR] WebSocket connection to 'ws://localhost:3001/' failed: Error in connection establishment: net::ERR_CONNECTION_REFUSED @ http://localhost:3001/@vite/client:1034
[ 8283861ms] [ERROR] WebSocket connection to 'ws://localhost:3001/' failed: Error in connection establishment: net::ERR_CONNECTION_REFUSED @ http://localhost:3001/@vite/client:1034
[ 8287244ms] [ERROR] WebSocket connection to 'ws://localhost:3001/' failed: Error in connection establishment: net::ERR_CONNECTION_REFUSED @ http://localhost:3001/@vite/client:1034
[ 8290629ms] [ERROR] WebSocket connection to 'ws://localhost:3001/' failed: Error in connection establishment: net::ERR_CONNECTION_REFUSED @ http://localhost:3001/@vite/client:1034
[ 8293990ms] [ERROR] WebSocket connection to 'ws://localhost:3001/' failed: Error in connection establishment: net::ERR_CONNECTION_REFUSED @ http://localhost:3001/@vite/client:1034
[ 8297404ms] [ERROR] WebSocket connection to 'ws://localhost:3001/' failed: Error in connection establishment: net::ERR_CONNECTION_REFUSED @ http://localhost:3001/@vite/client:1034
[ 8300818ms] [ERROR] WebSocket connection to 'ws://localhost:3001/' failed: Error in connection establishment: net::ERR_CONNECTION_REFUSED @ http://localhost:3001/@vite/client:1034
[ 8304173ms] [ERROR] WebSocket connection to 'ws://localhost:3001/' failed: Error in connection establishment: net::ERR_CONNECTION_REFUSED @ http://localhost:3001/@vite/client:1034
[ 8307542ms] [ERROR] WebSocket connection to 'ws://localhost:3001/' failed: Error in connection establishment: net::ERR_CONNECTION_REFUSED @ http://localhost:3001/@vite/client:1034
[ 8310900ms] [ERROR] WebSocket connection to 'ws://localhost:3001/' failed: Error in connection establishment: net::ERR_CONNECTION_REFUSED @ http://localhost:3001/@vite/client:1034
[ 8314661ms] [ERROR] WebSocket connection to 'ws://localhost:3001/' failed: Error in connection establishment: net::ERR_CONNECTION_REFUSED @ http://localhost:3001/@vite/client:1034
[ 8318022ms] [ERROR] WebSocket connection to 'ws://localhost:3001/' failed: Error in connection establishment: net::ERR_CONNECTION_REFUSED @ http://localhost:3001/@vite/client:1034
[ 8321415ms] [ERROR] WebSocket connection to 'ws://localhost:3001/' failed: Error in connection establishment: net::ERR_CONNECTION_REFUSED @ http://localhost:3001/@vite/client:1034
[ 8324988ms] [ERROR] WebSocket connection to 'ws://localhost:3001/' failed: Error in connection establishment: net::ERR_CONNECTION_REFUSED @ http://localhost:3001/@vite/client:1034
[ 8328472ms] [ERROR] WebSocket connection to 'ws://localhost:3001/' failed: Error in connection establishment: net::ERR_CONNECTION_REFUSED @ http://localhost:3001/@vite/client:1034
[ 8332295ms] [ERROR] WebSocket connection to 'ws://localhost:3001/' failed: Error in connection establishment: net::ERR_CONNECTION_REFUSED @ http://localhost:3001/@vite/client:1034
[ 8336680ms] [ERROR] WebSocket connection to 'ws://localhost:3001/' failed: Error in connection establishment: net::ERR_CONNECTION_REFUSED @ http://localhost:3001/@vite/client:1034
[ 8341862ms] [ERROR] WebSocket connection to 'ws://localhost:3001/' failed: Error in connection establishment: net::ERR_CONNECTION_REFUSED @ http://localhost:3001/@vite/client:1034
[ 8348862ms] [ERROR] WebSocket connection to 'ws://localhost:3001/' failed: Error in connection establishment: net::ERR_CONNECTION_REFUSED @ http://localhost:3001/@vite/client:1034
[ 8357156ms] [ERROR] WebSocket connection to 'ws://localhost:3001/' failed: Error in connection establishment: net::ERR_CONNECTION_REFUSED @ http://localhost:3001/@vite/client:1034
[ 8365290ms] [ERROR] WebSocket connection to 'ws://localhost:3001/' failed: Error in connection establishment: net::ERR_CONNECTION_REFUSED @ http://localhost:3001/@vite/client:1034
[ 8370906ms] [ERROR] WebSocket connection to 'ws://localhost:3001/' failed: Error in connection establishment: net::ERR_CONNECTION_REFUSED @ http://localhost:3001/@vite/client:1034
[ 8376719ms] [ERROR] WebSocket connection to 'ws://localhost:3001/' failed: Error in connection establishment: net::ERR_CONNECTION_REFUSED @ http://localhost:3001/@vite/client:1034
[ 8383271ms] [ERROR] WebSocket connection to 'ws://localhost:3001/' failed: Error in connection establishment: net::ERR_CONNECTION_REFUSED @ http://localhost:3001/@vite/client:1034
[ 8390972ms] [ERROR] WebSocket connection to 'ws://localhost:3001/' failed: Error in connection establishment: net::ERR_CONNECTION_REFUSED @ http://localhost:3001/@vite/client:1034
[ 8399184ms] [ERROR] WebSocket connection to 'ws://localhost:3001/' failed: Error in connection establishment: net::ERR_CONNECTION_REFUSED @ http://localhost:3001/@vite/client:1034
[ 8406479ms] [ERROR] WebSocket connection to 'ws://localhost:3001/' failed: Error in connection establishment: net::ERR_CONNECTION_REFUSED @ http://localhost:3001/@vite/client:1034
[ 8411074ms] [ERROR] WebSocket connection to 'ws://localhost:3001/' failed: Error in connection establishment: net::ERR_CONNECTION_REFUSED @ http://localhost:3001/@vite/client:1034
[ 8415847ms] [ERROR] WebSocket connection to 'ws://localhost:3001/' failed: Error in connection establishment: net::ERR_CONNECTION_REFUSED @ http://localhost:3001/@vite/client:1034
[ 8423732ms] [ERROR] WebSocket connection to 'ws://localhost:3001/' failed: Error in connection establishment: net::ERR_CONNECTION_REFUSED @ http://localhost:3001/@vite/client:1034
[ 8432060ms] [ERROR] WebSocket connection to 'ws://localhost:3001/' failed: Error in connection establishment: net::ERR_CONNECTION_REFUSED @ http://localhost:3001/@vite/client:1034
[ 8436734ms] [ERROR] WebSocket connection to 'ws://localhost:3001/' failed: Error in connection establishment: net::ERR_CONNECTION_REFUSED @ http://localhost:3001/@vite/client:1034
[ 8441683ms] [ERROR] WebSocket connection to 'ws://localhost:3001/' failed: Error in connection establishment: net::ERR_CONNECTION_REFUSED @ http://localhost:3001/@vite/client:1034
[ 8447297ms] [ERROR] WebSocket connection to 'ws://localhost:3001/' failed: Error in connection establishment: net::ERR_CONNECTION_REFUSED @ http://localhost:3001/@vite/client:1034
[ 8455455ms] [ERROR] WebSocket connection to 'ws://localhost:3001/' failed: Error in connection establishment: net::ERR_CONNECTION_REFUSED @ http://localhost:3001/@vite/client:1034
[ 8463753ms] [ERROR] WebSocket connection to 'ws://localhost:3001/' failed: Error in connection establishment: net::ERR_CONNECTION_REFUSED @ http://localhost:3001/@vite/client:1034
[ 8471150ms] [ERROR] WebSocket connection to 'ws://localhost:3001/' failed: Error in connection establishment: net::ERR_CONNECTION_REFUSED @ http://localhost:3001/@vite/client:1034
[ 8477405ms] [ERROR] WebSocket connection to 'ws://localhost:3001/' failed: Error in connection establishment: net::ERR_CONNECTION_REFUSED @ http://localhost:3001/@vite/client:1034
[ 8481958ms] [ERROR] WebSocket connection to 'ws://localhost:3001/' failed: Error in connection establishment: net::ERR_CONNECTION_REFUSED @ http://localhost:3001/@vite/client:1034
[ 8486386ms] [ERROR] WebSocket connection to 'ws://localhost:3001/' failed: Error in connection establishment: net::ERR_CONNECTION_REFUSED @ http://localhost:3001/@vite/client:1034
[ 8491795ms] [ERROR] WebSocket connection to 'ws://localhost:3001/' failed: Error in connection establishment: net::ERR_CONNECTION_REFUSED @ http://localhost:3001/@vite/client:1034
[ 8497828ms] [ERROR] WebSocket connection to 'ws://localhost:3001/' failed: Error in connection establishment: net::ERR_CONNECTION_REFUSED @ http://localhost:3001/@vite/client:1034
[ 8506128ms] [ERROR] WebSocket connection to 'ws://localhost:3001/' failed: Error in connection establishment: net::ERR_CONNECTION_REFUSED @ http://localhost:3001/@vite/client:1034
[ 8512924ms] [ERROR] WebSocket connection to 'ws://localhost:3001/' failed: Error in connection establishment: net::ERR_CONNECTION_REFUSED @ http://localhost:3001/@vite/client:1034
[ 8518006ms] [ERROR] WebSocket connection to 'ws://localhost:3001/' failed: Error in connection establishment: net::ERR_CONNECTION_REFUSED @ http://localhost:3001/@vite/client:1034
[ 8526089ms] [ERROR] WebSocket connection to 'ws://localhost:3001/' failed: Error in connection establishment: net::ERR_CONNECTION_REFUSED @ http://localhost:3001/@vite/client:1034
[ 8534216ms] [ERROR] WebSocket connection to 'ws://localhost:3001/' failed: Error in connection establishment: net::ERR_CONNECTION_REFUSED @ http://localhost:3001/@vite/client:1034
[ 8541595ms] [ERROR] WebSocket connection to 'ws://localhost:3001/' failed: Error in connection establishment: net::ERR_CONNECTION_REFUSED @ http://localhost:3001/@vite/client:1034
[ 8548971ms] [ERROR] WebSocket connection to 'ws://localhost:3001/' failed: Error in connection establishment: net::ERR_CONNECTION_REFUSED @ http://localhost:3001/@vite/client:1034
[ 8553451ms] [ERROR] WebSocket connection to 'ws://localhost:3001/' failed: Error in connection establishment: net::ERR_CONNECTION_REFUSED @ http://localhost:3001/@vite/client:1034
[ 8560542ms] [ERROR] WebSocket connection to 'ws://localhost:3001/' failed: Error in connection establishment: net::ERR_CONNECTION_REFUSED @ http://localhost:3001/@vite/client:1034
[ 8565700ms] [ERROR] WebSocket connection to 'ws://localhost:3001/' failed: Error in connection establishment: net::ERR_CONNECTION_REFUSED @ http://localhost:3001/@vite/client:1034
[ 8571685ms] [ERROR] WebSocket connection to 'ws://localhost:3001/' failed: Error in connection establishment: net::ERR_CONNECTION_REFUSED @ http://localhost:3001/@vite/client:1034
[ 8578374ms] [ERROR] WebSocket connection to 'ws://localhost:3001/' failed: Error in connection establishment: net::ERR_CONNECTION_REFUSED @ http://localhost:3001/@vite/client:1034
[ 8586411ms] [ERROR] WebSocket connection to 'ws://localhost:3001/' failed: Error in connection establishment: net::ERR_CONNECTION_REFUSED @ http://localhost:3001/@vite/client:1034
[ 8593558ms] [ERROR] WebSocket connection to 'ws://localhost:3001/' failed: Error in connection establishment: net::ERR_CONNECTION_REFUSED @ http://localhost:3001/@vite/client:1034
[ 8598039ms] [ERROR] WebSocket connection to 'ws://localhost:3001/' failed: Error in connection establishment: net::ERR_CONNECTION_REFUSED @ http://localhost:3001/@vite/client:1034
[ 8605361ms] [ERROR] WebSocket connection to 'ws://localhost:3001/' failed: Error in connection establishment: net::ERR_CONNECTION_REFUSED @ http://localhost:3001/@vite/client:1034
[ 8613240ms] [ERROR] WebSocket connection to 'ws://localhost:3001/' failed: Error in connection establishment: net::ERR_CONNECTION_REFUSED @ http://localhost:3001/@vite/client:1034
[ 8621032ms] [ERROR] WebSocket connection to 'ws://localhost:3001/' failed: Error in connection establishment: net::ERR_CONNECTION_REFUSED @ http://localhost:3001/@vite/client:1034
[ 8626178ms] [ERROR] WebSocket connection to 'ws://localhost:3001/' failed: Error in connection establishment: net::ERR_CONNECTION_REFUSED @ http://localhost:3001/@vite/client:1034
[ 8632061ms] [ERROR] WebSocket connection to 'ws://localhost:3001/' failed: Error in connection establishment: net::ERR_CONNECTION_REFUSED @ http://localhost:3001/@vite/client:1034
[ 8637466ms] [ERROR] WebSocket connection to 'ws://localhost:3001/' failed: Error in connection establishment: net::ERR_CONNECTION_REFUSED @ http://localhost:3001/@vite/client:1034
[ 8642913ms] [ERROR] WebSocket connection to 'ws://localhost:3001/' failed: Error in connection establishment: net::ERR_CONNECTION_REFUSED @ http://localhost:3001/@vite/client:1034
[ 8648138ms] [ERROR] WebSocket connection to 'ws://localhost:3001/' failed: Error in connection establishment: net::ERR_CONNECTION_REFUSED @ http://localhost:3001/@vite/client:1034
[ 8653327ms] [ERROR] WebSocket connection to 'ws://localhost:3001/' failed: Error in connection establishment: net::ERR_CONNECTION_REFUSED @ http://localhost:3001/@vite/client:1034
[ 8658446ms] [ERROR] WebSocket connection to 'ws://localhost:3001/' failed: Error in connection establishment: net::ERR_CONNECTION_REFUSED @ http://localhost:3001/@vite/client:1034
[ 8665480ms] [ERROR] WebSocket connection to 'ws://localhost:3001/' failed: Error in connection establishment: net::ERR_CONNECTION_REFUSED @ http://localhost:3001/@vite/client:1034
[ 8670723ms] [ERROR] WebSocket connection to 'ws://localhost:3001/' failed: Error in connection establishment: net::ERR_CONNECTION_REFUSED @ http://localhost:3001/@vite/client:1034
[ 8678882ms] [ERROR] WebSocket connection to 'ws://localhost:3001/' failed: Error in connection establishment: net::ERR_CONNECTION_REFUSED @ http://localhost:3001/@vite/client:1034
[ 8684611ms] [ERROR] WebSocket connection to 'ws://localhost:3001/' failed: Error in connection establishment: net::ERR_CONNECTION_REFUSED @ http://localhost:3001/@vite/client:1034
[ 8689775ms] [ERROR] WebSocket connection to 'ws://localhost:3001/' failed: Error in connection establishment: net::ERR_CONNECTION_REFUSED @ http://localhost:3001/@vite/client:1034
[ 8696319ms] [ERROR] WebSocket connection to 'ws://localhost:3001/' failed: Error in connection establishment: net::ERR_CONNECTION_REFUSED @ http://localhost:3001/@vite/client:1034
[ 8703825ms] [ERROR] WebSocket connection to 'ws://localhost:3001/' failed: Error in connection establishment: net::ERR_CONNECTION_REFUSED @ http://localhost:3001/@vite/client:1034
[ 8708766ms] [ERROR] WebSocket connection to 'ws://localhost:3001/' failed: Error in connection establishment: net::ERR_CONNECTION_REFUSED @ http://localhost:3001/@vite/client:1034
[ 8714608ms] [ERROR] WebSocket connection to 'ws://localhost:3001/' failed: Error in connection establishment: net::ERR_CONNECTION_REFUSED @ http://localhost:3001/@vite/client:1034
[ 8721149ms] [ERROR] WebSocket connection to 'ws://localhost:3001/' failed: Error in connection establishment: net::ERR_CONNECTION_REFUSED @ http://localhost:3001/@vite/client:1034
[ 8727194ms] [ERROR] WebSocket connection to 'ws://localhost:3001/' failed: Error in connection establishment: net::ERR_CONNECTION_REFUSED @ http://localhost:3001/@vite/client:1034
[ 8733097ms] [ERROR] WebSocket connection to 'ws://localhost:3001/' failed: Error in connection establishment: net::ERR_CONNECTION_REFUSED @ http://localhost:3001/@vite/client:1034
[ 8738133ms] [ERROR] WebSocket connection to 'ws://localhost:3001/' failed: Error in connection establishment: net::ERR_CONNECTION_REFUSED @ http://localhost:3001/@vite/client:1034
[ 8744203ms] [ERROR] WebSocket connection to 'ws://localhost:3001/' failed: Error in connection establishment: net::ERR_CONNECTION_REFUSED @ http://localhost:3001/@vite/client:1034
[ 8750424ms] [ERROR] WebSocket connection to 'ws://localhost:3001/' failed: Error in connection establishment: net::ERR_CONNECTION_REFUSED @ http://localhost:3001/@vite/client:1034
[ 8755170ms] [ERROR] WebSocket connection to 'ws://localhost:3001/' failed: Error in connection establishment: net::ERR_CONNECTION_REFUSED @ http://localhost:3001/@vite/client:1034
[ 8762851ms] [ERROR] WebSocket connection to 'ws://localhost:3001/' failed: Error in connection establishment: net::ERR_CONNECTION_REFUSED @ http://localhost:3001/@vite/client:1034
[ 8768038ms] [ERROR] WebSocket connection to 'ws://localhost:3001/' failed: Error in connection establishment: net::ERR_CONNECTION_REFUSED @ http://localhost:3001/@vite/client:1034
[ 8773515ms] [ERROR] WebSocket connection to 'ws://localhost:3001/' failed: Error in connection establishment: net::ERR_CONNECTION_REFUSED @ http://localhost:3001/@vite/client:1034
[ 8781149ms] [ERROR] WebSocket connection to 'ws://localhost:3001/' failed: Error in connection establishment: net::ERR_CONNECTION_REFUSED @ http://localhost:3001/@vite/client:1034
[ 8788735ms] [ERROR] WebSocket connection to 'ws://localhost:3001/' failed: Error in connection establishment: net::ERR_CONNECTION_REFUSED @ http://localhost:3001/@vite/client:1034
[ 8793510ms] [ERROR] WebSocket connection to 'ws://localhost:3001/' failed: Error in connection establishment: net::ERR_CONNECTION_REFUSED @ http://localhost:3001/@vite/client:1034
[ 8799144ms] [ERROR] WebSocket connection to 'ws://localhost:3001/' failed: Error in connection establishment: net::ERR_CONNECTION_REFUSED @ http://localhost:3001/@vite/client:1034
[ 8804395ms] [ERROR] WebSocket connection to 'ws://localhost:3001/' failed: Error in connection establishment: net::ERR_CONNECTION_REFUSED @ http://localhost:3001/@vite/client:1034
[ 8812798ms] [ERROR] WebSocket connection to 'ws://localhost:3001/' failed: Error in connection establishment: net::ERR_CONNECTION_REFUSED @ http://localhost:3001/@vite/client:1034
[ 8819453ms] [ERROR] WebSocket connection to 'ws://localhost:3001/' failed: Error in connection establishment: net::ERR_CONNECTION_REFUSED @ http://localhost:3001/@vite/client:1034
[ 8825478ms] [ERROR] WebSocket connection to 'ws://localhost:3001/' failed: Error in connection establishment: net::ERR_CONNECTION_REFUSED @ http://localhost:3001/@vite/client:1034
[ 8831882ms] [ERROR] WebSocket connection to 'ws://localhost:3001/' failed: Error in connection establishment: net::ERR_CONNECTION_REFUSED @ http://localhost:3001/@vite/client:1034
[ 8838934ms] [ERROR] WebSocket connection to 'ws://localhost:3001/' failed: Error in connection establishment: net::ERR_CONNECTION_REFUSED @ http://localhost:3001/@vite/client:1034
[ 8844622ms] [ERROR] WebSocket connection to 'ws://localhost:3001/' failed: Error in connection establishment: net::ERR_CONNECTION_REFUSED @ http://localhost:3001/@vite/client:1034
[ 8849973ms] [ERROR] WebSocket connection to 'ws://localhost:3001/' failed: Error in connection establishment: net::ERR_CONNECTION_REFUSED @ http://localhost:3001/@vite/client:1034
[ 8857763ms] [ERROR] WebSocket connection to 'ws://localhost:3001/' failed: Error in connection establishment: net::ERR_CONNECTION_REFUSED @ http://localhost:3001/@vite/client:1034
[ 8862561ms] [ERROR] WebSocket connection to 'ws://localhost:3001/' failed: Error in connection establishment: net::ERR_CONNECTION_REFUSED @ http://localhost:3001/@vite/client:1034
[ 8870743ms] [ERROR] WebSocket connection to 'ws://localhost:3001/' failed: Error in connection establishment: net::ERR_CONNECTION_REFUSED @ http://localhost:3001/@vite/client:1034
[ 8876526ms] [ERROR] WebSocket connection to 'ws://localhost:3001/' failed: Error in connection establishment: net::ERR_CONNECTION_REFUSED @ http://localhost:3001/@vite/client:1034
[ 8883527ms] [ERROR] WebSocket connection to 'ws://localhost:3001/' failed: Error in connection establishment: net::ERR_CONNECTION_REFUSED @ http://localhost:3001/@vite/client:1034
[ 8889029ms] [ERROR] WebSocket connection to 'ws://localhost:3001/' failed: Error in connection establishment: net::ERR_CONNECTION_REFUSED @ http://localhost:3001/@vite/client:1034
[ 8896588ms] [ERROR] WebSocket connection to 'ws://localhost:3001/' failed: Error in connection establishment: net::ERR_CONNECTION_REFUSED @ http://localhost:3001/@vite/client:1034
[ 8904980ms] [ERROR] WebSocket connection to 'ws://localhost:3001/' failed: Error in connection establishment: net::ERR_CONNECTION_REFUSED @ http://localhost:3001/@vite/client:1034
[ 8910083ms] [ERROR] WebSocket connection to 'ws://localhost:3001/' failed: Error in connection establishment: net::ERR_CONNECTION_REFUSED @ http://localhost:3001/@vite/client:1034
[ 8917919ms] [ERROR] WebSocket connection to 'ws://localhost:3001/' failed: Error in connection establishment: net::ERR_CONNECTION_REFUSED @ http://localhost:3001/@vite/client:1034
[ 8924015ms] [ERROR] WebSocket connection to 'ws://localhost:3001/' failed: Error in connection establishment: net::ERR_CONNECTION_REFUSED @ http://localhost:3001/@vite/client:1034
[ 8928568ms] [ERROR] WebSocket connection to 'ws://localhost:3001/' failed: Error in connection establishment: net::ERR_CONNECTION_REFUSED @ http://localhost:3001/@vite/client:1034
[ 8934961ms] [ERROR] WebSocket connection to 'ws://localhost:3001/' failed: Error in connection establishment: net::ERR_CONNECTION_REFUSED @ http://localhost:3001/@vite/client:1034
[ 8942956ms] [ERROR] WebSocket connection to 'ws://localhost:3001/' failed: Error in connection establishment: net::ERR_CONNECTION_REFUSED @ http://localhost:3001/@vite/client:1034
[ 8948579ms] [ERROR] WebSocket connection to 'ws://localhost:3001/' failed: Error in connection establishment: net::ERR_CONNECTION_REFUSED @ http://localhost:3001/@vite/client:1034
[ 8955243ms] [ERROR] WebSocket connection to 'ws://localhost:3001/' failed: Error in connection establishment: net::ERR_CONNECTION_REFUSED @ http://localhost:3001/@vite/client:1034
[ 8960277ms] [ERROR] WebSocket connection to 'ws://localhost:3001/' failed: Error in connection establishment: net::ERR_CONNECTION_REFUSED @ http://localhost:3001/@vite/client:1034
[ 8967299ms] [ERROR] WebSocket connection to 'ws://localhost:3001/' failed: Error in connection establishment: net::ERR_CONNECTION_REFUSED @ http://localhost:3001/@vite/client:1034
[ 8973543ms] [ERROR] WebSocket connection to 'ws://localhost:3001/' failed: Error in connection establishment: net::ERR_CONNECTION_REFUSED @ http://localhost:3001/@vite/client:1034
[ 8978328ms] [ERROR] WebSocket connection to 'ws://localhost:3001/' failed: Error in connection establishment: net::ERR_CONNECTION_REFUSED @ http://localhost:3001/@vite/client:1034
[ 8982763ms] [ERROR] WebSocket connection to 'ws://localhost:3001/' failed: Error in connection establishment: net::ERR_CONNECTION_REFUSED @ http://localhost:3001/@vite/client:1034
[ 8988012ms] [ERROR] WebSocket connection to 'ws://localhost:3001/' failed: Error in connection establishment: net::ERR_CONNECTION_REFUSED @ http://localhost:3001/@vite/client:1034
[ 8992699ms] [ERROR] WebSocket connection to 'ws://localhost:3001/' failed: Error in connection establishment: net::ERR_CONNECTION_REFUSED @ http://localhost:3001/@vite/client:1034
[ 8997965ms] [ERROR] WebSocket connection to 'ws://localhost:3001/' failed: Error in connection establishment: net::ERR_CONNECTION_REFUSED @ http://localhost:3001/@vite/client:1034
[ 9002765ms] [ERROR] WebSocket connection to 'ws://localhost:3001/' failed: Error in connection establishment: net::ERR_CONNECTION_REFUSED @ http://localhost:3001/@vite/client:1034
[ 9010589ms] [ERROR] WebSocket connection to 'ws://localhost:3001/' failed: Error in connection establishment: net::ERR_CONNECTION_REFUSED @ http://localhost:3001/@vite/client:1034
[ 9016321ms] [ERROR] WebSocket connection to 'ws://localhost:3001/' failed: Error in connection establishment: net::ERR_CONNECTION_REFUSED @ http://localhost:3001/@vite/client:1034
[ 9023001ms] [ERROR] WebSocket connection to 'ws://localhost:3001/' failed: Error in connection establishment: net::ERR_CONNECTION_REFUSED @ http://localhost:3001/@vite/client:1034
[ 9027455ms] [ERROR] WebSocket connection to 'ws://localhost:3001/' failed: Error in connection establishment: net::ERR_CONNECTION_REFUSED @ http://localhost:3001/@vite/client:1034
[ 9034638ms] [ERROR] WebSocket connection to 'ws://localhost:3001/' failed: Error in connection establishment: net::ERR_CONNECTION_REFUSED @ http://localhost:3001/@vite/client:1034
[ 9041114ms] [ERROR] WebSocket connection to 'ws://localhost:3001/' failed: Error in connection establishment: net::ERR_CONNECTION_REFUSED @ http://localhost:3001/@vite/client:1034
[ 9048092ms] [ERROR] WebSocket connection to 'ws://localhost:3001/' failed: Error in connection establishment: net::ERR_CONNECTION_REFUSED @ http://localhost:3001/@vite/client:1034
[ 9053849ms] [ERROR] WebSocket connection to 'ws://localhost:3001/' failed: Error in connection establishment: net::ERR_CONNECTION_REFUSED @ http://localhost:3001/@vite/client:1034
[ 9059909ms] [ERROR] WebSocket connection to 'ws://localhost:3001/' failed: Error in connection establishment: net::ERR_CONNECTION_REFUSED @ http://localhost:3001/@vite/client:1034
[ 9067331ms] [ERROR] WebSocket connection to 'ws://localhost:3001/' failed: Error in connection establishment: net::ERR_CONNECTION_REFUSED @ http://localhost:3001/@vite/client:1034
[ 9072331ms] [ERROR] WebSocket connection to 'ws://localhost:3001/' failed: Error in connection establishment: net::ERR_CONNECTION_REFUSED @ http://localhost:3001/@vite/client:1034
[ 9080581ms] [ERROR] WebSocket connection to 'ws://localhost:3001/' failed: Error in connection establishment: net::ERR_CONNECTION_REFUSED @ http://localhost:3001/@vite/client:1034
[ 9088467ms] [ERROR] WebSocket connection to 'ws://localhost:3001/' failed: Error in connection establishment: net::ERR_CONNECTION_REFUSED @ http://localhost:3001/@vite/client:1034
[ 9096500ms] [ERROR] WebSocket connection to 'ws://localhost:3001/' failed: Error in connection establishment: net::ERR_CONNECTION_REFUSED @ http://localhost:3001/@vite/client:1034
[ 9101886ms] [ERROR] WebSocket connection to 'ws://localhost:3001/' failed: Error in connection establishment: net::ERR_CONNECTION_REFUSED @ http://localhost:3001/@vite/client:1034
[ 9110043ms] [ERROR] WebSocket connection to 'ws://localhost:3001/' failed: Error in connection establishment: net::ERR_CONNECTION_REFUSED @ http://localhost:3001/@vite/client:1034
[ 9117822ms] [ERROR] WebSocket connection to 'ws://localhost:3001/' failed: Error in connection establishment: net::ERR_CONNECTION_REFUSED @ http://localhost:3001/@vite/client:1034
[ 9125608ms] [ERROR] WebSocket connection to 'ws://localhost:3001/' failed: Error in connection establishment: net::ERR_CONNECTION_REFUSED @ http://localhost:3001/@vite/client:1034
[ 9132880ms] [ERROR] WebSocket connection to 'ws://localhost:3001/' failed: Error in connection establishment: net::ERR_CONNECTION_REFUSED @ http://localhost:3001/@vite/client:1034
[ 9141081ms] [ERROR] WebSocket connection to 'ws://localhost:3001/' failed: Error in connection establishment: net::ERR_CONNECTION_REFUSED @ http://localhost:3001/@vite/client:1034
[ 9147039ms] [ERROR] WebSocket connection to 'ws://localhost:3001/' failed: Error in connection establishment: net::ERR_CONNECTION_REFUSED @ http://localhost:3001/@vite/client:1034
[ 9151451ms] [ERROR] WebSocket connection to 'ws://localhost:3001/' failed: Error in connection establishment: net::ERR_CONNECTION_REFUSED @ http://localhost:3001/@vite/client:1034
[ 9158362ms] [ERROR] WebSocket connection to 'ws://localhost:3001/' failed: Error in connection establishment: net::ERR_CONNECTION_REFUSED @ http://localhost:3001/@vite/client:1034
[ 9163656ms] [ERROR] WebSocket connection to 'ws://localhost:3001/' failed: Error in connection establishment: net::ERR_CONNECTION_REFUSED @ http://localhost:3001/@vite/client:1034
[ 9168688ms] [ERROR] WebSocket connection to 'ws://localhost:3001/' failed: Error in connection establishment: net::ERR_CONNECTION_REFUSED @ http://localhost:3001/@vite/client:1034
[ 9175586ms] [ERROR] WebSocket connection to 'ws://localhost:3001/' failed: Error in connection establishment: net::ERR_CONNECTION_REFUSED @ http://localhost:3001/@vite/client:1034
[ 9182635ms] [ERROR] WebSocket connection to 'ws://localhost:3001/' failed: Error in connection establishment: net::ERR_CONNECTION_REFUSED @ http://localhost:3001/@vite/client:1034
[ 9187349ms] [ERROR] WebSocket connection to 'ws://localhost:3001/' failed: Error in connection establishment: net::ERR_CONNECTION_REFUSED @ http://localhost:3001/@vite/client:1034
[ 9193808ms] [ERROR] WebSocket connection to 'ws://localhost:3001/' failed: Error in connection establishment: net::ERR_CONNECTION_REFUSED @ http://localhost:3001/@vite/client:1034
[ 9200017ms] [ERROR] WebSocket connection to 'ws://localhost:3001/' failed: Error in connection establishment: net::ERR_CONNECTION_REFUSED @ http://localhost:3001/@vite/client:1034
[ 9207866ms] [ERROR] WebSocket connection to 'ws://localhost:3001/' failed: Error in connection establishment: net::ERR_CONNECTION_REFUSED @ http://localhost:3001/@vite/client:1034
[ 9214159ms] [ERROR] WebSocket connection to 'ws://localhost:3001/' failed: Error in connection establishment: net::ERR_CONNECTION_REFUSED @ http://localhost:3001/@vite/client:1034
[ 9221728ms] [ERROR] WebSocket connection to 'ws://localhost:3001/' failed: Error in connection establishment: net::ERR_CONNECTION_REFUSED @ http://localhost:3001/@vite/client:1034
[ 9229606ms] [ERROR] WebSocket connection to 'ws://localhost:3001/' failed: Error in connection establishment: net::ERR_CONNECTION_REFUSED @ http://localhost:3001/@vite/client:1034
[ 9236026ms] [ERROR] WebSocket connection to 'ws://localhost:3001/' failed: Error in connection establishment: net::ERR_CONNECTION_REFUSED @ http://localhost:3001/@vite/client:1034
[ 9243079ms] [ERROR] WebSocket connection to 'ws://localhost:3001/' failed: Error in connection establishment: net::ERR_CONNECTION_REFUSED @ http://localhost:3001/@vite/client:1034
[ 9250352ms] [ERROR] WebSocket connection to 'ws://localhost:3001/' failed: Error in connection establishment: net::ERR_CONNECTION_REFUSED @ http://localhost:3001/@vite/client:1034
[ 9257650ms] [ERROR] WebSocket connection to 'ws://localhost:3001/' failed: Error in connection establishment: net::ERR_CONNECTION_REFUSED @ http://localhost:3001/@vite/client:1034
[ 9264065ms] [ERROR] WebSocket connection to 'ws://localhost:3001/' failed: Error in connection establishment: net::ERR_CONNECTION_REFUSED @ http://localhost:3001/@vite/client:1034
[ 9272171ms] [ERROR] WebSocket connection to 'ws://localhost:3001/' failed: Error in connection establishment: net::ERR_CONNECTION_REFUSED @ http://localhost:3001/@vite/client:1034
[ 9279088ms] [ERROR] WebSocket connection to 'ws://localhost:3001/' failed: Error in connection establishment: net::ERR_CONNECTION_REFUSED @ http://localhost:3001/@vite/client:1034
[ 9284974ms] [ERROR] WebSocket connection to 'ws://localhost:3001/' failed: Error in connection establishment: net::ERR_CONNECTION_REFUSED @ http://localhost:3001/@vite/client:1034
[ 9291050ms] [ERROR] WebSocket connection to 'ws://localhost:3001/' failed: Error in connection establishment: net::ERR_CONNECTION_REFUSED @ http://localhost:3001/@vite/client:1034
[ 9296608ms] [ERROR] WebSocket connection to 'ws://localhost:3001/' failed: Error in connection establishment: net::ERR_CONNECTION_REFUSED @ http://localhost:3001/@vite/client:1034
[ 9302560ms] [ERROR] WebSocket connection to 'ws://localhost:3001/' failed: Error in connection establishment: net::ERR_CONNECTION_REFUSED @ http://localhost:3001/@vite/client:1034
[ 9310804ms] [ERROR] WebSocket connection to 'ws://localhost:3001/' failed: Error in connection establishment: net::ERR_CONNECTION_REFUSED @ http://localhost:3001/@vite/client:1034
[ 9317324ms] [ERROR] WebSocket connection to 'ws://localhost:3001/' failed: Error in connection establishment: net::ERR_CONNECTION_REFUSED @ http://localhost:3001/@vite/client:1034
[ 9322027ms] [ERROR] WebSocket connection to 'ws://localhost:3001/' failed: Error in connection establishment: net::ERR_CONNECTION_REFUSED @ http://localhost:3001/@vite/client:1034
[ 9328248ms] [ERROR] WebSocket connection to 'ws://localhost:3001/' failed: Error in connection establishment: net::ERR_CONNECTION_REFUSED @ http://localhost:3001/@vite/client:1034
[ 9335453ms] [ERROR] WebSocket connection to 'ws://localhost:3001/' failed: Error in connection establishment: net::ERR_CONNECTION_REFUSED @ http://localhost:3001/@vite/client:1034
[ 9342629ms] [ERROR] WebSocket connection to 'ws://localhost:3001/' failed: Error in connection establishment: net::ERR_CONNECTION_REFUSED @ http://localhost:3001/@vite/client:1034
[ 9349793ms] [ERROR] WebSocket connection to 'ws://localhost:3001/' failed: Error in connection establishment: net::ERR_CONNECTION_REFUSED @ http://localhost:3001/@vite/client:1034
[ 9354616ms] [ERROR] WebSocket connection to 'ws://localhost:3001/' failed: Error in connection establishment: net::ERR_CONNECTION_REFUSED @ http://localhost:3001/@vite/client:1034
[ 9361516ms] [ERROR] WebSocket connection to 'ws://localhost:3001/' failed: Error in connection establishment: net::ERR_CONNECTION_REFUSED @ http://localhost:3001/@vite/client:1034
[ 9367255ms] [ERROR] WebSocket connection to 'ws://localhost:3001/' failed: Error in connection establishment: net::ERR_CONNECTION_REFUSED @ http://localhost:3001/@vite/client:1034
[ 9373521ms] [ERROR] WebSocket connection to 'ws://localhost:3001/' failed: Error in connection establishment: net::ERR_CONNECTION_REFUSED @ http://localhost:3001/@vite/client:1034
[ 9381854ms] [ERROR] WebSocket connection to 'ws://localhost:3001/' failed: Error in connection establishment: net::ERR_CONNECTION_REFUSED @ http://localhost:3001/@vite/client:1034
[ 9388250ms] [ERROR] WebSocket connection to 'ws://localhost:3001/' failed: Error in connection establishment: net::ERR_CONNECTION_REFUSED @ http://localhost:3001/@vite/client:1034
[ 9394038ms] [ERROR] WebSocket connection to 'ws://localhost:3001/' failed: Error in connection establishment: net::ERR_CONNECTION_REFUSED @ http://localhost:3001/@vite/client:1034
[ 9400195ms] [ERROR] WebSocket connection to 'ws://localhost:3001/' failed: Error in connection establishment: net::ERR_CONNECTION_REFUSED @ http://localhost:3001/@vite/client:1034
[ 9408336ms] [ERROR] WebSocket connection to 'ws://localhost:3001/' failed: Error in connection establishment: net::ERR_CONNECTION_REFUSED @ http://localhost:3001/@vite/client:1034
[ 9414192ms] [ERROR] WebSocket connection to 'ws://localhost:3001/' failed: Error in connection establishment: net::ERR_CONNECTION_REFUSED @ http://localhost:3001/@vite/client:1034
[ 9420190ms] [ERROR] WebSocket connection to 'ws://localhost:3001/' failed: Error in connection establishment: net::ERR_CONNECTION_REFUSED @ http://localhost:3001/@vite/client:1034
[ 9428229ms] [ERROR] WebSocket connection to 'ws://localhost:3001/' failed: Error in connection establishment: net::ERR_CONNECTION_REFUSED @ http://localhost:3001/@vite/client:1034
[ 9434565ms] [ERROR] WebSocket connection to 'ws://localhost:3001/' failed: Error in connection establishment: net::ERR_CONNECTION_REFUSED @ http://localhost:3001/@vite/client:1034
[ 9440783ms] [ERROR] WebSocket connection to 'ws://localhost:3001/' failed: Error in connection establishment: net::ERR_CONNECTION_REFUSED @ http://localhost:3001/@vite/client:1034
[ 9446780ms] [ERROR] WebSocket connection to 'ws://localhost:3001/' failed: Error in connection establishment: net::ERR_CONNECTION_REFUSED @ http://localhost:3001/@vite/client:1034
[ 9454218ms] [ERROR] WebSocket connection to 'ws://localhost:3001/' failed: Error in connection establishment: net::ERR_CONNECTION_REFUSED @ http://localhost:3001/@vite/client:1034
[ 9459049ms] [ERROR] WebSocket connection to 'ws://localhost:3001/' failed: Error in connection establishment: net::ERR_CONNECTION_REFUSED @ http://localhost:3001/@vite/client:1034
[ 9464935ms] [ERROR] WebSocket connection to 'ws://localhost:3001/' failed: Error in connection establishment: net::ERR_CONNECTION_REFUSED @ http://localhost:3001/@vite/client:1034
[ 9469876ms] [ERROR] WebSocket connection to 'ws://localhost:3001/' failed: Error in connection establishment: net::ERR_CONNECTION_REFUSED @ http://localhost:3001/@vite/client:1034
[ 9477204ms] [ERROR] WebSocket connection to 'ws://localhost:3001/' failed: Error in connection establishment: net::ERR_CONNECTION_REFUSED @ http://localhost:3001/@vite/client:1034
[ 9485107ms] [ERROR] WebSocket connection to 'ws://localhost:3001/' failed: Error in connection establishment: net::ERR_CONNECTION_REFUSED @ http://localhost:3001/@vite/client:1034
[ 9490846ms] [ERROR] WebSocket connection to 'ws://localhost:3001/' failed: Error in connection establishment: net::ERR_CONNECTION_REFUSED @ http://localhost:3001/@vite/client:1034
[ 9495645ms] [ERROR] WebSocket connection to 'ws://localhost:3001/' failed: Error in connection establishment: net::ERR_CONNECTION_REFUSED @ http://localhost:3001/@vite/client:1034
[ 9500197ms] [ERROR] WebSocket connection to 'ws://localhost:3001/' failed: Error in connection establishment: net::ERR_CONNECTION_REFUSED @ http://localhost:3001/@vite/client:1034
[ 9506248ms] [ERROR] WebSocket connection to 'ws://localhost:3001/' failed: Error in connection establishment: net::ERR_CONNECTION_REFUSED @ http://localhost:3001/@vite/client:1034
[ 9512041ms] [ERROR] WebSocket connection to 'ws://localhost:3001/' failed: Error in connection establishment: net::ERR_CONNECTION_REFUSED @ http://localhost:3001/@vite/client:1034
[ 9516896ms] [ERROR] WebSocket connection to 'ws://localhost:3001/' failed: Error in connection establishment: net::ERR_CONNECTION_REFUSED @ http://localhost:3001/@vite/client:1034
[ 9522730ms] [ERROR] WebSocket connection to 'ws://localhost:3001/' failed: Error in connection establishment: net::ERR_CONNECTION_REFUSED @ http://localhost:3001/@vite/client:1034
[ 9529929ms] [ERROR] WebSocket connection to 'ws://localhost:3001/' failed: Error in connection establishment: net::ERR_CONNECTION_REFUSED @ http://localhost:3001/@vite/client:1034
[ 9537849ms] [ERROR] WebSocket connection to 'ws://localhost:3001/' failed: Error in connection establishment: net::ERR_CONNECTION_REFUSED @ http://localhost:3001/@vite/client:1034
[ 9545265ms] [ERROR] WebSocket connection to 'ws://localhost:3001/' failed: Error in connection establishment: net::ERR_CONNECTION_REFUSED @ http://localhost:3001/@vite/client:1034
[ 9551870ms] [ERROR] WebSocket connection to 'ws://localhost:3001/' failed: Error in connection establishment: net::ERR_CONNECTION_REFUSED @ http://localhost:3001/@vite/client:1034
[ 9559971ms] [ERROR] WebSocket connection to 'ws://localhost:3001/' failed: Error in connection establishment: net::ERR_CONNECTION_REFUSED @ http://localhost:3001/@vite/client:1034
[ 9567624ms] [ERROR] WebSocket connection to 'ws://localhost:3001/' failed: Error in connection establishment: net::ERR_CONNECTION_REFUSED @ http://localhost:3001/@vite/client:1034
[ 9575956ms] [ERROR] WebSocket connection to 'ws://localhost:3001/' failed: Error in connection establishment: net::ERR_CONNECTION_REFUSED @ http://localhost:3001/@vite/client:1034
[ 9582359ms] [ERROR] WebSocket connection to 'ws://localhost:3001/' failed: Error in connection establishment: net::ERR_CONNECTION_REFUSED @ http://localhost:3001/@vite/client:1034
[ 9590186ms] [ERROR] WebSocket connection to 'ws://localhost:3001/' failed: Error in connection establishment: net::ERR_CONNECTION_REFUSED @ http://localhost:3001/@vite/client:1034
[ 9595923ms] [ERROR] WebSocket connection to 'ws://localhost:3001/' failed: Error in connection establishment: net::ERR_CONNECTION_REFUSED @ http://localhost:3001/@vite/client:1034
[ 9602328ms] [ERROR] WebSocket connection to 'ws://localhost:3001/' failed: Error in connection establishment: net::ERR_CONNECTION_REFUSED @ http://localhost:3001/@vite/client:1034
[ 9607419ms] [ERROR] WebSocket connection to 'ws://localhost:3001/' failed: Error in connection establishment: net::ERR_CONNECTION_REFUSED @ http://localhost:3001/@vite/client:1034
[ 9614214ms] [ERROR] WebSocket connection to 'ws://localhost:3001/' failed: Error in connection establishment: net::ERR_CONNECTION_REFUSED @ http://localhost:3001/@vite/client:1034
[ 9619570ms] [ERROR] WebSocket connection to 'ws://localhost:3001/' failed: Error in connection establishment: net::ERR_CONNECTION_REFUSED @ http://localhost:3001/@vite/client:1034
[ 9626605ms] [ERROR] WebSocket connection to 'ws://localhost:3001/' failed: Error in connection establishment: net::ERR_CONNECTION_REFUSED @ http://localhost:3001/@vite/client:1034
[ 9633998ms] [ERROR] WebSocket connection to 'ws://localhost:3001/' failed: Error in connection establishment: net::ERR_CONNECTION_REFUSED @ http://localhost:3001/@vite/client:1034
[ 9640134ms] [ERROR] WebSocket connection to 'ws://localhost:3001/' failed: Error in connection establishment: net::ERR_CONNECTION_REFUSED @ http://localhost:3001/@vite/client:1034
[ 9648492ms] [ERROR] WebSocket connection to 'ws://localhost:3001/' failed: Error in connection establishment: net::ERR_CONNECTION_REFUSED @ http://localhost:3001/@vite/client:1034
[ 9655488ms] [ERROR] WebSocket connection to 'ws://localhost:3001/' failed: Error in connection establishment: net::ERR_CONNECTION_REFUSED @ http://localhost:3001/@vite/client:1034
[ 9660902ms] [ERROR] WebSocket connection to 'ws://localhost:3001/' failed: Error in connection establishment: net::ERR_CONNECTION_REFUSED @ http://localhost:3001/@vite/client:1034
[ 9667641ms] [ERROR] WebSocket connection to 'ws://localhost:3001/' failed: Error in connection establishment: net::ERR_CONNECTION_REFUSED @ http://localhost:3001/@vite/client:1034
[ 9675428ms] [ERROR] WebSocket connection to 'ws://localhost:3001/' failed: Error in connection establishment: net::ERR_CONNECTION_REFUSED @ http://localhost:3001/@vite/client:1034
[ 9682610ms] [ERROR] WebSocket connection to 'ws://localhost:3001/' failed: Error in connection establishment: net::ERR_CONNECTION_REFUSED @ http://localhost:3001/@vite/client:1034
[ 9688893ms] [ERROR] WebSocket connection to 'ws://localhost:3001/' failed: Error in connection establishment: net::ERR_CONNECTION_REFUSED @ http://localhost:3001/@vite/client:1034
[ 9696836ms] [ERROR] WebSocket connection to 'ws://localhost:3001/' failed: Error in connection establishment: net::ERR_CONNECTION_REFUSED @ http://localhost:3001/@vite/client:1034
[ 9704701ms] [ERROR] WebSocket connection to 'ws://localhost:3001/' failed: Error in connection establishment: net::ERR_CONNECTION_REFUSED @ http://localhost:3001/@vite/client:1034
[ 9709468ms] [ERROR] WebSocket connection to 'ws://localhost:3001/' failed: Error in connection establishment: net::ERR_CONNECTION_REFUSED @ http://localhost:3001/@vite/client:1034
[ 9715488ms] [ERROR] WebSocket connection to 'ws://localhost:3001/' failed: Error in connection establishment: net::ERR_CONNECTION_REFUSED @ http://localhost:3001/@vite/client:1034
[ 9723823ms] [ERROR] WebSocket connection to 'ws://localhost:3001/' failed: Error in connection establishment: net::ERR_CONNECTION_REFUSED @ http://localhost:3001/@vite/client:1034
[ 9732054ms] [ERROR] WebSocket connection to 'ws://localhost:3001/' failed: Error in connection establishment: net::ERR_CONNECTION_REFUSED @ http://localhost:3001/@vite/client:1034
[ 9738404ms] [ERROR] WebSocket connection to 'ws://localhost:3001/' failed: Error in connection establishment: net::ERR_CONNECTION_REFUSED @ http://localhost:3001/@vite/client:1034
[ 9745408ms] [ERROR] WebSocket connection to 'ws://localhost:3001/' failed: Error in connection establishment: net::ERR_CONNECTION_REFUSED @ http://localhost:3001/@vite/client:1034
[ 9749970ms] [ERROR] WebSocket connection to 'ws://localhost:3001/' failed: Error in connection establishment: net::ERR_CONNECTION_REFUSED @ http://localhost:3001/@vite/client:1034
[ 9757539ms] [ERROR] WebSocket connection to 'ws://localhost:3001/' failed: Error in connection establishment: net::ERR_CONNECTION_REFUSED @ http://localhost:3001/@vite/client:1034
[ 9764811ms] [ERROR] WebSocket connection to 'ws://localhost:3001/' failed: Error in connection establishment: net::ERR_CONNECTION_REFUSED @ http://localhost:3001/@vite/client:1034
[ 9770990ms] [ERROR] WebSocket connection to 'ws://localhost:3001/' failed: Error in connection establishment: net::ERR_CONNECTION_REFUSED @ http://localhost:3001/@vite/client:1034
[ 9778324ms] [ERROR] WebSocket connection to 'ws://localhost:3001/' failed: Error in connection establishment: net::ERR_CONNECTION_REFUSED @ http://localhost:3001/@vite/client:1034
[ 9784133ms] [ERROR] WebSocket connection to 'ws://localhost:3001/' failed: Error in connection establishment: net::ERR_CONNECTION_REFUSED @ http://localhost:3001/@vite/client:1034
[ 9792083ms] [ERROR] WebSocket connection to 'ws://localhost:3001/' failed: Error in connection establishment: net::ERR_CONNECTION_REFUSED @ http://localhost:3001/@vite/client:1034
[ 9798248ms] [ERROR] WebSocket connection to 'ws://localhost:3001/' failed: Error in connection establishment: net::ERR_CONNECTION_REFUSED @ http://localhost:3001/@vite/client:1034
[ 9804373ms] [ERROR] WebSocket connection to 'ws://localhost:3001/' failed: Error in connection establishment: net::ERR_CONNECTION_REFUSED @ http://localhost:3001/@vite/client:1034
[ 9811253ms] [ERROR] WebSocket connection to 'ws://localhost:3001/' failed: Error in connection establishment: net::ERR_CONNECTION_REFUSED @ http://localhost:3001/@vite/client:1034
[ 9819221ms] [ERROR] WebSocket connection to 'ws://localhost:3001/' failed: Error in connection establishment: net::ERR_CONNECTION_REFUSED @ http://localhost:3001/@vite/client:1034
[ 9825373ms] [ERROR] WebSocket connection to 'ws://localhost:3001/' failed: Error in connection establishment: net::ERR_CONNECTION_REFUSED @ http://localhost:3001/@vite/client:1034
[ 9833263ms] [ERROR] WebSocket connection to 'ws://localhost:3001/' failed: Error in connection establishment: net::ERR_CONNECTION_REFUSED @ http://localhost:3001/@vite/client:1034
[ 9840594ms] [ERROR] WebSocket connection to 'ws://localhost:3001/' failed: Error in connection establishment: net::ERR_CONNECTION_REFUSED @ http://localhost:3001/@vite/client:1034
[ 9845332ms] [ERROR] WebSocket connection to 'ws://localhost:3001/' failed: Error in connection establishment: net::ERR_CONNECTION_REFUSED @ http://localhost:3001/@vite/client:1034
[ 9853032ms] [ERROR] WebSocket connection to 'ws://localhost:3001/' failed: Error in connection establishment: net::ERR_CONNECTION_REFUSED @ http://localhost:3001/@vite/client:1034
[ 9860914ms] [ERROR] WebSocket connection to 'ws://localhost:3001/' failed: Error in connection establishment: net::ERR_CONNECTION_REFUSED @ http://localhost:3001/@vite/client:1034
[ 9868187ms] [ERROR] WebSocket connection to 'ws://localhost:3001/' failed: Error in connection establishment: net::ERR_CONNECTION_REFUSED @ http://localhost:3001/@vite/client:1034
[ 9876013ms] [ERROR] WebSocket connection to 'ws://localhost:3001/' failed: Error in connection establishment: net::ERR_CONNECTION_REFUSED @ http://localhost:3001/@vite/client:1034
[ 9883920ms] [ERROR] WebSocket connection to 'ws://localhost:3001/' failed: Error in connection establishment: net::ERR_CONNECTION_REFUSED @ http://localhost:3001/@vite/client:1034
[ 9889635ms] [ERROR] WebSocket connection to 'ws://localhost:3001/' failed: Error in connection establishment: net::ERR_CONNECTION_REFUSED @ http://localhost:3001/@vite/client:1034
[ 9896454ms] [ERROR] WebSocket connection to 'ws://localhost:3001/' failed: Error in connection establishment: net::ERR_CONNECTION_REFUSED @ http://localhost:3001/@vite/client:1034
[ 9900877ms] [ERROR] WebSocket connection to 'ws://localhost:3001/' failed: Error in connection establishment: net::ERR_CONNECTION_REFUSED @ http://localhost:3001/@vite/client:1034
[ 9905361ms] [ERROR] WebSocket connection to 'ws://localhost:3001/' failed: Error in connection establishment: net::ERR_CONNECTION_REFUSED @ http://localhost:3001/@vite/client:1034
[ 9911769ms] [ERROR] WebSocket connection to 'ws://localhost:3001/' failed: Error in connection establishment: net::ERR_CONNECTION_REFUSED @ http://localhost:3001/@vite/client:1034
[ 9919706ms] [ERROR] WebSocket connection to 'ws://localhost:3001/' failed: Error in connection establishment: net::ERR_CONNECTION_REFUSED @ http://localhost:3001/@vite/client:1034
[ 9925300ms] [ERROR] WebSocket connection to 'ws://localhost:3001/' failed: Error in connection establishment: net::ERR_CONNECTION_REFUSED @ http://localhost:3001/@vite/client:1034
[ 9932237ms] [ERROR] WebSocket connection to 'ws://localhost:3001/' failed: Error in connection establishment: net::ERR_CONNECTION_REFUSED @ http://localhost:3001/@vite/client:1034
[ 9938733ms] [ERROR] WebSocket connection to 'ws://localhost:3001/' failed: Error in connection establishment: net::ERR_CONNECTION_REFUSED @ http://localhost:3001/@vite/client:1034
[ 9945338ms] [ERROR] WebSocket connection to 'ws://localhost:3001/' failed: Error in connection establishment: net::ERR_CONNECTION_REFUSED @ http://localhost:3001/@vite/client:1034
[ 9953082ms] [ERROR] WebSocket connection to 'ws://localhost:3001/' failed: Error in connection establishment: net::ERR_CONNECTION_REFUSED @ http://localhost:3001/@vite/client:1034
[ 9957703ms] [ERROR] WebSocket connection to 'ws://localhost:3001/' failed: Error in connection establishment: net::ERR_CONNECTION_REFUSED @ http://localhost:3001/@vite/client:1034
[ 9964933ms] [ERROR] WebSocket connection to 'ws://localhost:3001/' failed: Error in connection establishment: net::ERR_CONNECTION_REFUSED @ http://localhost:3001/@vite/client:1034
[ 9968299ms] [ERROR] WebSocket connection to 'ws://localhost:3001/' failed: Error in connection establishment: net::ERR_CONNECTION_REFUSED @ http://localhost:3001/@vite/client:1034
[ 9971672ms] [ERROR] WebSocket connection to 'ws://localhost:3001/' failed: Error in connection establishment: net::ERR_CONNECTION_REFUSED @ http://localhost:3001/@vite/client:1034
[ 9975038ms] [ERROR] WebSocket connection to 'ws://localhost:3001/' failed: Error in connection establishment: net::ERR_CONNECTION_REFUSED @ http://localhost:3001/@vite/client:1034
[ 9978392ms] [ERROR] WebSocket connection to 'ws://localhost:3001/' failed: Error in connection establishment: net::ERR_CONNECTION_REFUSED @ http://localhost:3001/@vite/client:1034
[ 9981767ms] [ERROR] WebSocket connection to 'ws://localhost:3001/' failed: Error in connection establishment: net::ERR_CONNECTION_REFUSED @ http://localhost:3001/@vite/client:1034
[ 9985138ms] [ERROR] WebSocket connection to 'ws://localhost:3001/' failed: Error in connection establishment: net::ERR_CONNECTION_REFUSED @ http://localhost:3001/@vite/client:1034
[ 9988508ms] [ERROR] WebSocket connection to 'ws://localhost:3001/' failed: Error in connection establishment: net::ERR_CONNECTION_REFUSED @ http://localhost:3001/@vite/client:1034
[ 9991872ms] [ERROR] WebSocket connection to 'ws://localhost:3001/' failed: Error in connection establishment: net::ERR_CONNECTION_REFUSED @ http://localhost:3001/@vite/client:1034
[ 9995242ms] [ERROR] WebSocket connection to 'ws://localhost:3001/' failed: Error in connection establishment: net::ERR_CONNECTION_REFUSED @ http://localhost:3001/@vite/client:1034
[ 9998631ms] [ERROR] WebSocket connection to 'ws://localhost:3001/' failed: Error in connection establishment: net::ERR_CONNECTION_REFUSED @ http://localhost:3001/@vite/client:1034
[10002008ms] [ERROR] WebSocket connection to 'ws://localhost:3001/' failed: Error in connection establishment: net::ERR_CONNECTION_REFUSED @ http://localhost:3001/@vite/client:1034
[10005454ms] [ERROR] WebSocket connection to 'ws://localhost:3001/' failed: Error in connection establishment: net::ERR_CONNECTION_REFUSED @ http://localhost:3001/@vite/client:1034
[10009091ms] [ERROR] WebSocket connection to 'ws://localhost:3001/' failed: Error in connection establishment: net::ERR_CONNECTION_REFUSED @ http://localhost:3001/@vite/client:1034
[10012858ms] [ERROR] WebSocket connection to 'ws://localhost:3001/' failed: Error in connection establishment: net::ERR_CONNECTION_REFUSED @ http://localhost:3001/@vite/client:1034
[10016759ms] [ERROR] WebSocket connection to 'ws://localhost:3001/' failed: Error in connection establishment: net::ERR_CONNECTION_REFUSED @ http://localhost:3001/@vite/client:1034
[10022009ms] [ERROR] WebSocket connection to 'ws://localhost:3001/' failed: Error in connection establishment: net::ERR_CONNECTION_REFUSED @ http://localhost:3001/@vite/client:1034
[10026546ms] [ERROR] WebSocket connection to 'ws://localhost:3001/' failed: Error in connection establishment: net::ERR_CONNECTION_REFUSED @ http://localhost:3001/@vite/client:1034
[10031609ms] [ERROR] WebSocket connection to 'ws://localhost:3001/' failed: Error in connection establishment: net::ERR_CONNECTION_REFUSED @ http://localhost:3001/@vite/client:1034
[10038830ms] [ERROR] WebSocket connection to 'ws://localhost:3001/' failed: Error in connection establishment: net::ERR_CONNECTION_REFUSED @ http://localhost:3001/@vite/client:1034
[10043935ms] [ERROR] WebSocket connection to 'ws://localhost:3001/' failed: Error in connection establishment: net::ERR_CONNECTION_REFUSED @ http://localhost:3001/@vite/client:1034
[10049268ms] [ERROR] WebSocket connection to 'ws://localhost:3001/' failed: Error in connection establishment: net::ERR_CONNECTION_REFUSED @ http://localhost:3001/@vite/client:1034
[10054562ms] [ERROR] WebSocket connection to 'ws://localhost:3001/' failed: Error in connection establishment: net::ERR_CONNECTION_REFUSED @ http://localhost:3001/@vite/client:1034
[10058941ms] [ERROR] WebSocket connection to 'ws://localhost:3001/' failed: Error in connection establishment: net::ERR_CONNECTION_REFUSED @ http://localhost:3001/@vite/client:1034
[10065899ms] [ERROR] WebSocket connection to 'ws://localhost:3001/' failed: Error in connection establishment: net::ERR_CONNECTION_REFUSED @ http://localhost:3001/@vite/client:1034
[10071668ms] [ERROR] WebSocket connection to 'ws://localhost:3001/' failed: Error in connection establishment: net::ERR_CONNECTION_REFUSED @ http://localhost:3001/@vite/client:1034
[10078084ms] [ERROR] WebSocket connection to 'ws://localhost:3001/' failed: Error in connection establishment: net::ERR_CONNECTION_REFUSED @ http://localhost:3001/@vite/client:1034
[10086250ms] [ERROR] WebSocket connection to 'ws://localhost:3001/' failed: Error in connection establishment: net::ERR_CONNECTION_REFUSED @ http://localhost:3001/@vite/client:1034
[10092555ms] [ERROR] WebSocket connection to 'ws://localhost:3001/' failed: Error in connection establishment: net::ERR_CONNECTION_REFUSED @ http://localhost:3001/@vite/client:1034
[10099227ms] [ERROR] WebSocket connection to 'ws://localhost:3001/' failed: Error in connection establishment: net::ERR_CONNECTION_REFUSED @ http://localhost:3001/@vite/client:1034
[10106692ms] [ERROR] WebSocket connection to 'ws://localhost:3001/' failed: Error in connection establishment: net::ERR_CONNECTION_REFUSED @ http://localhost:3001/@vite/client:1034
[10111786ms] [ERROR] WebSocket connection to 'ws://localhost:3001/' failed: Error in connection establishment: net::ERR_CONNECTION_REFUSED @ http://localhost:3001/@vite/client:1034
[10119394ms] [ERROR] WebSocket connection to 'ws://localhost:3001/' failed: Error in connection establishment: net::ERR_CONNECTION_REFUSED @ http://localhost:3001/@vite/client:1034
[10127002ms] [ERROR] WebSocket connection to 'ws://localhost:3001/' failed: Error in connection establishment: net::ERR_CONNECTION_REFUSED @ http://localhost:3001/@vite/client:1034
[10133266ms] [ERROR] WebSocket connection to 'ws://localhost:3001/' failed: Error in connection establishment: net::ERR_CONNECTION_REFUSED @ http://localhost:3001/@vite/client:1034
[10139767ms] [ERROR] WebSocket connection to 'ws://localhost:3001/' failed: Error in connection establishment: net::ERR_CONNECTION_REFUSED @ http://localhost:3001/@vite/client:1034
[10144484ms] [ERROR] WebSocket connection to 'ws://localhost:3001/' failed: Error in connection establishment: net::ERR_CONNECTION_REFUSED @ http://localhost:3001/@vite/client:1034
[10152348ms] [ERROR] WebSocket connection to 'ws://localhost:3001/' failed: Error in connection establishment: net::ERR_CONNECTION_REFUSED @ http://localhost:3001/@vite/client:1034
[10159857ms] [ERROR] WebSocket connection to 'ws://localhost:3001/' failed: Error in connection establishment: net::ERR_CONNECTION_REFUSED @ http://localhost:3001/@vite/client:1034
[10167584ms] [ERROR] WebSocket connection to 'ws://localhost:3001/' failed: Error in connection establishment: net::ERR_CONNECTION_REFUSED @ http://localhost:3001/@vite/client:1034
[10174330ms] [ERROR] WebSocket connection to 'ws://localhost:3001/' failed: Error in connection establishment: net::ERR_CONNECTION_REFUSED @ http://localhost:3001/@vite/client:1034
[10179507ms] [ERROR] WebSocket connection to 'ws://localhost:3001/' failed: Error in connection establishment: net::ERR_CONNECTION_REFUSED @ http://localhost:3001/@vite/client:1034
[10186723ms] [ERROR] WebSocket connection to 'ws://localhost:3001/' failed: Error in connection establishment: net::ERR_CONNECTION_REFUSED @ http://localhost:3001/@vite/client:1034
[10191892ms] [ERROR] WebSocket connection to 'ws://localhost:3001/' failed: Error in connection establishment: net::ERR_CONNECTION_REFUSED @ http://localhost:3001/@vite/client:1034
[10197602ms] [ERROR] WebSocket connection to 'ws://localhost:3001/' failed: Error in connection establishment: net::ERR_CONNECTION_REFUSED @ http://localhost:3001/@vite/client:1034
[10204414ms] [ERROR] WebSocket connection to 'ws://localhost:3001/' failed: Error in connection establishment: net::ERR_CONNECTION_REFUSED @ http://localhost:3001/@vite/client:1034
[10211834ms] [ERROR] WebSocket connection to 'ws://localhost:3001/' failed: Error in connection establishment: net::ERR_CONNECTION_REFUSED @ http://localhost:3001/@vite/client:1034
[10217288ms] [ERROR] WebSocket connection to 'ws://localhost:3001/' failed: Error in connection establishment: net::ERR_CONNECTION_REFUSED @ http://localhost:3001/@vite/client:1034
[10222536ms] [ERROR] WebSocket connection to 'ws://localhost:3001/' failed: Error in connection establishment: net::ERR_CONNECTION_REFUSED @ http://localhost:3001/@vite/client:1034
[10227734ms] [ERROR] WebSocket connection to 'ws://localhost:3001/' failed: Error in connection establishment: net::ERR_CONNECTION_REFUSED @ http://localhost:3001/@vite/client:1034
[10235589ms] [ERROR] WebSocket connection to 'ws://localhost:3001/' failed: Error in connection establishment: net::ERR_NETWORK_IO_SUSPENDED @ http://localhost:3001/@vite/client:1034
[14627533ms] [ERROR] WebSocket connection to 'ws://localhost:3001/' failed: Error in connection establishment: net::ERR_CONNECTION_REFUSED @ http://localhost:3001/@vite/client:1034
[14630879ms] [ERROR] WebSocket connection to 'ws://localhost:3001/' failed: Error in connection establishment: net::ERR_CONNECTION_REFUSED @ http://localhost:3001/@vite/client:1034
[14635014ms] [ERROR] WebSocket connection to 'ws://localhost:3001/' failed: Error in connection establishment: net::ERR_CONNECTION_REFUSED @ http://localhost:3001/@vite/client:1034
[14638599ms] [ERROR] WebSocket connection to 'ws://localhost:3001/' failed: Error in connection establishment: net::ERR_CONNECTION_REFUSED @ http://localhost:3001/@vite/client:1034
[14642148ms] [ERROR] WebSocket connection to 'ws://localhost:3001/' failed: Error in connection establishment: net::ERR_CONNECTION_REFUSED @ http://localhost:3001/@vite/client:1034
[14646080ms] [ERROR] WebSocket connection to 'ws://localhost:3001/' failed: Error in connection establishment: net::ERR_CONNECTION_REFUSED @ http://localhost:3001/@vite/client:1034
[14649455ms] [ERROR] WebSocket connection to 'ws://localhost:3001/' failed: Error in connection establishment: net::ERR_CONNECTION_REFUSED @ http://localhost:3001/@vite/client:1034
[14652819ms] [ERROR] WebSocket connection to 'ws://localhost:3001/' failed: Error in connection establishment: net::ERR_CONNECTION_REFUSED @ http://localhost:3001/@vite/client:1034
[14656204ms] [ERROR] WebSocket connection to 'ws://localhost:3001/' failed: Error in connection establishment: net::ERR_CONNECTION_REFUSED @ http://localhost:3001/@vite/client:1034
[14659595ms] [ERROR] WebSocket connection to 'ws://localhost:3001/' failed: Error in connection establishment: net::ERR_CONNECTION_REFUSED @ http://localhost:3001/@vite/client:1034
[14662977ms] [ERROR] WebSocket connection to 'ws://localhost:3001/' failed: Error in connection establishment: net::ERR_CONNECTION_REFUSED @ http://localhost:3001/@vite/client:1034
[14666525ms] [ERROR] WebSocket connection to 'ws://localhost:3001/' failed: Error in connection establishment: net::ERR_CONNECTION_REFUSED @ http://localhost:3001/@vite/client:1034
[14670096ms] [ERROR] WebSocket connection to 'ws://localhost:3001/' failed: Error in connection establishment: net::ERR_CONNECTION_REFUSED @ http://localhost:3001/@vite/client:1034
[14673676ms] [ERROR] WebSocket connection to 'ws://localhost:3001/' failed: Error in connection establishment: net::ERR_CONNECTION_REFUSED @ http://localhost:3001/@vite/client:1034
[14677333ms] [ERROR] WebSocket connection to 'ws://localhost:3001/' failed: Error in connection establishment: net::ERR_CONNECTION_REFUSED @ http://localhost:3001/@vite/client:1034
[14681887ms] [ERROR] WebSocket connection to 'ws://localhost:3001/' failed: Error in connection establishment: net::ERR_CONNECTION_REFUSED @ http://localhost:3001/@vite/client:1034
[14686991ms] [ERROR] WebSocket connection to 'ws://localhost:3001/' failed: Error in connection establishment: net::ERR_CONNECTION_REFUSED @ http://localhost:3001/@vite/client:1034
[14695504ms] [ERROR] WebSocket connection to 'ws://localhost:3001/' failed: Error in connection establishment: net::ERR_CONNECTION_REFUSED @ http://localhost:3001/@vite/client:1034
[14700063ms] [ERROR] WebSocket connection to 'ws://localhost:3001/' failed: Error in connection establishment: net::ERR_CONNECTION_REFUSED @ http://localhost:3001/@vite/client:1034
[14705224ms] [ERROR] WebSocket connection to 'ws://localhost:3001/' failed: Error in connection establishment: net::ERR_CONNECTION_REFUSED @ http://localhost:3001/@vite/client:1034
[14710429ms] [ERROR] WebSocket connection to 'ws://localhost:3001/' failed: Error in connection establishment: net::ERR_CONNECTION_REFUSED @ http://localhost:3001/@vite/client:1034
[14718407ms] [ERROR] WebSocket connection to 'ws://localhost:3001/' failed: Error in connection establishment: net::ERR_CONNECTION_REFUSED @ http://localhost:3001/@vite/client:1034
[14725681ms] [ERROR] WebSocket connection to 'ws://localhost:3001/' failed: Error in connection establishment: net::ERR_CONNECTION_REFUSED @ http://localhost:3001/@vite/client:1034
[14730298ms] [ERROR] WebSocket connection to 'ws://localhost:3001/' failed: Error in connection establishment: net::ERR_CONNECTION_REFUSED @ http://localhost:3001/@vite/client:1034
[14738355ms] [ERROR] WebSocket connection to 'ws://localhost:3001/' failed: Error in connection establishment: net::ERR_CONNECTION_REFUSED @ http://localhost:3001/@vite/client:1034
[14746120ms] [ERROR] WebSocket connection to 'ws://localhost:3001/' failed: Error in connection establishment: net::ERR_CONNECTION_REFUSED @ http://localhost:3001/@vite/client:1034
[14752059ms] [ERROR] WebSocket connection to 'ws://localhost:3001/' failed: Error in connection establishment: net::ERR_CONNECTION_REFUSED @ http://localhost:3001/@vite/client:1034
[14759830ms] [ERROR] WebSocket connection to 'ws://localhost:3001/' failed: Error in connection establishment: net::ERR_CONNECTION_REFUSED @ http://localhost:3001/@vite/client:1034
[14764525ms] [ERROR] WebSocket connection to 'ws://localhost:3001/' failed: Error in connection establishment: net::ERR_CONNECTION_REFUSED @ http://localhost:3001/@vite/client:1034
[14772616ms] [ERROR] WebSocket connection to 'ws://localhost:3001/' failed: Error in connection establishment: net::ERR_CONNECTION_REFUSED @ http://localhost:3001/@vite/client:1034
[14778008ms] [ERROR] WebSocket connection to 'ws://localhost:3001/' failed: Error in connection establishment: net::ERR_CONNECTION_REFUSED @ http://localhost:3001/@vite/client:1034
[14784016ms] [ERROR] WebSocket connection to 'ws://localhost:3001/' failed: Error in connection establishment: net::ERR_CONNECTION_REFUSED @ http://localhost:3001/@vite/client:1034
[14790593ms] [ERROR] WebSocket connection to 'ws://localhost:3001/' failed: Error in connection establishment: net::ERR_CONNECTION_REFUSED @ http://localhost:3001/@vite/client:1034
[14798562ms] [ERROR] WebSocket connection to 'ws://localhost:3001/' failed: Error in connection establishment: net::ERR_CONNECTION_REFUSED @ http://localhost:3001/@vite/client:1034
[14805164ms] [ERROR] WebSocket connection to 'ws://localhost:3001/' failed: Error in connection establishment: net::ERR_CONNECTION_REFUSED @ http://localhost:3001/@vite/client:1034
[14810684ms] [ERROR] WebSocket connection to 'ws://localhost:3001/' failed: Error in connection establishment: net::ERR_CONNECTION_REFUSED @ http://localhost:3001/@vite/client:1034
[14816780ms] [ERROR] WebSocket connection to 'ws://localhost:3001/' failed: Error in connection establishment: net::ERR_CONNECTION_REFUSED @ http://localhost:3001/@vite/client:1034
[14822484ms] [ERROR] WebSocket connection to 'ws://localhost:3001/' failed: Error in connection establishment: net::ERR_CONNECTION_REFUSED @ http://localhost:3001/@vite/client:1034
[14830166ms] [ERROR] WebSocket connection to 'ws://localhost:3001/' failed: Error in connection establishment: net::ERR_CONNECTION_REFUSED @ http://localhost:3001/@vite/client:1034
[14835800ms] [ERROR] WebSocket connection to 'ws://localhost:3001/' failed: Error in connection establishment: net::ERR_CONNECTION_REFUSED @ http://localhost:3001/@vite/client:1034
[14842535ms] [ERROR] WebSocket connection to 'ws://localhost:3001/' failed: Error in connection establishment: net::ERR_CONNECTION_REFUSED @ http://localhost:3001/@vite/client:1034
[14849543ms] [ERROR] WebSocket connection to 'ws://localhost:3001/' failed: Error in connection establishment: net::ERR_CONNECTION_REFUSED @ http://localhost:3001/@vite/client:1034
[14856313ms] [ERROR] WebSocket connection to 'ws://localhost:3001/' failed: Error in connection establishment: net::ERR_CONNECTION_REFUSED @ http://localhost:3001/@vite/client:1034
[14862821ms] [ERROR] WebSocket connection to 'ws://localhost:3001/' failed: Error in connection establishment: net::ERR_CONNECTION_REFUSED @ http://localhost:3001/@vite/client:1034
[14869740ms] [ERROR] WebSocket connection to 'ws://localhost:3001/' failed: Error in connection establishment: net::ERR_CONNECTION_REFUSED @ http://localhost:3001/@vite/client:1034
[14874577ms] [ERROR] WebSocket connection to 'ws://localhost:3001/' failed: Error in connection establishment: net::ERR_CONNECTION_REFUSED @ http://localhost:3001/@vite/client:1034
[14880475ms] [ERROR] WebSocket connection to 'ws://localhost:3001/' failed: Error in connection establishment: net::ERR_CONNECTION_REFUSED @ http://localhost:3001/@vite/client:1034
[14887943ms] [ERROR] WebSocket connection to 'ws://localhost:3001/' failed: Error in connection establishment: net::ERR_CONNECTION_REFUSED @ http://localhost:3001/@vite/client:1034
[14893104ms] [ERROR] WebSocket connection to 'ws://localhost:3001/' failed: Error in connection establishment: net::ERR_CONNECTION_REFUSED @ http://localhost:3001/@vite/client:1034
[14901201ms] [ERROR] WebSocket connection to 'ws://localhost:3001/' failed: Error in connection establishment: net::ERR_CONNECTION_REFUSED @ http://localhost:3001/@vite/client:1034
[14907117ms] [ERROR] WebSocket connection to 'ws://localhost:3001/' failed: Error in connection establishment: net::ERR_CONNECTION_REFUSED @ http://localhost:3001/@vite/client:1034
[14911835ms] [ERROR] WebSocket connection to 'ws://localhost:3001/' failed: Error in connection establishment: net::ERR_CONNECTION_REFUSED @ http://localhost:3001/@vite/client:1034
[14917276ms] [ERROR] WebSocket connection to 'ws://localhost:3001/' failed: Error in connection establishment: net::ERR_CONNECTION_REFUSED @ http://localhost:3001/@vite/client:1034
[14922399ms] [ERROR] WebSocket connection to 'ws://localhost:3001/' failed: Error in connection establishment: net::ERR_CONNECTION_REFUSED @ http://localhost:3001/@vite/client:1034
[14928270ms] [ERROR] WebSocket connection to 'ws://localhost:3001/' failed: Error in connection establishment: net::ERR_CONNECTION_REFUSED @ http://localhost:3001/@vite/client:1034
[14933879ms] [ERROR] WebSocket connection to 'ws://localhost:3001/' failed: Error in connection establishment: net::ERR_CONNECTION_REFUSED @ http://localhost:3001/@vite/client:1034
[14939593ms] [ERROR] WebSocket connection to 'ws://localhost:3001/' failed: Error in connection establishment: net::ERR_CONNECTION_REFUSED @ http://localhost:3001/@vite/client:1034
[14944197ms] [ERROR] WebSocket connection to 'ws://localhost:3001/' failed: Error in connection establishment: net::ERR_CONNECTION_REFUSED @ http://localhost:3001/@vite/client:1034
[14950196ms] [ERROR] WebSocket connection to 'ws://localhost:3001/' failed: Error in connection establishment: net::ERR_CONNECTION_REFUSED @ http://localhost:3001/@vite/client:1034
[14957270ms] [ERROR] WebSocket connection to 'ws://localhost:3001/' failed: Error in connection establishment: net::ERR_CONNECTION_REFUSED @ http://localhost:3001/@vite/client:1034
[14965013ms] [ERROR] WebSocket connection to 'ws://localhost:3001/' failed: Error in connection establishment: net::ERR_CONNECTION_REFUSED @ http://localhost:3001/@vite/client:1034
[14973490ms] [ERROR] WebSocket connection to 'ws://localhost:3001/' failed: Error in connection establishment: net::ERR_CONNECTION_REFUSED @ http://localhost:3001/@vite/client:1034
[14981644ms] [ERROR] WebSocket connection to 'ws://localhost:3001/' failed: Error in connection establishment: net::ERR_CONNECTION_REFUSED @ http://localhost:3001/@vite/client:1034
[14986321ms] [ERROR] WebSocket connection to 'ws://localhost:3001/' failed: Error in connection establishment: net::ERR_CONNECTION_REFUSED @ http://localhost:3001/@vite/client:1034
[14993800ms] [ERROR] WebSocket connection to 'ws://localhost:3001/' failed: Error in connection establishment: net::ERR_CONNECTION_REFUSED @ http://localhost:3001/@vite/client:1034
[15000737ms] [ERROR] WebSocket connection to 'ws://localhost:3001/' failed: Error in connection establishment: net::ERR_CONNECTION_REFUSED @ http://localhost:3001/@vite/client:1034
[15007366ms] [ERROR] WebSocket connection to 'ws://localhost:3001/' failed: Error in connection establishment: net::ERR_CONNECTION_REFUSED @ http://localhost:3001/@vite/client:1034
[15013494ms] [ERROR] WebSocket connection to 'ws://localhost:3001/' failed: Error in connection establishment: net::ERR_CONNECTION_REFUSED @ http://localhost:3001/@vite/client:1034
[15019952ms] [ERROR] WebSocket connection to 'ws://localhost:3001/' failed: Error in connection establishment: net::ERR_CONNECTION_REFUSED @ http://localhost:3001/@vite/client:1034
[15025279ms] [ERROR] WebSocket connection to 'ws://localhost:3001/' failed: Error in connection establishment: net::ERR_CONNECTION_REFUSED @ http://localhost:3001/@vite/client:1034
[15030367ms] [ERROR] WebSocket connection to 'ws://localhost:3001/' failed: Error in connection establishment: net::ERR_CONNECTION_REFUSED @ http://localhost:3001/@vite/client:1034
[15035379ms] [ERROR] WebSocket connection to 'ws://localhost:3001/' failed: Error in connection establishment: net::ERR_CONNECTION_REFUSED @ http://localhost:3001/@vite/client:1034
[15042080ms] [ERROR] WebSocket connection to 'ws://localhost:3001/' failed: Error in connection establishment: net::ERR_CONNECTION_REFUSED @ http://localhost:3001/@vite/client:1034
[15046768ms] [ERROR] WebSocket connection to 'ws://localhost:3001/' failed: Error in connection establishment: net::ERR_CONNECTION_REFUSED @ http://localhost:3001/@vite/client:1034
[15053987ms] [ERROR] WebSocket connection to 'ws://localhost:3001/' failed: Error in connection establishment: net::ERR_CONNECTION_REFUSED @ http://localhost:3001/@vite/client:1034
[15060514ms] [ERROR] WebSocket connection to 'ws://localhost:3001/' failed: Error in connection establishment: net::ERR_CONNECTION_REFUSED @ http://localhost:3001/@vite/client:1034
[15067485ms] [ERROR] WebSocket connection to 'ws://localhost:3001/' failed: Error in connection establishment: net::ERR_CONNECTION_REFUSED @ http://localhost:3001/@vite/client:1034
[15074712ms] [ERROR] WebSocket connection to 'ws://localhost:3001/' failed: Error in connection establishment: net::ERR_CONNECTION_REFUSED @ http://localhost:3001/@vite/client:1034
[15081381ms] [ERROR] WebSocket connection to 'ws://localhost:3001/' failed: Error in connection establishment: net::ERR_CONNECTION_REFUSED @ http://localhost:3001/@vite/client:1034
[15088568ms] [ERROR] WebSocket connection to 'ws://localhost:3001/' failed: Error in connection establishment: net::ERR_CONNECTION_REFUSED @ http://localhost:3001/@vite/client:1034
[15094197ms] [ERROR] WebSocket connection to 'ws://localhost:3001/' failed: Error in connection establishment: net::ERR_CONNECTION_REFUSED @ http://localhost:3001/@vite/client:1034
[15099032ms] [ERROR] WebSocket connection to 'ws://localhost:3001/' failed: Error in connection establishment: net::ERR_CONNECTION_REFUSED @ http://localhost:3001/@vite/client:1034
[15104736ms] [ERROR] WebSocket connection to 'ws://localhost:3001/' failed: Error in connection establishment: net::ERR_CONNECTION_REFUSED @ http://localhost:3001/@vite/client:1034
[15108107ms] [ERROR] WebSocket connection to 'ws://localhost:3001/' failed: Error in connection establishment: net::ERR_CONNECTION_REFUSED @ http://localhost:3001/@vite/client:1034
[15111475ms] [ERROR] WebSocket connection to 'ws://localhost:3001/' failed: Error in connection establishment: net::ERR_CONNECTION_REFUSED @ http://localhost:3001/@vite/client:1034
[15114830ms] [ERROR] WebSocket connection to 'ws://localhost:3001/' failed: Error in connection establishment: net::ERR_CONNECTION_REFUSED @ http://localhost:3001/@vite/client:1034
[15118176ms] [ERROR] WebSocket connection to 'ws://localhost:3001/' failed: Error in connection establishment: net::ERR_CONNECTION_REFUSED @ http://localhost:3001/@vite/client:1034
[15121540ms] [ERROR] WebSocket connection to 'ws://localhost:3001/' failed: Error in connection establishment: net::ERR_CONNECTION_REFUSED @ http://localhost:3001/@vite/client:1034
[15124900ms] [ERROR] WebSocket connection to 'ws://localhost:3001/' failed: Error in connection establishment: net::ERR_CONNECTION_REFUSED @ http://localhost:3001/@vite/client:1034
[15128251ms] [ERROR] WebSocket connection to 'ws://localhost:3001/' failed: Error in connection establishment: net::ERR_CONNECTION_REFUSED @ http://localhost:3001/@vite/client:1034
[15131606ms] [ERROR] WebSocket connection to 'ws://localhost:3001/' failed: Error in connection establishment: net::ERR_CONNECTION_REFUSED @ http://localhost:3001/@vite/client:1034
[15134976ms] [ERROR] WebSocket connection to 'ws://localhost:3001/' failed: Error in connection establishment: net::ERR_CONNECTION_REFUSED @ http://localhost:3001/@vite/client:1034
[15138376ms] [ERROR] WebSocket connection to 'ws://localhost:3001/' failed: Error in connection establishment: net::ERR_CONNECTION_REFUSED @ http://localhost:3001/@vite/client:1034
[15141777ms] [ERROR] WebSocket connection to 'ws://localhost:3001/' failed: Error in connection establishment: net::ERR_CONNECTION_REFUSED @ http://localhost:3001/@vite/client:1034
[15145255ms] [ERROR] WebSocket connection to 'ws://localhost:3001/' failed: Error in connection establishment: net::ERR_CONNECTION_REFUSED @ http://localhost:3001/@vite/client:1034
[15148873ms] [ERROR] WebSocket connection to 'ws://localhost:3001/' failed: Error in connection establishment: net::ERR_CONNECTION_REFUSED @ http://localhost:3001/@vite/client:1034
[15152660ms] [ERROR] WebSocket connection to 'ws://localhost:3001/' failed: Error in connection establishment: net::ERR_CONNECTION_REFUSED @ http://localhost:3001/@vite/client:1034
[15157195ms] [ERROR] WebSocket connection to 'ws://localhost:3001/' failed: Error in connection establishment: net::ERR_CONNECTION_REFUSED @ http://localhost:3001/@vite/client:1034
[15161411ms] [ERROR] WebSocket connection to 'ws://localhost:3001/' failed: Error in connection establishment: net::ERR_CONNECTION_REFUSED @ http://localhost:3001/@vite/client:1034
[15166426ms] [ERROR] WebSocket connection to 'ws://localhost:3001/' failed: Error in connection establishment: net::ERR_CONNECTION_REFUSED @ http://localhost:3001/@vite/client:1034
[15174781ms] [ERROR] WebSocket connection to 'ws://localhost:3001/' failed: Error in connection establishment: net::ERR_CONNECTION_REFUSED @ http://localhost:3001/@vite/client:1034
[15183148ms] [ERROR] WebSocket connection to 'ws://localhost:3001/' failed: Error in connection establishment: net::ERR_CONNECTION_REFUSED @ http://localhost:3001/@vite/client:1034
[15190667ms] [ERROR] WebSocket connection to 'ws://localhost:3001/' failed: Error in connection establishment: net::ERR_CONNECTION_REFUSED @ http://localhost:3001/@vite/client:1034
[15196171ms] [ERROR] WebSocket connection to 'ws://localhost:3001/' failed: Error in connection establishment: net::ERR_CONNECTION_REFUSED @ http://localhost:3001/@vite/client:1034
[15201988ms] [ERROR] WebSocket connection to 'ws://localhost:3001/' failed: Error in connection establishment: net::ERR_CONNECTION_REFUSED @ http://localhost:3001/@vite/client:1034
[15206421ms] [ERROR] WebSocket connection to 'ws://localhost:3001/' failed: Error in connection establishment: net::ERR_CONNECTION_REFUSED @ http://localhost:3001/@vite/client:1034
[15211853ms] [ERROR] WebSocket connection to 'ws://localhost:3001/' failed: Error in connection establishment: net::ERR_CONNECTION_REFUSED @ http://localhost:3001/@vite/client:1034
[15218249ms] [ERROR] WebSocket connection to 'ws://localhost:3001/' failed: Error in connection establishment: net::ERR_CONNECTION_REFUSED @ http://localhost:3001/@vite/client:1034
[15223821ms] [ERROR] WebSocket connection to 'ws://localhost:3001/' failed: Error in connection establishment: net::ERR_CONNECTION_REFUSED @ http://localhost:3001/@vite/client:1034
[15230795ms] [ERROR] WebSocket connection to 'ws://localhost:3001/' failed: Error in connection establishment: net::ERR_CONNECTION_REFUSED @ http://localhost:3001/@vite/client:1034
[15235641ms] [ERROR] WebSocket connection to 'ws://localhost:3001/' failed: Error in connection establishment: net::ERR_CONNECTION_REFUSED @ http://localhost:3001/@vite/client:1034
[15243491ms] [ERROR] WebSocket connection to 'ws://localhost:3001/' failed: Error in connection establishment: net::ERR_CONNECTION_REFUSED @ http://localhost:3001/@vite/client:1034
[15250842ms] [ERROR] WebSocket connection to 'ws://localhost:3001/' failed: Error in connection establishment: net::ERR_CONNECTION_REFUSED @ http://localhost:3001/@vite/client:1034
[15257850ms] [ERROR] WebSocket connection to 'ws://localhost:3001/' failed: Error in connection establishment: net::ERR_CONNECTION_REFUSED @ http://localhost:3001/@vite/client:1034
[15264581ms] [ERROR] WebSocket connection to 'ws://localhost:3001/' failed: Error in connection establishment: net::ERR_CONNECTION_REFUSED @ http://localhost:3001/@vite/client:1034
[15271153ms] [ERROR] WebSocket connection to 'ws://localhost:3001/' failed: Error in connection establishment: net::ERR_CONNECTION_REFUSED @ http://localhost:3001/@vite/client:1034
[15275670ms] [ERROR] WebSocket connection to 'ws://localhost:3001/' failed: Error in connection establishment: net::ERR_CONNECTION_REFUSED @ http://localhost:3001/@vite/client:1034
[15283421ms] [ERROR] WebSocket connection to 'ws://localhost:3001/' failed: Error in connection establishment: net::ERR_CONNECTION_REFUSED @ http://localhost:3001/@vite/client:1034
[15289056ms] [ERROR] WebSocket connection to 'ws://localhost:3001/' failed: Error in connection establishment: net::ERR_CONNECTION_REFUSED @ http://localhost:3001/@vite/client:1034
[15295484ms] [ERROR] WebSocket connection to 'ws://localhost:3001/' failed: Error in connection establishment: net::ERR_CONNECTION_REFUSED @ http://localhost:3001/@vite/client:1034
[15300907ms] [ERROR] WebSocket connection to 'ws://localhost:3001/' failed: Error in connection establishment: net::ERR_CONNECTION_REFUSED @ http://localhost:3001/@vite/client:1034
[15306285ms] [ERROR] WebSocket connection to 'ws://localhost:3001/' failed: Error in connection establishment: net::ERR_CONNECTION_REFUSED @ http://localhost:3001/@vite/client:1034
[15313940ms] [ERROR] WebSocket connection to 'ws://localhost:3001/' failed: Error in connection establishment: net::ERR_CONNECTION_REFUSED @ http://localhost:3001/@vite/client:1034
[15318965ms] [ERROR] WebSocket connection to 'ws://localhost:3001/' failed: Error in connection establishment: net::ERR_CONNECTION_REFUSED @ http://localhost:3001/@vite/client:1034
[15325994ms] [ERROR] WebSocket connection to 'ws://localhost:3001/' failed: Error in connection establishment: net::ERR_CONNECTION_REFUSED @ http://localhost:3001/@vite/client:1034
[15331618ms] [ERROR] WebSocket connection to 'ws://localhost:3001/' failed: Error in connection establishment: net::ERR_CONNECTION_REFUSED @ http://localhost:3001/@vite/client:1034
[15336478ms] [ERROR] WebSocket connection to 'ws://localhost:3001/' failed: Error in connection establishment: net::ERR_CONNECTION_REFUSED @ http://localhost:3001/@vite/client:1034
[15344348ms] [ERROR] WebSocket connection to 'ws://localhost:3001/' failed: Error in connection establishment: net::ERR_CONNECTION_REFUSED @ http://localhost:3001/@vite/client:1034
[15350546ms] [ERROR] WebSocket connection to 'ws://localhost:3001/' failed: Error in connection establishment: net::ERR_CONNECTION_REFUSED @ http://localhost:3001/@vite/client:1034
[15355826ms] [ERROR] WebSocket connection to 'ws://localhost:3001/' failed: Error in connection establishment: net::ERR_CONNECTION_REFUSED @ http://localhost:3001/@vite/client:1034
[15363657ms] [ERROR] WebSocket connection to 'ws://localhost:3001/' failed: Error in connection establishment: net::ERR_CONNECTION_REFUSED @ http://localhost:3001/@vite/client:1034
[15368861ms] [ERROR] WebSocket connection to 'ws://localhost:3001/' failed: Error in connection establishment: net::ERR_CONNECTION_REFUSED @ http://localhost:3001/@vite/client:1034
[15376173ms] [ERROR] WebSocket connection to 'ws://localhost:3001/' failed: Error in connection establishment: net::ERR_CONNECTION_REFUSED @ http://localhost:3001/@vite/client:1034
[15382549ms] [ERROR] WebSocket connection to 'ws://localhost:3001/' failed: Error in connection establishment: net::ERR_CONNECTION_REFUSED @ http://localhost:3001/@vite/client:1034
[15390662ms] [ERROR] WebSocket connection to 'ws://localhost:3001/' failed: Error in connection establishment: net::ERR_CONNECTION_REFUSED @ http://localhost:3001/@vite/client:1034
[15395550ms] [ERROR] WebSocket connection to 'ws://localhost:3001/' failed: Error in connection establishment: net::ERR_CONNECTION_REFUSED @ http://localhost:3001/@vite/client:1034
[15400874ms] [ERROR] WebSocket connection to 'ws://localhost:3001/' failed: Error in connection establishment: net::ERR_CONNECTION_REFUSED @ http://localhost:3001/@vite/client:1034
[15406953ms] [ERROR] WebSocket connection to 'ws://localhost:3001/' failed: Error in connection establishment: net::ERR_CONNECTION_REFUSED @ http://localhost:3001/@vite/client:1034
[15413337ms] [ERROR] WebSocket connection to 'ws://localhost:3001/' failed: Error in connection establishment: net::ERR_CONNECTION_REFUSED @ http://localhost:3001/@vite/client:1034
[15421435ms] [ERROR] WebSocket connection to 'ws://localhost:3001/' failed: Error in connection establishment: net::ERR_CONNECTION_REFUSED @ http://localhost:3001/@vite/client:1034
[15428246ms] [ERROR] WebSocket connection to 'ws://localhost:3001/' failed: Error in connection establishment: net::ERR_CONNECTION_REFUSED @ http://localhost:3001/@vite/client:1034
[15435250ms] [ERROR] WebSocket connection to 'ws://localhost:3001/' failed: Error in connection establishment: net::ERR_CONNECTION_REFUSED @ http://localhost:3001/@vite/client:1034
[15439811ms] [ERROR] WebSocket connection to 'ws://localhost:3001/' failed: Error in connection establishment: net::ERR_CONNECTION_REFUSED @ http://localhost:3001/@vite/client:1034
[15444282ms] [ERROR] WebSocket connection to 'ws://localhost:3001/' failed: Error in connection establishment: net::ERR_CONNECTION_REFUSED @ http://localhost:3001/@vite/client:1034
[15450989ms] [ERROR] WebSocket connection to 'ws://localhost:3001/' failed: Error in connection establishment: net::ERR_CONNECTION_REFUSED @ http://localhost:3001/@vite/client:1034
[15455628ms] [ERROR] WebSocket connection to 'ws://localhost:3001/' failed: Error in connection establishment: net::ERR_CONNECTION_REFUSED @ http://localhost:3001/@vite/client:1034
[15461254ms] [ERROR] WebSocket connection to 'ws://localhost:3001/' failed: Error in connection establishment: net::ERR_CONNECTION_REFUSED @ http://localhost:3001/@vite/client:1034
[15465652ms] [ERROR] WebSocket connection to 'ws://localhost:3001/' failed: Error in connection establishment: net::ERR_CONNECTION_REFUSED @ http://localhost:3001/@vite/client:1034
[15469004ms] [ERROR] WebSocket connection to 'ws://localhost:3001/' failed: Error in connection establishment: net::ERR_CONNECTION_REFUSED @ http://localhost:3001/@vite/client:1034
[15472349ms] [ERROR] WebSocket connection to 'ws://localhost:3001/' failed: Error in connection establishment: net::ERR_CONNECTION_REFUSED @ http://localhost:3001/@vite/client:1034
[15475722ms] [ERROR] WebSocket connection to 'ws://localhost:3001/' failed: Error in connection establishment: net::ERR_CONNECTION_REFUSED @ http://localhost:3001/@vite/client:1034
[15479085ms] [ERROR] WebSocket connection to 'ws://localhost:3001/' failed: Error in connection establishment: net::ERR_CONNECTION_REFUSED @ http://localhost:3001/@vite/client:1034
[15482432ms] [ERROR] WebSocket connection to 'ws://localhost:3001/' failed: Error in connection establishment: net::ERR_CONNECTION_REFUSED @ http://localhost:3001/@vite/client:1034
[15486065ms] [ERROR] WebSocket connection to 'ws://localhost:3001/' failed: Error in connection establishment: net::ERR_CONNECTION_REFUSED @ http://localhost:3001/@vite/client:1034
[15489557ms] [ERROR] WebSocket connection to 'ws://localhost:3001/' failed: Error in connection establishment: net::ERR_CONNECTION_REFUSED @ http://localhost:3001/@vite/client:1034
[15492923ms] [ERROR] WebSocket connection to 'ws://localhost:3001/' failed: Error in connection establishment: net::ERR_CONNECTION_REFUSED @ http://localhost:3001/@vite/client:1034
[15496327ms] [ERROR] WebSocket connection to 'ws://localhost:3001/' failed: Error in connection establishment: net::ERR_CONNECTION_REFUSED @ http://localhost:3001/@vite/client:1034
[15499709ms] [ERROR] WebSocket connection to 'ws://localhost:3001/' failed: Error in connection establishment: net::ERR_CONNECTION_REFUSED @ http://localhost:3001/@vite/client:1034
[15503131ms] [ERROR] WebSocket connection to 'ws://localhost:3001/' failed: Error in connection establishment: net::ERR_CONNECTION_REFUSED @ http://localhost:3001/@vite/client:1034
[15506529ms] [ERROR] WebSocket connection to 'ws://localhost:3001/' failed: Error in connection establishment: net::ERR_CONNECTION_REFUSED @ http://localhost:3001/@vite/client:1034
[15510039ms] [ERROR] WebSocket connection to 'ws://localhost:3001/' failed: Error in connection establishment: net::ERR_CONNECTION_REFUSED @ http://localhost:3001/@vite/client:1034
[15513944ms] [ERROR] WebSocket connection to 'ws://localhost:3001/' failed: Error in connection establishment: net::ERR_CONNECTION_REFUSED @ http://localhost:3001/@vite/client:1034
[15518211ms] [ERROR] WebSocket connection to 'ws://localhost:3001/' failed: Error in connection establishment: net::ERR_CONNECTION_REFUSED @ http://localhost:3001/@vite/client:1034
[15523961ms] [ERROR] WebSocket connection to 'ws://localhost:3001/' failed: Error in connection establishment: net::ERR_CONNECTION_REFUSED @ http://localhost:3001/@vite/client:1034
[15530994ms] [ERROR] WebSocket connection to 'ws://localhost:3001/' failed: Error in connection establishment: net::ERR_CONNECTION_REFUSED @ http://localhost:3001/@vite/client:1034
[15536151ms] [ERROR] WebSocket connection to 'ws://localhost:3001/' failed: Error in connection establishment: net::ERR_CONNECTION_REFUSED @ http://localhost:3001/@vite/client:1034
[15541432ms] [ERROR] WebSocket connection to 'ws://localhost:3001/' failed: Error in connection establishment: net::ERR_CONNECTION_REFUSED @ http://localhost:3001/@vite/client:1034
[15546002ms] [ERROR] WebSocket connection to 'ws://localhost:3001/' failed: Error in connection establishment: net::ERR_CONNECTION_REFUSED @ http://localhost:3001/@vite/client:1034
[15552403ms] [ERROR] WebSocket connection to 'ws://localhost:3001/' failed: Error in connection establishment: net::ERR_CONNECTION_REFUSED @ http://localhost:3001/@vite/client:1034
[15559171ms] [ERROR] WebSocket connection to 'ws://localhost:3001/' failed: Error in connection establishment: net::ERR_CONNECTION_REFUSED @ http://localhost:3001/@vite/client:1034
[15565522ms] [ERROR] WebSocket connection to 'ws://localhost:3001/' failed: Error in connection establishment: net::ERR_CONNECTION_REFUSED @ http://localhost:3001/@vite/client:1034
[15573041ms] [ERROR] WebSocket connection to 'ws://localhost:3001/' failed: Error in connection establishment: net::ERR_CONNECTION_REFUSED @ http://localhost:3001/@vite/client:1034
[15577736ms] [ERROR] WebSocket connection to 'ws://localhost:3001/' failed: Error in connection establishment: net::ERR_CONNECTION_REFUSED @ http://localhost:3001/@vite/client:1034
[15582593ms] [ERROR] WebSocket connection to 'ws://localhost:3001/' failed: Error in connection establishment: net::ERR_CONNECTION_REFUSED @ http://localhost:3001/@vite/client:1034
[15588220ms] [ERROR] WebSocket connection to 'ws://localhost:3001/' failed: Error in connection establishment: net::ERR_CONNECTION_REFUSED @ http://localhost:3001/@vite/client:1034
[15595861ms] [ERROR] WebSocket connection to 'ws://localhost:3001/' failed: Error in connection establishment: net::ERR_CONNECTION_REFUSED @ http://localhost:3001/@vite/client:1034
[15601014ms] [ERROR] WebSocket connection to 'ws://localhost:3001/' failed: Error in connection establishment: net::ERR_CONNECTION_REFUSED @ http://localhost:3001/@vite/client:1034
[15608084ms] [ERROR] WebSocket connection to 'ws://localhost:3001/' failed: Error in connection establishment: net::ERR_CONNECTION_REFUSED @ http://localhost:3001/@vite/client:1034
[15616010ms] [ERROR] WebSocket connection to 'ws://localhost:3001/' failed: Error in connection establishment: net::ERR_CONNECTION_REFUSED @ http://localhost:3001/@vite/client:1034
[15620518ms] [ERROR] WebSocket connection to 'ws://localhost:3001/' failed: Error in connection establishment: net::ERR_CONNECTION_REFUSED @ http://localhost:3001/@vite/client:1034
[15625587ms] [ERROR] WebSocket connection to 'ws://localhost:3001/' failed: Error in connection establishment: net::ERR_CONNECTION_REFUSED @ http://localhost:3001/@vite/client:1034
[15630459ms] [ERROR] WebSocket connection to 'ws://localhost:3001/' failed: Error in connection establishment: net::ERR_CONNECTION_REFUSED @ http://localhost:3001/@vite/client:1034
[15635476ms] [ERROR] WebSocket connection to 'ws://localhost:3001/' failed: Error in connection establishment: net::ERR_CONNECTION_REFUSED @ http://localhost:3001/@vite/client:1034
[15643188ms] [ERROR] WebSocket connection to 'ws://localhost:3001/' failed: Error in connection establishment: net::ERR_CONNECTION_REFUSED @ http://localhost:3001/@vite/client:1034
[15650695ms] [ERROR] WebSocket connection to 'ws://localhost:3001/' failed: Error in connection establishment: net::ERR_CONNECTION_REFUSED @ http://localhost:3001/@vite/client:1034
[15658157ms] [ERROR] WebSocket connection to 'ws://localhost:3001/' failed: Error in connection establishment: net::ERR_CONNECTION_REFUSED @ http://localhost:3001/@vite/client:1034
[15662639ms] [ERROR] WebSocket connection to 'ws://localhost:3001/' failed: Error in connection establishment: net::ERR_CONNECTION_REFUSED @ http://localhost:3001/@vite/client:1034
[15670934ms] [ERROR] WebSocket connection to 'ws://localhost:3001/' failed: Error in connection establishment: net::ERR_CONNECTION_REFUSED @ http://localhost:3001/@vite/client:1034
[15676478ms] [ERROR] WebSocket connection to 'ws://localhost:3001/' failed: Error in connection establishment: net::ERR_CONNECTION_REFUSED @ http://localhost:3001/@vite/client:1034
[15682444ms] [ERROR] WebSocket connection to 'ws://localhost:3001/' failed: Error in connection establishment: net::ERR_CONNECTION_REFUSED @ http://localhost:3001/@vite/client:1034
[15687666ms] [ERROR] WebSocket connection to 'ws://localhost:3001/' failed: Error in connection establishment: net::ERR_CONNECTION_REFUSED @ http://localhost:3001/@vite/client:1034
[15694683ms] [ERROR] WebSocket connection to 'ws://localhost:3001/' failed: Error in connection establishment: net::ERR_CONNECTION_REFUSED @ http://localhost:3001/@vite/client:1034
[15699512ms] [ERROR] WebSocket connection to 'ws://localhost:3001/' failed: Error in connection establishment: net::ERR_CONNECTION_REFUSED @ http://localhost:3001/@vite/client:1034
[15707067ms] [ERROR] WebSocket connection to 'ws://localhost:3001/' failed: Error in connection establishment: net::ERR_CONNECTION_REFUSED @ http://localhost:3001/@vite/client:1034
[15713850ms] [ERROR] WebSocket connection to 'ws://localhost:3001/' failed: Error in connection establishment: net::ERR_CONNECTION_REFUSED @ http://localhost:3001/@vite/client:1034
[15721988ms] [ERROR] WebSocket connection to 'ws://localhost:3001/' failed: Error in connection establishment: net::ERR_CONNECTION_REFUSED @ http://localhost:3001/@vite/client:1034
[15729806ms] [ERROR] WebSocket connection to 'ws://localhost:3001/' failed: Error in connection establishment: net::ERR_CONNECTION_REFUSED @ http://localhost:3001/@vite/client:1034
[15736339ms] [ERROR] WebSocket connection to 'ws://localhost:3001/' failed: Error in connection establishment: net::ERR_CONNECTION_REFUSED @ http://localhost:3001/@vite/client:1034
[15743742ms] [ERROR] WebSocket connection to 'ws://localhost:3001/' failed: Error in connection establishment: net::ERR_CONNECTION_REFUSED @ http://localhost:3001/@vite/client:1034
[15750017ms] [ERROR] WebSocket connection to 'ws://localhost:3001/' failed: Error in connection establishment: net::ERR_CONNECTION_REFUSED @ http://localhost:3001/@vite/client:1034
[15757573ms] [ERROR] WebSocket connection to 'ws://localhost:3001/' failed: Error in connection establishment: net::ERR_CONNECTION_REFUSED @ http://localhost:3001/@vite/client:1034
[15764050ms] [ERROR] WebSocket connection to 'ws://localhost:3001/' failed: Error in connection establishment: net::ERR_CONNECTION_REFUSED @ http://localhost:3001/@vite/client:1034
[15769137ms] [ERROR] WebSocket connection to 'ws://localhost:3001/' failed: Error in connection establishment: net::ERR_CONNECTION_REFUSED @ http://localhost:3001/@vite/client:1034
[15774266ms] [ERROR] WebSocket connection to 'ws://localhost:3001/' failed: Error in connection establishment: net::ERR_CONNECTION_REFUSED @ http://localhost:3001/@vite/client:1034
[15779381ms] [ERROR] WebSocket connection to 'ws://localhost:3001/' failed: Error in connection establishment: net::ERR_CONNECTION_REFUSED @ http://localhost:3001/@vite/client:1034
[15786069ms] [ERROR] WebSocket connection to 'ws://localhost:3001/' failed: Error in connection establishment: net::ERR_CONNECTION_REFUSED @ http://localhost:3001/@vite/client:1034
[15791852ms] [ERROR] WebSocket connection to 'ws://localhost:3001/' failed: Error in connection establishment: net::ERR_CONNECTION_REFUSED @ http://localhost:3001/@vite/client:1034
[15797761ms] [ERROR] WebSocket connection to 'ws://localhost:3001/' failed: Error in connection establishment: net::ERR_CONNECTION_REFUSED @ http://localhost:3001/@vite/client:1034
[15804952ms] [ERROR] WebSocket connection to 'ws://localhost:3001/' failed: Error in connection establishment: net::ERR_CONNECTION_REFUSED @ http://localhost:3001/@vite/client:1034
[15813156ms] [ERROR] WebSocket connection to 'ws://localhost:3001/' failed: Error in connection establishment: net::ERR_CONNECTION_REFUSED @ http://localhost:3001/@vite/client:1034
[15820987ms] [ERROR] WebSocket connection to 'ws://localhost:3001/' failed: Error in connection establishment: net::ERR_CONNECTION_REFUSED @ http://localhost:3001/@vite/client:1034
[15828161ms] [ERROR] WebSocket connection to 'ws://localhost:3001/' failed: Error in connection establishment: net::ERR_CONNECTION_REFUSED @ http://localhost:3001/@vite/client:1034
[15833024ms] [ERROR] WebSocket connection to 'ws://localhost:3001/' failed: Error in connection establishment: net::ERR_CONNECTION_REFUSED @ http://localhost:3001/@vite/client:1034
[15839356ms] [ERROR] WebSocket connection to 'ws://localhost:3001/' failed: Error in connection establishment: net::ERR_CONNECTION_REFUSED @ http://localhost:3001/@vite/client:1034
[15847028ms] [ERROR] WebSocket connection to 'ws://localhost:3001/' failed: Error in connection establishment: net::ERR_CONNECTION_REFUSED @ http://localhost:3001/@vite/client:1034
[15852608ms] [ERROR] WebSocket connection to 'ws://localhost:3001/' failed: Error in connection establishment: net::ERR_CONNECTION_REFUSED @ http://localhost:3001/@vite/client:1034
[15860766ms] [ERROR] WebSocket connection to 'ws://localhost:3001/' failed: Error in connection establishment: net::ERR_CONNECTION_REFUSED @ http://localhost:3001/@vite/client:1034
[15865564ms] [ERROR] WebSocket connection to 'ws://localhost:3001/' failed: Error in connection establishment: net::ERR_CONNECTION_REFUSED @ http://localhost:3001/@vite/client:1034
[15871472ms] [ERROR] WebSocket connection to 'ws://localhost:3001/' failed: Error in connection establishment: net::ERR_CONNECTION_REFUSED @ http://localhost:3001/@vite/client:1034
[15877535ms] [ERROR] WebSocket connection to 'ws://localhost:3001/' failed: Error in connection establishment: net::ERR_CONNECTION_REFUSED @ http://localhost:3001/@vite/client:1034
[15884146ms] [ERROR] WebSocket connection to 'ws://localhost:3001/' failed: Error in connection establishment: net::ERR_CONNECTION_REFUSED @ http://localhost:3001/@vite/client:1034
[15888898ms] [ERROR] WebSocket connection to 'ws://localhost:3001/' failed: Error in connection establishment: net::ERR_CONNECTION_REFUSED @ http://localhost:3001/@vite/client:1034
[15896449ms] [ERROR] WebSocket connection to 'ws://localhost:3001/' failed: Error in connection establishment: net::ERR_CONNECTION_REFUSED @ http://localhost:3001/@vite/client:1034
[15904526ms] [ERROR] WebSocket connection to 'ws://localhost:3001/' failed: Error in connection establishment: net::ERR_CONNECTION_REFUSED @ http://localhost:3001/@vite/client:1034
[15911734ms] [ERROR] WebSocket connection to 'ws://localhost:3001/' failed: Error in connection establishment: net::ERR_CONNECTION_REFUSED @ http://localhost:3001/@vite/client:1034
[15918555ms] [ERROR] WebSocket connection to 'ws://localhost:3001/' failed: Error in connection establishment: net::ERR_CONNECTION_REFUSED @ http://localhost:3001/@vite/client:1034
[15924533ms] [ERROR] WebSocket connection to 'ws://localhost:3001/' failed: Error in connection establishment: net::ERR_CONNECTION_REFUSED @ http://localhost:3001/@vite/client:1034
[15932956ms] [ERROR] WebSocket connection to 'ws://localhost:3001/' failed: Error in connection establishment: net::ERR_CONNECTION_REFUSED @ http://localhost:3001/@vite/client:1034
[15940287ms] [ERROR] WebSocket connection to 'ws://localhost:3001/' failed: Error in connection establishment: net::ERR_CONNECTION_REFUSED @ http://localhost:3001/@vite/client:1034
[15947096ms] [ERROR] WebSocket connection to 'ws://localhost:3001/' failed: Error in connection establishment: net::ERR_CONNECTION_REFUSED @ http://localhost:3001/@vite/client:1034
[15953244ms] [ERROR] WebSocket connection to 'ws://localhost:3001/' failed: Error in connection establishment: net::ERR_CONNECTION_REFUSED @ http://localhost:3001/@vite/client:1034
[15959164ms] [ERROR] WebSocket connection to 'ws://localhost:3001/' failed: Error in connection establishment: net::ERR_CONNECTION_REFUSED @ http://localhost:3001/@vite/client:1034
[15964923ms] [ERROR] WebSocket connection to 'ws://localhost:3001/' failed: Error in connection establishment: net::ERR_CONNECTION_REFUSED @ http://localhost:3001/@vite/client:1034
[15970303ms] [ERROR] WebSocket connection to 'ws://localhost:3001/' failed: Error in connection establishment: net::ERR_CONNECTION_REFUSED @ http://localhost:3001/@vite/client:1034
[15975871ms] [ERROR] WebSocket connection to 'ws://localhost:3001/' failed: Error in connection establishment: net::ERR_CONNECTION_REFUSED @ http://localhost:3001/@vite/client:1034
[15982725ms] [ERROR] WebSocket connection to 'ws://localhost:3001/' failed: Error in connection establishment: net::ERR_CONNECTION_REFUSED @ http://localhost:3001/@vite/client:1034
[15992152ms] [ERROR] WebSocket connection to 'ws://localhost:3001/' failed: Error in connection establishment: net::ERR_CONNECTION_REFUSED @ http://localhost:3001/@vite/client:1034
[15999408ms] [ERROR] WebSocket connection to 'ws://localhost:3001/' failed: Error in connection establishment: net::ERR_CONNECTION_REFUSED @ http://localhost:3001/@vite/client:1034
[16005643ms] [ERROR] WebSocket connection to 'ws://localhost:3001/' failed: Error in connection establishment: net::ERR_CONNECTION_REFUSED @ http://localhost:3001/@vite/client:1034
[16013325ms] [ERROR] WebSocket connection to 'ws://localhost:3001/' failed: Error in connection establishment: net::ERR_CONNECTION_REFUSED @ http://localhost:3001/@vite/client:1034
[16019585ms] [ERROR] WebSocket connection to 'ws://localhost:3001/' failed: Error in connection establishment: net::ERR_CONNECTION_REFUSED @ http://localhost:3001/@vite/client:1034
[16027764ms] [ERROR] WebSocket connection to 'ws://localhost:3001/' failed: Error in connection establishment: net::ERR_CONNECTION_REFUSED @ http://localhost:3001/@vite/client:1034
[16034103ms] [ERROR] WebSocket connection to 'ws://localhost:3001/' failed: Error in connection establishment: net::ERR_CONNECTION_REFUSED @ http://localhost:3001/@vite/client:1034
[16042331ms] [ERROR] WebSocket connection to 'ws://localhost:3001/' failed: Error in connection establishment: net::ERR_CONNECTION_REFUSED @ http://localhost:3001/@vite/client:1034
[16047303ms] [ERROR] WebSocket connection to 'ws://localhost:3001/' failed: Error in connection establishment: net::ERR_CONNECTION_REFUSED @ http://localhost:3001/@vite/client:1034
[16054518ms] [ERROR] WebSocket connection to 'ws://localhost:3001/' failed: Error in connection establishment: net::ERR_CONNECTION_REFUSED @ http://localhost:3001/@vite/client:1034
[16060566ms] [ERROR] WebSocket connection to 'ws://localhost:3001/' failed: Error in connection establishment: net::ERR_CONNECTION_REFUSED @ http://localhost:3001/@vite/client:1034
[16065653ms] [ERROR] WebSocket connection to 'ws://localhost:3001/' failed: Error in connection establishment: net::ERR_CONNECTION_REFUSED @ http://localhost:3001/@vite/client:1034
[16072568ms] [ERROR] WebSocket connection to 'ws://localhost:3001/' failed: Error in connection establishment: net::ERR_CONNECTION_REFUSED @ http://localhost:3001/@vite/client:1034
[16080340ms] [ERROR] WebSocket connection to 'ws://localhost:3001/' failed: Error in connection establishment: net::ERR_CONNECTION_REFUSED @ http://localhost:3001/@vite/client:1034
[16086408ms] [ERROR] WebSocket connection to 'ws://localhost:3001/' failed: Error in connection establishment: net::ERR_CONNECTION_REFUSED @ http://localhost:3001/@vite/client:1034
[16091357ms] [ERROR] WebSocket connection to 'ws://localhost:3001/' failed: Error in connection establishment: net::ERR_CONNECTION_REFUSED @ http://localhost:3001/@vite/client:1034
[16097972ms] [ERROR] WebSocket connection to 'ws://localhost:3001/' failed: Error in connection establishment: net::ERR_CONNECTION_REFUSED @ http://localhost:3001/@vite/client:1034
[16103109ms] [ERROR] WebSocket connection to 'ws://localhost:3001/' failed: Error in connection establishment: net::ERR_CONNECTION_REFUSED @ http://localhost:3001/@vite/client:1034
[16109009ms] [ERROR] WebSocket connection to 'ws://localhost:3001/' failed: Error in connection establishment: net::ERR_CONNECTION_REFUSED @ http://localhost:3001/@vite/client:1034
[16114380ms] [ERROR] WebSocket connection to 'ws://localhost:3001/' failed: Error in connection establishment: net::ERR_CONNECTION_REFUSED @ http://localhost:3001/@vite/client:1034
[16121513ms] [ERROR] WebSocket connection to 'ws://localhost:3001/' failed: Error in connection establishment: net::ERR_CONNECTION_REFUSED @ http://localhost:3001/@vite/client:1034
[16126740ms] [ERROR] WebSocket connection to 'ws://localhost:3001/' failed: Error in connection establishment: net::ERR_CONNECTION_REFUSED @ http://localhost:3001/@vite/client:1034
[16134820ms] [ERROR] WebSocket connection to 'ws://localhost:3001/' failed: Error in connection establishment: net::ERR_CONNECTION_REFUSED @ http://localhost:3001/@vite/client:1034
[16139614ms] [ERROR] WebSocket connection to 'ws://localhost:3001/' failed: Error in connection establishment: net::ERR_CONNECTION_REFUSED @ http://localhost:3001/@vite/client:1034
[16147338ms] [ERROR] WebSocket connection to 'ws://localhost:3001/' failed: Error in connection establishment: net::ERR_CONNECTION_REFUSED @ http://localhost:3001/@vite/client:1034
[16152981ms] [ERROR] WebSocket connection to 'ws://localhost:3001/' failed: Error in connection establishment: net::ERR_CONNECTION_REFUSED @ http://localhost:3001/@vite/client:1034
[16158821ms] [ERROR] WebSocket connection to 'ws://localhost:3001/' failed: Error in connection establishment: net::ERR_CONNECTION_REFUSED @ http://localhost:3001/@vite/client:1034
[16163784ms] [ERROR] WebSocket connection to 'ws://localhost:3001/' failed: Error in connection establishment: net::ERR_CONNECTION_REFUSED @ http://localhost:3001/@vite/client:1034
[16169105ms] [ERROR] WebSocket connection to 'ws://localhost:3001/' failed: Error in connection establishment: net::ERR_CONNECTION_REFUSED @ http://localhost:3001/@vite/client:1034
[16173898ms] [ERROR] WebSocket connection to 'ws://localhost:3001/' failed: Error in connection establishment: net::ERR_CONNECTION_REFUSED @ http://localhost:3001/@vite/client:1034
[16181422ms] [ERROR] WebSocket connection to 'ws://localhost:3001/' failed: Error in connection establishment: net::ERR_CONNECTION_REFUSED @ http://localhost:3001/@vite/client:1034
[16189260ms] [ERROR] WebSocket connection to 'ws://localhost:3001/' failed: Error in connection establishment: net::ERR_CONNECTION_REFUSED @ http://localhost:3001/@vite/client:1034
[16197154ms] [ERROR] WebSocket connection to 'ws://localhost:3001/' failed: Error in connection establishment: net::ERR_CONNECTION_REFUSED @ http://localhost:3001/@vite/client:1034
[16204482ms] [ERROR] WebSocket connection to 'ws://localhost:3001/' failed: Error in connection establishment: net::ERR_CONNECTION_REFUSED @ http://localhost:3001/@vite/client:1034
[16210169ms] [ERROR] WebSocket connection to 'ws://localhost:3001/' failed: Error in connection establishment: net::ERR_CONNECTION_REFUSED @ http://localhost:3001/@vite/client:1034
[16216632ms] [ERROR] WebSocket connection to 'ws://localhost:3001/' failed: Error in connection establishment: net::ERR_CONNECTION_REFUSED @ http://localhost:3001/@vite/client:1034
[16224267ms] [ERROR] WebSocket connection to 'ws://localhost:3001/' failed: Error in connection establishment: net::ERR_CONNECTION_REFUSED @ http://localhost:3001/@vite/client:1034
[16232082ms] [ERROR] WebSocket connection to 'ws://localhost:3001/' failed: Error in connection establishment: net::ERR_CONNECTION_REFUSED @ http://localhost:3001/@vite/client:1034
[16241711ms] [ERROR] WebSocket connection to 'ws://localhost:3001/' failed: Error in connection establishment: net::ERR_CONNECTION_REFUSED @ http://localhost:3001/@vite/client:1034
[16252528ms] [ERROR] WebSocket connection to 'ws://localhost:3001/' failed: Error in connection establishment: net::ERR_CONNECTION_REFUSED @ http://localhost:3001/@vite/client:1034
[16261060ms] [ERROR] WebSocket connection to 'ws://localhost:3001/' failed: Error in connection establishment: net::ERR_CONNECTION_REFUSED @ http://localhost:3001/@vite/client:1034
[16265892ms] [ERROR] WebSocket connection to 'ws://localhost:3001/' failed: Error in connection establishment: net::ERR_CONNECTION_REFUSED @ http://localhost:3001/@vite/client:1034
[16271293ms] [ERROR] WebSocket connection to 'ws://localhost:3001/' failed: Error in connection establishment: net::ERR_CONNECTION_REFUSED @ http://localhost:3001/@vite/client:1034
[16276807ms] [ERROR] WebSocket connection to 'ws://localhost:3001/' failed: Error in connection establishment: net::ERR_CONNECTION_REFUSED @ http://localhost:3001/@vite/client:1034
[16281945ms] [ERROR] WebSocket connection to 'ws://localhost:3001/' failed: Error in connection establishment: net::ERR_CONNECTION_REFUSED @ http://localhost:3001/@vite/client:1034
[16290064ms] [ERROR] WebSocket connection to 'ws://localhost:3001/' failed: Error in connection establishment: net::ERR_CONNECTION_REFUSED @ http://localhost:3001/@vite/client:1034
[16296602ms] [ERROR] WebSocket connection to 'ws://localhost:3001/' failed: Error in connection establishment: net::ERR_CONNECTION_REFUSED @ http://localhost:3001/@vite/client:1034
[16301899ms] [ERROR] WebSocket connection to 'ws://localhost:3001/' failed: Error in connection establishment: net::ERR_CONNECTION_REFUSED @ http://localhost:3001/@vite/client:1034
[16306772ms] [ERROR] WebSocket connection to 'ws://localhost:3001/' failed: Error in connection establishment: net::ERR_CONNECTION_REFUSED @ http://localhost:3001/@vite/client:1034
[16314235ms] [ERROR] WebSocket connection to 'ws://localhost:3001/' failed: Error in connection establishment: net::ERR_CONNECTION_REFUSED @ http://localhost:3001/@vite/client:1034
[16319185ms] [ERROR] WebSocket connection to 'ws://localhost:3001/' failed: Error in connection establishment: net::ERR_CONNECTION_REFUSED @ http://localhost:3001/@vite/client:1034
[16327473ms] [ERROR] WebSocket connection to 'ws://localhost:3001/' failed: Error in connection establishment: net::ERR_CONNECTION_REFUSED @ http://localhost:3001/@vite/client:1034
[16335576ms] [ERROR] WebSocket connection to 'ws://localhost:3001/' failed: Error in connection establishment: net::ERR_CONNECTION_REFUSED @ http://localhost:3001/@vite/client:1034
[16344031ms] [ERROR] WebSocket connection to 'ws://localhost:3001/' failed: Error in connection establishment: net::ERR_CONNECTION_REFUSED @ http://localhost:3001/@vite/client:1034
[16349291ms] [ERROR] WebSocket connection to 'ws://localhost:3001/' failed: Error in connection establishment: net::ERR_CONNECTION_REFUSED @ http://localhost:3001/@vite/client:1034
[16355044ms] [ERROR] WebSocket connection to 'ws://localhost:3001/' failed: Error in connection establishment: net::ERR_CONNECTION_REFUSED @ http://localhost:3001/@vite/client:1034
[16361138ms] [ERROR] WebSocket connection to 'ws://localhost:3001/' failed: Error in connection establishment: net::ERR_CONNECTION_REFUSED @ http://localhost:3001/@vite/client:1034
[16366361ms] [ERROR] WebSocket connection to 'ws://localhost:3001/' failed: Error in connection establishment: net::ERR_CONNECTION_REFUSED @ http://localhost:3001/@vite/client:1034
[16374379ms] [ERROR] WebSocket connection to 'ws://localhost:3001/' failed: Error in connection establishment: net::ERR_CONNECTION_REFUSED @ http://localhost:3001/@vite/client:1034
[16379732ms] [ERROR] WebSocket connection to 'ws://localhost:3001/' failed: Error in connection establishment: net::ERR_CONNECTION_REFUSED @ http://localhost:3001/@vite/client:1034
[16386267ms] [ERROR] WebSocket connection to 'ws://localhost:3001/' failed: Error in connection establishment: net::ERR_CONNECTION_REFUSED @ http://localhost:3001/@vite/client:1034
[16392135ms] [ERROR] WebSocket connection to 'ws://localhost:3001/' failed: Error in connection establishment: net::ERR_CONNECTION_REFUSED @ http://localhost:3001/@vite/client:1034
[16397067ms] [ERROR] WebSocket connection to 'ws://localhost:3001/' failed: Error in connection establishment: net::ERR_CONNECTION_REFUSED @ http://localhost:3001/@vite/client:1034
[16405279ms] [ERROR] WebSocket connection to 'ws://localhost:3001/' failed: Error in connection establishment: net::ERR_CONNECTION_REFUSED @ http://localhost:3001/@vite/client:1034
[16412202ms] [ERROR] WebSocket connection to 'ws://localhost:3001/' failed: Error in connection establishment: net::ERR_CONNECTION_REFUSED @ http://localhost:3001/@vite/client:1034
[16418787ms] [ERROR] WebSocket connection to 'ws://localhost:3001/' failed: Error in connection establishment: net::ERR_CONNECTION_REFUSED @ http://localhost:3001/@vite/client:1034
[16424522ms] [ERROR] WebSocket connection to 'ws://localhost:3001/' failed: Error in connection establishment: net::ERR_CONNECTION_REFUSED @ http://localhost:3001/@vite/client:1034
[16431827ms] [ERROR] WebSocket connection to 'ws://localhost:3001/' failed: Error in connection establishment: net::ERR_CONNECTION_REFUSED @ http://localhost:3001/@vite/client:1034
[16437276ms] [ERROR] WebSocket connection to 'ws://localhost:3001/' failed: Error in connection establishment: net::ERR_CONNECTION_REFUSED @ http://localhost:3001/@vite/client:1034
[16444043ms] [ERROR] WebSocket connection to 'ws://localhost:3001/' failed: Error in connection establishment: net::ERR_CONNECTION_REFUSED @ http://localhost:3001/@vite/client:1034
[16449376ms] [ERROR] WebSocket connection to 'ws://localhost:3001/' failed: Error in connection establishment: net::ERR_CONNECTION_REFUSED @ http://localhost:3001/@vite/client:1034
[16456111ms] [ERROR] WebSocket connection to 'ws://localhost:3001/' failed: Error in connection establishment: net::ERR_CONNECTION_REFUSED @ http://localhost:3001/@vite/client:1034
[16463295ms] [ERROR] WebSocket connection to 'ws://localhost:3001/' failed: Error in connection establishment: net::ERR_CONNECTION_REFUSED @ http://localhost:3001/@vite/client:1034
[16468347ms] [ERROR] WebSocket connection to 'ws://localhost:3001/' failed: Error in connection establishment: net::ERR_CONNECTION_REFUSED @ http://localhost:3001/@vite/client:1034
[16476231ms] [ERROR] WebSocket connection to 'ws://localhost:3001/' failed: Error in connection establishment: net::ERR_CONNECTION_REFUSED @ http://localhost:3001/@vite/client:1034
[16482066ms] [ERROR] WebSocket connection to 'ws://localhost:3001/' failed: Error in connection establishment: net::ERR_CONNECTION_REFUSED @ http://localhost:3001/@vite/client:1034
[16487262ms] [ERROR] WebSocket connection to 'ws://localhost:3001/' failed: Error in connection establishment: net::ERR_CONNECTION_REFUSED @ http://localhost:3001/@vite/client:1034
[16492138ms] [ERROR] WebSocket connection to 'ws://localhost:3001/' failed: Error in connection establishment: net::ERR_CONNECTION_REFUSED @ http://localhost:3001/@vite/client:1034
[16499286ms] [ERROR] WebSocket connection to 'ws://localhost:3001/' failed: Error in connection establishment: net::ERR_CONNECTION_REFUSED @ http://localhost:3001/@vite/client:1034
[16506587ms] [ERROR] WebSocket connection to 'ws://localhost:3001/' failed: Error in connection establishment: net::ERR_CONNECTION_REFUSED @ http://localhost:3001/@vite/client:1034
[16514571ms] [ERROR] WebSocket connection to 'ws://localhost:3001/' failed: Error in connection establishment: net::ERR_CONNECTION_REFUSED @ http://localhost:3001/@vite/client:1034
[16519058ms] [ERROR] WebSocket connection to 'ws://localhost:3001/' failed: Error in connection establishment: net::ERR_CONNECTION_REFUSED @ http://localhost:3001/@vite/client:1034
[16525875ms] [ERROR] WebSocket connection to 'ws://localhost:3001/' failed: Error in connection establishment: net::ERR_CONNECTION_REFUSED @ http://localhost:3001/@vite/client:1034
[16533844ms] [ERROR] WebSocket connection to 'ws://localhost:3001/' failed: Error in connection establishment: net::ERR_CONNECTION_REFUSED @ http://localhost:3001/@vite/client:1034
[16541940ms] [ERROR] WebSocket connection to 'ws://localhost:3001/' failed: Error in connection establishment: net::ERR_CONNECTION_REFUSED @ http://localhost:3001/@vite/client:1034
[16547429ms] [ERROR] WebSocket connection to 'ws://localhost:3001/' failed: Error in connection establishment: net::ERR_CONNECTION_REFUSED @ http://localhost:3001/@vite/client:1034
[16555769ms] [ERROR] WebSocket connection to 'ws://localhost:3001/' failed: Error in connection establishment: net::ERR_CONNECTION_REFUSED @ http://localhost:3001/@vite/client:1034
[16563712ms] [ERROR] WebSocket connection to 'ws://localhost:3001/' failed: Error in connection establishment: net::ERR_CONNECTION_REFUSED @ http://localhost:3001/@vite/client:1034
[16569087ms] [ERROR] WebSocket connection to 'ws://localhost:3001/' failed: Error in connection establishment: net::ERR_CONNECTION_REFUSED @ http://localhost:3001/@vite/client:1034
[16574553ms] [ERROR] WebSocket connection to 'ws://localhost:3001/' failed: Error in connection establishment: net::ERR_CONNECTION_REFUSED @ http://localhost:3001/@vite/client:1034
[16579149ms] [ERROR] WebSocket connection to 'ws://localhost:3001/' failed: Error in connection establishment: net::ERR_CONNECTION_REFUSED @ http://localhost:3001/@vite/client:1034
[16586006ms] [ERROR] WebSocket connection to 'ws://localhost:3001/' failed: Error in connection establishment: net::ERR_CONNECTION_REFUSED @ http://localhost:3001/@vite/client:1034
[16590587ms] [ERROR] WebSocket connection to 'ws://localhost:3001/' failed: Error in connection establishment: net::ERR_CONNECTION_REFUSED @ http://localhost:3001/@vite/client:1034
[16596786ms] [ERROR] WebSocket connection to 'ws://localhost:3001/' failed: Error in connection establishment: net::ERR_CONNECTION_REFUSED @ http://localhost:3001/@vite/client:1034
[16604128ms] [ERROR] WebSocket connection to 'ws://localhost:3001/' failed: Error in connection establishment: net::ERR_CONNECTION_REFUSED @ http://localhost:3001/@vite/client:1034
[16611601ms] [ERROR] WebSocket connection to 'ws://localhost:3001/' failed: Error in connection establishment: net::ERR_CONNECTION_REFUSED @ http://localhost:3001/@vite/client:1034
[16619427ms] [ERROR] WebSocket connection to 'ws://localhost:3001/' failed: Error in connection establishment: net::ERR_CONNECTION_REFUSED @ http://localhost:3001/@vite/client:1034
[16627042ms] [ERROR] WebSocket connection to 'ws://localhost:3001/' failed: Error in connection establishment: net::ERR_CONNECTION_REFUSED @ http://localhost:3001/@vite/client:1034
[16631875ms] [ERROR] WebSocket connection to 'ws://localhost:3001/' failed: Error in connection establishment: net::ERR_CONNECTION_REFUSED @ http://localhost:3001/@vite/client:1034
[16637212ms] [ERROR] WebSocket connection to 'ws://localhost:3001/' failed: Error in connection establishment: net::ERR_CONNECTION_REFUSED @ http://localhost:3001/@vite/client:1034
[16644561ms] [ERROR] WebSocket connection to 'ws://localhost:3001/' failed: Error in connection establishment: net::ERR_CONNECTION_REFUSED @ http://localhost:3001/@vite/client:1034
[16649331ms] [ERROR] WebSocket connection to 'ws://localhost:3001/' failed: Error in connection establishment: net::ERR_CONNECTION_REFUSED @ http://localhost:3001/@vite/client:1034
[16655949ms] [ERROR] WebSocket connection to 'ws://localhost:3001/' failed: Error in connection establishment: net::ERR_CONNECTION_REFUSED @ http://localhost:3001/@vite/client:1034
[16662585ms] [ERROR] WebSocket connection to 'ws://localhost:3001/' failed: Error in connection establishment: net::ERR_CONNECTION_REFUSED @ http://localhost:3001/@vite/client:1034
[16668667ms] [ERROR] WebSocket connection to 'ws://localhost:3001/' failed: Error in connection establishment: net::ERR_CONNECTION_REFUSED @ http://localhost:3001/@vite/client:1034
[16674982ms] [ERROR] WebSocket connection to 'ws://localhost:3001/' failed: Error in connection establishment: net::ERR_CONNECTION_REFUSED @ http://localhost:3001/@vite/client:1034
[16679538ms] [ERROR] WebSocket connection to 'ws://localhost:3001/' failed: Error in connection establishment: net::ERR_CONNECTION_REFUSED @ http://localhost:3001/@vite/client:1034
[16685759ms] [ERROR] WebSocket connection to 'ws://localhost:3001/' failed: Error in connection establishment: net::ERR_CONNECTION_REFUSED @ http://localhost:3001/@vite/client:1034
[16691639ms] [ERROR] WebSocket connection to 'ws://localhost:3001/' failed: Error in connection establishment: net::ERR_CONNECTION_REFUSED @ http://localhost:3001/@vite/client:1034
[16696506ms] [ERROR] WebSocket connection to 'ws://localhost:3001/' failed: Error in connection establishment: net::ERR_CONNECTION_REFUSED @ http://localhost:3001/@vite/client:1034
[16700911ms] [ERROR] WebSocket connection to 'ws://localhost:3001/' failed: Error in connection establishment: net::ERR_CONNECTION_REFUSED @ http://localhost:3001/@vite/client:1034
[16707009ms] [ERROR] WebSocket connection to 'ws://localhost:3001/' failed: Error in connection establishment: net::ERR_CONNECTION_REFUSED @ http://localhost:3001/@vite/client:1034
[16711444ms] [ERROR] WebSocket connection to 'ws://localhost:3001/' failed: Error in connection establishment: net::ERR_CONNECTION_REFUSED @ http://localhost:3001/@vite/client:1034
[16718127ms] [ERROR] WebSocket connection to 'ws://localhost:3001/' failed: Error in connection establishment: net::ERR_CONNECTION_REFUSED @ http://localhost:3001/@vite/client:1034
[16726478ms] [ERROR] WebSocket connection to 'ws://localhost:3001/' failed: Error in connection establishment: net::ERR_CONNECTION_REFUSED @ http://localhost:3001/@vite/client:1034
[16734448ms] [ERROR] WebSocket connection to 'ws://localhost:3001/' failed: Error in connection establishment: net::ERR_CONNECTION_REFUSED @ http://localhost:3001/@vite/client:1034
[16740165ms] [ERROR] WebSocket connection to 'ws://localhost:3001/' failed: Error in connection establishment: net::ERR_CONNECTION_REFUSED @ http://localhost:3001/@vite/client:1034
[16746583ms] [ERROR] WebSocket connection to 'ws://localhost:3001/' failed: Error in connection establishment: net::ERR_CONNECTION_REFUSED @ http://localhost:3001/@vite/client:1034
[16753195ms] [ERROR] WebSocket connection to 'ws://localhost:3001/' failed: Error in connection establishment: net::ERR_CONNECTION_REFUSED @ http://localhost:3001/@vite/client:1034
[16759816ms] [ERROR] WebSocket connection to 'ws://localhost:3001/' failed: Error in connection establishment: net::ERR_CONNECTION_REFUSED @ http://localhost:3001/@vite/client:1034
[16766267ms] [ERROR] WebSocket connection to 'ws://localhost:3001/' failed: Error in connection establishment: net::ERR_CONNECTION_REFUSED @ http://localhost:3001/@vite/client:1034
[16772810ms] [ERROR] WebSocket connection to 'ws://localhost:3001/' failed: Error in connection establishment: net::ERR_CONNECTION_REFUSED @ http://localhost:3001/@vite/client:1034
[16778523ms] [ERROR] WebSocket connection to 'ws://localhost:3001/' failed: Error in connection establishment: net::ERR_CONNECTION_REFUSED @ http://localhost:3001/@vite/client:1034
[16784824ms] [ERROR] WebSocket connection to 'ws://localhost:3001/' failed: Error in connection establishment: net::ERR_CONNECTION_REFUSED @ http://localhost:3001/@vite/client:1034
[16792876ms] [ERROR] WebSocket connection to 'ws://localhost:3001/' failed: Error in connection establishment: net::ERR_CONNECTION_REFUSED @ http://localhost:3001/@vite/client:1034
[16800338ms] [ERROR] WebSocket connection to 'ws://localhost:3001/' failed: Error in connection establishment: net::ERR_CONNECTION_REFUSED @ http://localhost:3001/@vite/client:1034
[16806427ms] [ERROR] WebSocket connection to 'ws://localhost:3001/' failed: Error in connection establishment: net::ERR_CONNECTION_REFUSED @ http://localhost:3001/@vite/client:1034
[16811587ms] [ERROR] WebSocket connection to 'ws://localhost:3001/' failed: Error in connection establishment: net::ERR_CONNECTION_REFUSED @ http://localhost:3001/@vite/client:1034
[16816677ms] [ERROR] WebSocket connection to 'ws://localhost:3001/' failed: Error in connection establishment: net::ERR_CONNECTION_REFUSED @ http://localhost:3001/@vite/client:1034
[16823276ms] [ERROR] WebSocket connection to 'ws://localhost:3001/' failed: Error in connection establishment: net::ERR_CONNECTION_REFUSED @ http://localhost:3001/@vite/client:1034
[16829203ms] [ERROR] WebSocket connection to 'ws://localhost:3001/' failed: Error in connection establishment: net::ERR_CONNECTION_REFUSED @ http://localhost:3001/@vite/client:1034
[16834348ms] [ERROR] WebSocket connection to 'ws://localhost:3001/' failed: Error in connection establishment: net::ERR_CONNECTION_REFUSED @ http://localhost:3001/@vite/client:1034
[16841020ms] [ERROR] WebSocket connection to 'ws://localhost:3001/' failed: Error in connection establishment: net::ERR_CONNECTION_REFUSED @ http://localhost:3001/@vite/client:1034
[16848632ms] [ERROR] WebSocket connection to 'ws://localhost:3001/' failed: Error in connection establishment: net::ERR_CONNECTION_REFUSED @ http://localhost:3001/@vite/client:1034
[16855856ms] [ERROR] WebSocket connection to 'ws://localhost:3001/' failed: Error in connection establishment: net::ERR_CONNECTION_REFUSED @ http://localhost:3001/@vite/client:1034
[16862176ms] [ERROR] WebSocket connection to 'ws://localhost:3001/' failed: Error in connection establishment: net::ERR_CONNECTION_REFUSED @ http://localhost:3001/@vite/client:1034
[16868971ms] [ERROR] WebSocket connection to 'ws://localhost:3001/' failed: Error in connection establishment: net::ERR_CONNECTION_REFUSED @ http://localhost:3001/@vite/client:1034
[16874008ms] [ERROR] WebSocket connection to 'ws://localhost:3001/' failed: Error in connection establishment: net::ERR_CONNECTION_REFUSED @ http://localhost:3001/@vite/client:1034
[16878841ms] [ERROR] WebSocket connection to 'ws://localhost:3001/' failed: Error in connection establishment: net::ERR_CONNECTION_REFUSED @ http://localhost:3001/@vite/client:1034
[16884410ms] [ERROR] WebSocket connection to 'ws://localhost:3001/' failed: Error in connection establishment: net::ERR_CONNECTION_REFUSED @ http://localhost:3001/@vite/client:1034
[16890693ms] [ERROR] WebSocket connection to 'ws://localhost:3001/' failed: Error in connection establishment: net::ERR_CONNECTION_REFUSED @ http://localhost:3001/@vite/client:1034
[16896293ms] [ERROR] WebSocket connection to 'ws://localhost:3001/' failed: Error in connection establishment: net::ERR_CONNECTION_REFUSED @ http://localhost:3001/@vite/client:1034
[16901512ms] [ERROR] WebSocket connection to 'ws://localhost:3001/' failed: Error in connection establishment: net::ERR_CONNECTION_REFUSED @ http://localhost:3001/@vite/client:1034
[16908564ms] [ERROR] WebSocket connection to 'ws://localhost:3001/' failed: Error in connection establishment: net::ERR_CONNECTION_REFUSED @ http://localhost:3001/@vite/client:1034
[16913781ms] [ERROR] WebSocket connection to 'ws://localhost:3001/' failed: Error in connection establishment: net::ERR_CONNECTION_REFUSED @ http://localhost:3001/@vite/client:1034
[16921137ms] [ERROR] WebSocket connection to 'ws://localhost:3001/' failed: Error in connection establishment: net::ERR_CONNECTION_REFUSED @ http://localhost:3001/@vite/client:1034
[16925489ms] [ERROR] WebSocket connection to 'ws://localhost:3001/' failed: Error in connection establishment: net::ERR_CONNECTION_REFUSED @ http://localhost:3001/@vite/client:1034
[16932069ms] [ERROR] WebSocket connection to 'ws://localhost:3001/' failed: Error in connection establishment: net::ERR_CONNECTION_REFUSED @ http://localhost:3001/@vite/client:1034
[16938565ms] [ERROR] WebSocket connection to 'ws://localhost:3001/' failed: Error in connection establishment: net::ERR_CONNECTION_REFUSED @ http://localhost:3001/@vite/client:1034
[16944987ms] [ERROR] WebSocket connection to 'ws://localhost:3001/' failed: Error in connection establishment: net::ERR_CONNECTION_REFUSED @ http://localhost:3001/@vite/client:1034
[16949871ms] [ERROR] WebSocket connection to 'ws://localhost:3001/' failed: Error in connection establishment: net::ERR_CONNECTION_REFUSED @ http://localhost:3001/@vite/client:1034
[16955740ms] [ERROR] WebSocket connection to 'ws://localhost:3001/' failed: Error in connection establishment: net::ERR_CONNECTION_REFUSED @ http://localhost:3001/@vite/client:1034
[16963004ms] [ERROR] WebSocket connection to 'ws://localhost:3001/' failed: Error in connection establishment: net::ERR_CONNECTION_REFUSED @ http://localhost:3001/@vite/client:1034
[16970026ms] [ERROR] WebSocket connection to 'ws://localhost:3001/' failed: Error in connection establishment: net::ERR_CONNECTION_REFUSED @ http://localhost:3001/@vite/client:1034
[16977728ms] [ERROR] WebSocket connection to 'ws://localhost:3001/' failed: Error in connection establishment: net::ERR_CONNECTION_REFUSED @ http://localhost:3001/@vite/client:1034
[16982628ms] [ERROR] WebSocket connection to 'ws://localhost:3001/' failed: Error in connection establishment: net::ERR_CONNECTION_REFUSED @ http://localhost:3001/@vite/client:1034
[16987293ms] [ERROR] WebSocket connection to 'ws://localhost:3001/' failed: Error in connection establishment: net::ERR_CONNECTION_REFUSED @ http://localhost:3001/@vite/client:1034
[16995327ms] [ERROR] WebSocket connection to 'ws://localhost:3001/' failed: Error in connection establishment: net::ERR_CONNECTION_REFUSED @ http://localhost:3001/@vite/client:1034
[17002648ms] [ERROR] WebSocket connection to 'ws://localhost:3001/' failed: Error in connection establishment: net::ERR_CONNECTION_REFUSED @ http://localhost:3001/@vite/client:1034
[17008663ms] [ERROR] WebSocket connection to 'ws://localhost:3001/' failed: Error in connection establishment: net::ERR_CONNECTION_REFUSED @ http://localhost:3001/@vite/client:1034
[17015834ms] [ERROR] WebSocket connection to 'ws://localhost:3001/' failed: Error in connection establishment: net::ERR_CONNECTION_REFUSED @ http://localhost:3001/@vite/client:1034
[17020618ms] [ERROR] WebSocket connection to 'ws://localhost:3001/' failed: Error in connection establishment: net::ERR_CONNECTION_REFUSED @ http://localhost:3001/@vite/client:1034
[17028317ms] [ERROR] WebSocket connection to 'ws://localhost:3001/' failed: Error in connection establishment: net::ERR_CONNECTION_REFUSED @ http://localhost:3001/@vite/client:1034
[17033060ms] [ERROR] WebSocket connection to 'ws://localhost:3001/' failed: Error in connection establishment: net::ERR_CONNECTION_REFUSED @ http://localhost:3001/@vite/client:1034
[17037703ms] [ERROR] WebSocket connection to 'ws://localhost:3001/' failed: Error in connection establishment: net::ERR_CONNECTION_REFUSED @ http://localhost:3001/@vite/client:1034
[17044280ms] [ERROR] WebSocket connection to 'ws://localhost:3001/' failed: Error in connection establishment: net::ERR_CONNECTION_REFUSED @ http://localhost:3001/@vite/client:1034
[17048782ms] [ERROR] WebSocket connection to 'ws://localhost:3001/' failed: Error in connection establishment: net::ERR_CONNECTION_REFUSED @ http://localhost:3001/@vite/client:1034
[17055439ms] [ERROR] WebSocket connection to 'ws://localhost:3001/' failed: Error in connection establishment: net::ERR_CONNECTION_REFUSED @ http://localhost:3001/@vite/client:1034
[17063183ms] [ERROR] WebSocket connection to 'ws://localhost:3001/' failed: Error in connection establishment: net::ERR_CONNECTION_REFUSED @ http://localhost:3001/@vite/client:1034
[17069811ms] [ERROR] WebSocket connection to 'ws://localhost:3001/' failed: Error in connection establishment: net::ERR_CONNECTION_REFUSED @ http://localhost:3001/@vite/client:1034
[17075162ms] [ERROR] WebSocket connection to 'ws://localhost:3001/' failed: Error in connection establishment: net::ERR_CONNECTION_REFUSED @ http://localhost:3001/@vite/client:1034
[17081301ms] [ERROR] WebSocket connection to 'ws://localhost:3001/' failed: Error in connection establishment: net::ERR_CONNECTION_REFUSED @ http://localhost:3001/@vite/client:1034
[17088613ms] [ERROR] WebSocket connection to 'ws://localhost:3001/' failed: Error in connection establishment: net::ERR_CONNECTION_REFUSED @ http://localhost:3001/@vite/client:1034
[17095499ms] [ERROR] WebSocket connection to 'ws://localhost:3001/' failed: Error in connection establishment: net::ERR_CONNECTION_REFUSED @ http://localhost:3001/@vite/client:1034
[17102036ms] [ERROR] WebSocket connection to 'ws://localhost:3001/' failed: Error in connection establishment: net::ERR_CONNECTION_REFUSED @ http://localhost:3001/@vite/client:1034
[17107281ms] [ERROR] WebSocket connection to 'ws://localhost:3001/' failed: Error in connection establishment: net::ERR_CONNECTION_REFUSED @ http://localhost:3001/@vite/client:1034
[17115467ms] [ERROR] WebSocket connection to 'ws://localhost:3001/' failed: Error in connection establishment: net::ERR_CONNECTION_REFUSED @ http://localhost:3001/@vite/client:1034
[17123788ms] [ERROR] WebSocket connection to 'ws://localhost:3001/' failed: Error in connection establishment: net::ERR_CONNECTION_REFUSED @ http://localhost:3001/@vite/client:1034
[17129553ms] [ERROR] WebSocket connection to 'ws://localhost:3001/' failed: Error in connection establishment: net::ERR_CONNECTION_REFUSED @ http://localhost:3001/@vite/client:1034
[17134126ms] [ERROR] WebSocket connection to 'ws://localhost:3001/' failed: Error in connection establishment: net::ERR_CONNECTION_REFUSED @ http://localhost:3001/@vite/client:1034
[17141942ms] [ERROR] WebSocket connection to 'ws://localhost:3001/' failed: Error in connection establishment: net::ERR_CONNECTION_REFUSED @ http://localhost:3001/@vite/client:1034
[17147957ms] [ERROR] WebSocket connection to 'ws://localhost:3001/' failed: Error in connection establishment: net::ERR_CONNECTION_REFUSED @ http://localhost:3001/@vite/client:1034
[17153328ms] [ERROR] WebSocket connection to 'ws://localhost:3001/' failed: Error in connection establishment: net::ERR_CONNECTION_REFUSED @ http://localhost:3001/@vite/client:1034
[17158725ms] [ERROR] WebSocket connection to 'ws://localhost:3001/' failed: Error in connection establishment: net::ERR_CONNECTION_REFUSED @ http://localhost:3001/@vite/client:1034
[17163508ms] [ERROR] WebSocket connection to 'ws://localhost:3001/' failed: Error in connection establishment: net::ERR_CONNECTION_REFUSED @ http://localhost:3001/@vite/client:1034
[17170527ms] [ERROR] WebSocket connection to 'ws://localhost:3001/' failed: Error in connection establishment: net::ERR_CONNECTION_REFUSED @ http://localhost:3001/@vite/client:1034
[17177657ms] [ERROR] WebSocket connection to 'ws://localhost:3001/' failed: Error in connection establishment: net::ERR_CONNECTION_REFUSED @ http://localhost:3001/@vite/client:1034
[17184764ms] [ERROR] WebSocket connection to 'ws://localhost:3001/' failed: Error in connection establishment: net::ERR_CONNECTION_REFUSED @ http://localhost:3001/@vite/client:1034
[17191742ms] [ERROR] WebSocket connection to 'ws://localhost:3001/' failed: Error in connection establishment: net::ERR_CONNECTION_REFUSED @ http://localhost:3001/@vite/client:1034
[17199750ms] [ERROR] WebSocket connection to 'ws://localhost:3001/' failed: Error in connection establishment: net::ERR_CONNECTION_REFUSED @ http://localhost:3001/@vite/client:1034
[17204851ms] [ERROR] WebSocket connection to 'ws://localhost:3001/' failed: Error in connection establishment: net::ERR_CONNECTION_REFUSED @ http://localhost:3001/@vite/client:1034
[17223774ms] [ERROR] WebSocket connection to 'ws://localhost:3001/' failed: Error in connection establishment: net::ERR_CONNECTION_REFUSED @ http://localhost:3001/@vite/client:1034
[17229641ms] [ERROR] WebSocket connection to 'ws://localhost:3001/' failed: Error in connection establishment: net::ERR_CONNECTION_REFUSED @ http://localhost:3001/@vite/client:1034
[17236559ms] [ERROR] WebSocket connection to 'ws://localhost:3001/' failed: Error in connection establishment: net::ERR_CONNECTION_REFUSED @ http://localhost:3001/@vite/client:1034
[17243912ms] [ERROR] WebSocket connection to 'ws://localhost:3001/' failed: Error in connection establishment: net::ERR_CONNECTION_REFUSED @ http://localhost:3001/@vite/client:1034
[17252094ms] [ERROR] WebSocket connection to 'ws://localhost:3001/' failed: Error in connection establishment: net::ERR_CONNECTION_REFUSED @ http://localhost:3001/@vite/client:1034
[17259088ms] [ERROR] WebSocket connection to 'ws://localhost:3001/' failed: Error in connection establishment: net::ERR_CONNECTION_REFUSED @ http://localhost:3001/@vite/client:1034
[17264980ms] [ERROR] WebSocket connection to 'ws://localhost:3001/' failed: Error in connection establishment: net::ERR_CONNECTION_REFUSED @ http://localhost:3001/@vite/client:1034
[17269978ms] [ERROR] WebSocket connection to 'ws://localhost:3001/' failed: Error in connection establishment: net::ERR_CONNECTION_REFUSED @ http://localhost:3001/@vite/client:1034
[17278297ms] [ERROR] WebSocket connection to 'ws://localhost:3001/' failed: Error in connection establishment: net::ERR_CONNECTION_REFUSED @ http://localhost:3001/@vite/client:1034
[17286633ms] [ERROR] WebSocket connection to 'ws://localhost:3001/' failed: Error in connection establishment: net::ERR_CONNECTION_REFUSED @ http://localhost:3001/@vite/client:1034
[17294920ms] [ERROR] WebSocket connection to 'ws://localhost:3001/' failed: Error in connection establishment: net::ERR_CONNECTION_REFUSED @ http://localhost:3001/@vite/client:1034
[17301620ms] [ERROR] WebSocket connection to 'ws://localhost:3001/' failed: Error in connection establishment: net::ERR_CONNECTION_REFUSED @ http://localhost:3001/@vite/client:1034
[17307169ms] [ERROR] WebSocket connection to 'ws://localhost:3001/' failed: Error in connection establishment: net::ERR_CONNECTION_REFUSED @ http://localhost:3001/@vite/client:1034
[17314503ms] [ERROR] WebSocket connection to 'ws://localhost:3001/' failed: Error in connection establishment: net::ERR_CONNECTION_REFUSED @ http://localhost:3001/@vite/client:1034
[17318905ms] [ERROR] WebSocket connection to 'ws://localhost:3001/' failed: Error in connection establishment: net::ERR_CONNECTION_REFUSED @ http://localhost:3001/@vite/client:1034
[17325372ms] [ERROR] WebSocket connection to 'ws://localhost:3001/' failed: Error in connection establishment: net::ERR_CONNECTION_REFUSED @ http://localhost:3001/@vite/client:1034
[17330358ms] [ERROR] WebSocket connection to 'ws://localhost:3001/' failed: Error in connection establishment: net::ERR_CONNECTION_REFUSED @ http://localhost:3001/@vite/client:1034
[17336182ms] [ERROR] WebSocket connection to 'ws://localhost:3001/' failed: Error in connection establishment: net::ERR_CONNECTION_REFUSED @ http://localhost:3001/@vite/client:1034
[17342719ms] [ERROR] WebSocket connection to 'ws://localhost:3001/' failed: Error in connection establishment: net::ERR_CONNECTION_REFUSED @ http://localhost:3001/@vite/client:1034
[17348601ms] [ERROR] WebSocket connection to 'ws://localhost:3001/' failed: Error in connection establishment: net::ERR_CONNECTION_REFUSED @ http://localhost:3001/@vite/client:1034
[17356749ms] [ERROR] WebSocket connection to 'ws://localhost:3001/' failed: Error in connection establishment: net::ERR_CONNECTION_REFUSED @ http://localhost:3001/@vite/client:1034
[17363850ms] [ERROR] WebSocket connection to 'ws://localhost:3001/' failed: Error in connection establishment: net::ERR_CONNECTION_REFUSED @ http://localhost:3001/@vite/client:1034
[17368776ms] [ERROR] WebSocket connection to 'ws://localhost:3001/' failed: Error in connection establishment: net::ERR_CONNECTION_REFUSED @ http://localhost:3001/@vite/client:1034
[17376523ms] [ERROR] WebSocket connection to 'ws://localhost:3001/' failed: Error in connection establishment: net::ERR_CONNECTION_REFUSED @ http://localhost:3001/@vite/client:1034
[17383803ms] [ERROR] WebSocket connection to 'ws://localhost:3001/' failed: Error in connection establishment: net::ERR_CONNECTION_REFUSED @ http://localhost:3001/@vite/client:1034
[17389818ms] [ERROR] WebSocket connection to 'ws://localhost:3001/' failed: Error in connection establishment: net::ERR_CONNECTION_REFUSED @ http://localhost:3001/@vite/client:1034
[17397140ms] [ERROR] WebSocket connection to 'ws://localhost:3001/' failed: Error in connection establishment: net::ERR_CONNECTION_REFUSED @ http://localhost:3001/@vite/client:1034
[17401965ms] [ERROR] WebSocket connection to 'ws://localhost:3001/' failed: Error in connection establishment: net::ERR_CONNECTION_REFUSED @ http://localhost:3001/@vite/client:1034
[17409441ms] [ERROR] WebSocket connection to 'ws://localhost:3001/' failed: Error in connection establishment: net::ERR_CONNECTION_REFUSED @ http://localhost:3001/@vite/client:1034
[17417144ms] [ERROR] WebSocket connection to 'ws://localhost:3001/' failed: Error in connection establishment: net::ERR_CONNECTION_REFUSED @ http://localhost:3001/@vite/client:1034
[17424429ms] [ERROR] WebSocket connection to 'ws://localhost:3001/' failed: Error in connection establishment: net::ERR_CONNECTION_REFUSED @ http://localhost:3001/@vite/client:1034
[17430851ms] [ERROR] WebSocket connection to 'ws://localhost:3001/' failed: Error in connection establishment: net::ERR_CONNECTION_REFUSED @ http://localhost:3001/@vite/client:1034
[17436626ms] [ERROR] WebSocket connection to 'ws://localhost:3001/' failed: Error in connection establishment: net::ERR_CONNECTION_REFUSED @ http://localhost:3001/@vite/client:1034
[17443561ms] [ERROR] WebSocket connection to 'ws://localhost:3001/' failed: Error in connection establishment: net::ERR_CONNECTION_REFUSED @ http://localhost:3001/@vite/client:1034
[17455965ms] [ERROR] WebSocket connection to 'ws://localhost:3001/' failed: Error in connection establishment: net::ERR_CONNECTION_REFUSED @ http://localhost:3001/@vite/client:1034
[17463107ms] [ERROR] WebSocket connection to 'ws://localhost:3001/' failed: Error in connection establishment: net::ERR_CONNECTION_REFUSED @ http://localhost:3001/@vite/client:1034
[17468660ms] [ERROR] WebSocket connection to 'ws://localhost:3001/' failed: Error in connection establishment: net::ERR_CONNECTION_REFUSED @ http://localhost:3001/@vite/client:1034
[17476804ms] [ERROR] WebSocket connection to 'ws://localhost:3001/' failed: Error in connection establishment: net::ERR_CONNECTION_REFUSED @ http://localhost:3001/@vite/client:1034
[17483607ms] [ERROR] WebSocket connection to 'ws://localhost:3001/' failed: Error in connection establishment: net::ERR_CONNECTION_REFUSED @ http://localhost:3001/@vite/client:1034
[17490150ms] [ERROR] WebSocket connection to 'ws://localhost:3001/' failed: Error in connection establishment: net::ERR_CONNECTION_REFUSED @ http://localhost:3001/@vite/client:1034
[17497778ms] [ERROR] WebSocket connection to 'ws://localhost:3001/' failed: Error in connection establishment: net::ERR_CONNECTION_REFUSED @ http://localhost:3001/@vite/client:1034
[17504552ms] [ERROR] WebSocket connection to 'ws://localhost:3001/' failed: Error in connection establishment: net::ERR_CONNECTION_REFUSED @ http://localhost:3001/@vite/client:1034
[17510976ms] [ERROR] WebSocket connection to 'ws://localhost:3001/' failed: Error in connection establishment: net::ERR_CONNECTION_REFUSED @ http://localhost:3001/@vite/client:1034
[17518850ms] [ERROR] WebSocket connection to 'ws://localhost:3001/' failed: Error in connection establishment: net::ERR_CONNECTION_REFUSED @ http://localhost:3001/@vite/client:1034
[17523501ms] [ERROR] WebSocket connection to 'ws://localhost:3001/' failed: Error in connection establishment: net::ERR_CONNECTION_REFUSED @ http://localhost:3001/@vite/client:1034
[17529204ms] [ERROR] WebSocket connection to 'ws://localhost:3001/' failed: Error in connection establishment: net::ERR_CONNECTION_REFUSED @ http://localhost:3001/@vite/client:1034
[17534066ms] [ERROR] WebSocket connection to 'ws://localhost:3001/' failed: Error in connection establishment: net::ERR_CONNECTION_REFUSED @ http://localhost:3001/@vite/client:1034
[17541379ms] [ERROR] WebSocket connection to 'ws://localhost:3001/' failed: Error in connection establishment: net::ERR_CONNECTION_REFUSED @ http://localhost:3001/@vite/client:1034
[17548778ms] [ERROR] WebSocket connection to 'ws://localhost:3001/' failed: Error in connection establishment: net::ERR_CONNECTION_REFUSED @ http://localhost:3001/@vite/client:1034
[17556521ms] [ERROR] WebSocket connection to 'ws://localhost:3001/' failed: Error in connection establishment: net::ERR_CONNECTION_REFUSED @ http://localhost:3001/@vite/client:1034
[17563002ms] [ERROR] WebSocket connection to 'ws://localhost:3001/' failed: Error in connection establishment: net::ERR_CONNECTION_REFUSED @ http://localhost:3001/@vite/client:1034
[17569012ms] [ERROR] WebSocket connection to 'ws://localhost:3001/' failed: Error in connection establishment: net::ERR_CONNECTION_REFUSED @ http://localhost:3001/@vite/client:1034
[17575259ms] [ERROR] WebSocket connection to 'ws://localhost:3001/' failed: Error in connection establishment: net::ERR_CONNECTION_REFUSED @ http://localhost:3001/@vite/client:1034
[17583609ms] [ERROR] WebSocket connection to 'ws://localhost:3001/' failed: Error in connection establishment: net::ERR_CONNECTION_REFUSED @ http://localhost:3001/@vite/client:1034
[17588010ms] [ERROR] WebSocket connection to 'ws://localhost:3001/' failed: Error in connection establishment: net::ERR_CONNECTION_REFUSED @ http://localhost:3001/@vite/client:1034
[17596305ms] [ERROR] WebSocket connection to 'ws://localhost:3001/' failed: Error in connection establishment: net::ERR_CONNECTION_REFUSED @ http://localhost:3001/@vite/client:1034
[17634619ms] [ERROR] WebSocket connection to 'ws://localhost:3001/' failed: Error in connection establishment: net::ERR_CONNECTION_REFUSED @ http://localhost:3001/@vite/client:1034
[17640670ms] [ERROR] WebSocket connection to 'ws://localhost:3001/' failed: Error in connection establishment: net::ERR_CONNECTION_REFUSED @ http://localhost:3001/@vite/client:1034
[17647503ms] [ERROR] WebSocket connection to 'ws://localhost:3001/' failed: Error in connection establishment: net::ERR_CONNECTION_REFUSED @ http://localhost:3001/@vite/client:1034
[17653880ms] [ERROR] WebSocket connection to 'ws://localhost:3001/' failed: Error in connection establishment: net::ERR_CONNECTION_REFUSED @ http://localhost:3001/@vite/client:1034
[17659309ms] [ERROR] WebSocket connection to 'ws://localhost:3001/' failed: Error in connection establishment: net::ERR_CONNECTION_REFUSED @ http://localhost:3001/@vite/client:1034
[17664586ms] [ERROR] WebSocket connection to 'ws://localhost:3001/' failed: Error in connection establishment: net::ERR_CONNECTION_REFUSED @ http://localhost:3001/@vite/client:1034
[17671686ms] [ERROR] WebSocket connection to 'ws://localhost:3001/' failed: Error in connection establishment: net::ERR_CONNECTION_REFUSED @ http://localhost:3001/@vite/client:1034
[17678949ms] [ERROR] WebSocket connection to 'ws://localhost:3001/' failed: Error in connection establishment: net::ERR_CONNECTION_REFUSED @ http://localhost:3001/@vite/client:1034
[17686260ms] [ERROR] WebSocket connection to 'ws://localhost:3001/' failed: Error in connection establishment: net::ERR_CONNECTION_REFUSED @ http://localhost:3001/@vite/client:1034
[17694079ms] [ERROR] WebSocket connection to 'ws://localhost:3001/' failed: Error in connection establishment: net::ERR_CONNECTION_REFUSED @ http://localhost:3001/@vite/client:1034
[17707782ms] [ERROR] WebSocket connection to 'ws://localhost:3001/' failed: Error in connection establishment: net::ERR_CONNECTION_REFUSED @ http://localhost:3001/@vite/client:1034
[17715848ms] [ERROR] WebSocket connection to 'ws://localhost:3001/' failed: Error in connection establishment: net::ERR_CONNECTION_REFUSED @ http://localhost:3001/@vite/client:1034
[17720305ms] [ERROR] WebSocket connection to 'ws://localhost:3001/' failed: Error in connection establishment: net::ERR_CONNECTION_REFUSED @ http://localhost:3001/@vite/client:1034
[17727166ms] [ERROR] WebSocket connection to 'ws://localhost:3001/' failed: Error in connection establishment: net::ERR_CONNECTION_REFUSED @ http://localhost:3001/@vite/client:1034
[17733089ms] [ERROR] WebSocket connection to 'ws://localhost:3001/' failed: Error in connection establishment: net::ERR_CONNECTION_REFUSED @ http://localhost:3001/@vite/client:1034
[17737589ms] [ERROR] WebSocket connection to 'ws://localhost:3001/' failed: Error in connection establishment: net::ERR_CONNECTION_REFUSED @ http://localhost:3001/@vite/client:1034
[17743618ms] [ERROR] WebSocket connection to 'ws://localhost:3001/' failed: Error in connection establishment: net::ERR_CONNECTION_REFUSED @ http://localhost:3001/@vite/client:1034
[17750358ms] [ERROR] WebSocket connection to 'ws://localhost:3001/' failed: Error in connection establishment: net::ERR_CONNECTION_REFUSED @ http://localhost:3001/@vite/client:1034
[17756361ms] [ERROR] WebSocket connection to 'ws://localhost:3001/' failed: Error in connection establishment: net::ERR_CONNECTION_REFUSED @ http://localhost:3001/@vite/client:1034
[17761910ms] [ERROR] WebSocket connection to 'ws://localhost:3001/' failed: Error in connection establishment: net::ERR_CONNECTION_REFUSED @ http://localhost:3001/@vite/client:1034
[17769985ms] [ERROR] WebSocket connection to 'ws://localhost:3001/' failed: Error in connection establishment: net::ERR_CONNECTION_REFUSED @ http://localhost:3001/@vite/client:1034
[17774410ms] [ERROR] WebSocket connection to 'ws://localhost:3001/' failed: Error in connection establishment: net::ERR_CONNECTION_REFUSED @ http://localhost:3001/@vite/client:1034
[17779139ms] [ERROR] WebSocket connection to 'ws://localhost:3001/' failed: Error in connection establishment: net::ERR_CONNECTION_REFUSED @ http://localhost:3001/@vite/client:1034
[17786599ms] [ERROR] WebSocket connection to 'ws://localhost:3001/' failed: Error in connection establishment: net::ERR_CONNECTION_REFUSED @ http://localhost:3001/@vite/client:1034
[17795585ms] [ERROR] WebSocket connection to 'ws://localhost:3001/' failed: Error in connection establishment: net::ERR_CONNECTION_REFUSED @ http://localhost:3001/@vite/client:1034
[17802966ms] [ERROR] WebSocket connection to 'ws://localhost:3001/' failed: Error in connection establishment: net::ERR_CONNECTION_REFUSED @ http://localhost:3001/@vite/client:1034
[17808285ms] [ERROR] WebSocket connection to 'ws://localhost:3001/' failed: Error in connection establishment: net::ERR_CONNECTION_REFUSED @ http://localhost:3001/@vite/client:1034
[17814935ms] [ERROR] WebSocket connection to 'ws://localhost:3001/' failed: Error in connection establishment: net::ERR_CONNECTION_REFUSED @ http://localhost:3001/@vite/client:1034
[17820119ms] [ERROR] WebSocket connection to 'ws://localhost:3001/' failed: Error in connection establishment: net::ERR_CONNECTION_REFUSED @ http://localhost:3001/@vite/client:1034
[17827186ms] [ERROR] WebSocket connection to 'ws://localhost:3001/' failed: Error in connection establishment: net::ERR_CONNECTION_REFUSED @ http://localhost:3001/@vite/client:1034
[17833490ms] [ERROR] WebSocket connection to 'ws://localhost:3001/' failed: Error in connection establishment: net::ERR_CONNECTION_REFUSED @ http://localhost:3001/@vite/client:1034
[17838093ms] [ERROR] WebSocket connection to 'ws://localhost:3001/' failed: Error in connection establishment: net::ERR_CONNECTION_REFUSED @ http://localhost:3001/@vite/client:1034
[17845421ms] [ERROR] WebSocket connection to 'ws://localhost:3001/' failed: Error in connection establishment: net::ERR_CONNECTION_REFUSED @ http://localhost:3001/@vite/client:1034
[17855180ms] [ERROR] WebSocket connection to 'ws://localhost:3001/' failed: Error in connection establishment: net::ERR_CONNECTION_REFUSED @ http://localhost:3001/@vite/client:1034
[17860995ms] [ERROR] WebSocket connection to 'ws://localhost:3001/' failed: Error in connection establishment: net::ERR_CONNECTION_REFUSED @ http://localhost:3001/@vite/client:1034
[17867231ms] [ERROR] WebSocket connection to 'ws://localhost:3001/' failed: Error in connection establishment: net::ERR_CONNECTION_REFUSED @ http://localhost:3001/@vite/client:1034
[17872927ms] [ERROR] WebSocket connection to 'ws://localhost:3001/' failed: Error in connection establishment: net::ERR_CONNECTION_REFUSED @ http://localhost:3001/@vite/client:1034
[17880665ms] [ERROR] WebSocket connection to 'ws://localhost:3001/' failed: Error in connection establishment: net::ERR_CONNECTION_REFUSED @ http://localhost:3001/@vite/client:1034
[17885699ms] [ERROR] WebSocket connection to 'ws://localhost:3001/' failed: Error in connection establishment: net::ERR_CONNECTION_REFUSED @ http://localhost:3001/@vite/client:1034
[17892650ms] [ERROR] WebSocket connection to 'ws://localhost:3001/' failed: Error in connection establishment: net::ERR_CONNECTION_REFUSED @ http://localhost:3001/@vite/client:1034
[17899019ms] [ERROR] WebSocket connection to 'ws://localhost:3001/' failed: Error in connection establishment: net::ERR_CONNECTION_REFUSED @ http://localhost:3001/@vite/client:1034
[17906053ms] [ERROR] WebSocket connection to 'ws://localhost:3001/' failed: Error in connection establishment: net::ERR_CONNECTION_REFUSED @ http://localhost:3001/@vite/client:1034
[17911372ms] [ERROR] WebSocket connection to 'ws://localhost:3001/' failed: Error in connection establishment: net::ERR_CONNECTION_REFUSED @ http://localhost:3001/@vite/client:1034
[17924640ms] [ERROR] WebSocket connection to 'ws://localhost:3001/' failed: Error in connection establishment: net::ERR_CONNECTION_REFUSED @ http://localhost:3001/@vite/client:1034
[17931276ms] [ERROR] WebSocket connection to 'ws://localhost:3001/' failed: Error in connection establishment: net::ERR_CONNECTION_REFUSED @ http://localhost:3001/@vite/client:1034
[17939170ms] [ERROR] WebSocket connection to 'ws://localhost:3001/' failed: Error in connection establishment: net::ERR_CONNECTION_REFUSED @ http://localhost:3001/@vite/client:1034
[17944963ms] [ERROR] WebSocket connection to 'ws://localhost:3001/' failed: Error in connection establishment: net::ERR_CONNECTION_REFUSED @ http://localhost:3001/@vite/client:1034
[17953380ms] [ERROR] WebSocket connection to 'ws://localhost:3001/' failed: Error in connection establishment: net::ERR_CONNECTION_REFUSED @ http://localhost:3001/@vite/client:1034
[17960098ms] [ERROR] WebSocket connection to 'ws://localhost:3001/' failed: Error in connection establishment: net::ERR_CONNECTION_REFUSED @ http://localhost:3001/@vite/client:1034
[17967846ms] [ERROR] WebSocket connection to 'ws://localhost:3001/' failed: Error in connection establishment: net::ERR_CONNECTION_REFUSED @ http://localhost:3001/@vite/client:1034
[17974868ms] [ERROR] WebSocket connection to 'ws://localhost:3001/' failed: Error in connection establishment: net::ERR_CONNECTION_REFUSED @ http://localhost:3001/@vite/client:1034
[17981365ms] [ERROR] WebSocket connection to 'ws://localhost:3001/' failed: Error in connection establishment: net::ERR_CONNECTION_REFUSED @ http://localhost:3001/@vite/client:1034
[17989903ms] [ERROR] WebSocket connection to 'ws://localhost:3001/' failed: Error in connection establishment: net::ERR_CONNECTION_REFUSED @ http://localhost:3001/@vite/client:1034
[17996399ms] [ERROR] WebSocket connection to 'ws://localhost:3001/' failed: Error in connection establishment: net::ERR_CONNECTION_REFUSED @ http://localhost:3001/@vite/client:1034
[18001887ms] [ERROR] WebSocket connection to 'ws://localhost:3001/' failed: Error in connection establishment: net::ERR_CONNECTION_REFUSED @ http://localhost:3001/@vite/client:1034
[18007925ms] [ERROR] WebSocket connection to 'ws://localhost:3001/' failed: Error in connection establishment: net::ERR_CONNECTION_REFUSED @ http://localhost:3001/@vite/client:1034
[18012999ms] [ERROR] WebSocket connection to 'ws://localhost:3001/' failed: Error in connection establishment: net::ERR_CONNECTION_REFUSED @ http://localhost:3001/@vite/client:1034
[18021062ms] [ERROR] WebSocket connection to 'ws://localhost:3001/' failed: Error in connection establishment: net::ERR_CONNECTION_REFUSED @ http://localhost:3001/@vite/client:1034
[18027864ms] [ERROR] WebSocket connection to 'ws://localhost:3001/' failed: Error in connection establishment: net::ERR_CONNECTION_REFUSED @ http://localhost:3001/@vite/client:1034
[18035863ms] [ERROR] WebSocket connection to 'ws://localhost:3001/' failed: Error in connection establishment: net::ERR_CONNECTION_REFUSED @ http://localhost:3001/@vite/client:1034
[18040425ms] [ERROR] WebSocket connection to 'ws://localhost:3001/' failed: Error in connection establishment: net::ERR_CONNECTION_REFUSED @ http://localhost:3001/@vite/client:1034
[18046463ms] [ERROR] WebSocket connection to 'ws://localhost:3001/' failed: Error in connection establishment: net::ERR_CONNECTION_REFUSED @ http://localhost:3001/@vite/client:1034
[18053150ms] [ERROR] WebSocket connection to 'ws://localhost:3001/' failed: Error in connection establishment: net::ERR_CONNECTION_REFUSED @ http://localhost:3001/@vite/client:1034
[18061417ms] [ERROR] WebSocket connection to 'ws://localhost:3001/' failed: Error in connection establishment: net::ERR_CONNECTION_REFUSED @ http://localhost:3001/@vite/client:1034
[18067217ms] [ERROR] WebSocket connection to 'ws://localhost:3001/' failed: Error in connection establishment: net::ERR_CONNECTION_REFUSED @ http://localhost:3001/@vite/client:1034
[18074908ms] [ERROR] WebSocket connection to 'ws://localhost:3001/' failed: Error in connection establishment: net::ERR_CONNECTION_REFUSED @ http://localhost:3001/@vite/client:1034
[18082651ms] [ERROR] WebSocket connection to 'ws://localhost:3001/' failed: Error in connection establishment: net::ERR_CONNECTION_REFUSED @ http://localhost:3001/@vite/client:1034
[18088322ms] [ERROR] WebSocket connection to 'ws://localhost:3001/' failed: Error in connection establishment: net::ERR_CONNECTION_REFUSED @ http://localhost:3001/@vite/client:1034
[18093976ms] [ERROR] WebSocket connection to 'ws://localhost:3001/' failed: Error in connection establishment: net::ERR_CONNECTION_REFUSED @ http://localhost:3001/@vite/client:1034
[18102264ms] [ERROR] WebSocket connection to 'ws://localhost:3001/' failed: Error in connection establishment: net::ERR_CONNECTION_REFUSED @ http://localhost:3001/@vite/client:1034
[18109540ms] [ERROR] WebSocket connection to 'ws://localhost:3001/' failed: Error in connection establishment: net::ERR_CONNECTION_REFUSED @ http://localhost:3001/@vite/client:1034
[18116177ms] [ERROR] WebSocket connection to 'ws://localhost:3001/' failed: Error in connection establishment: net::ERR_CONNECTION_REFUSED @ http://localhost:3001/@vite/client:1034
[18123548ms] [ERROR] WebSocket connection to 'ws://localhost:3001/' failed: Error in connection establishment: net::ERR_CONNECTION_REFUSED @ http://localhost:3001/@vite/client:1034
[18128964ms] [ERROR] WebSocket connection to 'ws://localhost:3001/' failed: Error in connection establishment: net::ERR_CONNECTION_REFUSED @ http://localhost:3001/@vite/client:1034
[18136309ms] [ERROR] WebSocket connection to 'ws://localhost:3001/' failed: Error in connection establishment: net::ERR_CONNECTION_REFUSED @ http://localhost:3001/@vite/client:1034
[18142923ms] [ERROR] WebSocket connection to 'ws://localhost:3001/' failed: Error in connection establishment: net::ERR_CONNECTION_REFUSED @ http://localhost:3001/@vite/client:1034
[18151348ms] [ERROR] WebSocket connection to 'ws://localhost:3001/' failed: Error in connection establishment: net::ERR_CONNECTION_REFUSED @ http://localhost:3001/@vite/client:1034
[18159710ms] [ERROR] WebSocket connection to 'ws://localhost:3001/' failed: Error in connection establishment: net::ERR_CONNECTION_REFUSED @ http://localhost:3001/@vite/client:1034
[18167667ms] [ERROR] WebSocket connection to 'ws://localhost:3001/' failed: Error in connection establishment: net::ERR_CONNECTION_REFUSED @ http://localhost:3001/@vite/client:1034
[18174075ms] [ERROR] WebSocket connection to 'ws://localhost:3001/' failed: Error in connection establishment: net::ERR_CONNECTION_REFUSED @ http://localhost:3001/@vite/client:1034
[18180071ms] [ERROR] WebSocket connection to 'ws://localhost:3001/' failed: Error in connection establishment: net::ERR_CONNECTION_REFUSED @ http://localhost:3001/@vite/client:1034
[18186492ms] [ERROR] WebSocket connection to 'ws://localhost:3001/' failed: Error in connection establishment: net::ERR_CONNECTION_REFUSED @ http://localhost:3001/@vite/client:1034
[18194474ms] [ERROR] WebSocket connection to 'ws://localhost:3001/' failed: Error in connection establishment: net::ERR_CONNECTION_REFUSED @ http://localhost:3001/@vite/client:1034
[18201476ms] [ERROR] WebSocket connection to 'ws://localhost:3001/' failed: Error in connection establishment: net::ERR_CONNECTION_REFUSED @ http://localhost:3001/@vite/client:1034
[18206891ms] [ERROR] WebSocket connection to 'ws://localhost:3001/' failed: Error in connection establishment: net::ERR_CONNECTION_REFUSED @ http://localhost:3001/@vite/client:1034
[18213788ms] [ERROR] WebSocket connection to 'ws://localhost:3001/' failed: Error in connection establishment: net::ERR_CONNECTION_REFUSED @ http://localhost:3001/@vite/client:1034
[18218744ms] [ERROR] WebSocket connection to 'ws://localhost:3001/' failed: Error in connection establishment: net::ERR_CONNECTION_REFUSED @ http://localhost:3001/@vite/client:1034
[18226832ms] [ERROR] WebSocket connection to 'ws://localhost:3001/' failed: Error in connection establishment: net::ERR_CONNECTION_REFUSED @ http://localhost:3001/@vite/client:1034
[18233432ms] [ERROR] WebSocket connection to 'ws://localhost:3001/' failed: Error in connection establishment: net::ERR_CONNECTION_REFUSED @ http://localhost:3001/@vite/client:1034
[18240067ms] [ERROR] WebSocket connection to 'ws://localhost:3001/' failed: Error in connection establishment: net::ERR_CONNECTION_REFUSED @ http://localhost:3001/@vite/client:1034
[18247269ms] [ERROR] WebSocket connection to 'ws://localhost:3001/' failed: Error in connection establishment: net::ERR_CONNECTION_REFUSED @ http://localhost:3001/@vite/client:1034
[18253053ms] [ERROR] WebSocket connection to 'ws://localhost:3001/' failed: Error in connection establishment: net::ERR_CONNECTION_REFUSED @ http://localhost:3001/@vite/client:1034
[18259092ms] [ERROR] WebSocket connection to 'ws://localhost:3001/' failed: Error in connection establishment: net::ERR_CONNECTION_REFUSED @ http://localhost:3001/@vite/client:1034
[18263641ms] [ERROR] WebSocket connection to 'ws://localhost:3001/' failed: Error in connection establishment: net::ERR_CONNECTION_REFUSED @ http://localhost:3001/@vite/client:1034
[18268684ms] [ERROR] WebSocket connection to 'ws://localhost:3001/' failed: Error in connection establishment: net::ERR_CONNECTION_REFUSED @ http://localhost:3001/@vite/client:1034
[18276356ms] [ERROR] WebSocket connection to 'ws://localhost:3001/' failed: Error in connection establishment: net::ERR_CONNECTION_REFUSED @ http://localhost:3001/@vite/client:1034
[18280944ms] [ERROR] WebSocket connection to 'ws://localhost:3001/' failed: Error in connection establishment: net::ERR_CONNECTION_REFUSED @ http://localhost:3001/@vite/client:1034
[18289051ms] [ERROR] WebSocket connection to 'ws://localhost:3001/' failed: Error in connection establishment: net::ERR_CONNECTION_REFUSED @ http://localhost:3001/@vite/client:1034
[18295721ms] [ERROR] WebSocket connection to 'ws://localhost:3001/' failed: Error in connection establishment: net::ERR_CONNECTION_REFUSED @ http://localhost:3001/@vite/client:1034
[18301751ms] [ERROR] WebSocket connection to 'ws://localhost:3001/' failed: Error in connection establishment: net::ERR_CONNECTION_REFUSED @ http://localhost:3001/@vite/client:1034
[18306341ms] [ERROR] WebSocket connection to 'ws://localhost:3001/' failed: Error in connection establishment: net::ERR_CONNECTION_REFUSED @ http://localhost:3001/@vite/client:1034
[18312850ms] [ERROR] WebSocket connection to 'ws://localhost:3001/' failed: Error in connection establishment: net::ERR_CONNECTION_REFUSED @ http://localhost:3001/@vite/client:1034
[18320335ms] [ERROR] WebSocket connection to 'ws://localhost:3001/' failed: Error in connection establishment: net::ERR_CONNECTION_REFUSED @ http://localhost:3001/@vite/client:1034
[18325429ms] [ERROR] WebSocket connection to 'ws://localhost:3001/' failed: Error in connection establishment: net::ERR_CONNECTION_REFUSED @ http://localhost:3001/@vite/client:1034
[18332017ms] [ERROR] WebSocket connection to 'ws://localhost:3001/' failed: Error in connection establishment: net::ERR_CONNECTION_REFUSED @ http://localhost:3001/@vite/client:1034
[18338796ms] [ERROR] WebSocket connection to 'ws://localhost:3001/' failed: Error in connection establishment: net::ERR_CONNECTION_REFUSED @ http://localhost:3001/@vite/client:1034
[18344362ms] [ERROR] WebSocket connection to 'ws://localhost:3001/' failed: Error in connection establishment: net::ERR_CONNECTION_REFUSED @ http://localhost:3001/@vite/client:1034
[18352012ms] [ERROR] WebSocket connection to 'ws://localhost:3001/' failed: Error in connection establishment: net::ERR_CONNECTION_REFUSED @ http://localhost:3001/@vite/client:1034
[18357930ms] [ERROR] WebSocket connection to 'ws://localhost:3001/' failed: Error in connection establishment: net::ERR_CONNECTION_REFUSED @ http://localhost:3001/@vite/client:1034
[18362998ms] [ERROR] WebSocket connection to 'ws://localhost:3001/' failed: Error in connection establishment: net::ERR_CONNECTION_REFUSED @ http://localhost:3001/@vite/client:1034
[18370204ms] [ERROR] WebSocket connection to 'ws://localhost:3001/' failed: Error in connection establishment: net::ERR_CONNECTION_REFUSED @ http://localhost:3001/@vite/client:1034
[18376966ms] [ERROR] WebSocket connection to 'ws://localhost:3001/' failed: Error in connection establishment: net::ERR_CONNECTION_REFUSED @ http://localhost:3001/@vite/client:1034
[18382070ms] [ERROR] WebSocket connection to 'ws://localhost:3001/' failed: Error in connection establishment: net::ERR_CONNECTION_REFUSED @ http://localhost:3001/@vite/client:1034
[18390142ms] [ERROR] WebSocket connection to 'ws://localhost:3001/' failed: Error in connection establishment: net::ERR_CONNECTION_REFUSED @ http://localhost:3001/@vite/client:1034
[18398627ms] [ERROR] WebSocket connection to 'ws://localhost:3001/' failed: Error in connection establishment: net::ERR_CONNECTION_REFUSED @ http://localhost:3001/@vite/client:1034
[18406591ms] [ERROR] WebSocket connection to 'ws://localhost:3001/' failed: Error in connection establishment: net::ERR_CONNECTION_REFUSED @ http://localhost:3001/@vite/client:1034
[18412370ms] [ERROR] WebSocket connection to 'ws://localhost:3001/' failed: Error in connection establishment: net::ERR_CONNECTION_REFUSED @ http://localhost:3001/@vite/client:1034
[18419891ms] [ERROR] WebSocket connection to 'ws://localhost:3001/' failed: Error in connection establishment: net::ERR_CONNECTION_REFUSED @ http://localhost:3001/@vite/client:1034
[18424348ms] [ERROR] WebSocket connection to 'ws://localhost:3001/' failed: Error in connection establishment: net::ERR_CONNECTION_REFUSED @ http://localhost:3001/@vite/client:1034
[18430617ms] [ERROR] WebSocket connection to 'ws://localhost:3001/' failed: Error in connection establishment: net::ERR_CONNECTION_REFUSED @ http://localhost:3001/@vite/client:1034
[18438839ms] [ERROR] WebSocket connection to 'ws://localhost:3001/' failed: Error in connection establishment: net::ERR_CONNECTION_REFUSED @ http://localhost:3001/@vite/client:1034
[18443720ms] [ERROR] WebSocket connection to 'ws://localhost:3001/' failed: Error in connection establishment: net::ERR_CONNECTION_REFUSED @ http://localhost:3001/@vite/client:1034
[18448119ms] [ERROR] WebSocket connection to 'ws://localhost:3001/' failed: Error in connection establishment: net::ERR_CONNECTION_REFUSED @ http://localhost:3001/@vite/client:1034
[18452630ms] [ERROR] WebSocket connection to 'ws://localhost:3001/' failed: Error in connection establishment: net::ERR_CONNECTION_REFUSED @ http://localhost:3001/@vite/client:1034
[18459984ms] [ERROR] WebSocket connection to 'ws://localhost:3001/' failed: Error in connection establishment: net::ERR_CONNECTION_REFUSED @ http://localhost:3001/@vite/client:1034
[18468497ms] [ERROR] WebSocket connection to 'ws://localhost:3001/' failed: Error in connection establishment: net::ERR_CONNECTION_REFUSED @ http://localhost:3001/@vite/client:1034
[18482125ms] [ERROR] WebSocket connection to 'ws://localhost:3001/' failed: Error in connection establishment: net::ERR_CONNECTION_REFUSED @ http://localhost:3001/@vite/client:1034
