patient_id,drug,species,probability_resistant,probability_susceptible,confidence,crs,predicted_resistant,true_label,safety_flag,safety_message,is_binary,rank
SYNTH_0001,Trimethoprim Sulfa,Haemophilus influenzae,0.5733358103789433,0.4266641896210567,0.5733358103789433,0.4266641896210567,1,,Low confidence,Avoid,True,1
SYNTH_0001,Levofloxacin,Haemophilus influenzae,0.8977210882338017,0.1022789117661983,0.8977210882338017,0.1022789117661983,1,,Low confidence,Avoid,True,2
SYNTH_0001,Cefpodoxime,Haemophilus influenzae,0.9050775892327103,0.09492241076728969,0.9050775892327103,0.09492241076728969,1,,Low confidence,Avoid,True,3
SYNTH_0001,Cefixime,Haemophilus influenzae,0.9376566233348484,0.06234337666515155,0.9376566233348484,0.06234337666515155,1,,Low confidence,Avoid,True,4
SYNTH_0001,Ceftibuten,Haemophilus influenzae,0.9605263382432694,0.039473661756730616,0.9605263382432694,0.039473661756730616,1,,Low confidence,Avoid,True,5
SYNTH_0001,Tetracycline,Haemophilus influenzae,0.9917693535971855,0.008230646402814457,0.9917693535971855,0.008230646402814457,1,,Low confidence,Avoid,True,6
SYNTH_0001,Cefotaxime,Haemophilus influenzae,0.9924074214849302,0.007592578515069781,0.9924074214849302,0.007592578515069781,1,,Low confidence,Avoid,True,7
SYNTH_0001,Ceftriaxone,Haemophilus influenzae,0.9927033588284884,0.007296641171511631,0.9927033588284884,0.007296641171511631,1,,Low confidence,Avoid,True,8
SYNTH_0001,Doxycycline,Streptococcus pneumoniae,0.6473733972658563,0.3526266027341437,0.6473733972658563,0.3526266027341437,1,,Low confidence,Avoid,True,1
SYNTH_0001,Tetracycline,Streptococcus pneumoniae,0.6760970282020196,0.32390297179798044,0.6760970282020196,0.32390297179798044,1,,Low confidence,Avoid,True,2
SYNTH_0002,Trimethoprim Sulfa,Haemophilus influenzae,0.5756939802696002,0.42430601973039983,0.5756939802696002,0.42430601973039983,1,,Low confidence,Avoid,True,1
SYNTH_0002,Ceftibuten,Haemophilus influenzae,0.8530283864923909,0.14697161350760912,0.8530283864923909,0.14697161350760912,1,,Low confidence,Avoid,True,2
SYNTH_0002,Levofloxacin,Haemophilus influenzae,0.9062419204391954,0.09375807956080462,0.9062419204391954,0.09375807956080462,1,,Low confidence,Avoid,True,3
SYNTH_0002,Cefixime,Haemophilus influenzae,0.9415589851427303,0.05844101485726971,0.9415589851427303,0.05844101485726971,1,,Low confidence,Avoid,True,4
SYNTH_0002,Cefpodoxime,Haemophilus influenzae,0.946511577162928,0.053488422837072,0.946511577162928,0.053488422837072,1,,Low confidence,Avoid,True,5
SYNTH_0002,Cefotaxime,Haemophilus influenzae,0.9909010958785418,0.009098904121458196,0.9909010958785418,0.009098904121458196,1,,Low confidence,Avoid,True,6
SYNTH_0002,Tetracycline,Haemophilus influenzae,0.9915343732077242,0.008465626792275804,0.9915343732077242,0.008465626792275804,1,,Low confidence,Avoid,True,7
SYNTH_0002,Ceftriaxone,Haemophilus influenzae,0.9926211237219356,0.007378876278064439,0.9926211237219356,0.007378876278064439,1,,Low confidence,Avoid,True,8
SYNTH_0002,Doxycycline,Streptococcus pneumoniae,0.6805937107935728,0.3194062892064272,0.6805937107935728,0.3194062892064272,1,,Low confidence,Avoid,True,1
SYNTH_0002,Tetracycline,Streptococcus pneumoniae,0.6853724791374558,0.3146275208625442,0.6853724791374558,0.3146275208625442,1,,Low confidence,Avoid,True,2
SYNTH_0003,Trimethoprim Sulfa,Haemophilus influenzae,0.5810353169111442,0.4189646830888558,0.5810353169111442,0.4189646830888558,1,,Low confidence,Avoid,True,1
SYNTH_0003,Levofloxacin,Haemophilus influenzae,0.7953942742179334,0.2046057257820666,0.7953942742179334,0.2046057257820666,1,,Low confidence,Avoid,True,2
SYNTH_0003,Cefpodoxime,Haemophilus influenzae,0.8152296821315177,0.1847703178684823,0.8152296821315177,0.1847703178684823,1,,Low confidence,Avoid,True,3
SYNTH_0003,Cefixime,Haemophilus influenzae,0.9366408950764715,0.06335910492352848,0.9366408950764715,0.06335910492352848,1,,Low confidence,Avoid,True,4
SYNTH_0003,Ceftibuten,Haemophilus influenzae,0.9630495034901573,0.03695049650984272,0.9630495034901573,0.03695049650984272,1,,Low confidence,Avoid,True,5
SYNTH_0003,Tetracycline,Haemophilus influenzae,0.9920920610014446,0.007907938998555353,0.9920920610014446,0.007907938998555353,1,,Low confidence,Avoid,True,6
SYNTH_0003,Cefotaxime,Haemophilus influenzae,0.9926402726565888,0.007359727343411171,0.9926402726565888,0.007359727343411171,1,,Low confidence,Avoid,True,7
SYNTH_0003,Ceftriaxone,Haemophilus influenzae,0.9938141017538662,0.006185898246133803,0.9938141017538662,0.006185898246133803,1,,Low confidence,Avoid,True,8
SYNTH_0003,Tetracycline,Streptococcus pneumoniae,0.6985301779221561,0.3014698220778439,0.6985301779221561,0.3014698220778439,1,,Low confidence,Avoid,True,1
SYNTH_0003,Doxycycline,Streptococcus pneumoniae,0.7042140780764482,0.2957859219235518,0.7042140780764482,0.2957859219235518,1,,Low confidence,Avoid,True,2
SYNTH_0004,Trimethoprim Sulfa,Haemophilus influenzae,0.578029282455051,0.42197071754494897,0.578029282455051,0.42197071754494897,1,,Low confidence,Avoid,True,1
SYNTH_0004,Cefpodoxime,Haemophilus influenzae,0.8477030634209962,0.15229693657900378,0.8477030634209962,0.15229693657900378,1,,Low confidence,Avoid,True,2
SYNTH_0004,Levofloxacin,Haemophilus influenzae,0.9284138973157479,0.07158610268425214,0.9284138973157479,0.07158610268425214,1,,Low confidence,Avoid,True,3
SYNTH_0004,Cefixime,Haemophilus influenzae,0.9369351920039988,0.06306480799600123,0.9369351920039988,0.06306480799600123,1,,Low confidence,Avoid,True,4
SYNTH_0004,Ceftibuten,Haemophilus influenzae,0.9649983928805256,0.03500160711947442,0.9649983928805256,0.03500160711947442,1,,Low confidence,Avoid,True,5
SYNTH_0004,Tetracycline,Haemophilus influenzae,0.9920880091048978,0.007911990895102194,0.9920880091048978,0.007911990895102194,1,,Low confidence,Avoid,True,6
SYNTH_0004,Cefotaxime,Haemophilus influenzae,0.9926402726565888,0.007359727343411171,0.9926402726565888,0.007359727343411171,1,,Low confidence,Avoid,True,7
SYNTH_0004,Ceftriaxone,Haemophilus influenzae,0.9935948236885126,0.006405176311487404,0.9935948236885126,0.006405176311487404,1,,Low confidence,Avoid,True,8
SYNTH_0004,Doxycycline,Streptococcus pneumoniae,0.6720424017508349,0.32795759824916515,0.6720424017508349,0.32795759824916515,1,,Low confidence,Avoid,True,1
SYNTH_0004,Tetracycline,Streptococcus pneumoniae,0.6812816979214757,0.31871830207852425,0.6812816979214757,0.31871830207852425,1,,Low confidence,Avoid,True,2
SYNTH_0005,Trimethoprim Sulfa,Haemophilus influenzae,0.558434147543559,0.441565852456441,0.558434147543559,0.441565852456441,1,,Low confidence,Avoid,True,1
SYNTH_0005,Levofloxacin,Haemophilus influenzae,0.7977580019608711,0.2022419980391289,0.7977580019608711,0.2022419980391289,1,,Low confidence,Avoid,True,2
SYNTH_0005,Ceftibuten,Haemophilus influenzae,0.8445163297837732,0.15548367021622678,0.8445163297837732,0.15548367021622678,1,,Low confidence,Avoid,True,3
SYNTH_0005,Cefixime,Haemophilus influenzae,0.9420705981514435,0.05792940184855655,0.9420705981514435,0.05792940184855655,1,,Low confidence,Avoid,True,4
SYNTH_0005,Cefpodoxime,Haemophilus influenzae,0.9533151953242538,0.046684804675746205,0.9533151953242538,0.046684804675746205,1,,Low confidence,Avoid,True,5
SYNTH_0005,Ceftriaxone,Haemophilus influenzae,0.9809579552270298,0.019042044772970224,0.9809579552270298,0.019042044772970224,1,,Low confidence,Avoid,True,6
SYNTH_0005,Cefotaxime,Haemophilus influenzae,0.9901565338140348,0.00984346618596521,0.9901565338140348,0.00984346618596521,1,,Low confidence,Avoid,True,7
SYNTH_0005,Tetracycline,Haemophilus influenzae,0.9916207748894624,0.00837922511053757,0.9916207748894624,0.00837922511053757,1,,Low confidence,Avoid,True,8
SYNTH_0005,Tetracycline,Streptococcus pneumoniae,0.6793405449542916,0.32065945504570836,0.6793405449542916,0.32065945504570836,1,,Low confidence,Avoid,True,1
SYNTH_0005,Doxycycline,Streptococcus pneumoniae,0.6896113053791764,0.31038869462082364,0.6896113053791764,0.31038869462082364,1,,Low confidence,Avoid,True,2
SYNTH_0006,Trimethoprim Sulfa,Haemophilus influenzae,0.5537607016645701,0.44623929833542986,0.5537607016645701,0.44623929833542986,1,,Low confidence,Avoid,True,1
SYNTH_0006,Cefixime,Haemophilus influenzae,0.8121604207998757,0.18783957920012428,0.8121604207998757,0.18783957920012428,1,,Low confidence,Avoid,True,2
SYNTH_0006,Levofloxacin,Haemophilus influenzae,0.848012721746436,0.15198727825356395,0.848012721746436,0.15198727825356395,1,,Low confidence,Avoid,True,3
SYNTH_0006,Cefpodoxime,Haemophilus influenzae,0.889477139054548,0.11052286094545205,0.889477139054548,0.11052286094545205,1,,Low confidence,Avoid,True,4
SYNTH_0006,Cefotaxime,Haemophilus influenzae,0.8990599510836474,0.10094004891635255,0.8990599510836474,0.10094004891635255,1,,Low confidence,Avoid,True,5
SYNTH_0006,Ceftibuten,Haemophilus influenzae,0.9648622214102271,0.03513777858977285,0.9648622214102271,0.03513777858977285,1,,Low confidence,Avoid,True,6
SYNTH_0006,Ceftriaxone,Haemophilus influenzae,0.991062077081262,0.008937922918737962,0.991062077081262,0.008937922918737962,1,,Low confidence,Avoid,True,7
SYNTH_0006,Tetracycline,Haemophilus influenzae,0.9921162181756206,0.007883781824379432,0.9921162181756206,0.007883781824379432,1,,Low confidence,Avoid,True,8
SYNTH_0006,Tetracycline,Streptococcus pneumoniae,0.6779960304616617,0.3220039695383383,0.6779960304616617,0.3220039695383383,1,,Low confidence,Avoid,True,1
SYNTH_0006,Doxycycline,Streptococcus pneumoniae,0.6868049540666605,0.31319504593333947,0.6868049540666605,0.31319504593333947,1,,Low confidence,Avoid,True,2
SYNTH_0007,Trimethoprim Sulfa,Haemophilus influenzae,0.5799859339955823,0.4200140660044177,0.5799859339955823,0.4200140660044177,1,,Low confidence,Avoid,True,1
SYNTH_0007,Cefpodoxime,Haemophilus influenzae,0.8257687148398695,0.17423128516013053,0.8257687148398695,0.17423128516013053,1,,Low confidence,Avoid,True,2
SYNTH_0007,Levofloxacin,Haemophilus influenzae,0.924176875187763,0.07582312481223696,0.924176875187763,0.07582312481223696,1,,Low confidence,Avoid,True,3
SYNTH_0007,Cefixime,Haemophilus influenzae,0.9367412510182259,0.06325874898177408,0.9367412510182259,0.06325874898177408,1,,Low confidence,Avoid,True,4
SYNTH_0007,Ceftibuten,Haemophilus influenzae,0.9645187965594865,0.03548120344051353,0.9645187965594865,0.03548120344051353,1,,Low confidence,Avoid,True,5
SYNTH_0007,Tetracycline,Haemophilus influenzae,0.9920046358238297,0.007995364176170305,0.9920046358238297,0.007995364176170305,1,,Low confidence,Avoid,True,6
SYNTH_0007,Cefotaxime,Haemophilus influenzae,0.9926402726565888,0.007359727343411171,0.9926402726565888,0.007359727343411171,1,,Low confidence,Avoid,True,7
SYNTH_0007,Ceftriaxone,Haemophilus influenzae,0.9938880375955186,0.006111962404481419,0.9938880375955186,0.006111962404481419,1,,Low confidence,Avoid,True,8
SYNTH_0007,Tetracycline,Streptococcus pneumoniae,0.7020628057105829,0.2979371942894171,0.7020628057105829,0.2979371942894171,1,,Low confidence,Avoid,True,1
SYNTH_0007,Doxycycline,Streptococcus pneumoniae,0.734740595167475,0.26525940483252497,0.734740595167475,0.26525940483252497,1,,Low confidence,Avoid,True,2
SYNTH_0008,Trimethoprim Sulfa,Haemophilus influenzae,0.629587777430449,0.370412222569551,0.629587777430449,0.370412222569551,1,,Low confidence,Avoid,True,1
SYNTH_0008,Cefixime,Haemophilus influenzae,0.9071795399947608,0.09282046000523925,0.9071795399947608,0.09282046000523925,1,,Low confidence,Avoid,True,2
SYNTH_0008,Cefpodoxime,Haemophilus influenzae,0.907974915284972,0.09202508471502802,0.907974915284972,0.09202508471502802,1,,Low confidence,Avoid,True,3
SYNTH_0008,Levofloxacin,Haemophilus influenzae,0.9096082267518689,0.09039177324813108,0.9096082267518689,0.09039177324813108,1,,Low confidence,Avoid,True,4
SYNTH_0008,Ceftibuten,Haemophilus influenzae,0.9620709877251359,0.037929012274864116,0.9620709877251359,0.037929012274864116,1,,Low confidence,Avoid,True,5
SYNTH_0008,Ceftriaxone,Haemophilus influenzae,0.9860948661610456,0.01390513383895442,0.9860948661610456,0.01390513383895442,1,,Low confidence,Avoid,True,6
SYNTH_0008,Tetracycline,Haemophilus influenzae,0.9906541186191401,0.0093458813808599,0.9906541186191401,0.0093458813808599,1,,Low confidence,Avoid,True,7
SYNTH_0008,Cefotaxime,Haemophilus influenzae,0.9907288739911708,0.009271126008829178,0.9907288739911708,0.009271126008829178,1,,Low confidence,Avoid,True,8
SYNTH_0008,Tetracycline,Streptococcus pneumoniae,0.6770949022562944,0.32290509774370557,0.6770949022562944,0.32290509774370557,1,,Low confidence,Avoid,True,1
SYNTH_0008,Doxycycline,Streptococcus pneumoniae,0.6849094257848518,0.3150905742151482,0.6849094257848518,0.3150905742151482,1,,Low confidence,Avoid,True,2
SYNTH_0009,Trimethoprim Sulfa,Haemophilus influenzae,0.570888679771526,0.429111320228474,0.570888679771526,0.429111320228474,1,,Low confidence,Avoid,True,1
SYNTH_0009,Ceftibuten,Haemophilus influenzae,0.8887736233051816,0.11122637669481839,0.8887736233051816,0.11122637669481839,1,,Low confidence,Avoid,True,2
SYNTH_0009,Levofloxacin,Haemophilus influenzae,0.9074498466065339,0.09255015339346606,0.9074498466065339,0.09255015339346606,1,,Low confidence,Avoid,True,3
SYNTH_0009,Cefpodoxime,Haemophilus influenzae,0.9170452963982513,0.08295470360174872,0.9170452963982513,0.08295470360174872,1,,Low confidence,Avoid,True,4
SYNTH_0009,Cefixime,Haemophilus influenzae,0.9369286448278153,0.06307135517218465,0.9369286448278153,0.06307135517218465,1,,Low confidence,Avoid,True,5
SYNTH_0009,Cefotaxime,Haemophilus influenzae,0.9907433553246975,0.009256644675302517,0.9907433553246975,0.009256644675302517,1,,Low confidence,Avoid,True,6
SYNTH_0009,Ceftriaxone,Haemophilus influenzae,0.9915411697635756,0.008458830236424353,0.9915411697635756,0.008458830236424353,1,,Low confidence,Avoid,True,7
SYNTH_0009,Tetracycline,Haemophilus influenzae,0.9915933873516568,0.008406612648343192,0.9915933873516568,0.008406612648343192,1,,Low confidence,Avoid,True,8
SYNTH_0009,Doxycycline,Streptococcus pneumoniae,0.6465278283162921,0.3534721716837079,0.6465278283162921,0.3534721716837079,1,,Low confidence,Avoid,True,1
SYNTH_0009,Tetracycline,Streptococcus pneumoniae,0.6697986653323923,0.3302013346676077,0.6697986653323923,0.3302013346676077,1,,Low confidence,Avoid,True,2
SYNTH_0010,Cefotaxime,Haemophilus influenzae,0.13942497281351668,0.8605750271864834,0.8605750271864834,0.8605750271864834,0,,High confidence,Recommend,True,1
SYNTH_0010,Ceftibuten,Haemophilus influenzae,0.44768469218671864,0.5523153078132814,0.5523153078132814,0.5523153078132814,1,,Moderate confidence,Consider,True,2
SYNTH_0010,Trimethoprim Sulfa,Haemophilus influenzae,0.46130869315797496,0.538691306842025,0.538691306842025,0.538691306842025,1,,Moderate confidence,Consider,True,3
SYNTH_0010,Ceftriaxone,Haemophilus influenzae,0.4997656311708113,0.5002343688291887,0.5002343688291887,0.5002343688291887,1,,Moderate confidence,Consider,True,4
SYNTH_0010,Cefpodoxime,Haemophilus influenzae,0.6752711261703033,0.32472887382969673,0.6752711261703033,0.32472887382969673,1,,Low confidence,Avoid,True,5
SYNTH_0010,Cefixime,Haemophilus influenzae,0.6927853822373594,0.3072146177626406,0.6927853822373594,0.3072146177626406,1,,Low confidence,Avoid,True,6
SYNTH_0010,Levofloxacin,Haemophilus influenzae,0.7396522644038089,0.26034773559619107,0.7396522644038089,0.26034773559619107,1,,Low confidence,Avoid,True,7
SYNTH_0010,Tetracycline,Haemophilus influenzae,0.9875765459862198,0.0124234540137802,0.9875765459862198,0.0124234540137802,1,,Low confidence,Avoid,True,8
SYNTH_0010,Doxycycline,Streptococcus pneumoniae,0.23308552097646054,0.7669144790235395,0.7669144790235396,0.7669144790235395,0,,Moderate confidence,Consider,True,1
SYNTH_0010,Tetracycline,Streptococcus pneumoniae,0.3481169797918578,0.6518830202081423,0.6518830202081423,0.6518830202081423,1,,Moderate confidence,Consider,True,2
SYNTH_0011,Trimethoprim Sulfa,Haemophilus influenzae,0.5554782078840808,0.44452179211591925,0.5554782078840808,0.44452179211591925,1,,Low confidence,Avoid,True,1
SYNTH_0011,Ceftibuten,Haemophilus influenzae,0.8445163297837732,0.15548367021622678,0.8445163297837732,0.15548367021622678,1,,Low confidence,Avoid,True,2
SYNTH_0011,Levofloxacin,Haemophilus influenzae,0.8578029680081471,0.14219703199185285,0.8578029680081471,0.14219703199185285,1,,Low confidence,Avoid,True,3
SYNTH_0011,Cefpodoxime,Haemophilus influenzae,0.9454934493629246,0.054506550637075435,0.9454934493629246,0.054506550637075435,1,,Low confidence,Avoid,True,4
SYNTH_0011,Cefixime,Haemophilus influenzae,0.9489906526397431,0.05100934736025686,0.9489906526397431,0.05100934736025686,1,,Low confidence,Avoid,True,5
SYNTH_0011,Ceftriaxone,Haemophilus influenzae,0.9863813867220577,0.013618613277942337,0.9863813867220577,0.013618613277942337,1,,Low confidence,Avoid,True,6
SYNTH_0011,Tetracycline,Haemophilus influenzae,0.9914566340596649,0.008543365940335113,0.9914566340596649,0.008543365940335113,1,,Low confidence,Avoid,True,7
SYNTH_0011,Cefotaxime,Haemophilus influenzae,0.9921479034300074,0.00785209656999264,0.9921479034300074,0.00785209656999264,1,,Low confidence,Avoid,True,8
SYNTH_0011,Doxycycline,Streptococcus pneumoniae,0.6840766598477168,0.3159233401522832,0.6840766598477168,0.3159233401522832,1,,Low confidence,Avoid,True,1
SYNTH_0011,Tetracycline,Streptococcus pneumoniae,0.688199944716555,0.311800055283445,0.688199944716555,0.311800055283445,1,,Low confidence,Avoid,True,2
SYNTH_0012,Trimethoprim Sulfa,Haemophilus influenzae,0.5767250846987275,0.4232749153012725,0.5767250846987275,0.4232749153012725,1,,Low confidence,Avoid,True,1
SYNTH_0012,Levofloxacin,Haemophilus influenzae,0.887119670143824,0.11288032985617602,0.887119670143824,0.11288032985617602,1,,Low confidence,Avoid,True,2
SYNTH_0012,Cefixime,Haemophilus influenzae,0.89711893641003,0.10288106358996996,0.89711893641003,0.10288106358996996,1,,Low confidence,Avoid,True,3
SYNTH_0012,Cefpodoxime,Haemophilus influenzae,0.9370731916688889,0.06292680833111108,0.9370731916688889,0.06292680833111108,1,,Low confidence,Avoid,True,4
SYNTH_0012,Ceftibuten,Haemophilus influenzae,0.961663648068854,0.03833635193114604,0.961663648068854,0.03833635193114604,1,,Low confidence,Avoid,True,5
SYNTH_0012,Ceftriaxone,Haemophilus influenzae,0.9914609036681,0.008539096331899976,0.9914609036681,0.008539096331899976,1,,Low confidence,Avoid,True,6
SYNTH_0012,Tetracycline,Haemophilus influenzae,0.9920867470245792,0.007913252975420781,0.9920867470245792,0.007913252975420781,1,,Low confidence,Avoid,True,7
SYNTH_0012,Cefotaxime,Haemophilus influenzae,0.9922821770985815,0.007717822901418536,0.9922821770985815,0.007717822901418536,1,,Low confidence,Avoid,True,8
SYNTH_0012,Doxycycline,Streptococcus pneumoniae,0.6637406802931598,0.3362593197068402,0.6637406802931598,0.3362593197068402,1,,Low confidence,Avoid,True,1
SYNTH_0012,Tetracycline,Streptococcus pneumoniae,0.682638750588222,0.317361249411778,0.682638750588222,0.317361249411778,1,,Low confidence,Avoid,True,2
SYNTH_0013,Trimethoprim Sulfa,Haemophilus influenzae,0.5831082193381585,0.4168917806618415,0.5831082193381585,0.4168917806618415,1,,Low confidence,Avoid,True,1
SYNTH_0013,Ceftibuten,Haemophilus influenzae,0.7803395649521405,0.21966043504785948,0.7803395649521405,0.21966043504785948,1,,Low confidence,Avoid,True,2
SYNTH_0013,Cefpodoxime,Haemophilus influenzae,0.8142414600237767,0.18575853997622327,0.8142414600237767,0.18575853997622327,1,,Low confidence,Avoid,True,3
SYNTH_0013,Ceftriaxone,Haemophilus influenzae,0.9171623653822912,0.08283763461770877,0.9171623653822912,0.08283763461770877,1,,Low confidence,Avoid,True,4
SYNTH_0013,Levofloxacin,Haemophilus influenzae,0.9199729987802998,0.08002700121970019,0.9199729987802998,0.08002700121970019,1,,Low confidence,Avoid,True,5
SYNTH_0013,Cefixime,Haemophilus influenzae,0.9454751222133254,0.054524877786674586,0.9454751222133254,0.054524877786674586,1,,Low confidence,Avoid,True,6
SYNTH_0013,Tetracycline,Haemophilus influenzae,0.9920613567657071,0.007938643234292941,0.9920613567657071,0.007938643234292941,1,,Low confidence,Avoid,True,7
SYNTH_0013,Cefotaxime,Haemophilus influenzae,0.992488781398387,0.007511218601612968,0.992488781398387,0.007511218601612968,1,,Low confidence,Avoid,True,8
SYNTH_0013,Tetracycline,Streptococcus pneumoniae,0.7120022465294078,0.2879977534705922,0.7120022465294078,0.2879977534705922,1,,Low confidence,Avoid,True,1
SYNTH_0013,Doxycycline,Streptococcus pneumoniae,0.7365956932912212,0.2634043067087788,0.7365956932912212,0.2634043067087788,1,,Low confidence,Avoid,True,2
SYNTH_0014,Trimethoprim Sulfa,Haemophilus influenzae,0.571809953642899,0.428190046357101,0.571809953642899,0.428190046357101,1,,Low confidence,Avoid,True,1
SYNTH_0014,Ceftibuten,Haemophilus influenzae,0.8467741536304434,0.1532258463695566,0.8467741536304434,0.1532258463695566,1,,Low confidence,Avoid,True,2
SYNTH_0014,Levofloxacin,Haemophilus influenzae,0.8530077454191709,0.1469922545808291,0.8530077454191709,0.1469922545808291,1,,Low confidence,Avoid,True,3
SYNTH_0014,Cefpodoxime,Haemophilus influenzae,0.9483419270723766,0.051658072927623366,0.9483419270723766,0.051658072927623366,1,,Low confidence,Avoid,True,4
SYNTH_0014,Cefixime,Haemophilus influenzae,0.9633313382264701,0.0366686617735299,0.9633313382264701,0.0366686617735299,1,,Low confidence,Avoid,True,5
SYNTH_0014,Tetracycline,Haemophilus influenzae,0.9914566340596649,0.008543365940335113,0.9914566340596649,0.008543365940335113,1,,Low confidence,Avoid,True,6
SYNTH_0014,Ceftriaxone,Haemophilus influenzae,0.9920661388692815,0.007933861130718478,0.9920661388692815,0.007933861130718478,1,,Low confidence,Avoid,True,7
SYNTH_0014,Cefotaxime,Haemophilus influenzae,0.9921479034300074,0.00785209656999264,0.9921479034300074,0.00785209656999264,1,,Low confidence,Avoid,True,8
SYNTH_0014,Tetracycline,Streptococcus pneumoniae,0.6788933022543319,0.32110669774566813,0.6788933022543319,0.32110669774566813,1,,Low confidence,Avoid,True,1
SYNTH_0014,Doxycycline,Streptococcus pneumoniae,0.6886805552785777,0.31131944472142226,0.6886805552785777,0.31131944472142226,1,,Low confidence,Avoid,True,2
SYNTH_0015,Trimethoprim Sulfa,Haemophilus influenzae,0.5514454330464751,0.4485545669535249,0.5514454330464751,0.4485545669535249,1,,Low confidence,Avoid,True,1
SYNTH_0015,Levofloxacin,Haemophilus influenzae,0.789238555178885,0.21076144482111503,0.789238555178885,0.21076144482111503,1,,Low confidence,Avoid,True,2
SYNTH_0015,Cefpodoxime,Haemophilus influenzae,0.9101155227264304,0.08988447727356963,0.9101155227264304,0.08988447727356963,1,,Low confidence,Avoid,True,3
SYNTH_0015,Cefixime,Haemophilus influenzae,0.9339804939641558,0.06601950603584417,0.9339804939641558,0.06601950603584417,1,,Low confidence,Avoid,True,4
SYNTH_0015,Ceftibuten,Haemophilus influenzae,0.9715582606759317,0.02844173932406835,0.9715582606759317,0.02844173932406835,1,,Low confidence,Avoid,True,5
SYNTH_0015,Cefotaxime,Haemophilus influenzae,0.9786351499685539,0.02136485003144606,0.9786351499685539,0.02136485003144606,1,,Low confidence,Avoid,True,6
SYNTH_0015,Tetracycline,Haemophilus influenzae,0.992079237925954,0.007920762074046017,0.992079237925954,0.007920762074046017,1,,Low confidence,Avoid,True,7
SYNTH_0015,Ceftriaxone,Haemophilus influenzae,0.9937508624513789,0.006249137548621109,0.9937508624513789,0.006249137548621109,1,,Low confidence,Avoid,True,8
SYNTH_0015,Doxycycline,Streptococcus pneumoniae,0.27659003122000614,0.7234099687799939,0.7234099687799939,0.7234099687799939,0,,Moderate confidence,Consider,True,1
SYNTH_0015,Tetracycline,Streptococcus pneumoniae,0.3809122649590511,0.6190877350409489,0.6190877350409488,0.6190877350409489,1,,Moderate confidence,Consider,True,2
SYNTH_0016,Trimethoprim Sulfa,Haemophilus influenzae,0.5953898338500327,0.40461016614996725,0.5953898338500327,0.40461016614996725,1,,Low confidence,Avoid,True,1
SYNTH_0016,Ceftibuten,Haemophilus influenzae,0.7522629068314248,0.24773709316857517,0.7522629068314248,0.24773709316857517,1,,Low confidence,Avoid,True,2
SYNTH_0016,Cefpodoxime,Haemophilus influenzae,0.7896786055056664,0.21032139449433362,0.7896786055056664,0.21032139449433362,1,,Low confidence,Avoid,True,3
SYNTH_0016,Levofloxacin,Haemophilus influenzae,0.9215975470863877,0.07840245291361225,0.9215975470863877,0.07840245291361225,1,,Low confidence,Avoid,True,4
SYNTH_0016,Cefixime,Haemophilus influenzae,0.9446783277644059,0.055321672235594144,0.9446783277644059,0.055321672235594144,1,,Low confidence,Avoid,True,5
SYNTH_0016,Ceftriaxone,Haemophilus influenzae,0.9886708385187616,0.011329161481238414,0.9886708385187616,0.011329161481238414,1,,Low confidence,Avoid,True,6
SYNTH_0016,Tetracycline,Haemophilus influenzae,0.9920920610014446,0.007907938998555353,0.9920920610014446,0.007907938998555353,1,,Low confidence,Avoid,True,7
SYNTH_0016,Cefotaxime,Haemophilus influenzae,0.9926402726565888,0.007359727343411171,0.9926402726565888,0.007359727343411171,1,,Low confidence,Avoid,True,8
SYNTH_0016,Tetracycline,Streptococcus pneumoniae,0.6784451376241982,0.3215548623758018,0.6784451376241982,0.3215548623758018,1,,Low confidence,Avoid,True,1
SYNTH_0016,Doxycycline,Streptococcus pneumoniae,0.6877451592358804,0.3122548407641196,0.6877451592358804,0.3122548407641196,1,,Low confidence,Avoid,True,2
SYNTH_0017,Trimethoprim Sulfa,Haemophilus influenzae,0.5544527753651406,0.4455472246348594,0.5544527753651406,0.4455472246348594,1,,Low confidence,Avoid,True,1
SYNTH_0017,Cefpodoxime,Haemophilus influenzae,0.8893916779799284,0.11060832202007165,0.8893916779799284,0.11060832202007165,1,,Low confidence,Avoid,True,2
SYNTH_0017,Levofloxacin,Haemophilus influenzae,0.9199482967883952,0.08005170321160482,0.9199482967883952,0.08005170321160482,1,,Low confidence,Avoid,True,3
SYNTH_0017,Cefixime,Haemophilus influenzae,0.9510509414171903,0.048949058582809735,0.9510509414171903,0.048949058582809735,1,,Low confidence,Avoid,True,4
SYNTH_0017,Ceftibuten,Haemophilus influenzae,0.9652944171806128,0.03470558281938718,0.9652944171806128,0.03470558281938718,1,,Low confidence,Avoid,True,5
SYNTH_0017,Ceftriaxone,Haemophilus influenzae,0.991242601744513,0.008757398255487048,0.991242601744513,0.008757398255487048,1,,Low confidence,Avoid,True,6
SYNTH_0017,Tetracycline,Haemophilus influenzae,0.9921271784723338,0.007872821527666218,0.9921271784723338,0.007872821527666218,1,,Low confidence,Avoid,True,7
SYNTH_0017,Cefotaxime,Haemophilus influenzae,0.9926150165001651,0.007384983499834852,0.9926150165001651,0.007384983499834852,1,,Low confidence,Avoid,True,8
SYNTH_0017,Doxycycline,Streptococcus pneumoniae,0.6702896144546806,0.3297103855453194,0.6702896144546806,0.3297103855453194,1,,Low confidence,Avoid,True,1
SYNTH_0017,Tetracycline,Streptococcus pneumoniae,0.685413443920365,0.31458655607963504,0.685413443920365,0.31458655607963504,1,,Low confidence,Avoid,True,2
SYNTH_0018,Trimethoprim Sulfa,Haemophilus influenzae,0.6101445607494681,0.3898554392505319,0.6101445607494681,0.3898554392505319,1,,Low confidence,Avoid,True,1
SYNTH_0018,Levofloxacin,Haemophilus influenzae,0.7578738287137919,0.24212617128620806,0.7578738287137919,0.24212617128620806,1,,Low confidence,Avoid,True,2
SYNTH_0018,Cefpodoxime,Haemophilus influenzae,0.92700397377681,0.07299602622319001,0.92700397377681,0.07299602622319001,1,,Low confidence,Avoid,True,3
SYNTH_0018,Cefixime,Haemophilus influenzae,0.9352926977745988,0.06470730222540122,0.9352926977745988,0.06470730222540122,1,,Low confidence,Avoid,True,4
SYNTH_0018,Ceftibuten,Haemophilus influenzae,0.9636334784223399,0.03636652157766007,0.9636334784223399,0.03636652157766007,1,,Low confidence,Avoid,True,5
SYNTH_0018,Tetracycline,Haemophilus influenzae,0.9920153074258014,0.007984692574198649,0.9920153074258014,0.007984692574198649,1,,Low confidence,Avoid,True,6
SYNTH_0018,Cefotaxime,Haemophilus influenzae,0.9922271886479024,0.007772811352097619,0.9922271886479024,0.007772811352097619,1,,Low confidence,Avoid,True,7
SYNTH_0018,Ceftriaxone,Haemophilus influenzae,0.9937042457532097,0.006295754246790297,0.9937042457532097,0.006295754246790297,1,,Low confidence,Avoid,True,8
SYNTH_0018,Doxycycline,Streptococcus pneumoniae,0.6075091431981352,0.3924908568018648,0.6075091431981352,0.3924908568018648,1,,Low confidence,Avoid,True,1
SYNTH_0018,Tetracycline,Streptococcus pneumoniae,0.6551029522102165,0.3448970477897835,0.6551029522102165,0.3448970477897835,1,,Low confidence,Avoid,True,2
SYNTH_0019,Trimethoprim Sulfa,Haemophilus influenzae,0.5792578247727,0.42074217522729995,0.5792578247727,0.42074217522729995,1,,Low confidence,Avoid,True,1
SYNTH_0019,Levofloxacin,Haemophilus influenzae,0.7608861486853882,0.23911385131461182,0.7608861486853882,0.23911385131461182,1,,Low confidence,Avoid,True,2
SYNTH_0019,Cefpodoxime,Haemophilus influenzae,0.7814555953417598,0.2185444046582402,0.7814555953417598,0.2185444046582402,1,,Low confidence,Avoid,True,3
SYNTH_0019,Cefixime,Haemophilus influenzae,0.9337669212187922,0.06623307878120777,0.9337669212187922,0.06623307878120777,1,,Low confidence,Avoid,True,4
SYNTH_0019,Ceftibuten,Haemophilus influenzae,0.9606825662453586,0.03931743375464136,0.9606825662453586,0.03931743375464136,1,,Low confidence,Avoid,True,5
SYNTH_0019,Tetracycline,Haemophilus influenzae,0.9920432909976954,0.007956709002304607,0.9920432909976954,0.007956709002304607,1,,Low confidence,Avoid,True,6
SYNTH_0019,Ceftriaxone,Haemophilus influenzae,0.9920733473197135,0.007926652680286472,0.9920733473197135,0.007926652680286472,1,,Low confidence,Avoid,True,7
SYNTH_0019,Cefotaxime,Haemophilus influenzae,0.9921413685214333,0.007858631478566691,0.9921413685214333,0.007858631478566691,1,,Low confidence,Avoid,True,8
SYNTH_0019,Doxycycline,Streptococcus pneumoniae,0.6057016043596194,0.3942983956403806,0.6057016043596194,0.3942983956403806,1,,Low confidence,Avoid,True,1
SYNTH_0019,Tetracycline,Streptococcus pneumoniae,0.6545005912216154,0.3454994087783846,0.6545005912216154,0.3454994087783846,1,,Low confidence,Avoid,True,2
SYNTH_0020,Trimethoprim Sulfa,Haemophilus influenzae,0.567022046258298,0.432977953741702,0.567022046258298,0.432977953741702,1,,Low confidence,Avoid,True,1
SYNTH_0020,Cefpodoxime,Haemophilus influenzae,0.8652169511181341,0.13478304888186587,0.8652169511181341,0.13478304888186587,1,,Low confidence,Avoid,True,2
SYNTH_0020,Levofloxacin,Haemophilus influenzae,0.9208229784713003,0.07917702152869965,0.9208229784713003,0.07917702152869965,1,,Low confidence,Avoid,True,3
SYNTH_0020,Cefixime,Haemophilus influenzae,0.9406265114259146,0.05937348857408542,0.9406265114259146,0.05937348857408542,1,,Low confidence,Avoid,True,4
SYNTH_0020,Ceftibuten,Haemophilus influenzae,0.9652792209700494,0.03472077902995063,0.9652792209700494,0.03472077902995063,1,,Low confidence,Avoid,True,5
SYNTH_0020,Tetracycline,Haemophilus influenzae,0.992205340419714,0.007794659580286023,0.992205340419714,0.007794659580286023,1,,Low confidence,Avoid,True,6
SYNTH_0020,Cefotaxime,Haemophilus influenzae,0.9925408680622431,0.007459131937756935,0.9925408680622431,0.007459131937756935,1,,Low confidence,Avoid,True,7
SYNTH_0020,Ceftriaxone,Haemophilus influenzae,0.9937740682211906,0.006225931778809368,0.9937740682211906,0.006225931778809368,1,,Low confidence,Avoid,True,8
SYNTH_0020,Doxycycline,Streptococcus pneumoniae,0.28470889610885397,0.715291103891146,0.715291103891146,0.715291103891146,0,,Moderate confidence,Consider,True,1
SYNTH_0020,Tetracycline,Streptococcus pneumoniae,0.3832124410194295,0.6167875589805705,0.6167875589805705,0.6167875589805705,1,,Moderate confidence,Consider,True,2
SYNTH_0021,Trimethoprim Sulfa,Haemophilus influenzae,0.5652358680580397,0.4347641319419603,0.5652358680580397,0.4347641319419603,1,,Low confidence,Avoid,True,1
SYNTH_0021,Levofloxacin,Haemophilus influenzae,0.798650292177293,0.201349707822707,0.798650292177293,0.201349707822707,1,,Low confidence,Avoid,True,2
SYNTH_0021,Cefpodoxime,Haemophilus influenzae,0.8152296821315177,0.1847703178684823,0.8152296821315177,0.1847703178684823,1,,Low confidence,Avoid,True,3
SYNTH_0021,Cefixime,Haemophilus influenzae,0.9366408950764715,0.06335910492352848,0.9366408950764715,0.06335910492352848,1,,Low confidence,Avoid,True,4
SYNTH_0021,Ceftibuten,Haemophilus influenzae,0.9630495034901573,0.03695049650984272,0.9630495034901573,0.03695049650984272,1,,Low confidence,Avoid,True,5
SYNTH_0021,Ceftriaxone,Haemophilus influenzae,0.9855088318076041,0.014491168192395931,0.9855088318076041,0.014491168192395931,1,,Low confidence,Avoid,True,6
SYNTH_0021,Tetracycline,Haemophilus influenzae,0.9920920610014446,0.007907938998555353,0.9920920610014446,0.007907938998555353,1,,Low confidence,Avoid,True,7
SYNTH_0021,Cefotaxime,Haemophilus influenzae,0.9926402726565888,0.007359727343411171,0.9926402726565888,0.007359727343411171,1,,Low confidence,Avoid,True,8
SYNTH_0021,Doxycycline,Streptococcus pneumoniae,0.6739763423983973,0.3260236576016027,0.6739763423983973,0.3260236576016027,1,,Low confidence,Avoid,True,1
SYNTH_0021,Tetracycline,Streptococcus pneumoniae,0.6821987912218382,0.31780120877816176,0.6821987912218382,0.31780120877816176,1,,Low confidence,Avoid,True,2
SYNTH_0022,Trimethoprim Sulfa,Haemophilus influenzae,0.5532253102997264,0.44677468970027356,0.5532253102997264,0.44677468970027356,1,,Low confidence,Avoid,True,1
SYNTH_0022,Cefpodoxime,Haemophilus influenzae,0.9116410212227262,0.08835897877727383,0.9116410212227262,0.08835897877727383,1,,Low confidence,Avoid,True,2
SYNTH_0022,Levofloxacin,Haemophilus influenzae,0.9363251738957157,0.06367482610428432,0.9363251738957157,0.06367482610428432,1,,Low confidence,Avoid,True,3
SYNTH_0022,Cefixime,Haemophilus influenzae,0.9420810381961108,0.057918961803889224,0.9420810381961108,0.057918961803889224,1,,Low confidence,Avoid,True,4
SYNTH_0022,Ceftibuten,Haemophilus influenzae,0.9488596883159263,0.051140311684073736,0.9488596883159263,0.051140311684073736,1,,Low confidence,Avoid,True,5
SYNTH_0022,Ceftriaxone,Haemophilus influenzae,0.9862638495716679,0.013736150428332095,0.9862638495716679,0.013736150428332095,1,,Low confidence,Avoid,True,6
SYNTH_0022,Tetracycline,Haemophilus influenzae,0.9915554807660569,0.00844451923394307,0.9915554807660569,0.00844451923394307,1,,Low confidence,Avoid,True,7
SYNTH_0022,Cefotaxime,Haemophilus influenzae,0.9915994660166157,0.00840053398338425,0.9915994660166157,0.00840053398338425,1,,Low confidence,Avoid,True,8
SYNTH_0022,Doxycycline,Streptococcus pneumoniae,0.6777845517003088,0.3222154482996912,0.6777845517003088,0.3222154482996912,1,,Low confidence,Avoid,True,1
SYNTH_0022,Tetracycline,Streptococcus pneumoniae,0.684018893185422,0.315981106814578,0.684018893185422,0.315981106814578,1,,Low confidence,Avoid,True,2
SYNTH_0023,Trimethoprim Sulfa,Haemophilus influenzae,0.5544574625554907,0.44554253744450933,0.5544574625554907,0.44554253744450933,1,,Low confidence,Avoid,True,1
SYNTH_0023,Ceftibuten,Haemophilus influenzae,0.8848237452786893,0.11517625472131066,0.8848237452786893,0.11517625472131066,1,,Low confidence,Avoid,True,2
SYNTH_0023,Cefpodoxime,Haemophilus influenzae,0.890719593722012,0.10928040627798796,0.890719593722012,0.10928040627798796,1,,Low confidence,Avoid,True,3
SYNTH_0023,Cefixime,Haemophilus influenzae,0.934471181512673,0.06552881848732695,0.934471181512673,0.06552881848732695,1,,Low confidence,Avoid,True,4
SYNTH_0023,Levofloxacin,Haemophilus influenzae,0.9391641715295828,0.06083582847041724,0.9391641715295828,0.06083582847041724,1,,Low confidence,Avoid,True,5
SYNTH_0023,Cefotaxime,Haemophilus influenzae,0.9827418135550336,0.01725818644496635,0.9827418135550336,0.01725818644496635,1,,Low confidence,Avoid,True,6
SYNTH_0023,Tetracycline,Haemophilus influenzae,0.9920110411614527,0.007988958838547333,0.9920110411614527,0.007988958838547333,1,,Low confidence,Avoid,True,7
SYNTH_0023,Ceftriaxone,Haemophilus influenzae,0.9943015578018498,0.005698442198150189,0.9943015578018498,0.005698442198150189,1,,Low confidence,Avoid,True,8
SYNTH_0023,Tetracycline,Streptococcus pneumoniae,0.6784451376241982,0.3215548623758018,0.6784451376241982,0.3215548623758018,1,,Low confidence,Avoid,True,1
SYNTH_0023,Doxycycline,Streptococcus pneumoniae,0.6877451592358804,0.3122548407641196,0.6877451592358804,0.3122548407641196,1,,Low confidence,Avoid,True,2
SYNTH_0024,Trimethoprim Sulfa,Haemophilus influenzae,0.5701487085348773,0.4298512914651227,0.5701487085348773,0.4298512914651227,1,,Low confidence,Avoid,True,1
SYNTH_0024,Levofloxacin,Haemophilus influenzae,0.9030589992575611,0.09694100074243894,0.9030589992575611,0.09694100074243894,1,,Low confidence,Avoid,True,2
SYNTH_0024,Cefpodoxime,Haemophilus influenzae,0.9098792658885078,0.09012073411149224,0.9098792658885078,0.09012073411149224,1,,Low confidence,Avoid,True,3
SYNTH_0024,Cefixime,Haemophilus influenzae,0.9351579955593564,0.06484200444064359,0.9351579955593564,0.06484200444064359,1,,Low confidence,Avoid,True,4
SYNTH_0024,Ceftibuten,Haemophilus influenzae,0.9599622719715688,0.040037728028431196,0.9599622719715688,0.040037728028431196,1,,Low confidence,Avoid,True,5
SYNTH_0024,Cefotaxime,Haemophilus influenzae,0.9915017628014245,0.008498237198575453,0.9915017628014245,0.008498237198575453,1,,Low confidence,Avoid,True,6
SYNTH_0024,Tetracycline,Haemophilus influenzae,0.9919302654187673,0.008069734581232724,0.9919302654187673,0.008069734581232724,1,,Low confidence,Avoid,True,7
SYNTH_0024,Ceftriaxone,Haemophilus influenzae,0.9919965727787197,0.008003427221280335,0.9919965727787197,0.008003427221280335,1,,Low confidence,Avoid,True,8
SYNTH_0024,Doxycycline,Streptococcus pneumoniae,0.5963238941652051,0.40367610583479485,0.5963238941652051,0.40367610583479485,1,,Low confidence,Avoid,True,1
SYNTH_0024,Tetracycline,Streptococcus pneumoniae,0.6499872768516541,0.35001272314834586,0.6499872768516541,0.35001272314834586,1,,Low confidence,Avoid,True,2
SYNTH_0025,Trimethoprim Sulfa,Haemophilus influenzae,0.6257642931546765,0.3742357068453235,0.6257642931546765,0.3742357068453235,1,,Low confidence,Avoid,True,1
SYNTH_0025,Cefpodoxime,Haemophilus influenzae,0.8885456413661306,0.11145435863386943,0.8885456413661306,0.11145435863386943,1,,Low confidence,Avoid,True,2
SYNTH_0025,Levofloxacin,Haemophilus influenzae,0.9099052146954906,0.09009478530450943,0.9099052146954906,0.09009478530450943,1,,Low confidence,Avoid,True,3
SYNTH_0025,Cefixime,Haemophilus influenzae,0.9365039531659625,0.06349604683403753,0.9365039531659625,0.06349604683403753,1,,Low confidence,Avoid,True,4
SYNTH_0025,Ceftibuten,Haemophilus influenzae,0.9651506224515541,0.03484937754844586,0.9651506224515541,0.03484937754844586,1,,Low confidence,Avoid,True,5
SYNTH_0025,Tetracycline,Haemophilus influenzae,0.9918715088216807,0.008128491178319264,0.9918715088216807,0.008128491178319264,1,,Low confidence,Avoid,True,6
SYNTH_0025,Cefotaxime,Haemophilus influenzae,0.9926402726565888,0.007359727343411171,0.9926402726565888,0.007359727343411171,1,,Low confidence,Avoid,True,7
SYNTH_0025,Ceftriaxone,Haemophilus influenzae,0.9926530519915671,0.007346948008432941,0.9926530519915671,0.007346948008432941,1,,Low confidence,Avoid,True,8
SYNTH_0025,Doxycycline,Streptococcus pneumoniae,0.6702896144546806,0.3297103855453194,0.6702896144546806,0.3297103855453194,1,,Low confidence,Avoid,True,1
SYNTH_0025,Tetracycline,Streptococcus pneumoniae,0.685413443920365,0.31458655607963504,0.685413443920365,0.31458655607963504,1,,Low confidence,Avoid,True,2
SYNTH_0026,Trimethoprim Sulfa,Haemophilus influenzae,0.5518534234165017,0.4481465765834983,0.5518534234165017,0.4481465765834983,1,,Low confidence,Avoid,True,1
SYNTH_0026,Levofloxacin,Haemophilus influenzae,0.7504065095565158,0.24959349044348422,0.7504065095565158,0.24959349044348422,1,,Low confidence,Avoid,True,2
SYNTH_0026,Cefixime,Haemophilus influenzae,0.7977354323298852,0.2022645676701148,0.7977354323298852,0.2022645676701148,1,,Low confidence,Avoid,True,3
SYNTH_0026,Cefpodoxime,Haemophilus influenzae,0.8892461770466781,0.11075382295332192,0.8892461770466781,0.11075382295332192,1,,Low confidence,Avoid,True,4
SYNTH_0026,Ceftibuten,Haemophilus influenzae,0.9592219752077197,0.04077802479228032,0.9592219752077197,0.04077802479228032,1,,Low confidence,Avoid,True,5
SYNTH_0026,Ceftriaxone,Haemophilus influenzae,0.9905400241187298,0.009459975881270233,0.9905400241187298,0.009459975881270233,1,,Low confidence,Avoid,True,6
SYNTH_0026,Tetracycline,Haemophilus influenzae,0.9909156017017484,0.009084398298251584,0.9909156017017484,0.009084398298251584,1,,Low confidence,Avoid,True,7
SYNTH_0026,Cefotaxime,Haemophilus influenzae,0.9917684778849963,0.008231522115003664,0.9917684778849963,0.008231522115003664,1,,Low confidence,Avoid,True,8
SYNTH_0026,Doxycycline,Streptococcus pneumoniae,0.6577872877593518,0.3422127122406482,0.6577872877593518,0.3422127122406482,1,,Low confidence,Avoid,True,1
SYNTH_0026,Tetracycline,Streptococcus pneumoniae,0.6747062849679472,0.32529371503205284,0.6747062849679472,0.32529371503205284,1,,Low confidence,Avoid,True,2
SYNTH_0027,Trimethoprim Sulfa,Haemophilus influenzae,0.575632611394639,0.42436738860536105,0.575632611394639,0.42436738860536105,1,,Low confidence,Avoid,True,1
SYNTH_0027,Cefpodoxime,Haemophilus influenzae,0.8826773201841833,0.11732267981581668,0.8826773201841833,0.11732267981581668,1,,Low confidence,Avoid,True,2
SYNTH_0027,Levofloxacin,Haemophilus influenzae,0.9219545728068843,0.07804542719311569,0.9219545728068843,0.07804542719311569,1,,Low confidence,Avoid,True,3
SYNTH_0027,Cefixime,Haemophilus influenzae,0.9421051546216009,0.05789484537839906,0.9421051546216009,0.05789484537839906,1,,Low confidence,Avoid,True,4
SYNTH_0027,Ceftibuten,Haemophilus influenzae,0.9517704785188992,0.04822952148110082,0.9517704785188992,0.04822952148110082,1,,Low confidence,Avoid,True,5
SYNTH_0027,Ceftriaxone,Haemophilus influenzae,0.9880984724213053,0.01190152757869467,0.9880984724213053,0.01190152757869467,1,,Low confidence,Avoid,True,6
SYNTH_0027,Tetracycline,Haemophilus influenzae,0.991981452277059,0.008018547722940972,0.991981452277059,0.008018547722940972,1,,Low confidence,Avoid,True,7
SYNTH_0027,Cefotaxime,Haemophilus influenzae,0.9925408680622431,0.007459131937756935,0.9925408680622431,0.007459131937756935,1,,Low confidence,Avoid,True,8
SYNTH_0027,Doxycycline,Streptococcus pneumoniae,0.6254150986561893,0.37458490134381073,0.6254150986561893,0.37458490134381073,1,,Low confidence,Avoid,True,1
SYNTH_0027,Tetracycline,Streptococcus pneumoniae,0.6614133693045361,0.3385866306954639,0.6614133693045361,0.3385866306954639,1,,Low confidence,Avoid,True,2
SYNTH_0028,Trimethoprim Sulfa,Haemophilus influenzae,0.5621822851884326,0.4378177148115674,0.5621822851884326,0.4378177148115674,1,,Low confidence,Avoid,True,1
SYNTH_0028,Ceftibuten,Haemophilus influenzae,0.8849893270645524,0.11501067293544764,0.8849893270645524,0.11501067293544764,1,,Low confidence,Avoid,True,2
SYNTH_0028,Cefpodoxime,Haemophilus influenzae,0.9109854828114703,0.08901451718852971,0.9109854828114703,0.08901451718852971,1,,Low confidence,Avoid,True,3
SYNTH_0028,Levofloxacin,Haemophilus influenzae,0.9293753879543557,0.0706246120456443,0.9293753879543557,0.0706246120456443,1,,Low confidence,Avoid,True,4
SYNTH_0028,Cefixime,Haemophilus influenzae,0.9413912725420468,0.0586087274579532,0.9413912725420468,0.0586087274579532,1,,Low confidence,Avoid,True,5
SYNTH_0028,Ceftriaxone,Haemophilus influenzae,0.986043455518,0.01395654448200001,0.986043455518,0.01395654448200001,1,,Low confidence,Avoid,True,6
SYNTH_0028,Tetracycline,Haemophilus influenzae,0.99206785885399,0.007932141146010041,0.99206785885399,0.007932141146010041,1,,Low confidence,Avoid,True,7
SYNTH_0028,Cefotaxime,Haemophilus influenzae,0.9921413685214333,0.007858631478566691,0.9921413685214333,0.007858631478566691,1,,Low confidence,Avoid,True,8
SYNTH_0028,Doxycycline,Streptococcus pneumoniae,0.6503550421884416,0.34964495781155835,0.6503550421884416,0.34964495781155835,1,,Low confidence,Avoid,True,1
SYNTH_0028,Tetracycline,Streptococcus pneumoniae,0.6695410757885026,0.33045892421149736,0.6695410757885026,0.33045892421149736,1,,Low confidence,Avoid,True,2
SYNTH_0029,Trimethoprim Sulfa,Haemophilus influenzae,0.5596191808213545,0.44038081917864547,0.5596191808213545,0.44038081917864547,1,,Low confidence,Avoid,True,1
SYNTH_0029,Ceftibuten,Haemophilus influenzae,0.8505272695437146,0.1494727304562854,0.8505272695437146,0.1494727304562854,1,,Low confidence,Avoid,True,2
SYNTH_0029,Levofloxacin,Haemophilus influenzae,0.9061758463924807,0.09382415360751928,0.9061758463924807,0.09382415360751928,1,,Low confidence,Avoid,True,3
SYNTH_0029,Cefixime,Haemophilus influenzae,0.9414512252454962,0.05854877475450382,0.9414512252454962,0.05854877475450382,1,,Low confidence,Avoid,True,4
SYNTH_0029,Cefpodoxime,Haemophilus influenzae,0.9452903931234795,0.05470960687652049,0.9452903931234795,0.05470960687652049,1,,Low confidence,Avoid,True,5
SYNTH_0029,Cefotaxime,Haemophilus influenzae,0.9909010958785418,0.009098904121458196,0.9909010958785418,0.009098904121458196,1,,Low confidence,Avoid,True,6
SYNTH_0029,Tetracycline,Haemophilus influenzae,0.9917787467333806,0.008221253266619377,0.9917787467333806,0.008221253266619377,1,,Low confidence,Avoid,True,7
SYNTH_0029,Ceftriaxone,Haemophilus influenzae,0.9927097615073164,0.0072902384926836206,0.9927097615073164,0.0072902384926836206,1,,Low confidence,Avoid,True,8
SYNTH_0029,Doxycycline,Streptococcus pneumoniae,0.672782369341961,0.327217630658039,0.672782369341961,0.327217630658039,1,,Low confidence,Avoid,True,1
SYNTH_0029,Tetracycline,Streptococcus pneumoniae,0.686494072429888,0.313505927570112,0.686494072429888,0.313505927570112,1,,Low confidence,Avoid,True,2
SYNTH_0030,Trimethoprim Sulfa,Haemophilus influenzae,0.5859349090800136,0.41406509091998644,0.5859349090800136,0.41406509091998644,1,,Low confidence,Avoid,True,1
SYNTH_0030,Cefpodoxime,Haemophilus influenzae,0.8797266125658634,0.12027338743413662,0.8797266125658634,0.12027338743413662,1,,Low confidence,Avoid,True,2
SYNTH_0030,Cefixime,Haemophilus influenzae,0.9381335158489812,0.06186648415101881,0.9381335158489812,0.06186648415101881,1,,Low confidence,Avoid,True,3
SYNTH_0030,Levofloxacin,Haemophilus influenzae,0.9494831269662644,0.05051687303373564,0.9494831269662644,0.05051687303373564,1,,Low confidence,Avoid,True,4
SYNTH_0030,Ceftibuten,Haemophilus influenzae,0.9652944171806128,0.03470558281938718,0.9652944171806128,0.03470558281938718,1,,Low confidence,Avoid,True,5
SYNTH_0030,Tetracycline,Haemophilus influenzae,0.9921981120174834,0.0078018879825165754,0.9921981120174834,0.0078018879825165754,1,,Low confidence,Avoid,True,6
SYNTH_0030,Cefotaxime,Haemophilus influenzae,0.9926402726565888,0.007359727343411171,0.9926402726565888,0.007359727343411171,1,,Low confidence,Avoid,True,7
SYNTH_0030,Ceftriaxone,Haemophilus influenzae,0.9934043991909782,0.006595600809021773,0.9934043991909782,0.006595600809021773,1,,Low confidence,Avoid,True,8
SYNTH_0030,Doxycycline,Streptococcus pneumoniae,0.641669107895484,0.35833089210451596,0.641669107895484,0.35833089210451596,1,,Low confidence,Avoid,True,1
SYNTH_0030,Tetracycline,Streptococcus pneumoniae,0.6677722170269578,0.33222778297304223,0.6677722170269578,0.33222778297304223,1,,Low confidence,Avoid,True,2
SYNTH_0031,Trimethoprim Sulfa,Haemophilus influenzae,0.5749845225344292,0.4250154774655708,0.5749845225344292,0.4250154774655708,1,,Low confidence,Avoid,True,1
SYNTH_0031,Ceftibuten,Haemophilus influenzae,0.8505272695437146,0.1494727304562854,0.8505272695437146,0.1494727304562854,1,,Low confidence,Avoid,True,2
SYNTH_0031,Levofloxacin,Haemophilus influenzae,0.8989325920514307,0.10106740794856928,0.8989325920514307,0.10106740794856928,1,,Low confidence,Avoid,True,3
SYNTH_0031,Cefixime,Haemophilus influenzae,0.9414512252454962,0.05854877475450382,0.9414512252454962,0.05854877475450382,1,,Low confidence,Avoid,True,4
SYNTH_0031,Cefpodoxime,Haemophilus influenzae,0.9452903931234795,0.05470960687652049,0.9452903931234795,0.05470960687652049,1,,Low confidence,Avoid,True,5
SYNTH_0031,Cefotaxime,Haemophilus influenzae,0.9909010958785418,0.009098904121458196,0.9909010958785418,0.009098904121458196,1,,Low confidence,Avoid,True,6
SYNTH_0031,Tetracycline,Haemophilus influenzae,0.9917787467333806,0.008221253266619377,0.9917787467333806,0.008221253266619377,1,,Low confidence,Avoid,True,7
SYNTH_0031,Ceftriaxone,Haemophilus influenzae,0.9927515466098177,0.007248453390182319,0.9927515466098177,0.007248453390182319,1,,Low confidence,Avoid,True,8
SYNTH_0031,Tetracycline,Streptococcus pneumoniae,0.7121601911411739,0.2878398088588261,0.7121601911411739,0.2878398088588261,1,,Low confidence,Avoid,True,1
SYNTH_0031,Doxycycline,Streptococcus pneumoniae,0.7557910779893033,0.24420892201069666,0.7557910779893033,0.24420892201069666,1,,Low confidence,Avoid,True,2
SYNTH_0032,Trimethoprim Sulfa,Haemophilus influenzae,0.5808676913855442,0.41913230861445583,0.5808676913855442,0.41913230861445583,1,,Low confidence,Avoid,True,1
SYNTH_0032,Cefpodoxime,Haemophilus influenzae,0.8605177576981161,0.13948224230188389,0.8605177576981161,0.13948224230188389,1,,Low confidence,Avoid,True,2
SYNTH_0032,Levofloxacin,Haemophilus influenzae,0.9279212284258123,0.07207877157418774,0.9279212284258123,0.07207877157418774,1,,Low confidence,Avoid,True,3
SYNTH_0032,Cefixime,Haemophilus influenzae,0.9369351920039988,0.06306480799600123,0.9369351920039988,0.06306480799600123,1,,Low confidence,Avoid,True,4
SYNTH_0032,Ceftibuten,Haemophilus influenzae,0.9649983928805256,0.03500160711947442,0.9649983928805256,0.03500160711947442,1,,Low confidence,Avoid,True,5
SYNTH_0032,Tetracycline,Haemophilus influenzae,0.9920880091048978,0.007911990895102194,0.9920880091048978,0.007911990895102194,1,,Low confidence,Avoid,True,6
SYNTH_0032,Cefotaxime,Haemophilus influenzae,0.9926402726565888,0.007359727343411171,0.9926402726565888,0.007359727343411171,1,,Low confidence,Avoid,True,7
SYNTH_0032,Ceftriaxone,Haemophilus influenzae,0.9935447497929142,0.006455250207085816,0.9935447497929142,0.006455250207085816,1,,Low confidence,Avoid,True,8
SYNTH_0032,Tetracycline,Streptococcus pneumoniae,0.6784451376241982,0.3215548623758018,0.6784451376241982,0.3215548623758018,1,,Low confidence,Avoid,True,1
SYNTH_0032,Doxycycline,Streptococcus pneumoniae,0.6877451592358804,0.3122548407641196,0.6877451592358804,0.3122548407641196,1,,Low confidence,Avoid,True,2
SYNTH_0033,Trimethoprim Sulfa,Haemophilus influenzae,0.5870883341694838,0.4129116658305162,0.5870883341694838,0.4129116658305162,1,,Low confidence,Avoid,True,1
SYNTH_0033,Levofloxacin,Haemophilus influenzae,0.7611524529627486,0.23884754703725142,0.7611524529627486,0.23884754703725142,1,,Low confidence,Avoid,True,2
SYNTH_0033,Cefpodoxime,Haemophilus influenzae,0.8104715970010143,0.18952840299898566,0.8104715970010143,0.18952840299898566,1,,Low confidence,Avoid,True,3
SYNTH_0033,Cefixime,Haemophilus influenzae,0.9379390878737695,0.06206091212623055,0.9379390878737695,0.06206091212623055,1,,Low confidence,Avoid,True,4
SYNTH_0033,Ceftibuten,Haemophilus influenzae,0.9592611400788116,0.04073885992118842,0.9592611400788116,0.04073885992118842,1,,Low confidence,Avoid,True,5
SYNTH_0033,Tetracycline,Haemophilus influenzae,0.992197156527924,0.007802843472076049,0.992197156527924,0.007802843472076049,1,,Low confidence,Avoid,True,6
SYNTH_0033,Cefotaxime,Haemophilus influenzae,0.9926402726565888,0.007359727343411171,0.9926402726565888,0.007359727343411171,1,,Low confidence,Avoid,True,7
SYNTH_0033,Ceftriaxone,Haemophilus influenzae,0.9935948624045501,0.006405137595449917,0.9935948624045501,0.006405137595449917,1,,Low confidence,Avoid,True,8
SYNTH_0033,Tetracycline,Streptococcus pneumoniae,0.6922844108397632,0.3077155891602368,0.6922844108397632,0.3077155891602368,1,,Low confidence,Avoid,True,1
SYNTH_0033,Doxycycline,Streptococcus pneumoniae,0.6988302037038676,0.3011697962961324,0.6988302037038676,0.3011697962961324,1,,Low confidence,Avoid,True,2
SYNTH_0034,Trimethoprim Sulfa,Haemophilus influenzae,0.5752015386049903,0.42479846139500965,0.5752015386049903,0.42479846139500965,1,,Low confidence,Avoid,True,1
SYNTH_0034,Levofloxacin,Haemophilus influenzae,0.7499874071392727,0.2500125928607273,0.7499874071392727,0.2500125928607273,1,,Low confidence,Avoid,True,2
SYNTH_0034,Ceftibuten,Haemophilus influenzae,0.7988496311563985,0.2011503688436015,0.7988496311563985,0.2011503688436015,1,,Low confidence,Avoid,True,3
SYNTH_0034,Cefpodoxime,Haemophilus influenzae,0.83260093077354,0.16739906922645997,0.83260093077354,0.16739906922645997,1,,Low confidence,Avoid,True,4
SYNTH_0034,Cefixime,Haemophilus influenzae,0.9283644708510792,0.0716355291489208,0.9283644708510792,0.0716355291489208,1,,Low confidence,Avoid,True,5
SYNTH_0034,Tetracycline,Haemophilus influenzae,0.9881571367528874,0.01184286324711259,0.9881571367528874,0.01184286324711259,1,,Low confidence,Avoid,True,6
SYNTH_0034,Cefotaxime,Haemophilus influenzae,0.9926150165001651,0.007384983499834852,0.9926150165001651,0.007384983499834852,1,,Low confidence,Avoid,True,7
SYNTH_0034,Ceftriaxone,Haemophilus influenzae,0.9944417354881073,0.005558264511892674,0.9944417354881073,0.005558264511892674,1,,Low confidence,Avoid,True,8
SYNTH_0034,Tetracycline,Streptococcus pneumoniae,0.6902616160210417,0.30973838397895825,0.6902616160210417,0.30973838397895825,1,,Low confidence,Avoid,True,1
SYNTH_0034,Doxycycline,Streptococcus pneumoniae,0.6906104865262098,0.3093895134737902,0.6906104865262098,0.3093895134737902,1,,Low confidence,Avoid,True,2
SYNTH_0035,Trimethoprim Sulfa,Haemophilus influenzae,0.630273752291227,0.36972624770877305,0.630273752291227,0.36972624770877305,1,,Low confidence,Avoid,True,1
SYNTH_0035,Levofloxacin,Haemophilus influenzae,0.8849726051807805,0.11502739481921953,0.8849726051807805,0.11502739481921953,1,,Low confidence,Avoid,True,2
SYNTH_0035,Cefpodoxime,Haemophilus influenzae,0.8939310690384552,0.1060689309615448,0.8939310690384552,0.1060689309615448,1,,Low confidence,Avoid,True,3
SYNTH_0035,Cefixime,Haemophilus influenzae,0.9031623097436856,0.09683769025631439,0.9031623097436856,0.09683769025631439,1,,Low confidence,Avoid,True,4
SYNTH_0035,Ceftibuten,Haemophilus influenzae,0.9556661875792031,0.044333812420796925,0.9556661875792031,0.044333812420796925,1,,Low confidence,Avoid,True,5
SYNTH_0035,Ceftriaxone,Haemophilus influenzae,0.9884866470731,0.011513352926900033,0.9884866470731,0.011513352926900033,1,,Low confidence,Avoid,True,6
SYNTH_0035,Tetracycline,Haemophilus influenzae,0.9921289949286882,0.007871005071311776,0.9921289949286882,0.007871005071311776,1,,Low confidence,Avoid,True,7
SYNTH_0035,Cefotaxime,Haemophilus influenzae,0.9922417728411854,0.007758227158814579,0.9922417728411854,0.007758227158814579,1,,Low confidence,Avoid,True,8
SYNTH_0035,Tetracycline,Streptococcus pneumoniae,0.6935778195015679,0.30642218049843206,0.6935778195015679,0.30642218049843206,1,,Low confidence,Avoid,True,1
SYNTH_0035,Doxycycline,Streptococcus pneumoniae,0.7228615864792807,0.27713841352071933,0.7228615864792807,0.27713841352071933,1,,Low confidence,Avoid,True,2
SYNTH_0036,Trimethoprim Sulfa,Haemophilus influenzae,0.5589491872190393,0.4410508127809607,0.5589491872190393,0.4410508127809607,1,,Low confidence,Avoid,True,1
SYNTH_0036,Levofloxacin,Haemophilus influenzae,0.7634953030083789,0.23650469699162113,0.7634953030083789,0.23650469699162113,1,,Low confidence,Avoid,True,2
SYNTH_0036,Ceftibuten,Haemophilus influenzae,0.8445163297837732,0.15548367021622678,0.8445163297837732,0.15548367021622678,1,,Low confidence,Avoid,True,3
SYNTH_0036,Cefixime,Haemophilus influenzae,0.9423578397664791,0.05764216023352087,0.9423578397664791,0.05764216023352087,1,,Low confidence,Avoid,True,4
SYNTH_0036,Cefpodoxime,Haemophilus influenzae,0.9497087542948929,0.050291245705107124,0.9497087542948929,0.050291245705107124,1,,Low confidence,Avoid,True,5
SYNTH_0036,Ceftriaxone,Haemophilus influenzae,0.9808856953254749,0.01911430467452513,0.9808856953254749,0.01911430467452513,1,,Low confidence,Avoid,True,6
SYNTH_0036,Cefotaxime,Haemophilus influenzae,0.9914460548522053,0.008553945147794728,0.9914460548522053,0.008553945147794728,1,,Low confidence,Avoid,True,7
SYNTH_0036,Tetracycline,Haemophilus influenzae,0.9914720722149845,0.008527927785015543,0.9914720722149845,0.008527927785015543,1,,Low confidence,Avoid,True,8
SYNTH_0036,Tetracycline,Streptococcus pneumoniae,0.7174577464826234,0.2825422535173766,0.7174577464826234,0.2825422535173766,1,,Low confidence,Avoid,True,1
SYNTH_0036,Doxycycline,Streptococcus pneumoniae,0.7471834109222989,0.2528165890777011,0.7471834109222989,0.2528165890777011,1,,Low confidence,Avoid,True,2
SYNTH_0037,Trimethoprim Sulfa,Haemophilus influenzae,0.5803166126993647,0.41968338730063526,0.5803166126993647,0.41968338730063526,1,,Low confidence,Avoid,True,1
SYNTH_0037,Ceftibuten,Haemophilus influenzae,0.8273056097903648,0.17269439020963517,0.8273056097903648,0.17269439020963517,1,,Low confidence,Avoid,True,2
SYNTH_0037,Cefpodoxime,Haemophilus influenzae,0.8342103322759865,0.1657896677240135,0.8342103322759865,0.1657896677240135,1,,Low confidence,Avoid,True,3
SYNTH_0037,Levofloxacin,Haemophilus influenzae,0.9199729987802998,0.08002700121970019,0.9199729987802998,0.08002700121970019,1,,Low confidence,Avoid,True,4
SYNTH_0037,Cefixime,Haemophilus influenzae,0.9455903737285013,0.0544096262714987,0.9455903737285013,0.0544096262714987,1,,Low confidence,Avoid,True,5
SYNTH_0037,Ceftriaxone,Haemophilus influenzae,0.9890579919692017,0.010942008030798256,0.9890579919692017,0.010942008030798256,1,,Low confidence,Avoid,True,6
SYNTH_0037,Tetracycline,Haemophilus influenzae,0.9920046358238297,0.007995364176170305,0.9920046358238297,0.007995364176170305,1,,Low confidence,Avoid,True,7
SYNTH_0037,Cefotaxime,Haemophilus influenzae,0.9926402726565888,0.007359727343411171,0.9926402726565888,0.007359727343411171,1,,Low confidence,Avoid,True,8
SYNTH_0037,Doxycycline,Streptococcus pneumoniae,0.6283294007610326,0.3716705992389674,0.6283294007610326,0.3716705992389674,1,,Low confidence,Avoid,True,1
SYNTH_0037,Tetracycline,Streptococcus pneumoniae,0.662506475239297,0.33749352476070305,0.662506475239297,0.33749352476070305,1,,Low confidence,Avoid,True,2
SYNTH_0038,Trimethoprim Sulfa,Haemophilus influenzae,0.5957025549088233,0.4042974450911767,0.5957025549088233,0.4042974450911767,1,,Low confidence,Avoid,True,1
SYNTH_0038,Ceftibuten,Haemophilus influenzae,0.7683330299929075,0.23166697000709247,0.7683330299929075,0.23166697000709247,1,,Low confidence,Avoid,True,2
SYNTH_0038,Cefpodoxime,Haemophilus influenzae,0.800520435484045,0.19947956451595505,0.800520435484045,0.19947956451595505,1,,Low confidence,Avoid,True,3
SYNTH_0038,Levofloxacin,Haemophilus influenzae,0.9215975470863877,0.07840245291361225,0.9215975470863877,0.07840245291361225,1,,Low confidence,Avoid,True,4
SYNTH_0038,Cefixime,Haemophilus influenzae,0.9452706723822655,0.054729327617734524,0.9452706723822655,0.054729327617734524,1,,Low confidence,Avoid,True,5
SYNTH_0038,Ceftriaxone,Haemophilus influenzae,0.9886956290644147,0.01130437093558534,0.9886956290644147,0.01130437093558534,1,,Low confidence,Avoid,True,6
SYNTH_0038,Tetracycline,Haemophilus influenzae,0.992070792920226,0.007929207079773959,0.992070792920226,0.007929207079773959,1,,Low confidence,Avoid,True,7
SYNTH_0038,Cefotaxime,Haemophilus influenzae,0.9926150165001651,0.007384983499834852,0.9926150165001651,0.007384983499834852,1,,Low confidence,Avoid,True,8
SYNTH_0038,Doxycycline,Streptococcus pneumoniae,0.6038607029649736,0.39613929703502637,0.6038607029649736,0.39613929703502637,1,,Low confidence,Avoid,True,1
SYNTH_0038,Tetracycline,Streptococcus pneumoniae,0.65389282241868,0.34610717758132004,0.65389282241868,0.34610717758132004,1,,Low confidence,Avoid,True,2
SYNTH_0039,Trimethoprim Sulfa,Haemophilus influenzae,0.5793016735755393,0.4206983264244607,0.5793016735755393,0.4206983264244607,1,,Low confidence,Avoid,True,1
SYNTH_0039,Cefpodoxime,Haemophilus influenzae,0.6801603339088041,0.31983966609119585,0.6801603339088041,0.31983966609119585,1,,Low confidence,Avoid,True,2
SYNTH_0039,Ceftibuten,Haemophilus influenzae,0.6819802672492916,0.3180197327507084,0.6819802672492916,0.3180197327507084,1,,Low confidence,Avoid,True,3
SYNTH_0039,Levofloxacin,Haemophilus influenzae,0.9217548011183363,0.0782451988816637,0.9217548011183363,0.0782451988816637,1,,Low confidence,Avoid,True,4
SYNTH_0039,Cefixime,Haemophilus influenzae,0.935773689602383,0.06422631039761695,0.935773689602383,0.06422631039761695,1,,Low confidence,Avoid,True,5
SYNTH_0039,Ceftriaxone,Haemophilus influenzae,0.988975484410403,0.01102451558959705,0.988975484410403,0.01102451558959705,1,,Low confidence,Avoid,True,6
SYNTH_0039,Tetracycline,Haemophilus influenzae,0.9920920610014446,0.007907938998555353,0.9920920610014446,0.007907938998555353,1,,Low confidence,Avoid,True,7
SYNTH_0039,Cefotaxime,Haemophilus influenzae,0.9926402726565888,0.007359727343411171,0.9926402726565888,0.007359727343411171,1,,Low confidence,Avoid,True,8
SYNTH_0039,Doxycycline,Streptococcus pneumoniae,0.6798877919957262,0.32011220800427376,0.6798877919957262,0.32011220800427376,1,,Low confidence,Avoid,True,1
SYNTH_0039,Tetracycline,Streptococcus pneumoniae,0.6896472168836738,0.3103527831163262,0.6896472168836738,0.3103527831163262,1,,Low confidence,Avoid,True,2
SYNTH_0040,Trimethoprim Sulfa,Haemophilus influenzae,0.5782461749100544,0.42175382508994563,0.5782461749100544,0.42175382508994563,1,,Low confidence,Avoid,True,1
SYNTH_0040,Levofloxacin,Haemophilus influenzae,0.7605967592452616,0.2394032407547384,0.7605967592452616,0.2394032407547384,1,,Low confidence,Avoid,True,2
SYNTH_0040,Cefixime,Haemophilus influenzae,0.8026804332836125,0.1973195667163875,0.8026804332836125,0.1973195667163875,1,,Low confidence,Avoid,True,3
SYNTH_0040,Cefpodoxime,Haemophilus influenzae,0.9463849112933864,0.05361508870661358,0.9463849112933864,0.05361508870661358,1,,Low confidence,Avoid,True,4
SYNTH_0040,Ceftibuten,Haemophilus influenzae,0.9608333170394951,0.03916668296050485,0.9608333170394951,0.03916668296050485,1,,Low confidence,Avoid,True,5
SYNTH_0040,Ceftriaxone,Haemophilus influenzae,0.9918361674199341,0.008163832580065922,0.9918361674199341,0.008163832580065922,1,,Low confidence,Avoid,True,6
SYNTH_0040,Tetracycline,Haemophilus influenzae,0.9920406321188675,0.007959367881132495,0.9920406321188675,0.007959367881132495,1,,Low confidence,Avoid,True,7
SYNTH_0040,Cefotaxime,Haemophilus influenzae,0.9923777184582232,0.007622281541776799,0.9923777184582232,0.007622281541776799,1,,Low confidence,Avoid,True,8
SYNTH_0040,Tetracycline,Streptococcus pneumoniae,0.7083979819213508,0.29160201807864916,0.7083979819213508,0.29160201807864916,1,,Low confidence,Avoid,True,1
SYNTH_0040,Doxycycline,Streptococcus pneumoniae,0.7434636343598949,0.25653636564010507,0.7434636343598949,0.25653636564010507,1,,Low confidence,Avoid,True,2
SYNTH_0041,Trimethoprim Sulfa,Haemophilus influenzae,0.45656683963137706,0.5434331603686229,0.5434331603686229,0.5434331603686229,1,,Moderate confidence,Consider,True,1
SYNTH_0041,Ceftibuten,Haemophilus influenzae,0.6653859262304508,0.3346140737695492,0.6653859262304508,0.3346140737695492,1,,Low confidence,Avoid,True,2
SYNTH_0041,Levofloxacin,Haemophilus influenzae,0.7610628955706329,0.2389371044293671,0.7610628955706329,0.2389371044293671,1,,Low confidence,Avoid,True,3
SYNTH_0041,Cefpodoxime,Haemophilus influenzae,0.770155990469939,0.229844009530061,0.770155990469939,0.229844009530061,1,,Low confidence,Avoid,True,4
SYNTH_0041,Cefixime,Haemophilus influenzae,0.8652144571513578,0.1347855428486422,0.8652144571513578,0.1347855428486422,1,,Low confidence,Avoid,True,5
SYNTH_0041,Ceftriaxone,Haemophilus influenzae,0.9741620933055998,0.025837906694400226,0.9741620933055998,0.025837906694400226,1,,Low confidence,Avoid,True,6
SYNTH_0041,Cefotaxime,Haemophilus influenzae,0.9782100058273615,0.021789994172638494,0.9782100058273615,0.021789994172638494,1,,Low confidence,Avoid,True,7
SYNTH_0041,Tetracycline,Haemophilus influenzae,0.9845794417072318,0.015420558292768227,0.9845794417072318,0.015420558292768227,1,,Low confidence,Avoid,True,8
SYNTH_0041,Tetracycline,Streptococcus pneumoniae,0.6815635996840813,0.3184364003159187,0.6815635996840813,0.3184364003159187,1,,Low confidence,Avoid,True,1
SYNTH_0041,Doxycycline,Streptococcus pneumoniae,0.6942005880967204,0.30579941190327964,0.6942005880967204,0.30579941190327964,1,,Low confidence,Avoid,True,2
SYNTH_0042,Trimethoprim Sulfa,Haemophilus influenzae,0.5936905008433719,0.40630949915662806,0.5936905008433719,0.40630949915662806,1,,Low confidence,Avoid,True,1
SYNTH_0042,Cefpodoxime,Haemophilus influenzae,0.837370738169142,0.16262926183085802,0.837370738169142,0.16262926183085802,1,,Low confidence,Avoid,True,2
SYNTH_0042,Ceftibuten,Haemophilus influenzae,0.8480385752129178,0.1519614247870822,0.8480385752129178,0.1519614247870822,1,,Low confidence,Avoid,True,3
SYNTH_0042,Levofloxacin,Haemophilus influenzae,0.9199729987802998,0.08002700121970019,0.9199729987802998,0.08002700121970019,1,,Low confidence,Avoid,True,4
SYNTH_0042,Cefixime,Haemophilus influenzae,0.9458951117959191,0.05410488820408088,0.9458951117959191,0.05410488820408088,1,,Low confidence,Avoid,True,5
SYNTH_0042,Ceftriaxone,Haemophilus influenzae,0.9892267128468021,0.010773287153197919,0.9892267128468021,0.010773287153197919,1,,Low confidence,Avoid,True,6
SYNTH_0042,Tetracycline,Haemophilus influenzae,0.991981452277059,0.008018547722940972,0.991981452277059,0.008018547722940972,1,,Low confidence,Avoid,True,7
SYNTH_0042,Cefotaxime,Haemophilus influenzae,0.9926402726565888,0.007359727343411171,0.9926402726565888,0.007359727343411171,1,,Low confidence,Avoid,True,8
SYNTH_0042,Tetracycline,Streptococcus pneumoniae,0.7008388940746253,0.2991611059253747,0.7008388940746253,0.2991611059253747,1,,Low confidence,Avoid,True,1
SYNTH_0042,Doxycycline,Streptococcus pneumoniae,0.7086619365862022,0.29133806341379775,0.7086619365862022,0.29133806341379775,1,,Low confidence,Avoid,True,2
SYNTH_0043,Trimethoprim Sulfa,Haemophilus influenzae,0.5743247667135425,0.4256752332864575,0.5743247667135425,0.4256752332864575,1,,Low confidence,Avoid,True,1
SYNTH_0043,Ceftibuten,Haemophilus influenzae,0.8691882790936051,0.13081172090639492,0.8691882790936051,0.13081172090639492,1,,Low confidence,Avoid,True,2
SYNTH_0043,Cefpodoxime,Haemophilus influenzae,0.8911520598431381,0.10884794015686194,0.8911520598431381,0.10884794015686194,1,,Low confidence,Avoid,True,3
SYNTH_0043,Levofloxacin,Haemophilus influenzae,0.9221552274117901,0.07784477258820988,0.9221552274117901,0.07784477258820988,1,,Low confidence,Avoid,True,4
SYNTH_0043,Cefixime,Haemophilus influenzae,0.9414679805884412,0.05853201941155883,0.9414679805884412,0.05853201941155883,1,,Low confidence,Avoid,True,5
SYNTH_0043,Ceftriaxone,Haemophilus influenzae,0.9883178857661795,0.011682114233820484,0.9883178857661795,0.011682114233820484,1,,Low confidence,Avoid,True,6
SYNTH_0043,Tetracycline,Haemophilus influenzae,0.9910314091751837,0.00896859082481627,0.9910314091751837,0.00896859082481627,1,,Low confidence,Avoid,True,7
SYNTH_0043,Cefotaxime,Haemophilus influenzae,0.9924123838280835,0.0075876161719165,0.9924123838280835,0.0075876161719165,1,,Low confidence,Avoid,True,8
SYNTH_0043,Doxycycline,Streptococcus pneumoniae,0.6861075286038785,0.31389247139612153,0.6861075286038785,0.31389247139612153,1,,Low confidence,Avoid,True,1
SYNTH_0043,Tetracycline,Streptococcus pneumoniae,0.6880528137968448,0.3119471862031552,0.6880528137968448,0.3119471862031552,1,,Low confidence,Avoid,True,2
SYNTH_0044,Trimethoprim Sulfa,Haemophilus influenzae,0.5644078912577303,0.4355921087422697,0.5644078912577303,0.4355921087422697,1,,Low confidence,Avoid,True,1
SYNTH_0044,Ceftibuten,Haemophilus influenzae,0.8510314508579025,0.14896854914209745,0.8510314508579025,0.14896854914209745,1,,Low confidence,Avoid,True,2
SYNTH_0044,Levofloxacin,Haemophilus influenzae,0.924539290837958,0.07546070916204195,0.924539290837958,0.07546070916204195,1,,Low confidence,Avoid,True,3
SYNTH_0044,Cefixime,Haemophilus influenzae,0.9420045531197857,0.057995446880214296,0.9420045531197857,0.057995446880214296,1,,Low confidence,Avoid,True,4
SYNTH_0044,Ceftriaxone,Haemophilus influenzae,0.9461613672367919,0.053838632763208105,0.9461613672367919,0.053838632763208105,1,,Low confidence,Avoid,True,5
SYNTH_0044,Cefpodoxime,Haemophilus influenzae,0.95267374184134,0.047326258158659984,0.95267374184134,0.047326258158659984,1,,Low confidence,Avoid,True,6
SYNTH_0044,Cefotaxime,Haemophilus influenzae,0.9907433553246975,0.009256644675302517,0.9907433553246975,0.009256644675302517,1,,Low confidence,Avoid,True,7
SYNTH_0044,Tetracycline,Haemophilus influenzae,0.9916207748894624,0.00837922511053757,0.9916207748894624,0.00837922511053757,1,,Low confidence,Avoid,True,8
SYNTH_0044,Tetracycline,Streptococcus pneumoniae,0.6815635996840813,0.3184364003159187,0.6815635996840813,0.3184364003159187,1,,Low confidence,Avoid,True,1
SYNTH_0044,Doxycycline,Streptococcus pneumoniae,0.6942005880967204,0.30579941190327964,0.6942005880967204,0.30579941190327964,1,,Low confidence,Avoid,True,2
SYNTH_0045,Trimethoprim Sulfa,Haemophilus influenzae,0.5818376847391672,0.4181623152608328,0.5818376847391672,0.4181623152608328,1,,Low confidence,Avoid,True,1
SYNTH_0045,Cefpodoxime,Haemophilus influenzae,0.8166432577929381,0.18335674220706188,0.8166432577929381,0.18335674220706188,1,,Low confidence,Avoid,True,2
SYNTH_0045,Levofloxacin,Haemophilus influenzae,0.9263257533694172,0.07367424663058275,0.9263257533694172,0.07367424663058275,1,,Low confidence,Avoid,True,3
SYNTH_0045,Cefixime,Haemophilus influenzae,0.9364406442256923,0.06355935577430771,0.9364406442256923,0.06355935577430771,1,,Low confidence,Avoid,True,4
SYNTH_0045,Ceftibuten,Haemophilus influenzae,0.9644453237782316,0.035554676221768444,0.9644453237782316,0.035554676221768444,1,,Low confidence,Avoid,True,5
SYNTH_0045,Tetracycline,Haemophilus influenzae,0.991981452277059,0.008018547722940972,0.991981452277059,0.008018547722940972,1,,Low confidence,Avoid,True,6
SYNTH_0045,Cefotaxime,Haemophilus influenzae,0.9926402726565888,0.007359727343411171,0.9926402726565888,0.007359727343411171,1,,Low confidence,Avoid,True,7
SYNTH_0045,Ceftriaxone,Haemophilus influenzae,0.993931493698488,0.006068506301512011,0.993931493698488,0.006068506301512011,1,,Low confidence,Avoid,True,8
SYNTH_0045,Doxycycline,Streptococcus pneumoniae,0.6465278283162921,0.3534721716837079,0.6465278283162921,0.3534721716837079,1,,Low confidence,Avoid,True,1
SYNTH_0045,Tetracycline,Streptococcus pneumoniae,0.6697986653323923,0.3302013346676077,0.6697986653323923,0.3302013346676077,1,,Low confidence,Avoid,True,2
SYNTH_0046,Trimethoprim Sulfa,Haemophilus influenzae,0.5756659198002356,0.4243340801997644,0.5756659198002356,0.4243340801997644,1,,Low confidence,Avoid,True,1
SYNTH_0046,Levofloxacin,Haemophilus influenzae,0.7468197561868473,0.25318024381315274,0.7468197561868473,0.25318024381315274,1,,Low confidence,Avoid,True,2
SYNTH_0046,Cefpodoxime,Haemophilus influenzae,0.846878577872799,0.15312142212720103,0.846878577872799,0.15312142212720103,1,,Low confidence,Avoid,True,3
SYNTH_0046,Ceftibuten,Haemophilus influenzae,0.8889902900808473,0.11100970991915271,0.8889902900808473,0.11100970991915271,1,,Low confidence,Avoid,True,4
SYNTH_0046,Cefixime,Haemophilus influenzae,0.936818254639239,0.06318174536076104,0.936818254639239,0.06318174536076104,1,,Low confidence,Avoid,True,5
SYNTH_0046,Tetracycline,Haemophilus influenzae,0.9869287232936028,0.013071276706397184,0.9869287232936028,0.013071276706397184,1,,Low confidence,Avoid,True,6
SYNTH_0046,Cefotaxime,Haemophilus influenzae,0.9926402726565888,0.007359727343411171,0.9926402726565888,0.007359727343411171,1,,Low confidence,Avoid,True,7
SYNTH_0046,Ceftriaxone,Haemophilus influenzae,0.9945038205356085,0.005496179464391515,0.9945038205356085,0.005496179464391515,1,,Low confidence,Avoid,True,8
SYNTH_0046,Doxycycline,Streptococcus pneumoniae,0.6057016043596194,0.3942983956403806,0.6057016043596194,0.3942983956403806,1,,Low confidence,Avoid,True,1
SYNTH_0046,Tetracycline,Streptococcus pneumoniae,0.6545005912216154,0.3454994087783846,0.6545005912216154,0.3454994087783846,1,,Low confidence,Avoid,True,2
SYNTH_0047,Tetracycline,Haemophilus influenzae,0.4545402068960927,0.5454597931039074,0.5454597931039074,0.5454597931039074,0,,Moderate confidence,Consider,True,1
SYNTH_0047,Trimethoprim Sulfa,Haemophilus influenzae,0.5768768890305306,0.4231231109694694,0.5768768890305306,0.4231231109694694,1,,Low confidence,Avoid,True,2
SYNTH_0047,Cefpodoxime,Haemophilus influenzae,0.6207607763604011,0.37923922363959894,0.6207607763604011,0.37923922363959894,1,,Low confidence,Avoid,True,3
SYNTH_0047,Levofloxacin,Haemophilus influenzae,0.7680992070117962,0.23190079298820376,0.7680992070117962,0.23190079298820376,1,,Low confidence,Avoid,True,4
SYNTH_0047,Ceftibuten,Haemophilus influenzae,0.8324606281019135,0.16753937189808654,0.8324606281019135,0.16753937189808654,1,,Low confidence,Avoid,True,5
SYNTH_0047,Cefixime,Haemophilus influenzae,0.9452721510731351,0.054727848926864886,0.9452721510731351,0.054727848926864886,1,,Low confidence,Avoid,True,6
SYNTH_0047,Cefotaxime,Haemophilus influenzae,0.9922714690219563,0.007728530978043713,0.9922714690219563,0.007728530978043713,1,,Low confidence,Avoid,True,7
SYNTH_0047,Ceftriaxone,Haemophilus influenzae,0.9934275240358807,0.006572475964119251,0.9934275240358807,0.006572475964119251,1,,Low confidence,Avoid,True,8
SYNTH_0047,Doxycycline,Streptococcus pneumoniae,0.6092840870909682,0.39071591290903185,0.6092840870909682,0.39071591290903185,1,,Low confidence,Avoid,True,1
SYNTH_0047,Tetracycline,Streptococcus pneumoniae,0.6557000599173494,0.34429994008265064,0.6557000599173494,0.34429994008265064,1,,Low confidence,Avoid,True,2
SYNTH_0048,Trimethoprim Sulfa,Haemophilus influenzae,0.5738814104699729,0.4261185895300271,0.5738814104699729,0.4261185895300271,1,,Low confidence,Avoid,True,1
SYNTH_0048,Ceftibuten,Haemophilus influenzae,0.853619396420525,0.14638060357947502,0.853619396420525,0.14638060357947502,1,,Low confidence,Avoid,True,2
SYNTH_0048,Levofloxacin,Haemophilus influenzae,0.9061758463924807,0.09382415360751928,0.9061758463924807,0.09382415360751928,1,,Low confidence,Avoid,True,3
SYNTH_0048,Cefixime,Haemophilus influenzae,0.9403415983659539,0.05965840163404612,0.9403415983659539,0.05965840163404612,1,,Low confidence,Avoid,True,4
SYNTH_0048,Cefpodoxime,Haemophilus influenzae,0.94511531854035,0.054884681459649975,0.94511531854035,0.054884681459649975,1,,Low confidence,Avoid,True,5
SYNTH_0048,Cefotaxime,Haemophilus influenzae,0.9904661644670029,0.009533835532997137,0.9904661644670029,0.009533835532997137,1,,Low confidence,Avoid,True,6
SYNTH_0048,Tetracycline,Haemophilus influenzae,0.9917770170698393,0.00822298293016066,0.9917770170698393,0.00822298293016066,1,,Low confidence,Avoid,True,7
SYNTH_0048,Ceftriaxone,Haemophilus influenzae,0.992867584598995,0.0071324154010049545,0.992867584598995,0.0071324154010049545,1,,Low confidence,Avoid,True,8
SYNTH_0048,Doxycycline,Streptococcus pneumoniae,0.6864715696363196,0.3135284303636804,0.6864715696363196,0.3135284303636804,1,,Low confidence,Avoid,True,1
SYNTH_0048,Tetracycline,Streptococcus pneumoniae,0.6865158366354969,0.31348416336450313,0.6865158366354969,0.31348416336450313,1,,Low confidence,Avoid,True,2
SYNTH_0049,Cefotaxime,Haemophilus influenzae,0.1327647179205754,0.8672352820794246,0.8672352820794245,0.8672352820794246,0,,High confidence,Recommend,True,1
SYNTH_0049,Trimethoprim Sulfa,Haemophilus influenzae,0.45962053619537846,0.5403794638046215,0.5403794638046215,0.5403794638046215,1,,Moderate confidence,Consider,True,2
SYNTH_0049,Ceftibuten,Haemophilus influenzae,0.4622900075151497,0.5377099924848503,0.5377099924848503,0.5377099924848503,1,,Moderate confidence,Consider,True,3
SYNTH_0049,Ceftriaxone,Haemophilus influenzae,0.5026734277581758,0.4973265722418242,0.5026734277581758,0.4973265722418242,1,,Low confidence,Avoid,True,4
SYNTH_0049,Cefixime,Haemophilus influenzae,0.5623180497483663,0.4376819502516337,0.5623180497483663,0.4376819502516337,1,,Low confidence,Avoid,True,5
SYNTH_0049,Cefpodoxime,Haemophilus influenzae,0.6257336387925995,0.37426636120740053,0.6257336387925995,0.37426636120740053,1,,Low confidence,Avoid,True,6
SYNTH_0049,Levofloxacin,Haemophilus influenzae,0.7497587014683542,0.2502412985316458,0.7497587014683542,0.2502412985316458,1,,Low confidence,Avoid,True,7
SYNTH_0049,Tetracycline,Haemophilus influenzae,0.9845732255247276,0.015426774475272409,0.9845732255247276,0.015426774475272409,1,,Low confidence,Avoid,True,8
SYNTH_0049,Doxycycline,Streptococcus pneumoniae,0.6453348630736226,0.35466513692637736,0.6453348630736226,0.35466513692637736,1,,Low confidence,Avoid,True,1
SYNTH_0049,Tetracycline,Streptococcus pneumoniae,0.6692958124687434,0.33070418753125663,0.6692958124687434,0.33070418753125663,1,,Low confidence,Avoid,True,2
SYNTH_0050,Trimethoprim Sulfa,Haemophilus influenzae,0.6244823917943718,0.3755176082056282,0.6244823917943718,0.3755176082056282,1,,Low confidence,Avoid,True,1
SYNTH_0050,Levofloxacin,Haemophilus influenzae,0.8859149507098525,0.11408504929014751,0.8859149507098525,0.11408504929014751,1,,Low confidence,Avoid,True,2
SYNTH_0050,Cefpodoxime,Haemophilus influenzae,0.8888570243462894,0.11114297565371056,0.8888570243462894,0.11114297565371056,1,,Low confidence,Avoid,True,3
SYNTH_0050,Cefixime,Haemophilus influenzae,0.9357207328238555,0.06427926717614452,0.9357207328238555,0.06427926717614452,1,,Low confidence,Avoid,True,4
SYNTH_0050,Ceftibuten,Haemophilus influenzae,0.964603503332871,0.03539649666712896,0.964603503332871,0.03539649666712896,1,,Low confidence,Avoid,True,5
SYNTH_0050,Tetracycline,Haemophilus influenzae,0.9918592429075093,0.008140757092490736,0.9918592429075093,0.008140757092490736,1,,Low confidence,Avoid,True,6
SYNTH_0050,Ceftriaxone,Haemophilus influenzae,0.9923736083064133,0.007626391693586698,0.9923736083064133,0.007626391693586698,1,,Low confidence,Avoid,True,7
SYNTH_0050,Cefotaxime,Haemophilus influenzae,0.9926402726565888,0.007359727343411171,0.9926402726565888,0.007359727343411171,1,,Low confidence,Avoid,True,8
SYNTH_0050,Doxycycline,Streptococcus pneumoniae,0.6038607029649736,0.39613929703502637,0.6038607029649736,0.39613929703502637,1,,Low confidence,Avoid,True,1
SYNTH_0050,Tetracycline,Streptococcus pneumoniae,0.65389282241868,0.34610717758132004,0.65389282241868,0.34610717758132004,1,,Low confidence,Avoid,True,2
SYNTH_0051,Trimethoprim Sulfa,Haemophilus influenzae,0.5687286178657901,0.4312713821342099,0.5687286178657901,0.4312713821342099,1,,Low confidence,Avoid,True,1
SYNTH_0051,Ceftibuten,Haemophilus influenzae,0.9081019426751984,0.09189805732480161,0.9081019426751984,0.09189805732480161,1,,Low confidence,Avoid,True,2
SYNTH_0051,Levofloxacin,Haemophilus influenzae,0.9256057266441161,0.07439427335588389,0.9256057266441161,0.07439427335588389,1,,Low confidence,Avoid,True,3
SYNTH_0051,Cefpodoxime,Haemophilus influenzae,0.9332411652202621,0.06675883477973787,0.9332411652202621,0.06675883477973787,1,,Low confidence,Avoid,True,4
SYNTH_0051,Cefixime,Haemophilus influenzae,0.940705652870258,0.05929434712974202,0.940705652870258,0.05929434712974202,1,,Low confidence,Avoid,True,5
SYNTH_0051,Ceftriaxone,Haemophilus influenzae,0.987882238151405,0.012117761848595032,0.987882238151405,0.012117761848595032,1,,Low confidence,Avoid,True,6
SYNTH_0051,Tetracycline,Haemophilus influenzae,0.9918038363025319,0.008196163697468117,0.9918038363025319,0.008196163697468117,1,,Low confidence,Avoid,True,7
SYNTH_0051,Cefotaxime,Haemophilus influenzae,0.9922714690219563,0.007728530978043713,0.9922714690219563,0.007728530978043713,1,,Low confidence,Avoid,True,8
SYNTH_0051,Doxycycline,Streptococcus pneumoniae,0.6453348630736226,0.35466513692637736,0.6453348630736226,0.35466513692637736,1,,Low confidence,Avoid,True,1
SYNTH_0051,Tetracycline,Streptococcus pneumoniae,0.6692958124687434,0.33070418753125663,0.6692958124687434,0.33070418753125663,1,,Low confidence,Avoid,True,2
SYNTH_0052,Trimethoprim Sulfa,Haemophilus influenzae,0.5228357762546266,0.4771642237453734,0.5228357762546266,0.4771642237453734,1,,Low confidence,Avoid,True,1
SYNTH_0052,Cefpodoxime,Haemophilus influenzae,0.8402309461823094,0.15976905381769058,0.8402309461823094,0.15976905381769058,1,,Low confidence,Avoid,True,2
SYNTH_0052,Levofloxacin,Haemophilus influenzae,0.87630143553477,0.12369856446522998,0.87630143553477,0.12369856446522998,1,,Low confidence,Avoid,True,3
SYNTH_0052,Cefixime,Haemophilus influenzae,0.965903112939329,0.034096887060671044,0.965903112939329,0.034096887060671044,1,,Low confidence,Avoid,True,4
SYNTH_0052,Ceftibuten,Haemophilus influenzae,0.9805149375510537,0.019485062448946322,0.9805149375510537,0.019485062448946322,1,,Low confidence,Avoid,True,5
SYNTH_0052,Tetracycline,Haemophilus influenzae,0.9839860542249215,0.01601394577507853,0.9839860542249215,0.01601394577507853,1,,Low confidence,Avoid,True,6
SYNTH_0052,Cefotaxime,Haemophilus influenzae,0.9907967168372107,0.009203283162789289,0.9907967168372107,0.009203283162789289,1,,Low confidence,Avoid,True,7
SYNTH_0052,Ceftriaxone,Haemophilus influenzae,0.9945630453434104,0.005436954656589554,0.9945630453434104,0.005436954656589554,1,,Low confidence,Avoid,True,8
SYNTH_0052,Doxycycline,Streptococcus pneumoniae,0.5369215704452215,0.4630784295547785,0.5369215704452215,0.4630784295547785,1,,Low confidence,Avoid,True,1
SYNTH_0052,Tetracycline,Streptococcus pneumoniae,0.6531916049602459,0.34680839503975414,0.6531916049602459,0.34680839503975414,1,,Low confidence,Avoid,True,2
SYNTH_0053,Trimethoprim Sulfa,Haemophilus influenzae,0.5752003550346878,0.4247996449653122,0.5752003550346878,0.4247996449653122,1,,Low confidence,Avoid,True,1
SYNTH_0053,Cefixime,Haemophilus influenzae,0.6894774505544483,0.3105225494455517,0.6894774505544483,0.3105225494455517,1,,Low confidence,Avoid,True,2
SYNTH_0053,Levofloxacin,Haemophilus influenzae,0.7633385802019435,0.23666141979805655,0.7633385802019435,0.23666141979805655,1,,Low confidence,Avoid,True,3
SYNTH_0053,Ceftibuten,Haemophilus influenzae,0.7703849467608783,0.22961505323912168,0.7703849467608783,0.22961505323912168,1,,Low confidence,Avoid,True,4
SYNTH_0053,Cefpodoxime,Haemophilus influenzae,0.9160205249623676,0.08397947503763237,0.9160205249623676,0.08397947503763237,1,,Low confidence,Avoid,True,5
SYNTH_0053,Ceftriaxone,Haemophilus influenzae,0.991061553738209,0.008938446261790967,0.991061553738209,0.008938446261790967,1,,Low confidence,Avoid,True,6
SYNTH_0053,Cefotaxime,Haemophilus influenzae,0.9919717924045479,0.008028207595452086,0.9919717924045479,0.008028207595452086,1,,Low confidence,Avoid,True,7
SYNTH_0053,Tetracycline,Haemophilus influenzae,0.9920382986748036,0.007961701325196358,0.9920382986748036,0.007961701325196358,1,,Low confidence,Avoid,True,8
SYNTH_0053,Doxycycline,Streptococcus pneumoniae,0.6075091431981352,0.3924908568018648,0.6075091431981352,0.3924908568018648,1,,Low confidence,Avoid,True,1
SYNTH_0053,Tetracycline,Streptococcus pneumoniae,0.6551029522102165,0.3448970477897835,0.6551029522102165,0.3448970477897835,1,,Low confidence,Avoid,True,2
SYNTH_0054,Trimethoprim Sulfa,Haemophilus influenzae,0.5535875506743622,0.44641244932563784,0.5535875506743622,0.44641244932563784,1,,Low confidence,Avoid,True,1
SYNTH_0054,Cefixime,Haemophilus influenzae,0.7841907076407023,0.2158092923592977,0.7841907076407023,0.2158092923592977,1,,Low confidence,Avoid,True,2
SYNTH_0054,Cefpodoxime,Haemophilus influenzae,0.8888916641426405,0.11110833585735946,0.8888916641426405,0.11110833585735946,1,,Low confidence,Avoid,True,3
SYNTH_0054,Levofloxacin,Haemophilus influenzae,0.8960937470207098,0.10390625297929024,0.8960937470207098,0.10390625297929024,1,,Low confidence,Avoid,True,4
SYNTH_0054,Ceftibuten,Haemophilus influenzae,0.9639757787412284,0.03602422125877158,0.9639757787412284,0.03602422125877158,1,,Low confidence,Avoid,True,5
SYNTH_0054,Cefotaxime,Haemophilus influenzae,0.9908790981133068,0.009120901886693233,0.9908790981133068,0.009120901886693233,1,,Low confidence,Avoid,True,6
SYNTH_0054,Ceftriaxone,Haemophilus influenzae,0.9910161799033947,0.008983820096605255,0.9910161799033947,0.008983820096605255,1,,Low confidence,Avoid,True,7
SYNTH_0054,Tetracycline,Haemophilus influenzae,0.9919203057294549,0.008079694270545112,0.9919203057294549,0.008079694270545112,1,,Low confidence,Avoid,True,8
SYNTH_0054,Doxycycline,Streptococcus pneumoniae,0.6057016043596194,0.3942983956403806,0.6057016043596194,0.3942983956403806,1,,Low confidence,Avoid,True,1
SYNTH_0054,Tetracycline,Streptococcus pneumoniae,0.6545005912216154,0.3454994087783846,0.6545005912216154,0.3454994087783846,1,,Low confidence,Avoid,True,2
SYNTH_0055,Trimethoprim Sulfa,Haemophilus influenzae,0.5934970853673045,0.4065029146326955,0.5934970853673045,0.4065029146326955,1,,Low confidence,Avoid,True,1
SYNTH_0055,Ceftibuten,Haemophilus influenzae,0.8125126683779864,0.1874873316220136,0.8125126683779864,0.1874873316220136,1,,Low confidence,Avoid,True,2
SYNTH_0055,Cefpodoxime,Haemophilus influenzae,0.846438016238894,0.15356198376110597,0.846438016238894,0.15356198376110597,1,,Low confidence,Avoid,True,3
SYNTH_0055,Levofloxacin,Haemophilus influenzae,0.923380012222791,0.07661998777720902,0.923380012222791,0.07661998777720902,1,,Low confidence,Avoid,True,4
SYNTH_0055,Cefixime,Haemophilus influenzae,0.9376560929753353,0.062343907024664746,0.9376560929753353,0.062343907024664746,1,,Low confidence,Avoid,True,5
SYNTH_0055,Ceftriaxone,Haemophilus influenzae,0.9884773498433223,0.01152265015667775,0.9884773498433223,0.01152265015667775,1,,Low confidence,Avoid,True,6
SYNTH_0055,Tetracycline,Haemophilus influenzae,0.9920910497111274,0.007908950288872618,0.9920910497111274,0.007908950288872618,1,,Low confidence,Avoid,True,7
SYNTH_0055,Cefotaxime,Haemophilus influenzae,0.9926402726565888,0.007359727343411171,0.9926402726565888,0.007359727343411171,1,,Low confidence,Avoid,True,8
SYNTH_0055,Tetracycline,Streptococcus pneumoniae,0.7008388940746253,0.2991611059253747,0.7008388940746253,0.2991611059253747,1,,Low confidence,Avoid,True,1
SYNTH_0055,Doxycycline,Streptococcus pneumoniae,0.7086619365862022,0.29133806341379775,0.7086619365862022,0.29133806341379775,1,,Low confidence,Avoid,True,2
SYNTH_0056,Trimethoprim Sulfa,Haemophilus influenzae,0.5691033291464821,0.4308966708535179,0.5691033291464821,0.4308966708535179,1,,Low confidence,Avoid,True,1
SYNTH_0056,Cefpodoxime,Haemophilus influenzae,0.8189031107480101,0.18109688925198986,0.8189031107480101,0.18109688925198986,1,,Low confidence,Avoid,True,2
SYNTH_0056,Levofloxacin,Haemophilus influenzae,0.9282126281728298,0.07178737182717021,0.9282126281728298,0.07178737182717021,1,,Low confidence,Avoid,True,3
SYNTH_0056,Cefixime,Haemophilus influenzae,0.9366828164979282,0.06331718350207183,0.9366828164979282,0.06331718350207183,1,,Low confidence,Avoid,True,4
SYNTH_0056,Ceftibuten,Haemophilus influenzae,0.9631941045678921,0.03680589543210788,0.9631941045678921,0.03680589543210788,1,,Low confidence,Avoid,True,5
SYNTH_0056,Ceftriaxone,Haemophilus influenzae,0.9774039415827132,0.022596058417286846,0.9774039415827132,0.022596058417286846,1,,Low confidence,Avoid,True,6
SYNTH_0056,Tetracycline,Haemophilus influenzae,0.992070792920226,0.007929207079773959,0.992070792920226,0.007929207079773959,1,,Low confidence,Avoid,True,7
SYNTH_0056,Cefotaxime,Haemophilus influenzae,0.9924949222847349,0.007505077715265096,0.9924949222847349,0.007505077715265096,1,,Low confidence,Avoid,True,8
SYNTH_0056,Doxycycline,Streptococcus pneumoniae,0.6758899259406468,0.3241100740593532,0.6758899259406468,0.3241100740593532,1,,Low confidence,Avoid,True,1
SYNTH_0056,Tetracycline,Streptococcus pneumoniae,0.6831111159387008,0.3168888840612992,0.6831111159387008,0.3168888840612992,1,,Low confidence,Avoid,True,2
SYNTH_0057,Trimethoprim Sulfa,Haemophilus influenzae,0.6188150403151058,0.3811849596848942,0.6188150403151058,0.3811849596848942,1,,Low confidence,Avoid,True,1
SYNTH_0057,Cefpodoxime,Haemophilus influenzae,0.8894212149988796,0.1105787850011204,0.8894212149988796,0.1105787850011204,1,,Low confidence,Avoid,True,2
SYNTH_0057,Levofloxacin,Haemophilus influenzae,0.9100573782106771,0.08994262178932289,0.9100573782106771,0.08994262178932289,1,,Low confidence,Avoid,True,3
SYNTH_0057,Cefixime,Haemophilus influenzae,0.9510129795577484,0.04898702044225156,0.9510129795577484,0.04898702044225156,1,,Low confidence,Avoid,True,4
SYNTH_0057,Ceftibuten,Haemophilus influenzae,0.9629294053279555,0.03707059467204454,0.9629294053279555,0.03707059467204454,1,,Low confidence,Avoid,True,5
SYNTH_0057,Tetracycline,Haemophilus influenzae,0.990278769165991,0.009721230834008998,0.990278769165991,0.009721230834008998,1,,Low confidence,Avoid,True,6
SYNTH_0057,Ceftriaxone,Haemophilus influenzae,0.9909369181687617,0.009063081831238273,0.9909369181687617,0.009063081831238273,1,,Low confidence,Avoid,True,7
SYNTH_0057,Cefotaxime,Haemophilus influenzae,0.9913562118533493,0.008643788146650677,0.9913562118533493,0.008643788146650677,1,,Low confidence,Avoid,True,8
SYNTH_0057,Doxycycline,Streptococcus pneumoniae,0.6749355884121991,0.32506441158780086,0.6749355884121991,0.32506441158780086,1,,Low confidence,Avoid,True,1
SYNTH_0057,Tetracycline,Streptococcus pneumoniae,0.6826555354669032,0.31734446453309684,0.6826555354669032,0.31734446453309684,1,,Low confidence,Avoid,True,2
SYNTH_0058,Trimethoprim Sulfa,Haemophilus influenzae,0.5756547266709733,0.4243452733290267,0.5756547266709733,0.4243452733290267,1,,Low confidence,Avoid,True,1
SYNTH_0058,Cefpodoxime,Haemophilus influenzae,0.9050775892327103,0.09492241076728969,0.9050775892327103,0.09492241076728969,1,,Low confidence,Avoid,True,2
SYNTH_0058,Levofloxacin,Haemophilus influenzae,0.9235822848819367,0.07641771511806328,0.9235822848819367,0.07641771511806328,1,,Low confidence,Avoid,True,3
SYNTH_0058,Cefixime,Haemophilus influenzae,0.9387984911810602,0.06120150881893982,0.9387984911810602,0.06120150881893982,1,,Low confidence,Avoid,True,4
SYNTH_0058,Ceftibuten,Haemophilus influenzae,0.9617604236249099,0.03823957637509012,0.9617604236249099,0.03823957637509012,1,,Low confidence,Avoid,True,5
SYNTH_0058,Tetracycline,Haemophilus influenzae,0.9920921492590784,0.007907850740921596,0.9920921492590784,0.007907850740921596,1,,Low confidence,Avoid,True,6
SYNTH_0058,Cefotaxime,Haemophilus influenzae,0.9921502600611036,0.007849739938896372,0.9921502600611036,0.007849739938896372,1,,Low confidence,Avoid,True,7
SYNTH_0058,Ceftriaxone,Haemophilus influenzae,0.9931625133080912,0.006837486691908756,0.9931625133080912,0.006837486691908756,1,,Low confidence,Avoid,True,8
SYNTH_0058,Tetracycline,Streptococcus pneumoniae,0.6775459593946506,0.32245404060534943,0.6775459593946506,0.32245404060534943,1,,Low confidence,Avoid,True,1
SYNTH_0058,Doxycycline,Streptococcus pneumoniae,0.685859769080112,0.31414023091988796,0.685859769080112,0.31414023091988796,1,,Low confidence,Avoid,True,2
SYNTH_0059,Trimethoprim Sulfa,Haemophilus influenzae,0.5561970608826027,0.4438029391173973,0.5561970608826027,0.4438029391173973,1,,Low confidence,Avoid,True,1
SYNTH_0059,Cefpodoxime,Haemophilus influenzae,0.8238013798006975,0.17619862019930255,0.8238013798006975,0.17619862019930255,1,,Low confidence,Avoid,True,2
SYNTH_0059,Cefixime,Haemophilus influenzae,0.9319480061452723,0.06805199385472771,0.9319480061452723,0.06805199385472771,1,,Low confidence,Avoid,True,3
SYNTH_0059,Levofloxacin,Haemophilus influenzae,0.9375163462986909,0.06248365370130915,0.9375163462986909,0.06248365370130915,1,,Low confidence,Avoid,True,4
SYNTH_0059,Ceftibuten,Haemophilus influenzae,0.945788516616353,0.05421148338364701,0.945788516616353,0.05421148338364701,1,,Low confidence,Avoid,True,5
SYNTH_0059,Ceftriaxone,Haemophilus influenzae,0.9811704273414155,0.018829572658584537,0.9811704273414155,0.018829572658584537,1,,Low confidence,Avoid,True,6
SYNTH_0059,Tetracycline,Haemophilus influenzae,0.9856004601833599,0.014399539816640106,0.9856004601833599,0.014399539816640106,1,,Low confidence,Avoid,True,7
SYNTH_0059,Cefotaxime,Haemophilus influenzae,0.9923237055946569,0.00767629440534312,0.9923237055946569,0.00767629440534312,1,,Low confidence,Avoid,True,8
SYNTH_0059,Tetracycline,Streptococcus pneumoniae,0.6788933022543319,0.32110669774566813,0.6788933022543319,0.32110669774566813,1,,Low confidence,Avoid,True,1
SYNTH_0059,Doxycycline,Streptococcus pneumoniae,0.6886805552785777,0.31131944472142226,0.6886805552785777,0.31131944472142226,1,,Low confidence,Avoid,True,2
SYNTH_0060,Trimethoprim Sulfa,Haemophilus influenzae,0.5758784115247918,0.4241215884752082,0.5758784115247918,0.4241215884752082,1,,Low confidence,Avoid,True,1
SYNTH_0060,Cefixime,Haemophilus influenzae,0.7613771419966764,0.2386228580033236,0.7613771419966764,0.2386228580033236,1,,Low confidence,Avoid,True,2
SYNTH_0060,Levofloxacin,Haemophilus influenzae,0.8773299169756431,0.12267008302435689,0.8773299169756431,0.12267008302435689,1,,Low confidence,Avoid,True,3
SYNTH_0060,Cefpodoxime,Haemophilus influenzae,0.9227589669502759,0.07724103304972407,0.9227589669502759,0.07724103304972407,1,,Low confidence,Avoid,True,4
SYNTH_0060,Ceftibuten,Haemophilus influenzae,0.9649970434406082,0.035002956559391785,0.9649970434406082,0.035002956559391785,1,,Low confidence,Avoid,True,5
SYNTH_0060,Ceftriaxone,Haemophilus influenzae,0.9912420682935205,0.008757931706479538,0.9912420682935205,0.008757931706479538,1,,Low confidence,Avoid,True,6
SYNTH_0060,Tetracycline,Haemophilus influenzae,0.9920673529573468,0.007932647042653174,0.9920673529573468,0.007932647042653174,1,,Low confidence,Avoid,True,7
SYNTH_0060,Cefotaxime,Haemophilus influenzae,0.9925352904104863,0.007464709589513729,0.9925352904104863,0.007464709589513729,1,,Low confidence,Avoid,True,8
SYNTH_0060,Doxycycline,Streptococcus pneumoniae,0.688818446402958,0.311181553597042,0.688818446402958,0.311181553597042,1,,Low confidence,Avoid,True,1
SYNTH_0060,Tetracycline,Streptococcus pneumoniae,0.6893806435379493,0.31061935646205074,0.6893806435379493,0.31061935646205074,1,,Low confidence,Avoid,True,2
SYNTH_0061,Trimethoprim Sulfa,Haemophilus influenzae,0.5774016209177291,0.42259837908227094,0.5774016209177291,0.42259837908227094,1,,Low confidence,Avoid,True,1
SYNTH_0061,Levofloxacin,Haemophilus influenzae,0.7614333449318484,0.23856665506815156,0.7614333449318484,0.23856665506815156,1,,Low confidence,Avoid,True,2
SYNTH_0061,Cefixime,Haemophilus influenzae,0.940960344348176,0.05903965565182401,0.940960344348176,0.05903965565182401,1,,Low confidence,Avoid,True,3
SYNTH_0061,Cefpodoxime,Haemophilus influenzae,0.9451964063750754,0.054803593624924596,0.9451964063750754,0.054803593624924596,1,,Low confidence,Avoid,True,4
SYNTH_0061,Ceftibuten,Haemophilus influenzae,0.961663648068854,0.03833635193114604,0.961663648068854,0.03833635193114604,1,,Low confidence,Avoid,True,5
SYNTH_0061,Ceftriaxone,Haemophilus influenzae,0.9916306136844912,0.008369386315508764,0.9916306136844912,0.008369386315508764,1,,Low confidence,Avoid,True,6
SYNTH_0061,Tetracycline,Haemophilus influenzae,0.9920336753394128,0.00796632466058722,0.9920336753394128,0.00796632466058722,1,,Low confidence,Avoid,True,7
SYNTH_0061,Cefotaxime,Haemophilus influenzae,0.9923777184582232,0.007622281541776799,0.9923777184582232,0.007622281541776799,1,,Low confidence,Avoid,True,8
SYNTH_0061,Tetracycline,Streptococcus pneumoniae,0.6775459593946506,0.32245404060534943,0.6775459593946506,0.32245404060534943,1,,Low confidence,Avoid,True,1
SYNTH_0061,Doxycycline,Streptococcus pneumoniae,0.685859769080112,0.31414023091988796,0.685859769080112,0.31414023091988796,1,,Low confidence,Avoid,True,2
SYNTH_0062,Trimethoprim Sulfa,Haemophilus influenzae,0.5651898173403983,0.4348101826596017,0.5651898173403983,0.4348101826596017,1,,Low confidence,Avoid,True,1
SYNTH_0062,Cefpodoxime,Haemophilus influenzae,0.8876630977079337,0.11233690229206628,0.8876630977079337,0.11233690229206628,1,,Low confidence,Avoid,True,2
SYNTH_0062,Levofloxacin,Haemophilus influenzae,0.9231811808716616,0.07681881912833843,0.9231811808716616,0.07681881912833843,1,,Low confidence,Avoid,True,3
SYNTH_0062,Cefixime,Haemophilus influenzae,0.9384956037191117,0.06150439628088833,0.9384956037191117,0.06150439628088833,1,,Low confidence,Avoid,True,4
SYNTH_0062,Ceftibuten,Haemophilus influenzae,0.96529148775241,0.03470851224758997,0.96529148775241,0.03470851224758997,1,,Low confidence,Avoid,True,5
SYNTH_0062,Tetracycline,Haemophilus influenzae,0.9922099817175095,0.007790018282490485,0.9922099817175095,0.007790018282490485,1,,Low confidence,Avoid,True,6
SYNTH_0062,Cefotaxime,Haemophilus influenzae,0.9926402726565888,0.007359727343411171,0.9926402726565888,0.007359727343411171,1,,Low confidence,Avoid,True,7
SYNTH_0062,Ceftriaxone,Haemophilus influenzae,0.9934882920439827,0.006511707956017299,0.9934882920439827,0.006511707956017299,1,,Low confidence,Avoid,True,8
SYNTH_0062,Tetracycline,Streptococcus pneumoniae,0.6918776663709483,0.3081223336290517,0.6918776663709483,0.3081223336290517,1,,Low confidence,Avoid,True,1
SYNTH_0062,Doxycycline,Streptococcus pneumoniae,0.7196466450637834,0.2803533549362166,0.7196466450637834,0.2803533549362166,1,,Low confidence,Avoid,True,2
SYNTH_0063,Trimethoprim Sulfa,Haemophilus influenzae,0.5602469436170173,0.4397530563829827,0.5602469436170173,0.4397530563829827,1,,Low confidence,Avoid,True,1
SYNTH_0063,Levofloxacin,Haemophilus influenzae,0.7470431769482809,0.25295682305171907,0.7470431769482809,0.25295682305171907,1,,Low confidence,Avoid,True,2
SYNTH_0063,Cefixime,Haemophilus influenzae,0.8680236786303329,0.13197632136966708,0.8680236786303329,0.13197632136966708,1,,Low confidence,Avoid,True,3
SYNTH_0063,Cefpodoxime,Haemophilus influenzae,0.8878724878852602,0.11212751211473981,0.8878724878852602,0.11212751211473981,1,,Low confidence,Avoid,True,4
SYNTH_0063,Ceftibuten,Haemophilus influenzae,0.89026600649679,0.10973399350321,0.89026600649679,0.10973399350321,1,,Low confidence,Avoid,True,5
SYNTH_0063,Tetracycline,Haemophilus influenzae,0.9920950245095916,0.007904975490408361,0.9920950245095916,0.007904975490408361,1,,Low confidence,Avoid,True,6
SYNTH_0063,Cefotaxime,Haemophilus influenzae,0.9926150165001651,0.007384983499834852,0.9926150165001651,0.007384983499834852,1,,Low confidence,Avoid,True,7
SYNTH_0063,Ceftriaxone,Haemophilus influenzae,0.9942768769263957,0.0057231230736043415,0.9942768769263957,0.0057231230736043415,1,,Low confidence,Avoid,True,8
SYNTH_0063,Tetracycline,Streptococcus pneumoniae,0.6784451376241982,0.3215548623758018,0.6784451376241982,0.3215548623758018,1,,Low confidence,Avoid,True,1
SYNTH_0063,Doxycycline,Streptococcus pneumoniae,0.6877451592358804,0.3122548407641196,0.6877451592358804,0.3122548407641196,1,,Low confidence,Avoid,True,2
SYNTH_0064,Trimethoprim Sulfa,Haemophilus influenzae,0.5735023188064782,0.4264976811935218,0.5735023188064782,0.4264976811935218,1,,Low confidence,Avoid,True,1
SYNTH_0064,Levofloxacin,Haemophilus influenzae,0.8977210882338017,0.1022789117661983,0.8977210882338017,0.1022789117661983,1,,Low confidence,Avoid,True,2
SYNTH_0064,Cefpodoxime,Haemophilus influenzae,0.9050775892327103,0.09492241076728969,0.9050775892327103,0.09492241076728969,1,,Low confidence,Avoid,True,3
SYNTH_0064,Cefixime,Haemophilus influenzae,0.9377643832320824,0.062235616767917556,0.9377643832320824,0.062235616767917556,1,,Low confidence,Avoid,True,4
SYNTH_0064,Ceftibuten,Haemophilus influenzae,0.9605273059124562,0.039472694087543836,0.9605273059124562,0.039472694087543836,1,,Low confidence,Avoid,True,5
SYNTH_0064,Tetracycline,Haemophilus influenzae,0.9917470284737245,0.008252971526275465,0.9917470284737245,0.008252971526275465,1,,Low confidence,Avoid,True,6
SYNTH_0064,Cefotaxime,Haemophilus influenzae,0.9924074214849302,0.007592578515069781,0.9924074214849302,0.007592578515069781,1,,Low confidence,Avoid,True,7
SYNTH_0064,Ceftriaxone,Haemophilus influenzae,0.9927378525642346,0.007262147435765365,0.9927378525642346,0.007262147435765365,1,,Low confidence,Avoid,True,8
SYNTH_0064,Doxycycline,Streptococcus pneumoniae,0.6369518131713605,0.3630481868286395,0.6369518131713605,0.3630481868286395,1,,Low confidence,Avoid,True,1
SYNTH_0064,Tetracycline,Streptococcus pneumoniae,0.6669432746234801,0.33305672537651987,0.6669432746234801,0.33305672537651987,1,,Low confidence,Avoid,True,2
SYNTH_0065,Trimethoprim Sulfa,Haemophilus influenzae,0.5798098231708462,0.4201901768291538,0.5798098231708462,0.4201901768291538,1,,Low confidence,Avoid,True,1
SYNTH_0065,Ceftibuten,Haemophilus influenzae,0.7683330299929075,0.23166697000709247,0.7683330299929075,0.23166697000709247,1,,Low confidence,Avoid,True,2
SYNTH_0065,Cefpodoxime,Haemophilus influenzae,0.800520435484045,0.19947956451595505,0.800520435484045,0.19947956451595505,1,,Low confidence,Avoid,True,3
SYNTH_0065,Levofloxacin,Haemophilus influenzae,0.9215975470863877,0.07840245291361225,0.9215975470863877,0.07840245291361225,1,,Low confidence,Avoid,True,4
SYNTH_0065,Cefixime,Haemophilus influenzae,0.9452706723822655,0.054729327617734524,0.9452706723822655,0.054729327617734524,1,,Low confidence,Avoid,True,5
SYNTH_0065,Ceftriaxone,Haemophilus influenzae,0.9890190621920297,0.01098093780797027,0.9890190621920297,0.01098093780797027,1,,Low confidence,Avoid,True,6
SYNTH_0065,Tetracycline,Haemophilus influenzae,0.992070792920226,0.007929207079773959,0.992070792920226,0.007929207079773959,1,,Low confidence,Avoid,True,7
SYNTH_0065,Cefotaxime,Haemophilus influenzae,0.9926150165001651,0.007384983499834852,0.9926150165001651,0.007384983499834852,1,,Low confidence,Avoid,True,8
SYNTH_0065,Tetracycline,Streptococcus pneumoniae,0.6775459593946506,0.32245404060534943,0.6775459593946506,0.32245404060534943,1,,Low confidence,Avoid,True,1
SYNTH_0065,Doxycycline,Streptococcus pneumoniae,0.685859769080112,0.31414023091988796,0.685859769080112,0.31414023091988796,1,,Low confidence,Avoid,True,2
SYNTH_0066,Trimethoprim Sulfa,Haemophilus influenzae,0.4574650617111467,0.5425349382888534,0.5425349382888534,0.5425349382888534,1,,Moderate confidence,Consider,True,1
SYNTH_0066,Tetracycline,Haemophilus influenzae,0.7077319290286137,0.2922680709713863,0.7077319290286137,0.2922680709713863,1,,Low confidence,Avoid,True,2
SYNTH_0066,Levofloxacin,Haemophilus influenzae,0.759682571880319,0.24031742811968104,0.759682571880319,0.24031742811968104,1,,Low confidence,Avoid,True,3
SYNTH_0066,Ceftriaxone,Haemophilus influenzae,0.8943182880379048,0.10568171196209519,0.8943182880379048,0.10568171196209519,1,,Low confidence,Avoid,True,4
SYNTH_0066,Cefpodoxime,Haemophilus influenzae,0.8972026116112556,0.10279738838874442,0.8972026116112556,0.10279738838874442,1,,Low confidence,Avoid,True,5
SYNTH_0066,Cefixime,Haemophilus influenzae,0.9542930959799394,0.04570690402006061,0.9542930959799394,0.04570690402006061,1,,Low confidence,Avoid,True,6
SYNTH_0066,Ceftibuten,Haemophilus influenzae,0.973734865144046,0.026265134855954053,0.973734865144046,0.026265134855954053,1,,Low confidence,Avoid,True,7
SYNTH_0066,Cefotaxime,Haemophilus influenzae,0.9793118405099411,0.020688159490058866,0.9793118405099411,0.020688159490058866,1,,Low confidence,Avoid,True,8
SYNTH_0066,Doxycycline,Streptococcus pneumoniae,0.6581212347784234,0.34187876522157656,0.6581212347784234,0.34187876522157656,1,,Low confidence,Avoid,True,1
SYNTH_0066,Tetracycline,Streptococcus pneumoniae,0.6729193241958296,0.32708067580417044,0.6729193241958296,0.32708067580417044,1,,Low confidence,Avoid,True,2
SYNTH_0067,Trimethoprim Sulfa,Haemophilus influenzae,0.5754899861030441,0.42451001389695586,0.5754899861030441,0.42451001389695586,1,,Low confidence,Avoid,True,1
SYNTH_0067,Cefpodoxime,Haemophilus influenzae,0.9050775892327103,0.09492241076728969,0.9050775892327103,0.09492241076728969,1,,Low confidence,Avoid,True,2
SYNTH_0067,Levofloxacin,Haemophilus influenzae,0.9234663063303105,0.07653369366968954,0.9234663063303105,0.07653369366968954,1,,Low confidence,Avoid,True,3
SYNTH_0067,Cefixime,Haemophilus influenzae,0.9385046115596747,0.061495388440325316,0.9385046115596747,0.061495388440325316,1,,Low confidence,Avoid,True,4
SYNTH_0067,Ceftibuten,Haemophilus influenzae,0.9617604236249099,0.03823957637509012,0.9617604236249099,0.03823957637509012,1,,Low confidence,Avoid,True,5
SYNTH_0067,Tetracycline,Haemophilus influenzae,0.9920007124894064,0.007999287510593645,0.9920007124894064,0.007999287510593645,1,,Low confidence,Avoid,True,6
SYNTH_0067,Cefotaxime,Haemophilus influenzae,0.9922896796417712,0.007710320358228828,0.9922896796417712,0.007710320358228828,1,,Low confidence,Avoid,True,7
SYNTH_0067,Ceftriaxone,Haemophilus influenzae,0.9931313930747852,0.0068686069252148485,0.9931313930747852,0.0068686069252148485,1,,Low confidence,Avoid,True,8
SYNTH_0067,Doxycycline,Streptococcus pneumoniae,0.5981304101255974,0.4018695898744026,0.5981304101255974,0.4018695898744026,1,,Low confidence,Avoid,True,1
SYNTH_0067,Tetracycline,Streptococcus pneumoniae,0.6520354609641847,0.34796453903581526,0.6520354609641847,0.34796453903581526,1,,Low confidence,Avoid,True,2
SYNTH_0068,Trimethoprim Sulfa,Haemophilus influenzae,0.5798098231708462,0.4201901768291538,0.5798098231708462,0.4201901768291538,1,,Low confidence,Avoid,True,1
SYNTH_0068,Ceftibuten,Haemophilus influenzae,0.7683330299929075,0.23166697000709247,0.7683330299929075,0.23166697000709247,1,,Low confidence,Avoid,True,2
SYNTH_0068,Cefpodoxime,Haemophilus influenzae,0.800520435484045,0.19947956451595505,0.800520435484045,0.19947956451595505,1,,Low confidence,Avoid,True,3
SYNTH_0068,Levofloxacin,Haemophilus influenzae,0.9215975470863877,0.07840245291361225,0.9215975470863877,0.07840245291361225,1,,Low confidence,Avoid,True,4
SYNTH_0068,Cefixime,Haemophilus influenzae,0.9452706723822655,0.054729327617734524,0.9452706723822655,0.054729327617734524,1,,Low confidence,Avoid,True,5
SYNTH_0068,Ceftriaxone,Haemophilus influenzae,0.9890190621920297,0.01098093780797027,0.9890190621920297,0.01098093780797027,1,,Low confidence,Avoid,True,6
SYNTH_0068,Tetracycline,Haemophilus influenzae,0.992070792920226,0.007929207079773959,0.992070792920226,0.007929207079773959,1,,Low confidence,Avoid,True,7
SYNTH_0068,Cefotaxime,Haemophilus influenzae,0.9926150165001651,0.007384983499834852,0.9926150165001651,0.007384983499834852,1,,Low confidence,Avoid,True,8
SYNTH_0068,Tetracycline,Streptococcus pneumoniae,0.7270664139870875,0.2729335860129125,0.7270664139870875,0.2729335860129125,1,,Low confidence,Avoid,True,1
SYNTH_0068,Doxycycline,Streptococcus pneumoniae,0.7655858694505324,0.23441413054946758,0.7655858694505324,0.23441413054946758,1,,Low confidence,Avoid,True,2
SYNTH_0069,Trimethoprim Sulfa,Haemophilus influenzae,0.565910008520641,0.434089991479359,0.565910008520641,0.434089991479359,1,,Low confidence,Avoid,True,1
SYNTH_0069,Cefpodoxime,Haemophilus influenzae,0.8257687148398695,0.17423128516013053,0.8257687148398695,0.17423128516013053,1,,Low confidence,Avoid,True,2
SYNTH_0069,Levofloxacin,Haemophilus influenzae,0.924176875187763,0.07582312481223696,0.924176875187763,0.07582312481223696,1,,Low confidence,Avoid,True,3
SYNTH_0069,Cefixime,Haemophilus influenzae,0.9367412510182259,0.06325874898177408,0.9367412510182259,0.06325874898177408,1,,Low confidence,Avoid,True,4
SYNTH_0069,Ceftibuten,Haemophilus influenzae,0.9645187965594865,0.03548120344051353,0.9645187965594865,0.03548120344051353,1,,Low confidence,Avoid,True,5
SYNTH_0069,Ceftriaxone,Haemophilus influenzae,0.9853547217226897,0.014645278277310325,0.9853547217226897,0.014645278277310325,1,,Low confidence,Avoid,True,6
SYNTH_0069,Tetracycline,Haemophilus influenzae,0.9920046358238297,0.007995364176170305,0.9920046358238297,0.007995364176170305,1,,Low confidence,Avoid,True,7
SYNTH_0069,Cefotaxime,Haemophilus influenzae,0.9926402726565888,0.007359727343411171,0.9926402726565888,0.007359727343411171,1,,Low confidence,Avoid,True,8
SYNTH_0069,Tetracycline,Streptococcus pneumoniae,0.6867390452511539,0.3132609547488461,0.6867390452511539,0.3132609547488461,1,,Low confidence,Avoid,True,1
SYNTH_0069,Doxycycline,Streptococcus pneumoniae,0.7098785030070536,0.2901214969929464,0.7098785030070536,0.2901214969929464,1,,Low confidence,Avoid,True,2
SYNTH_0070,Trimethoprim Sulfa,Haemophilus influenzae,0.5765467201113089,0.4234532798886911,0.5765467201113089,0.4234532798886911,1,,Low confidence,Avoid,True,1
SYNTH_0070,Ceftibuten,Haemophilus influenzae,0.8849893270645524,0.11501067293544764,0.8849893270645524,0.11501067293544764,1,,Low confidence,Avoid,True,2
SYNTH_0070,Cefpodoxime,Haemophilus influenzae,0.9104807766044578,0.08951922339554219,0.9104807766044578,0.08951922339554219,1,,Low confidence,Avoid,True,3
SYNTH_0070,Levofloxacin,Haemophilus influenzae,0.9293753879543557,0.0706246120456443,0.9293753879543557,0.0706246120456443,1,,Low confidence,Avoid,True,4
SYNTH_0070,Cefixime,Haemophilus influenzae,0.9403886131934553,0.05961138680654465,0.9403886131934553,0.05961138680654465,1,,Low confidence,Avoid,True,5
SYNTH_0070,Tetracycline,Haemophilus influenzae,0.9920729303904267,0.007927069609573345,0.9920729303904267,0.007927069609573345,1,,Low confidence,Avoid,True,6
SYNTH_0070,Cefotaxime,Haemophilus influenzae,0.9926402726565888,0.007359727343411171,0.9926402726565888,0.007359727343411171,1,,Low confidence,Avoid,True,7
SYNTH_0070,Ceftriaxone,Haemophilus influenzae,0.9933514158963878,0.006648584103612243,0.9933514158963878,0.006648584103612243,1,,Low confidence,Avoid,True,8
SYNTH_0070,Tetracycline,Streptococcus pneumoniae,0.7149001834661207,0.2850998165338793,0.7149001834661207,0.2850998165338793,1,,Low confidence,Avoid,True,1
SYNTH_0070,Doxycycline,Streptococcus pneumoniae,0.7362932750082433,0.26370672499175674,0.7362932750082433,0.26370672499175674,1,,Low confidence,Avoid,True,2
SYNTH_0071,Trimethoprim Sulfa,Haemophilus influenzae,0.5637014931454228,0.43629850685457716,0.5637014931454228,0.43629850685457716,1,,Low confidence,Avoid,True,1
SYNTH_0071,Ceftibuten,Haemophilus influenzae,0.8675323106350896,0.13246768936491038,0.8675323106350896,0.13246768936491038,1,,Low confidence,Avoid,True,2
SYNTH_0071,Cefpodoxime,Haemophilus influenzae,0.9052567858927553,0.09474321410724473,0.9052567858927553,0.09474321410724473,1,,Low confidence,Avoid,True,3
SYNTH_0071,Levofloxacin,Haemophilus influenzae,0.9062419204391954,0.09375807956080462,0.9062419204391954,0.09375807956080462,1,,Low confidence,Avoid,True,4
SYNTH_0071,Cefixime,Haemophilus influenzae,0.940725245081161,0.059274754918839045,0.940725245081161,0.059274754918839045,1,,Low confidence,Avoid,True,5
SYNTH_0071,Tetracycline,Haemophilus influenzae,0.9920910497111274,0.007908950288872618,0.9920910497111274,0.007908950288872618,1,,Low confidence,Avoid,True,6
SYNTH_0071,Cefotaxime,Haemophilus influenzae,0.9926402726565888,0.007359727343411171,0.9926402726565888,0.007359727343411171,1,,Low confidence,Avoid,True,7
SYNTH_0071,Ceftriaxone,Haemophilus influenzae,0.993431094036986,0.00656890596301396,0.993431094036986,0.00656890596301396,1,,Low confidence,Avoid,True,8
SYNTH_0071,Doxycycline,Streptococcus pneumoniae,0.6038607029649736,0.39613929703502637,0.6038607029649736,0.39613929703502637,1,,Low confidence,Avoid,True,1
SYNTH_0071,Tetracycline,Streptococcus pneumoniae,0.65389282241868,0.34610717758132004,0.65389282241868,0.34610717758132004,1,,Low confidence,Avoid,True,2
SYNTH_0072,Trimethoprim Sulfa,Haemophilus influenzae,0.5818376847391672,0.4181623152608328,0.5818376847391672,0.4181623152608328,1,,Low confidence,Avoid,True,1
SYNTH_0072,Cefpodoxime,Haemophilus influenzae,0.8166432577929381,0.18335674220706188,0.8166432577929381,0.18335674220706188,1,,Low confidence,Avoid,True,2
SYNTH_0072,Levofloxacin,Haemophilus influenzae,0.9263257533694172,0.07367424663058275,0.9263257533694172,0.07367424663058275,1,,Low confidence,Avoid,True,3
SYNTH_0072,Cefixime,Haemophilus influenzae,0.9364406442256923,0.06355935577430771,0.9364406442256923,0.06355935577430771,1,,Low confidence,Avoid,True,4
SYNTH_0072,Ceftibuten,Haemophilus influenzae,0.9644453237782316,0.035554676221768444,0.9644453237782316,0.035554676221768444,1,,Low confidence,Avoid,True,5
SYNTH_0072,Tetracycline,Haemophilus influenzae,0.991981452277059,0.008018547722940972,0.991981452277059,0.008018547722940972,1,,Low confidence,Avoid,True,6
SYNTH_0072,Cefotaxime,Haemophilus influenzae,0.9926402726565888,0.007359727343411171,0.9926402726565888,0.007359727343411171,1,,Low confidence,Avoid,True,7
SYNTH_0072,Ceftriaxone,Haemophilus influenzae,0.993931493698488,0.006068506301512011,0.993931493698488,0.006068506301512011,1,,Low confidence,Avoid,True,8
SYNTH_0072,Doxycycline,Streptococcus pneumoniae,0.6057016043596194,0.3942983956403806,0.6057016043596194,0.3942983956403806,1,,Low confidence,Avoid,True,1
SYNTH_0072,Tetracycline,Streptococcus pneumoniae,0.6545005912216154,0.3454994087783846,0.6545005912216154,0.3454994087783846,1,,Low confidence,Avoid,True,2
SYNTH_0073,Trimethoprim Sulfa,Haemophilus influenzae,0.5798278011084977,0.42017219889150226,0.5798278011084977,0.42017219889150226,1,,Low confidence,Avoid,True,1
SYNTH_0073,Cefpodoxime,Haemophilus influenzae,0.8885232294628811,0.11147677053711891,0.8885232294628811,0.11147677053711891,1,,Low confidence,Avoid,True,2
SYNTH_0073,Levofloxacin,Haemophilus influenzae,0.919226618478336,0.08077338152166402,0.919226618478336,0.08077338152166402,1,,Low confidence,Avoid,True,3
SYNTH_0073,Cefixime,Haemophilus influenzae,0.9357200712818315,0.06427992871816846,0.9357200712818315,0.06427992871816846,1,,Low confidence,Avoid,True,4
SYNTH_0073,Ceftibuten,Haemophilus influenzae,0.9648655375784676,0.0351344624215324,0.9648655375784676,0.0351344624215324,1,,Low confidence,Avoid,True,5
SYNTH_0073,Ceftriaxone,Haemophilus influenzae,0.9892600105890873,0.010739989410912698,0.9892600105890873,0.010739989410912698,1,,Low confidence,Avoid,True,6
SYNTH_0073,Tetracycline,Haemophilus influenzae,0.9922098976234632,0.007790102376536767,0.9922098976234632,0.007790102376536767,1,,Low confidence,Avoid,True,7
SYNTH_0073,Cefotaxime,Haemophilus influenzae,0.9925596834613074,0.007440316538692593,0.9925596834613074,0.007440316538692593,1,,Low confidence,Avoid,True,8
SYNTH_0073,Doxycycline,Streptococcus pneumoniae,0.5805657553865082,0.41943424461349177,0.5805657553865082,0.41943424461349177,1,,Low confidence,Avoid,True,1
SYNTH_0073,Tetracycline,Streptococcus pneumoniae,0.6643627620305385,0.33563723796946154,0.6643627620305385,0.33563723796946154,1,,Low confidence,Avoid,True,2
SYNTH_0074,Trimethoprim Sulfa,Haemophilus influenzae,0.5813567363475256,0.4186432636524744,0.5813567363475256,0.4186432636524744,1,,Low confidence,Avoid,True,1
SYNTH_0074,Cefpodoxime,Haemophilus influenzae,0.8154161542573846,0.18458384574261544,0.8154161542573846,0.18458384574261544,1,,Low confidence,Avoid,True,2
SYNTH_0074,Levofloxacin,Haemophilus influenzae,0.9209699265426341,0.0790300734573659,0.9209699265426341,0.0790300734573659,1,,Low confidence,Avoid,True,3
SYNTH_0074,Cefixime,Haemophilus influenzae,0.9359023307778465,0.06409766922215354,0.9359023307778465,0.06409766922215354,1,,Low confidence,Avoid,True,4
SYNTH_0074,Ceftibuten,Haemophilus influenzae,0.9625341450526346,0.03746585494736543,0.9625341450526346,0.03746585494736543,1,,Low confidence,Avoid,True,5
SYNTH_0074,Cefotaxime,Haemophilus influenzae,0.9915585881922906,0.008441411807709409,0.9915585881922906,0.008441411807709409,1,,Low confidence,Avoid,True,6
SYNTH_0074,Tetracycline,Haemophilus influenzae,0.9920613567657071,0.007938643234292941,0.9920613567657071,0.007938643234292941,1,,Low confidence,Avoid,True,7
SYNTH_0074,Ceftriaxone,Haemophilus influenzae,0.9938617871790558,0.006138212820944178,0.9938617871790558,0.006138212820944178,1,,Low confidence,Avoid,True,8
SYNTH_0074,Doxycycline,Streptococcus pneumoniae,0.6019856874886236,0.3980143125113764,0.6019856874886236,0.3980143125113764,1,,Low confidence,Avoid,True,1
SYNTH_0074,Tetracycline,Streptococcus pneumoniae,0.6532794871063992,0.34672051289360084,0.6532794871063992,0.34672051289360084,1,,Low confidence,Avoid,True,2
SYNTH_0075,Trimethoprim Sulfa,Haemophilus influenzae,0.5572113731565105,0.4427886268434895,0.5572113731565105,0.4427886268434895,1,,Low confidence,Avoid,True,1
SYNTH_0075,Cefixime,Haemophilus influenzae,0.8237852046923326,0.17621479530766737,0.8237852046923326,0.17621479530766737,1,,Low confidence,Avoid,True,2
SYNTH_0075,Cefpodoxime,Haemophilus influenzae,0.8904513010602744,0.10954869893972563,0.8904513010602744,0.10954869893972563,1,,Low confidence,Avoid,True,3
SYNTH_0075,Levofloxacin,Haemophilus influenzae,0.923333345767438,0.07666665423256203,0.923333345767438,0.07666665423256203,1,,Low confidence,Avoid,True,4
SYNTH_0075,Ceftibuten,Haemophilus influenzae,0.9652228550901215,0.03477714490987849,0.9652228550901215,0.03477714490987849,1,,Low confidence,Avoid,True,5
SYNTH_0075,Ceftriaxone,Haemophilus influenzae,0.9919169468325002,0.008083053167499799,0.9919169468325002,0.008083053167499799,1,,Low confidence,Avoid,True,6
SYNTH_0075,Tetracycline,Haemophilus influenzae,0.9920967093800008,0.00790329061999917,0.9920967093800008,0.00790329061999917,1,,Low confidence,Avoid,True,7
SYNTH_0075,Cefotaxime,Haemophilus influenzae,0.9926402726565888,0.007359727343411171,0.9926402726565888,0.007359727343411171,1,,Low confidence,Avoid,True,8
SYNTH_0075,Doxycycline,Streptococcus pneumoniae,0.6144211976602163,0.3855788023397837,0.6144211976602163,0.3855788023397837,1,,Low confidence,Avoid,True,1
SYNTH_0075,Tetracycline,Streptococcus pneumoniae,0.6574613476998952,0.34253865230010483,0.6574613476998952,0.34253865230010483,1,,Low confidence,Avoid,True,2
SYNTH_0076,Trimethoprim Sulfa,Haemophilus influenzae,0.5719375122648984,0.4280624877351016,0.5719375122648984,0.4280624877351016,1,,Low confidence,Avoid,True,1
SYNTH_0076,Cefpodoxime,Haemophilus influenzae,0.8885220744234751,0.11147792557652492,0.8885220744234751,0.11147792557652492,1,,Low confidence,Avoid,True,2
SYNTH_0076,Levofloxacin,Haemophilus influenzae,0.9204172745145744,0.07958272548542555,0.9204172745145744,0.07958272548542555,1,,Low confidence,Avoid,True,3
SYNTH_0076,Cefixime,Haemophilus influenzae,0.9382684729944994,0.06173152700550055,0.9382684729944994,0.06173152700550055,1,,Low confidence,Avoid,True,4
SYNTH_0076,Ceftibuten,Haemophilus influenzae,0.9651916702775825,0.03480832972241754,0.9651916702775825,0.03480832972241754,1,,Low confidence,Avoid,True,5
SYNTH_0076,Tetracycline,Haemophilus influenzae,0.9922098976234632,0.007790102376536767,0.9922098976234632,0.007790102376536767,1,,Low confidence,Avoid,True,6
SYNTH_0076,Cefotaxime,Haemophilus influenzae,0.9926150165001651,0.007384983499834852,0.9926150165001651,0.007384983499834852,1,,Low confidence,Avoid,True,7
SYNTH_0076,Ceftriaxone,Haemophilus influenzae,0.993302621372574,0.006697378627426032,0.993302621372574,0.006697378627426032,1,,Low confidence,Avoid,True,8
SYNTH_0076,Doxycycline,Streptococcus pneumoniae,0.2941021844147409,0.7058978155852591,0.705897815585259,0.7058978155852591,0,,Moderate confidence,Consider,True,1
SYNTH_0076,Tetracycline,Streptococcus pneumoniae,0.3904889836691934,0.6095110163308066,0.6095110163308066,0.6095110163308066,1,,Moderate confidence,Consider,True,2
SYNTH_0077,Trimethoprim Sulfa,Haemophilus influenzae,0.5683056714718242,0.4316943285281758,0.5683056714718242,0.4316943285281758,1,,Low confidence,Avoid,True,1
SYNTH_0077,Tetracycline,Haemophilus influenzae,0.5987312883523832,0.4012687116476168,0.5987312883523832,0.4012687116476168,1,,Low confidence,Avoid,True,2
SYNTH_0077,Ceftibuten,Haemophilus influenzae,0.7285374144020343,0.27146258559796566,0.7285374144020343,0.27146258559796566,1,,Low confidence,Avoid,True,3
SYNTH_0077,Levofloxacin,Haemophilus influenzae,0.7407160658914946,0.25928393410850537,0.7407160658914946,0.25928393410850537,1,,Low confidence,Avoid,True,4
SYNTH_0077,Cefpodoxime,Haemophilus influenzae,0.8524452041935128,0.14755479580648723,0.8524452041935128,0.14755479580648723,1,,Low confidence,Avoid,True,5
SYNTH_0077,Cefixime,Haemophilus influenzae,0.9529897291290095,0.04701027087099052,0.9529897291290095,0.04701027087099052,1,,Low confidence,Avoid,True,6
SYNTH_0077,Cefotaxime,Haemophilus influenzae,0.9923777184582232,0.007622281541776799,0.9923777184582232,0.007622281541776799,1,,Low confidence,Avoid,True,7
SYNTH_0077,Ceftriaxone,Haemophilus influenzae,0.9936085442808664,0.006391455719133576,0.9936085442808664,0.006391455719133576,1,,Low confidence,Avoid,True,8
SYNTH_0077,Tetracycline,Streptococcus pneumoniae,0.6770949022562944,0.32290509774370557,0.6770949022562944,0.32290509774370557,1,,Low confidence,Avoid,True,1
SYNTH_0077,Doxycycline,Streptococcus pneumoniae,0.6849094257848518,0.3150905742151482,0.6849094257848518,0.3150905742151482,1,,Low confidence,Avoid,True,2
SYNTH_0078,Trimethoprim Sulfa,Haemophilus influenzae,0.6249637942541524,0.3750362057458476,0.6249637942541524,0.3750362057458476,1,,Low confidence,Avoid,True,1
SYNTH_0078,Levofloxacin,Haemophilus influenzae,0.7779208558774264,0.22207914412257357,0.7779208558774264,0.22207914412257357,1,,Low confidence,Avoid,True,2
SYNTH_0078,Cefpodoxime,Haemophilus influenzae,0.8889655789489609,0.11103442105103911,0.8889655789489609,0.11103442105103911,1,,Low confidence,Avoid,True,3
SYNTH_0078,Cefixime,Haemophilus influenzae,0.9366911021521508,0.06330889784784921,0.9366911021521508,0.06330889784784921,1,,Low confidence,Avoid,True,4
SYNTH_0078,Ceftibuten,Haemophilus influenzae,0.9647695151368397,0.03523048486316027,0.9647695151368397,0.03523048486316027,1,,Low confidence,Avoid,True,5
SYNTH_0078,Tetracycline,Haemophilus influenzae,0.9920635386838205,0.007936461316179533,0.9920635386838205,0.007936461316179533,1,,Low confidence,Avoid,True,6
SYNTH_0078,Ceftriaxone,Haemophilus influenzae,0.9924804458686183,0.007519554131381723,0.9924804458686183,0.007519554131381723,1,,Low confidence,Avoid,True,7
SYNTH_0078,Cefotaxime,Haemophilus influenzae,0.9926402726565888,0.007359727343411171,0.9926402726565888,0.007359727343411171,1,,Low confidence,Avoid,True,8
SYNTH_0078,Doxycycline,Streptococcus pneumoniae,0.641669107895484,0.35833089210451596,0.641669107895484,0.35833089210451596,1,,Low confidence,Avoid,True,1
SYNTH_0078,Tetracycline,Streptococcus pneumoniae,0.6677722170269578,0.33222778297304223,0.6677722170269578,0.33222778297304223,1,,Low confidence,Avoid,True,2
SYNTH_0079,Trimethoprim Sulfa,Haemophilus influenzae,0.5647432558799872,0.4352567441200128,0.5647432558799872,0.4352567441200128,1,,Low confidence,Avoid,True,1
SYNTH_0079,Ceftibuten,Haemophilus influenzae,0.8732417247887806,0.1267582752112194,0.8732417247887806,0.1267582752112194,1,,Low confidence,Avoid,True,2
SYNTH_0079,Cefpodoxime,Haemophilus influenzae,0.9187363632728174,0.08126363672718262,0.9187363632728174,0.08126363672718262,1,,Low confidence,Avoid,True,3
SYNTH_0079,Levofloxacin,Haemophilus influenzae,0.9293753879543557,0.0706246120456443,0.9293753879543557,0.0706246120456443,1,,Low confidence,Avoid,True,4
SYNTH_0079,Cefixime,Haemophilus influenzae,0.9444021838292767,0.055597816170723346,0.9444021838292767,0.055597816170723346,1,,Low confidence,Avoid,True,5
SYNTH_0079,Ceftriaxone,Haemophilus influenzae,0.9794160319030606,0.02058396809693941,0.9794160319030606,0.02058396809693941,1,,Low confidence,Avoid,True,6
SYNTH_0079,Cefotaxime,Haemophilus influenzae,0.986993891972803,0.013006108027197039,0.986993891972803,0.013006108027197039,1,,Low confidence,Avoid,True,7
SYNTH_0079,Tetracycline,Haemophilus influenzae,0.9920218313611784,0.007978168638821614,0.9920218313611784,0.007978168638821614,1,,Low confidence,Avoid,True,8
SYNTH_0079,Doxycycline,Streptococcus pneumoniae,0.6038607029649736,0.39613929703502637,0.6038607029649736,0.39613929703502637,1,,Low confidence,Avoid,True,1
SYNTH_0079,Tetracycline,Streptococcus pneumoniae,0.65389282241868,0.34610717758132004,0.65389282241868,0.34610717758132004,1,,Low confidence,Avoid,True,2
SYNTH_0080,Trimethoprim Sulfa,Haemophilus influenzae,0.5777395978228973,0.4222604021771027,0.5777395978228973,0.4222604021771027,1,,Low confidence,Avoid,True,1
SYNTH_0080,Levofloxacin,Haemophilus influenzae,0.7613073468006242,0.23869265319937583,0.7613073468006242,0.23869265319937583,1,,Low confidence,Avoid,True,2
SYNTH_0080,Cefixime,Haemophilus influenzae,0.9399139796011629,0.06008602039883715,0.9399139796011629,0.06008602039883715,1,,Low confidence,Avoid,True,3
SYNTH_0080,Cefpodoxime,Haemophilus influenzae,0.9451146478514098,0.05488535214859025,0.9451146478514098,0.05488535214859025,1,,Low confidence,Avoid,True,4
SYNTH_0080,Ceftibuten,Haemophilus influenzae,0.961663648068854,0.03833635193114604,0.961663648068854,0.03833635193114604,1,,Low confidence,Avoid,True,5
SYNTH_0080,Ceftriaxone,Haemophilus influenzae,0.9917137066506658,0.008286293349334173,0.9917137066506658,0.008286293349334173,1,,Low confidence,Avoid,True,6
SYNTH_0080,Tetracycline,Haemophilus influenzae,0.9920431767662683,0.007956823233731702,0.9920431767662683,0.007956823233731702,1,,Low confidence,Avoid,True,7
SYNTH_0080,Cefotaxime,Haemophilus influenzae,0.9923777184582232,0.007622281541776799,0.9923777184582232,0.007622281541776799,1,,Low confidence,Avoid,True,8
SYNTH_0080,Doxycycline,Streptococcus pneumoniae,0.6511686704600759,0.34883132953992413,0.6511686704600759,0.34883132953992413,1,,Low confidence,Avoid,True,1
SYNTH_0080,Tetracycline,Streptococcus pneumoniae,0.671786857362301,0.32821314263769896,0.671786857362301,0.32821314263769896,1,,Low confidence,Avoid,True,2
SYNTH_0081,Trimethoprim Sulfa,Haemophilus influenzae,0.5599237887842725,0.4400762112157275,0.5599237887842725,0.4400762112157275,1,,Low confidence,Avoid,True,1
SYNTH_0081,Levofloxacin,Haemophilus influenzae,0.7475366303481595,0.25246336965184046,0.7475366303481595,0.25246336965184046,1,,Low confidence,Avoid,True,2
SYNTH_0081,Cefixime,Haemophilus influenzae,0.841889401734837,0.15811059826516305,0.841889401734837,0.15811059826516305,1,,Low confidence,Avoid,True,3
SYNTH_0081,Ceftibuten,Haemophilus influenzae,0.8737196013698216,0.12628039863017837,0.8737196013698216,0.12628039863017837,1,,Low confidence,Avoid,True,4
SYNTH_0081,Cefpodoxime,Haemophilus influenzae,0.8976932370048077,0.10230676299519226,0.8976932370048077,0.10230676299519226,1,,Low confidence,Avoid,True,5
SYNTH_0081,Tetracycline,Haemophilus influenzae,0.9920950245095916,0.007904975490408361,0.9920950245095916,0.007904975490408361,1,,Low confidence,Avoid,True,6
SYNTH_0081,Cefotaxime,Haemophilus influenzae,0.9926402726565888,0.007359727343411171,0.9926402726565888,0.007359727343411171,1,,Low confidence,Avoid,True,7
SYNTH_0081,Ceftriaxone,Haemophilus influenzae,0.9942307113971941,0.0057692886028059,0.9942307113971941,0.0057692886028059,1,,Low confidence,Avoid,True,8
SYNTH_0081,Tetracycline,Streptococcus pneumoniae,0.6994592858166421,0.3005407141833579,0.6994592858166421,0.3005407141833579,1,,Low confidence,Avoid,True,1
SYNTH_0081,Doxycycline,Streptococcus pneumoniae,0.7060054454929587,0.29399455450704126,0.7060054454929587,0.29399455450704126,1,,Low confidence,Avoid,True,2
SYNTH_0082,Trimethoprim Sulfa,Haemophilus influenzae,0.5810353169111442,0.4189646830888558,0.5810353169111442,0.4189646830888558,1,,Low confidence,Avoid,True,1
SYNTH_0082,Levofloxacin,Haemophilus influenzae,0.7953942742179334,0.2046057257820666,0.7953942742179334,0.2046057257820666,1,,Low confidence,Avoid,True,2
SYNTH_0082,Cefpodoxime,Haemophilus influenzae,0.8152296821315177,0.1847703178684823,0.8152296821315177,0.1847703178684823,1,,Low confidence,Avoid,True,3
SYNTH_0082,Cefixime,Haemophilus influenzae,0.9366408950764715,0.06335910492352848,0.9366408950764715,0.06335910492352848,1,,Low confidence,Avoid,True,4
SYNTH_0082,Ceftibuten,Haemophilus influenzae,0.9630495034901573,0.03695049650984272,0.9630495034901573,0.03695049650984272,1,,Low confidence,Avoid,True,5
SYNTH_0082,Tetracycline,Haemophilus influenzae,0.9920920610014446,0.007907938998555353,0.9920920610014446,0.007907938998555353,1,,Low confidence,Avoid,True,6
SYNTH_0082,Cefotaxime,Haemophilus influenzae,0.9926402726565888,0.007359727343411171,0.9926402726565888,0.007359727343411171,1,,Low confidence,Avoid,True,7
SYNTH_0082,Ceftriaxone,Haemophilus influenzae,0.9938141017538662,0.006185898246133803,0.9938141017538662,0.006185898246133803,1,,Low confidence,Avoid,True,8
SYNTH_0082,Doxycycline,Streptococcus pneumoniae,0.6833669192277073,0.3166330807722927,0.6833669192277073,0.3166330807722927,1,,Low confidence,Avoid,True,1
SYNTH_0082,Tetracycline,Streptococcus pneumoniae,0.686716929235821,0.31328307076417905,0.686716929235821,0.31328307076417905,1,,Low confidence,Avoid,True,2
SYNTH_0083,Trimethoprim Sulfa,Haemophilus influenzae,0.5763865426628276,0.42361345733717237,0.5763865426628276,0.42361345733717237,1,,Low confidence,Avoid,True,1
SYNTH_0083,Levofloxacin,Haemophilus influenzae,0.7760013043626862,0.22399869563731378,0.7760013043626862,0.22399869563731378,1,,Low confidence,Avoid,True,2
SYNTH_0083,Cefixime,Haemophilus influenzae,0.8937246483762239,0.1062753516237761,0.8937246483762239,0.1062753516237761,1,,Low confidence,Avoid,True,3
SYNTH_0083,Cefpodoxime,Haemophilus influenzae,0.93718840464432,0.06281159535568004,0.93718840464432,0.06281159535568004,1,,Low confidence,Avoid,True,4
SYNTH_0083,Ceftibuten,Haemophilus influenzae,0.9616422411885533,0.03835775881144665,0.9616422411885533,0.03835775881144665,1,,Low confidence,Avoid,True,5
SYNTH_0083,Ceftriaxone,Haemophilus influenzae,0.9913742692358586,0.008625730764141415,0.9913742692358586,0.008625730764141415,1,,Low confidence,Avoid,True,6
SYNTH_0083,Tetracycline,Haemophilus influenzae,0.9920786063871908,0.007921393612809191,0.9920786063871908,0.007921393612809191,1,,Low confidence,Avoid,True,7
SYNTH_0083,Cefotaxime,Haemophilus influenzae,0.9925352904104863,0.007464709589513729,0.9925352904104863,0.007464709589513729,1,,Low confidence,Avoid,True,8
SYNTH_0083,Doxycycline,Streptococcus pneumoniae,0.29360589258700487,0.7063941074129951,0.7063941074129951,0.7063941074129951,0,,Moderate confidence,Consider,True,1
SYNTH_0083,Tetracycline,Streptococcus pneumoniae,0.4074164076011712,0.5925835923988287,0.5925835923988287,0.5925835923988287,1,,Moderate confidence,Consider,True,2
SYNTH_0084,Trimethoprim Sulfa,Haemophilus influenzae,0.5672675555100635,0.43273244448993653,0.5672675555100635,0.43273244448993653,1,,Low confidence,Avoid,True,1
SYNTH_0084,Cefpodoxime,Haemophilus influenzae,0.8502069138209347,0.14979308617906528,0.8502069138209347,0.14979308617906528,1,,Low confidence,Avoid,True,2
SYNTH_0084,Levofloxacin,Haemophilus influenzae,0.9076027694493313,0.09239723055066873,0.9076027694493313,0.09239723055066873,1,,Low confidence,Avoid,True,3
SYNTH_0084,Cefixime,Haemophilus influenzae,0.9369351920039988,0.06306480799600123,0.9369351920039988,0.06306480799600123,1,,Low confidence,Avoid,True,4
SYNTH_0084,Ceftibuten,Haemophilus influenzae,0.9646167732923265,0.035383226707673465,0.9646167732923265,0.035383226707673465,1,,Low confidence,Avoid,True,5
SYNTH_0084,Ceftriaxone,Haemophilus influenzae,0.9783567602421597,0.021643239757840327,0.9783567602421597,0.021643239757840327,1,,Low confidence,Avoid,True,6
SYNTH_0084,Tetracycline,Haemophilus influenzae,0.9920880928713107,0.007911907128689277,0.9920880928713107,0.007911907128689277,1,,Low confidence,Avoid,True,7
SYNTH_0084,Cefotaxime,Haemophilus influenzae,0.9926402726565888,0.007359727343411171,0.9926402726565888,0.007359727343411171,1,,Low confidence,Avoid,True,8
SYNTH_0084,Tetracycline,Streptococcus pneumoniae,0.7113391571570313,0.28866084284296867,0.7113391571570313,0.28866084284296867,1,,Low confidence,Avoid,True,1
SYNTH_0084,Doxycycline,Streptococcus pneumoniae,0.7542346989104167,0.24576530108958328,0.7542346989104167,0.24576530108958328,1,,Low confidence,Avoid,True,2
SYNTH_0085,Trimethoprim Sulfa,Haemophilus influenzae,0.5558388714139756,0.4441611285860244,0.5558388714139756,0.4441611285860244,1,,Low confidence,Avoid,True,1
SYNTH_0085,Ceftibuten,Haemophilus influenzae,0.8445163297837732,0.15548367021622678,0.8445163297837732,0.15548367021622678,1,,Low confidence,Avoid,True,2
SYNTH_0085,Levofloxacin,Haemophilus influenzae,0.857889342811821,0.14211065718817895,0.857889342811821,0.14211065718817895,1,,Low confidence,Avoid,True,3
SYNTH_0085,Cefixime,Haemophilus influenzae,0.9423578397664791,0.05764216023352087,0.9423578397664791,0.05764216023352087,1,,Low confidence,Avoid,True,4
SYNTH_0085,Cefpodoxime,Haemophilus influenzae,0.9497087542948929,0.050291245705107124,0.9497087542948929,0.050291245705107124,1,,Low confidence,Avoid,True,5
SYNTH_0085,Cefotaxime,Haemophilus influenzae,0.9914460548522053,0.008553945147794728,0.9914460548522053,0.008553945147794728,1,,Low confidence,Avoid,True,6
SYNTH_0085,Tetracycline,Haemophilus influenzae,0.9914720722149845,0.008527927785015543,0.9914720722149845,0.008527927785015543,1,,Low confidence,Avoid,True,7
SYNTH_0085,Ceftriaxone,Haemophilus influenzae,0.9919120817355427,0.008087918264457317,0.9919120817355427,0.008087918264457317,1,,Low confidence,Avoid,True,8
SYNTH_0085,Doxycycline,Streptococcus pneumoniae,0.6019856874886236,0.3980143125113764,0.6019856874886236,0.3980143125113764,1,,Low confidence,Avoid,True,1
SYNTH_0085,Tetracycline,Streptococcus pneumoniae,0.6532794871063992,0.34672051289360084,0.6532794871063992,0.34672051289360084,1,,Low confidence,Avoid,True,2
SYNTH_0086,Trimethoprim Sulfa,Haemophilus influenzae,0.5338325395064298,0.46616746049357016,0.5338325395064298,0.46616746049357016,1,,Low confidence,Avoid,True,1
SYNTH_0086,Cefpodoxime,Haemophilus influenzae,0.9304479196034323,0.06955208039656768,0.9304479196034323,0.06955208039656768,1,,Low confidence,Avoid,True,2
SYNTH_0086,Levofloxacin,Haemophilus influenzae,0.9393572855075915,0.060642714492408545,0.9393572855075915,0.060642714492408545,1,,Low confidence,Avoid,True,3
SYNTH_0086,Cefixime,Haemophilus influenzae,0.9695440214843452,0.030455978515654847,0.9695440214843452,0.030455978515654847,1,,Low confidence,Avoid,True,4
SYNTH_0086,Ceftibuten,Haemophilus influenzae,0.9868293016504334,0.013170698349566634,0.9868293016504334,0.013170698349566634,1,,Low confidence,Avoid,True,5
SYNTH_0086,Tetracycline,Haemophilus influenzae,0.9915095040204365,0.008490495979563528,0.9915095040204365,0.008490495979563528,1,,Low confidence,Avoid,True,6
SYNTH_0086,Cefotaxime,Haemophilus influenzae,0.9919154271687104,0.008084572831289605,0.9919154271687104,0.008084572831289605,1,,Low confidence,Avoid,True,7
SYNTH_0086,Ceftriaxone,Haemophilus influenzae,0.9949383933576528,0.005061606642347227,0.9949383933576528,0.005061606642347227,1,,Low confidence,Avoid,True,8
SYNTH_0086,Tetracycline,Streptococcus pneumoniae,0.6770949022562944,0.32290509774370557,0.6770949022562944,0.32290509774370557,1,,Low confidence,Avoid,True,1
SYNTH_0086,Doxycycline,Streptococcus pneumoniae,0.6849094257848518,0.3150905742151482,0.6849094257848518,0.3150905742151482,1,,Low confidence,Avoid,True,2
SYNTH_0087,Trimethoprim Sulfa,Haemophilus influenzae,0.5810353169111442,0.4189646830888558,0.5810353169111442,0.4189646830888558,1,,Low confidence,Avoid,True,1
SYNTH_0087,Levofloxacin,Haemophilus influenzae,0.7953942742179334,0.2046057257820666,0.7953942742179334,0.2046057257820666,1,,Low confidence,Avoid,True,2
SYNTH_0087,Cefpodoxime,Haemophilus influenzae,0.8152296821315177,0.1847703178684823,0.8152296821315177,0.1847703178684823,1,,Low confidence,Avoid,True,3
SYNTH_0087,Cefixime,Haemophilus influenzae,0.9366408950764715,0.06335910492352848,0.9366408950764715,0.06335910492352848,1,,Low confidence,Avoid,True,4
SYNTH_0087,Ceftibuten,Haemophilus influenzae,0.9630495034901573,0.03695049650984272,0.9630495034901573,0.03695049650984272,1,,Low confidence,Avoid,True,5
SYNTH_0087,Tetracycline,Haemophilus influenzae,0.9920920610014446,0.007907938998555353,0.9920920610014446,0.007907938998555353,1,,Low confidence,Avoid,True,6
SYNTH_0087,Cefotaxime,Haemophilus influenzae,0.9926402726565888,0.007359727343411171,0.9926402726565888,0.007359727343411171,1,,Low confidence,Avoid,True,7
SYNTH_0087,Ceftriaxone,Haemophilus influenzae,0.9938141017538662,0.006185898246133803,0.9938141017538662,0.006185898246133803,1,,Low confidence,Avoid,True,8
SYNTH_0087,Doxycycline,Streptococcus pneumoniae,0.6000758260416414,0.39992417395835855,0.6000758260416414,0.39992417395835855,1,,Low confidence,Avoid,True,1
SYNTH_0087,Tetracycline,Streptococcus pneumoniae,0.6526604223607834,0.34733957763921663,0.6526604223607834,0.34733957763921663,1,,Low confidence,Avoid,True,2
SYNTH_0088,Trimethoprim Sulfa,Haemophilus influenzae,0.5752015386049903,0.42479846139500965,0.5752015386049903,0.42479846139500965,1,,Low confidence,Avoid,True,1
SYNTH_0088,Levofloxacin,Haemophilus influenzae,0.7499874071392727,0.2500125928607273,0.7499874071392727,0.2500125928607273,1,,Low confidence,Avoid,True,2
SYNTH_0088,Ceftibuten,Haemophilus influenzae,0.7988496311563985,0.2011503688436015,0.7988496311563985,0.2011503688436015,1,,Low confidence,Avoid,True,3
SYNTH_0088,Cefpodoxime,Haemophilus influenzae,0.83260093077354,0.16739906922645997,0.83260093077354,0.16739906922645997,1,,Low confidence,Avoid,True,4
SYNTH_0088,Cefixime,Haemophilus influenzae,0.9283644708510792,0.0716355291489208,0.9283644708510792,0.0716355291489208,1,,Low confidence,Avoid,True,5
SYNTH_0088,Tetracycline,Haemophilus influenzae,0.9881571367528874,0.01184286324711259,0.9881571367528874,0.01184286324711259,1,,Low confidence,Avoid,True,6
SYNTH_0088,Cefotaxime,Haemophilus influenzae,0.9926150165001651,0.007384983499834852,0.9926150165001651,0.007384983499834852,1,,Low confidence,Avoid,True,7
SYNTH_0088,Ceftriaxone,Haemophilus influenzae,0.9944417354881073,0.005558264511892674,0.9944417354881073,0.005558264511892674,1,,Low confidence,Avoid,True,8
SYNTH_0088,Doxycycline,Streptococcus pneumoniae,0.5767078634320644,0.42329213656793563,0.5767078634320644,0.42329213656793563,1,,Low confidence,Avoid,True,1
SYNTH_0088,Tetracycline,Streptococcus pneumoniae,0.6516148521078167,0.34838514789218333,0.6516148521078167,0.34838514789218333,1,,Low confidence,Avoid,True,2
SYNTH_0089,Trimethoprim Sulfa,Haemophilus influenzae,0.5599237887842725,0.4400762112157275,0.5599237887842725,0.4400762112157275,1,,Low confidence,Avoid,True,1
SYNTH_0089,Levofloxacin,Haemophilus influenzae,0.7475366303481595,0.25246336965184046,0.7475366303481595,0.25246336965184046,1,,Low confidence,Avoid,True,2
SYNTH_0089,Cefixime,Haemophilus influenzae,0.841889401734837,0.15811059826516305,0.841889401734837,0.15811059826516305,1,,Low confidence,Avoid,True,3
SYNTH_0089,Ceftibuten,Haemophilus influenzae,0.8737196013698216,0.12628039863017837,0.8737196013698216,0.12628039863017837,1,,Low confidence,Avoid,True,4
SYNTH_0089,Cefpodoxime,Haemophilus influenzae,0.8976932370048077,0.10230676299519226,0.8976932370048077,0.10230676299519226,1,,Low confidence,Avoid,True,5
SYNTH_0089,Tetracycline,Haemophilus influenzae,0.9920950245095916,0.007904975490408361,0.9920950245095916,0.007904975490408361,1,,Low confidence,Avoid,True,6
SYNTH_0089,Cefotaxime,Haemophilus influenzae,0.9926402726565888,0.007359727343411171,0.9926402726565888,0.007359727343411171,1,,Low confidence,Avoid,True,7
SYNTH_0089,Ceftriaxone,Haemophilus influenzae,0.9942307113971941,0.0057692886028059,0.9942307113971941,0.0057692886028059,1,,Low confidence,Avoid,True,8
SYNTH_0089,Doxycycline,Streptococcus pneumoniae,0.6057016043596194,0.3942983956403806,0.6057016043596194,0.3942983956403806,1,,Low confidence,Avoid,True,1
SYNTH_0089,Tetracycline,Streptococcus pneumoniae,0.6545005912216154,0.3454994087783846,0.6545005912216154,0.3454994087783846,1,,Low confidence,Avoid,True,2
SYNTH_0090,Trimethoprim Sulfa,Haemophilus influenzae,0.5668561246158955,0.4331438753841045,0.5668561246158955,0.4331438753841045,1,,Low confidence,Avoid,True,1
SYNTH_0090,Cefpodoxime,Haemophilus influenzae,0.8652169511181341,0.13478304888186587,0.8652169511181341,0.13478304888186587,1,,Low confidence,Avoid,True,2
SYNTH_0090,Levofloxacin,Haemophilus influenzae,0.9208229784713003,0.07917702152869965,0.9208229784713003,0.07917702152869965,1,,Low confidence,Avoid,True,3
SYNTH_0090,Cefixime,Haemophilus influenzae,0.9292213031706927,0.07077869682930726,0.9292213031706927,0.07077869682930726,1,,Low confidence,Avoid,True,4
SYNTH_0090,Ceftibuten,Haemophilus influenzae,0.9652763307458379,0.03472366925416215,0.9652763307458379,0.03472366925416215,1,,Low confidence,Avoid,True,5
SYNTH_0090,Tetracycline,Haemophilus influenzae,0.992205340419714,0.007794659580286023,0.992205340419714,0.007794659580286023,1,,Low confidence,Avoid,True,6
SYNTH_0090,Cefotaxime,Haemophilus influenzae,0.9926402726565888,0.007359727343411171,0.9926402726565888,0.007359727343411171,1,,Low confidence,Avoid,True,7
SYNTH_0090,Ceftriaxone,Haemophilus influenzae,0.9937493145141927,0.006250685485807317,0.9937493145141927,0.006250685485807317,1,,Low confidence,Avoid,True,8
SYNTH_0090,Doxycycline,Streptococcus pneumoniae,0.6661024293541862,0.3338975706458138,0.6661024293541862,0.3338975706458138,1,,Low confidence,Avoid,True,1
SYNTH_0090,Tetracycline,Streptococcus pneumoniae,0.678499346854442,0.321500653145558,0.678499346854442,0.321500653145558,1,,Low confidence,Avoid,True,2
SYNTH_0091,Trimethoprim Sulfa,Haemophilus influenzae,0.5748296164887318,0.42517038351126824,0.5748296164887318,0.42517038351126824,1,,Low confidence,Avoid,True,1
SYNTH_0091,Cefpodoxime,Haemophilus influenzae,0.9067849515764514,0.09321504842354855,0.9067849515764514,0.09321504842354855,1,,Low confidence,Avoid,True,2
SYNTH_0091,Levofloxacin,Haemophilus influenzae,0.9235822848819367,0.07641771511806328,0.9235822848819367,0.07641771511806328,1,,Low confidence,Avoid,True,3
SYNTH_0091,Cefixime,Haemophilus influenzae,0.9380712927510118,0.061928707248988246,0.9380712927510118,0.061928707248988246,1,,Low confidence,Avoid,True,4
SYNTH_0091,Ceftibuten,Haemophilus influenzae,0.9617597219089624,0.03824027809103758,0.9617597219089624,0.03824027809103758,1,,Low confidence,Avoid,True,5
SYNTH_0091,Tetracycline,Haemophilus influenzae,0.9916933195062783,0.008306680493721741,0.9916933195062783,0.008306680493721741,1,,Low confidence,Avoid,True,6
SYNTH_0091,Cefotaxime,Haemophilus influenzae,0.9922896796417712,0.007710320358228828,0.9922896796417712,0.007710320358228828,1,,Low confidence,Avoid,True,7
SYNTH_0091,Ceftriaxone,Haemophilus influenzae,0.9930043559497685,0.006995644050231453,0.9930043559497685,0.006995644050231453,1,,Low confidence,Avoid,True,8
SYNTH_0091,Doxycycline,Streptococcus pneumoniae,0.6640703081329254,0.33592969186707455,0.6640703081329254,0.33592969186707455,1,,Low confidence,Avoid,True,1
SYNTH_0091,Tetracycline,Streptococcus pneumoniae,0.6775606291573336,0.3224393708426664,0.6775606291573336,0.3224393708426664,1,,Low confidence,Avoid,True,2
SYNTH_0092,Trimethoprim Sulfa,Haemophilus influenzae,0.5658578601686098,0.43414213983139016,0.5658578601686098,0.43414213983139016,1,,Low confidence,Avoid,True,1
SYNTH_0092,Cefpodoxime,Haemophilus influenzae,0.8902657475454688,0.10973425245453117,0.8902657475454688,0.10973425245453117,1,,Low confidence,Avoid,True,2
SYNTH_0092,Levofloxacin,Haemophilus influenzae,0.9231161030333934,0.07688389696660658,0.9231161030333934,0.07688389696660658,1,,Low confidence,Avoid,True,3
SYNTH_0092,Cefixime,Haemophilus influenzae,0.9387525721190684,0.061247427880931626,0.9387525721190684,0.061247427880931626,1,,Low confidence,Avoid,True,4
SYNTH_0092,Ceftibuten,Haemophilus influenzae,0.9651876607201654,0.034812339279834625,0.9651876607201654,0.034812339279834625,1,,Low confidence,Avoid,True,5
SYNTH_0092,Tetracycline,Haemophilus influenzae,0.9922098976234632,0.007790102376536767,0.9922098976234632,0.007790102376536767,1,,Low confidence,Avoid,True,6
SYNTH_0092,Cefotaxime,Haemophilus influenzae,0.9926402726565888,0.007359727343411171,0.9926402726565888,0.007359727343411171,1,,Low confidence,Avoid,True,7
SYNTH_0092,Ceftriaxone,Haemophilus influenzae,0.9935956572697787,0.00640434273022128,0.9935956572697787,0.00640434273022128,1,,Low confidence,Avoid,True,8
SYNTH_0092,Doxycycline,Streptococcus pneumoniae,0.6233711362058851,0.37662886379411487,0.6233711362058851,0.37662886379411487,1,,Low confidence,Avoid,True,1
SYNTH_0092,Tetracycline,Streptococcus pneumoniae,0.6785752999338384,0.32142470006616164,0.6785752999338384,0.32142470006616164,1,,Low confidence,Avoid,True,2
SYNTH_0093,Trimethoprim Sulfa,Haemophilus influenzae,0.6424554266498494,0.35754457335015055,0.6424554266498494,0.35754457335015055,1,,Low confidence,Avoid,True,1
SYNTH_0093,Cefpodoxime,Haemophilus influenzae,0.9027762813396893,0.09722371866031065,0.9027762813396893,0.09722371866031065,1,,Low confidence,Avoid,True,2
SYNTH_0093,Levofloxacin,Haemophilus influenzae,0.9147004499774773,0.08529955002252265,0.9147004499774773,0.08529955002252265,1,,Low confidence,Avoid,True,3
SYNTH_0093,Cefixime,Haemophilus influenzae,0.9323831246640999,0.0676168753359001,0.9323831246640999,0.0676168753359001,1,,Low confidence,Avoid,True,4
SYNTH_0093,Ceftibuten,Haemophilus influenzae,0.9536383555154089,0.046361644484591125,0.9536383555154089,0.046361644484591125,1,,Low confidence,Avoid,True,5
SYNTH_0093,Ceftriaxone,Haemophilus influenzae,0.9890570166145286,0.010942983385471394,0.9890570166145286,0.010942983385471394,1,,Low confidence,Avoid,True,6
SYNTH_0093,Cefotaxime,Haemophilus influenzae,0.9921868122503632,0.007813187749636796,0.9921868122503632,0.007813187749636796,1,,Low confidence,Avoid,True,7
SYNTH_0093,Tetracycline,Haemophilus influenzae,0.9922092706792668,0.007790729320733214,0.9922092706792668,0.007790729320733214,1,,Low confidence,Avoid,True,8
SYNTH_0093,Tetracycline,Streptococcus pneumoniae,0.6784451376241982,0.3215548623758018,0.6784451376241982,0.3215548623758018,1,,Low confidence,Avoid,True,1
SYNTH_0093,Doxycycline,Streptococcus pneumoniae,0.6877451592358804,0.3122548407641196,0.6877451592358804,0.3122548407641196,1,,Low confidence,Avoid,True,2
SYNTH_0094,Trimethoprim Sulfa,Haemophilus influenzae,0.5660782718387307,0.4339217281612693,0.5660782718387307,0.4339217281612693,1,,Low confidence,Avoid,True,1
SYNTH_0094,Cefpodoxime,Haemophilus influenzae,0.8166432577929381,0.18335674220706188,0.8166432577929381,0.18335674220706188,1,,Low confidence,Avoid,True,2
SYNTH_0094,Levofloxacin,Haemophilus influenzae,0.9242429492344779,0.07575705076552208,0.9242429492344779,0.07575705076552208,1,,Low confidence,Avoid,True,3
SYNTH_0094,Cefixime,Haemophilus influenzae,0.9364406442256923,0.06355935577430771,0.9364406442256923,0.06355935577430771,1,,Low confidence,Avoid,True,4
SYNTH_0094,Ceftibuten,Haemophilus influenzae,0.9644453237782316,0.035554676221768444,0.9644453237782316,0.035554676221768444,1,,Low confidence,Avoid,True,5
SYNTH_0094,Ceftriaxone,Haemophilus influenzae,0.9853141154959253,0.014685884504074709,0.9853141154959253,0.014685884504074709,1,,Low confidence,Avoid,True,6
SYNTH_0094,Tetracycline,Haemophilus influenzae,0.991981452277059,0.008018547722940972,0.991981452277059,0.008018547722940972,1,,Low confidence,Avoid,True,7
SYNTH_0094,Cefotaxime,Haemophilus influenzae,0.9926402726565888,0.007359727343411171,0.9926402726565888,0.007359727343411171,1,,Low confidence,Avoid,True,8
SYNTH_0094,Doxycycline,Streptococcus pneumoniae,0.6000758260416414,0.39992417395835855,0.6000758260416414,0.39992417395835855,1,,Low confidence,Avoid,True,1
SYNTH_0094,Tetracycline,Streptococcus pneumoniae,0.6526604223607834,0.34733957763921663,0.6526604223607834,0.34733957763921663,1,,Low confidence,Avoid,True,2
SYNTH_0095,Trimethoprim Sulfa,Haemophilus influenzae,0.5706547612848029,0.42934523871519714,0.5706547612848029,0.42934523871519714,1,,Low confidence,Avoid,True,1
SYNTH_0095,Cefpodoxime,Haemophilus influenzae,0.8958377612595474,0.1041622387404526,0.8958377612595474,0.1041622387404526,1,,Low confidence,Avoid,True,2
SYNTH_0095,Levofloxacin,Haemophilus influenzae,0.9237067637385197,0.07629323626148032,0.9237067637385197,0.07629323626148032,1,,Low confidence,Avoid,True,3
SYNTH_0095,Cefixime,Haemophilus influenzae,0.9558073606306084,0.04419263936939155,0.9558073606306084,0.04419263936939155,1,,Low confidence,Avoid,True,4
SYNTH_0095,Ceftibuten,Haemophilus influenzae,0.9567346764624881,0.04326532353751189,0.9567346764624881,0.04326532353751189,1,,Low confidence,Avoid,True,5
SYNTH_0095,Tetracycline,Haemophilus influenzae,0.9918815959388454,0.008118404061154605,0.9918815959388454,0.008118404061154605,1,,Low confidence,Avoid,True,6
SYNTH_0095,Ceftriaxone,Haemophilus influenzae,0.9921147904672918,0.007885209532708215,0.9921147904672918,0.007885209532708215,1,,Low confidence,Avoid,True,7
SYNTH_0095,Cefotaxime,Haemophilus influenzae,0.992178355222803,0.007821644777197045,0.992178355222803,0.007821644777197045,1,,Low confidence,Avoid,True,8
SYNTH_0095,Doxycycline,Streptococcus pneumoniae,0.6057016043596194,0.3942983956403806,0.6057016043596194,0.3942983956403806,1,,Low confidence,Avoid,True,1
SYNTH_0095,Tetracycline,Streptococcus pneumoniae,0.6545005912216154,0.3454994087783846,0.6545005912216154,0.3454994087783846,1,,Low confidence,Avoid,True,2
SYNTH_0096,Trimethoprim Sulfa,Haemophilus influenzae,0.5815172107779668,0.4184827892220332,0.5815172107779668,0.4184827892220332,1,,Low confidence,Avoid,True,1
SYNTH_0096,Cefpodoxime,Haemophilus influenzae,0.7451381048194768,0.25486189518052316,0.7451381048194768,0.25486189518052316,1,,Low confidence,Avoid,True,2
SYNTH_0096,Levofloxacin,Haemophilus influenzae,0.9209699265426341,0.0790300734573659,0.9209699265426341,0.0790300734573659,1,,Low confidence,Avoid,True,3
SYNTH_0096,Cefixime,Haemophilus influenzae,0.9367412510182259,0.06325874898177408,0.9367412510182259,0.06325874898177408,1,,Low confidence,Avoid,True,4
SYNTH_0096,Ceftibuten,Haemophilus influenzae,0.96458911850729,0.03541088149270999,0.96458911850729,0.03541088149270999,1,,Low confidence,Avoid,True,5
SYNTH_0096,Tetracycline,Haemophilus influenzae,0.9920053119850814,0.00799468801491865,0.9920053119850814,0.00799468801491865,1,,Low confidence,Avoid,True,6
SYNTH_0096,Cefotaxime,Haemophilus influenzae,0.9926402726565888,0.007359727343411171,0.9926402726565888,0.007359727343411171,1,,Low confidence,Avoid,True,7
SYNTH_0096,Ceftriaxone,Haemophilus influenzae,0.9938852651598165,0.006114734840183544,0.9938852651598165,0.006114734840183544,1,,Low confidence,Avoid,True,8
SYNTH_0096,Tetracycline,Streptococcus pneumoniae,0.698473737517728,0.301526262482272,0.698473737517728,0.301526262482272,1,,Low confidence,Avoid,True,1
SYNTH_0096,Doxycycline,Streptococcus pneumoniae,0.6987253777672978,0.3012746222327022,0.6987253777672978,0.3012746222327022,1,,Low confidence,Avoid,True,2
SYNTH_0097,Trimethoprim Sulfa,Haemophilus influenzae,0.5787566552951423,0.4212433447048577,0.5787566552951423,0.4212433447048577,1,,Low confidence,Avoid,True,1
SYNTH_0097,Cefpodoxime,Haemophilus influenzae,0.8946661526578428,0.10533384734215723,0.8946661526578428,0.10533384734215723,1,,Low confidence,Avoid,True,2
SYNTH_0097,Levofloxacin,Haemophilus influenzae,0.9237769461299683,0.0762230538700317,0.9237769461299683,0.0762230538700317,1,,Low confidence,Avoid,True,3
SYNTH_0097,Cefixime,Haemophilus influenzae,0.9383888481620751,0.06161115183792487,0.9383888481620751,0.06161115183792487,1,,Low confidence,Avoid,True,4
SYNTH_0097,Ceftibuten,Haemophilus influenzae,0.9627553415617098,0.03724465843829017,0.9627553415617098,0.03724465843829017,1,,Low confidence,Avoid,True,5
SYNTH_0097,Cefotaxime,Haemophilus influenzae,0.9911188002891114,0.008881199710888632,0.9911188002891114,0.008881199710888632,1,,Low confidence,Avoid,True,6
SYNTH_0097,Tetracycline,Haemophilus influenzae,0.9921264042830777,0.007873595716922255,0.9921264042830777,0.007873595716922255,1,,Low confidence,Avoid,True,7
SYNTH_0097,Ceftriaxone,Haemophilus influenzae,0.993706281045937,0.0062937189540630545,0.993706281045937,0.0062937189540630545,1,,Low confidence,Avoid,True,8
SYNTH_0097,Doxycycline,Streptococcus pneumoniae,0.6851064221294793,0.31489357787052075,0.6851064221294793,0.31489357787052075,1,,Low confidence,Avoid,True,1
SYNTH_0097,Tetracycline,Streptococcus pneumoniae,0.6887208781086678,0.3112791218913322,0.6887208781086678,0.3112791218913322,1,,Low confidence,Avoid,True,2
SYNTH_0098,Trimethoprim Sulfa,Haemophilus influenzae,0.5509847931199273,0.4490152068800727,0.5509847931199273,0.4490152068800727,1,,Low confidence,Avoid,True,1
SYNTH_0098,Levofloxacin,Haemophilus influenzae,0.7464840338582643,0.25351596614173566,0.7464840338582643,0.25351596614173566,1,,Low confidence,Avoid,True,2
SYNTH_0098,Cefixime,Haemophilus influenzae,0.8380513758112415,0.16194862418875855,0.8380513758112415,0.16194862418875855,1,,Low confidence,Avoid,True,3
SYNTH_0098,Cefpodoxime,Haemophilus influenzae,0.8892461770466781,0.11075382295332192,0.8892461770466781,0.11075382295332192,1,,Low confidence,Avoid,True,4
SYNTH_0098,Ceftibuten,Haemophilus influenzae,0.9603411580972836,0.0396588419027164,0.9603411580972836,0.0396588419027164,1,,Low confidence,Avoid,True,5
SYNTH_0098,Ceftriaxone,Haemophilus influenzae,0.990289979398592,0.00971002060140802,0.990289979398592,0.00971002060140802,1,,Low confidence,Avoid,True,6
SYNTH_0098,Tetracycline,Haemophilus influenzae,0.9909156017017484,0.009084398298251584,0.9909156017017484,0.009084398298251584,1,,Low confidence,Avoid,True,7
SYNTH_0098,Cefotaxime,Haemophilus influenzae,0.9917684778849963,0.008231522115003664,0.9917684778849963,0.008231522115003664,1,,Low confidence,Avoid,True,8
SYNTH_0098,Tetracycline,Streptococcus pneumoniae,0.6874987160610055,0.31250128393899446,0.6874987160610055,0.31250128393899446,1,,Low confidence,Avoid,True,1
SYNTH_0098,Doxycycline,Streptococcus pneumoniae,0.7103485645553282,0.28965143544467176,0.7103485645553282,0.28965143544467176,1,,Low confidence,Avoid,True,2
SYNTH_0099,Trimethoprim Sulfa,Haemophilus influenzae,0.5699798021623395,0.43002019783766054,0.5699798021623395,0.43002019783766054,1,,Low confidence,Avoid,True,1
SYNTH_0099,Levofloxacin,Haemophilus influenzae,0.8537492803267448,0.1462507196732552,0.8537492803267448,0.1462507196732552,1,,Low confidence,Avoid,True,2
SYNTH_0099,Cefpodoxime,Haemophilus influenzae,0.9125635010369191,0.08743649896308092,0.9125635010369191,0.08743649896308092,1,,Low confidence,Avoid,True,3
SYNTH_0099,Cefixime,Haemophilus influenzae,0.937813365314527,0.06218663468547303,0.937813365314527,0.06218663468547303,1,,Low confidence,Avoid,True,4
SYNTH_0099,Ceftibuten,Haemophilus influenzae,0.9599622719715688,0.040037728028431196,0.9599622719715688,0.040037728028431196,1,,Low confidence,Avoid,True,5
SYNTH_0099,Cefotaxime,Haemophilus influenzae,0.9906978742287447,0.009302125771255332,0.9906978742287447,0.009302125771255332,1,,Low confidence,Avoid,True,6
SYNTH_0099,Tetracycline,Haemophilus influenzae,0.9919412889824445,0.008058711017555509,0.9919412889824445,0.008058711017555509,1,,Low confidence,Avoid,True,7
SYNTH_0099,Ceftriaxone,Haemophilus influenzae,0.991956602165663,0.008043397834337052,0.991956602165663,0.008043397834337052,1,,Low confidence,Avoid,True,8
SYNTH_0099,Tetracycline,Streptococcus pneumoniae,0.6788933022543319,0.32110669774566813,0.6788933022543319,0.32110669774566813,1,,Low confidence,Avoid,True,1
SYNTH_0099,Doxycycline,Streptococcus pneumoniae,0.6886805552785777,0.31131944472142226,0.6886805552785777,0.31131944472142226,1,,Low confidence,Avoid,True,2
SYNTH_0100,Cefotaxime,Haemophilus influenzae,0.13002994533073647,0.8699700546692635,0.8699700546692635,0.8699700546692635,0,,High confidence,Recommend,True,1
SYNTH_0100,Ceftibuten,Haemophilus influenzae,0.4003265929775332,0.5996734070224667,0.5996734070224667,0.5996734070224667,1,,Moderate confidence,Consider,True,2
SYNTH_0100,Trimethoprim Sulfa,Haemophilus influenzae,0.4641600282117384,0.5358399717882616,0.5358399717882616,0.5358399717882616,1,,Moderate confidence,Consider,True,3
SYNTH_0100,Ceftriaxone,Haemophilus influenzae,0.4958492884156741,0.5041507115843259,0.5041507115843259,0.5041507115843259,1,,Moderate confidence,Consider,True,4
SYNTH_0100,Cefixime,Haemophilus influenzae,0.5560671987620873,0.4439328012379127,0.5560671987620873,0.4439328012379127,1,,Low confidence,Avoid,True,5
SYNTH_0100,Cefpodoxime,Haemophilus influenzae,0.6145609958426921,0.3854390041573079,0.6145609958426921,0.3854390041573079,1,,Low confidence,Avoid,True,6
SYNTH_0100,Levofloxacin,Haemophilus influenzae,0.7210230942760503,0.27897690572394973,0.7210230942760503,0.27897690572394973,1,,Low confidence,Avoid,True,7
SYNTH_0100,Tetracycline,Haemophilus influenzae,0.9835166669035331,0.01648333309646688,0.9835166669035331,0.01648333309646688,1,,Low confidence,Avoid,True,8
SYNTH_0100,Doxycycline,Streptococcus pneumoniae,0.6038607029649736,0.39613929703502637,0.6038607029649736,0.39613929703502637,1,,Low confidence,Avoid,True,1
SYNTH_0100,Tetracycline,Streptococcus pneumoniae,0.65389282241868,0.34610717758132004,0.65389282241868,0.34610717758132004,1,,Low confidence,Avoid,True,2
