0 verbose cli C:\Program Files\nodejs\node.exe C:\Program Files\nodejs\node_modules\npm\bin\npm-cli.js
1 info using npm@11.16.0
2 info using node@v24.18.0
3 silly config load:file:C:\Program Files\nodejs\node_modules\npm\npmrc
4 silly config load:file:C:\Users\Adetokunbo\Desktop\Pharmatrybe_project\Pharmatrybe\.npmrc
5 silly config load:file:C:\Users\Adetokunbo\.npmrc
6 silly config load:file:C:\Users\Adetokunbo\AppData\Roaming\npm\etc\npmrc
7 verbose title npm install
8 verbose argv "install" "--cache" "C:\\Users\\Adetokunbo\\Desktop\\Pharmatrybe_project\\Pharmatrybe\\.npm-local-cache" "--no-fund" "--no-audit" "--loglevel" "error"
9 verbose logfile logs-max:10 dir:C:\Users\Adetokunbo\Desktop\Pharmatrybe_project\Pharmatrybe\.npm-local-cache\_logs\2026-08-30T08_29_51_070Z-
10 verbose logfile C:\Users\Adetokunbo\Desktop\Pharmatrybe_project\Pharmatrybe\.npm-local-cache\_logs\2026-08-30T08_29_51_070Z-debug-0.log
11 silly logfile done cleaning log files
12 silly packumentCache heap:2348810240 maxSize:587202560 maxEntrySize:293601280
13 silly idealTree buildDeps
14 silly fetch manifest @google/genai@^2.4.0
15 silly packumentCache full:https://registry.npmjs.org/@google%2fgenai cache-miss
16 http fetch GET 200 https://registry.npmjs.org/npm 713ms
17 http fetch GET 200 https://registry.npmjs.org/@google%2fgenai 1350ms (cache miss)
18 silly packumentCache full:https://registry.npmjs.org/@google%2fgenai set size:undefined disposed:false
19 silly fetch manifest @modelcontextprotocol/sdk@^1.25.2
20 silly packumentCache full:https://registry.npmjs.org/@modelcontextprotocol%2fsdk cache-miss
21 http fetch GET 200 https://registry.npmjs.org/@modelcontextprotocol%2fsdk 200ms (cache miss)
22 silly packumentCache full:https://registry.npmjs.org/@modelcontextprotocol%2fsdk set size:undefined disposed:false
23 silly fetch manifest @cfworker/json-schema@^4.1.1
24 silly packumentCache full:https://registry.npmjs.org/@cfworker%2fjson-schema cache-miss
25 http fetch GET 200 https://registry.npmjs.org/@cfworker%2fjson-schema 309ms (cache miss)
26 silly packumentCache full:https://registry.npmjs.org/@cfworker%2fjson-schema set size:undefined disposed:false
27 silly fetch manifest @hookform/resolvers@^5.8.0
28 silly packumentCache full:https://registry.npmjs.org/@hookform%2fresolvers cache-miss
29 http fetch GET 200 https://registry.npmjs.org/@hookform%2fresolvers 1297ms (cache miss)
30 silly packumentCache full:https://registry.npmjs.org/@hookform%2fresolvers set size:undefined disposed:false
31 silly fetch manifest @sinclair/typebox@>=0.25.24
32 silly packumentCache full:https://registry.npmjs.org/@sinclair%2ftypebox cache-miss
33 http fetch GET 200 https://registry.npmjs.org/@sinclair%2ftypebox 3472ms (cache miss)
34 silly packumentCache full:https://registry.npmjs.org/@sinclair%2ftypebox set size:undefined disposed:false
35 silly fetch manifest @standard-schema/spec@^1.0.0
36 silly packumentCache full:https://registry.npmjs.org/@standard-schema%2fspec cache-miss
37 http fetch GET 200 https://registry.npmjs.org/@standard-schema%2fspec 146ms (cache miss)
38 silly packumentCache full:https://registry.npmjs.org/@standard-schema%2fspec set size:undefined disposed:false
39 silly fetch manifest @typeschema/main@>=0.13.7
40 silly packumentCache full:https://registry.npmjs.org/@typeschema%2fmain cache-miss
41 http fetch GET 200 https://registry.npmjs.org/@typeschema%2fmain 823ms (cache miss)
42 silly packumentCache full:https://registry.npmjs.org/@typeschema%2fmain set size:undefined disposed:false
43 silly fetch manifest @typeschema/arktype@0.14.0
44 silly packumentCache full:https://registry.npmjs.org/@typeschema%2farktype cache-miss
45 http fetch GET 200 https://registry.npmjs.org/@typeschema%2farktype 1282ms (cache miss)
46 silly packumentCache full:https://registry.npmjs.org/@typeschema%2farktype set size:undefined disposed:false
47 silly fetch manifest arktype@^2.0.0-rc.0
48 silly packumentCache full:https://registry.npmjs.org/arktype cache-miss
49 http fetch GET 200 https://registry.npmjs.org/arktype 1411ms (cache miss)
50 silly packumentCache full:https://registry.npmjs.org/arktype set size:undefined disposed:false
51 silly fetch manifest @typeschema/class-validator@0.3.0
52 silly packumentCache full:https://registry.npmjs.org/@typeschema%2fclass-validator cache-miss
53 http fetch GET 200 https://registry.npmjs.org/@typeschema%2fclass-validator 5402ms (cache miss)
54 silly packumentCache full:https://registry.npmjs.org/@typeschema%2fclass-validator set size:undefined disposed:false
55 silly fetch manifest class-validator@^0.14.1
56 silly packumentCache full:https://registry.npmjs.org/class-validator cache-miss
57 http fetch GET 200 https://registry.npmjs.org/class-validator 466ms (cache miss)
58 silly packumentCache full:https://registry.npmjs.org/class-validator set size:undefined disposed:false
59 silly fetch manifest @typeschema/deepkit@0.14.0
60 silly packumentCache full:https://registry.npmjs.org/@typeschema%2fdeepkit cache-miss
61 http fetch GET 200 https://registry.npmjs.org/@typeschema%2fdeepkit 1251ms (cache miss)
62 silly packumentCache full:https://registry.npmjs.org/@typeschema%2fdeepkit set size:undefined disposed:false
63 silly fetch manifest @deepkit/type@^1.0.1-alpha.145
64 silly packumentCache full:https://registry.npmjs.org/@deepkit%2ftype cache-miss
65 http fetch GET 200 https://registry.npmjs.org/@deepkit%2ftype 2200ms (cache miss)
66 silly packumentCache full:https://registry.npmjs.org/@deepkit%2ftype set size:undefined disposed:false
67 silly fetch manifest @deepkit/core@^1.0.1
68 silly packumentCache full:https://registry.npmjs.org/@deepkit%2fcore cache-miss
69 http fetch GET 200 https://registry.npmjs.org/@deepkit%2fcore 2733ms (cache miss)
70 silly packumentCache full:https://registry.npmjs.org/@deepkit%2fcore set size:undefined disposed:false
71 silly fetch manifest @typeschema/effect@0.14.0
72 silly packumentCache full:https://registry.npmjs.org/@typeschema%2feffect cache-miss
73 http fetch GET 200 https://registry.npmjs.org/@typeschema%2feffect 1123ms (cache miss)
74 silly packumentCache full:https://registry.npmjs.org/@typeschema%2feffect set size:undefined disposed:false
75 silly fetch manifest @effect/schema@^0.71.1
76 silly packumentCache full:https://registry.npmjs.org/@effect%2fschema cache-miss
77 http fetch GET 200 https://registry.npmjs.org/@effect%2fschema 2503ms (cache miss)
78 silly packumentCache full:https://registry.npmjs.org/@effect%2fschema set size:undefined disposed:false
79 silly fetch manifest effect@^3.6.8
80 silly packumentCache full:https://registry.npmjs.org/effect cache-miss
81 http fetch GET 200 https://registry.npmjs.org/effect 7898ms (cache miss)
82 silly packumentCache full:https://registry.npmjs.org/effect set size:undefined disposed:false
83 silly fetch manifest @typeschema/fastest-validator@0.2.0
84 silly packumentCache full:https://registry.npmjs.org/@typeschema%2ffastest-validator cache-miss
85 http fetch GET 200 https://registry.npmjs.org/@typeschema%2ffastest-validator 749ms (cache miss)
86 silly packumentCache full:https://registry.npmjs.org/@typeschema%2ffastest-validator set size:undefined disposed:false
87 silly fetch manifest fastest-validator@^1.19.0
88 silly packumentCache full:https://registry.npmjs.org/fastest-validator cache-miss
89 http fetch GET 200 https://registry.npmjs.org/fastest-validator 1471ms (cache miss)
90 silly packumentCache full:https://registry.npmjs.org/fastest-validator set size:undefined disposed:false
91 silly fetch manifest @typeschema/function@0.14.0
92 silly packumentCache full:https://registry.npmjs.org/@typeschema%2ffunction cache-miss
93 http fetch GET 200 https://registry.npmjs.org/@typeschema%2ffunction 2545ms (cache miss)
94 silly packumentCache full:https://registry.npmjs.org/@typeschema%2ffunction set size:undefined disposed:false
95 silly fetch manifest @typeschema/io-ts@0.14.0
96 silly packumentCache full:https://registry.npmjs.org/@typeschema%2fio-ts cache-miss
97 http fetch GET 200 https://registry.npmjs.org/@typeschema%2fio-ts 835ms (cache miss)
98 silly packumentCache full:https://registry.npmjs.org/@typeschema%2fio-ts set size:undefined disposed:false
99 silly fetch manifest fp-ts@^2.16.9
100 silly packumentCache full:https://registry.npmjs.org/fp-ts cache-miss
101 http fetch GET 200 https://registry.npmjs.org/fp-ts 527ms (cache miss)
102 silly packumentCache full:https://registry.npmjs.org/fp-ts set size:undefined disposed:false
103 silly fetch manifest io-ts@^2.2.21
104 silly packumentCache full:https://registry.npmjs.org/io-ts cache-miss
105 http fetch GET 200 https://registry.npmjs.org/io-ts 1495ms (cache miss)
106 silly packumentCache full:https://registry.npmjs.org/io-ts set size:undefined disposed:false
107 silly fetch manifest @typeschema/joi@0.14.0
108 silly packumentCache full:https://registry.npmjs.org/@typeschema%2fjoi cache-miss
109 http fetch GET 200 https://registry.npmjs.org/@typeschema%2fjoi 1430ms (cache miss)
110 silly packumentCache full:https://registry.npmjs.org/@typeschema%2fjoi set size:undefined disposed:false
111 silly fetch manifest joi@^17.13.3
112 silly packumentCache full:https://registry.npmjs.org/joi cache-miss
113 http fetch GET 200 https://registry.npmjs.org/joi 2230ms (cache miss)
114 silly packumentCache full:https://registry.npmjs.org/joi set size:undefined disposed:false
115 silly fetch manifest joi-to-json@^4.3.0
116 silly packumentCache full:https://registry.npmjs.org/joi-to-json cache-miss
117 http fetch GET 200 https://registry.npmjs.org/joi-to-json 3389ms (cache miss)
118 silly packumentCache full:https://registry.npmjs.org/joi-to-json set size:undefined disposed:false
119 silly fetch manifest @typeschema/json@0.14.0
120 silly packumentCache full:https://registry.npmjs.org/@typeschema%2fjson cache-miss
121 http fetch GET 200 https://registry.npmjs.org/@typeschema%2fjson 3070ms (cache miss)
122 silly packumentCache full:https://registry.npmjs.org/@typeschema%2fjson set size:undefined disposed:false
123 silly fetch manifest ajv@^8.17.1
124 silly packumentCache full:https://registry.npmjs.org/ajv cache-miss
125 http fetch GET 200 https://registry.npmjs.org/ajv 406ms (cache miss)
126 silly packumentCache full:https://registry.npmjs.org/ajv set size:undefined disposed:false
127 silly fetch manifest json-schema-to-ts@^3.1.0
128 silly packumentCache full:https://registry.npmjs.org/json-schema-to-ts cache-miss
129 http fetch GET 200 https://registry.npmjs.org/json-schema-to-ts 437ms (cache miss)
130 silly packumentCache full:https://registry.npmjs.org/json-schema-to-ts set size:undefined disposed:false
131 silly fetch manifest @typeschema/ow@0.14.0
132 silly packumentCache full:https://registry.npmjs.org/@typeschema%2fow cache-miss
133 http fetch GET 200 https://registry.npmjs.org/@typeschema%2fow 3479ms (cache miss)
134 silly packumentCache full:https://registry.npmjs.org/@typeschema%2fow set size:undefined disposed:false
135 silly fetch manifest ow@^0.28.2
136 silly packumentCache full:https://registry.npmjs.org/ow cache-miss
137 http fetch GET 200 https://registry.npmjs.org/ow 1127ms (cache miss)
138 silly packumentCache full:https://registry.npmjs.org/ow set size:undefined disposed:false
139 silly fetch manifest @typeschema/runtypes@0.14.0
140 silly packumentCache full:https://registry.npmjs.org/@typeschema%2fruntypes cache-miss
141 http fetch GET 200 https://registry.npmjs.org/@typeschema%2fruntypes 2539ms (cache miss)
142 silly packumentCache full:https://registry.npmjs.org/@typeschema%2fruntypes set size:undefined disposed:false
143 silly fetch manifest runtypes@^6.7.0
144 silly packumentCache full:https://registry.npmjs.org/runtypes cache-miss
145 http fetch GET 200 https://registry.npmjs.org/runtypes 507ms (cache miss)
146 silly packumentCache full:https://registry.npmjs.org/runtypes set size:undefined disposed:false
147 silly fetch manifest @typeschema/superstruct@0.14.0
148 silly packumentCache full:https://registry.npmjs.org/@typeschema%2fsuperstruct cache-miss
149 http fetch GET 200 https://registry.npmjs.org/@typeschema%2fsuperstruct 770ms (cache miss)
150 silly packumentCache full:https://registry.npmjs.org/@typeschema%2fsuperstruct set size:undefined disposed:false
151 silly fetch manifest superstruct@^2.0.2
152 silly packumentCache full:https://registry.npmjs.org/superstruct cache-miss
153 http fetch GET 200 https://registry.npmjs.org/superstruct 989ms (cache miss)
154 silly packumentCache full:https://registry.npmjs.org/superstruct set size:undefined disposed:false
155 silly fetch manifest @typeschema/suretype@0.2.0
156 silly packumentCache full:https://registry.npmjs.org/@typeschema%2fsuretype cache-miss
157 http fetch GET 200 https://registry.npmjs.org/@typeschema%2fsuretype 2924ms (cache miss)
158 silly packumentCache full:https://registry.npmjs.org/@typeschema%2fsuretype set size:undefined disposed:false
159 silly fetch manifest suretype@^3.3.1
160 silly packumentCache full:https://registry.npmjs.org/suretype cache-miss
161 http fetch GET 200 https://registry.npmjs.org/suretype 1507ms (cache miss)
162 silly packumentCache full:https://registry.npmjs.org/suretype set size:undefined disposed:false
163 silly fetch manifest @typeschema/typebox@0.14.0
164 silly packumentCache full:https://registry.npmjs.org/@typeschema%2ftypebox cache-miss
165 http fetch GET 200 https://registry.npmjs.org/@typeschema%2ftypebox 1767ms (cache miss)
166 silly packumentCache full:https://registry.npmjs.org/@typeschema%2ftypebox set size:undefined disposed:false
167 silly fetch manifest @sinclair/typebox@^0.33.7
168 silly packumentCache full:https://registry.npmjs.org/@sinclair%2ftypebox cache-miss
169 http cache https://registry.npmjs.org/@sinclair%2ftypebox 455ms (cache hit)
170 silly packumentCache full:https://registry.npmjs.org/@sinclair%2ftypebox set size:1212785 disposed:false
171 silly fetch manifest @typeschema/valibot@0.14.0
172 silly packumentCache full:https://registry.npmjs.org/@typeschema%2fvalibot cache-miss
173 http fetch GET 200 https://registry.npmjs.org/@typeschema%2fvalibot 909ms (cache miss)
174 silly packumentCache full:https://registry.npmjs.org/@typeschema%2fvalibot set size:undefined disposed:false
175 silly fetch manifest @gcornut/valibot-json-schema@^0.37.0
176 silly packumentCache full:https://registry.npmjs.org/@gcornut%2fvalibot-json-schema cache-miss
177 http fetch GET 200 https://registry.npmjs.org/@gcornut%2fvalibot-json-schema 2898ms (cache miss)
178 silly packumentCache full:https://registry.npmjs.org/@gcornut%2fvalibot-json-schema set size:undefined disposed:false
179 silly fetch manifest valibot@^0.39.0
180 silly packumentCache full:https://registry.npmjs.org/valibot cache-miss
181 http fetch GET 200 https://registry.npmjs.org/valibot 536ms (cache miss)
182 silly packumentCache full:https://registry.npmjs.org/valibot set size:undefined disposed:false
183 silly fetch manifest typescript@~5.8.2
184 silly packumentCache full:https://registry.npmjs.org/typescript cache-miss
185 http fetch GET 200 https://registry.npmjs.org/typescript 5026ms (cache miss)
186 silly packumentCache full:https://registry.npmjs.org/typescript set size:undefined disposed:false
187 silly fetch manifest @typeschema/valita@0.2.0
188 silly packumentCache full:https://registry.npmjs.org/@typeschema%2fvalita cache-miss
189 http fetch GET 200 https://registry.npmjs.org/@typeschema%2fvalita 1034ms (cache miss)
190 silly packumentCache full:https://registry.npmjs.org/@typeschema%2fvalita set size:undefined disposed:false
191 silly fetch manifest @badrap/valita@^0.3.9
192 silly packumentCache full:https://registry.npmjs.org/@badrap%2fvalita cache-miss
193 http fetch GET 200 https://registry.npmjs.org/@badrap%2fvalita 1283ms (cache miss)
194 silly packumentCache full:https://registry.npmjs.org/@badrap%2fvalita set size:undefined disposed:false
195 silly fetch manifest @typeschema/vine@0.2.0
196 silly packumentCache full:https://registry.npmjs.org/@typeschema%2fvine cache-miss
197 http fetch GET 200 https://registry.npmjs.org/@typeschema%2fvine 2107ms (cache miss)
198 silly packumentCache full:https://registry.npmjs.org/@typeschema%2fvine set size:undefined disposed:false
199 silly fetch manifest @vinejs/vine@^2.1.0
200 silly packumentCache full:https://registry.npmjs.org/@vinejs%2fvine cache-miss
201 http fetch GET 200 https://registry.npmjs.org/@vinejs%2fvine 1985ms (cache miss)
202 silly packumentCache full:https://registry.npmjs.org/@vinejs%2fvine set size:undefined disposed:false
203 silly fetch manifest @typeschema/yup@0.14.0
204 silly packumentCache full:https://registry.npmjs.org/@typeschema%2fyup cache-miss
205 http fetch GET 200 https://registry.npmjs.org/@typeschema%2fyup 2514ms (cache miss)
206 silly packumentCache full:https://registry.npmjs.org/@typeschema%2fyup set size:undefined disposed:false
207 silly fetch manifest @sodaru/yup-to-json-schema@^2.0.1
208 silly packumentCache full:https://registry.npmjs.org/@sodaru%2fyup-to-json-schema cache-miss
209 http fetch GET 200 https://registry.npmjs.org/@sodaru%2fyup-to-json-schema 1751ms (cache miss)
210 silly packumentCache full:https://registry.npmjs.org/@sodaru%2fyup-to-json-schema set size:undefined disposed:false
211 silly fetch manifest yup@^1.4.0
212 silly packumentCache full:https://registry.npmjs.org/yup cache-miss
213 http fetch GET 200 https://registry.npmjs.org/yup 510ms (cache miss)
214 silly packumentCache full:https://registry.npmjs.org/yup set size:undefined disposed:false
215 silly fetch manifest @typeschema/zod@0.14.0
216 silly packumentCache full:https://registry.npmjs.org/@typeschema%2fzod cache-miss
217 http fetch GET 200 https://registry.npmjs.org/@typeschema%2fzod 1481ms (cache miss)
218 silly packumentCache full:https://registry.npmjs.org/@typeschema%2fzod set size:undefined disposed:false
219 silly fetch manifest zod@^4.4.3
220 silly packumentCache full:https://registry.npmjs.org/zod cache-miss
221 http fetch GET 200 https://registry.npmjs.org/zod 4274ms (cache miss)
222 silly packumentCache full:https://registry.npmjs.org/zod set size:undefined disposed:false
223 silly fetch manifest zod@^3.23.8
224 silly packumentCache full:https://registry.npmjs.org/zod cache-miss
225 http cache https://registry.npmjs.org/zod 161ms (cache hit)
226 silly packumentCache full:https://registry.npmjs.org/zod set size:4147901 disposed:false
227 silly fetch manifest zod-to-json-schema@^3.23.2
228 silly packumentCache full:https://registry.npmjs.org/zod-to-json-schema cache-miss
229 http fetch GET 200 https://registry.npmjs.org/zod-to-json-schema 498ms (cache miss)
230 silly packumentCache full:https://registry.npmjs.org/zod-to-json-schema set size:undefined disposed:false
231 silly fetch manifest ajv-errors@^3.0.0
232 silly packumentCache full:https://registry.npmjs.org/ajv-errors cache-miss
233 http fetch GET 200 https://registry.npmjs.org/ajv-errors 628ms (cache miss)
234 silly packumentCache full:https://registry.npmjs.org/ajv-errors set size:undefined disposed:false
235 silly fetch manifest ajv-formats@^2.1.1
236 silly packumentCache full:https://registry.npmjs.org/ajv-formats cache-miss
237 http fetch GET 200 https://registry.npmjs.org/ajv-formats 425ms (cache miss)
238 silly packumentCache full:https://registry.npmjs.org/ajv-formats set size:undefined disposed:false
239 silly fetch manifest ata-validator@^1.2.0
240 silly packumentCache full:https://registry.npmjs.org/ata-validator cache-miss
241 http fetch GET 200 https://registry.npmjs.org/ata-validator 396ms (cache miss)
242 silly packumentCache full:https://registry.npmjs.org/ata-validator set size:undefined disposed:false
243 silly fetch manifest yaml@^2.0.0
244 silly packumentCache full:https://registry.npmjs.org/yaml cache-miss
245 http fetch GET 200 https://registry.npmjs.org/yaml 507ms (cache miss)
246 silly packumentCache full:https://registry.npmjs.org/yaml set size:undefined disposed:false
247 silly fetch manifest class-transformer@>=0.4.0
248 silly packumentCache full:https://registry.npmjs.org/class-transformer cache-miss
249 http fetch GET 200 https://registry.npmjs.org/class-transformer 2741ms (cache miss)
250 silly packumentCache full:https://registry.npmjs.org/class-transformer set size:undefined disposed:false
251 silly fetch manifest computed-types@^1.0.0
252 silly packumentCache full:https://registry.npmjs.org/computed-types cache-miss
253 http fetch GET 200 https://registry.npmjs.org/computed-types 1934ms (cache miss)
254 silly packumentCache full:https://registry.npmjs.org/computed-types set size:undefined disposed:false
255 silly fetch manifest fluentvalidation-ts@^3.0.0
256 silly packumentCache full:https://registry.npmjs.org/fluentvalidation-ts cache-miss
257 http fetch GET 200 https://registry.npmjs.org/fluentvalidation-ts 421ms (cache miss)
258 silly packumentCache full:https://registry.npmjs.org/fluentvalidation-ts set size:undefined disposed:false
259 silly fetch manifest nope-validator@>=0.12.0
260 silly packumentCache full:https://registry.npmjs.org/nope-validator cache-miss
261 http fetch GET 200 https://registry.npmjs.org/nope-validator 687ms (cache miss)
262 silly packumentCache full:https://registry.npmjs.org/nope-validator set size:undefined disposed:false
263 silly fetch manifest react-hook-form@^7.85.0
264 silly packumentCache full:https://registry.npmjs.org/react-hook-form cache-miss
265 http fetch GET 200 https://registry.npmjs.org/react-hook-form 4729ms (cache miss)
266 silly packumentCache full:https://registry.npmjs.org/react-hook-form set size:undefined disposed:false
267 silly fetch manifest react@^19.0.1
268 silly packumentCache full:https://registry.npmjs.org/react cache-miss
269 http fetch GET 200 https://registry.npmjs.org/react 3308ms (cache miss)
270 silly packumentCache full:https://registry.npmjs.org/react set size:undefined disposed:false
271 silly fetch manifest typanion@^3.3.2
272 silly packumentCache full:https://registry.npmjs.org/typanion cache-miss
273 http fetch GET 200 https://registry.npmjs.org/typanion 411ms (cache miss)
274 silly packumentCache full:https://registry.npmjs.org/typanion set size:undefined disposed:false
275 silly fetch manifest vest@>=6.0.0
276 silly packumentCache full:https://registry.npmjs.org/vest cache-miss
277 http fetch GET 200 https://registry.npmjs.org/vest 4817ms (cache miss)
278 silly packumentCache full:https://registry.npmjs.org/vest set size:undefined disposed:false
279 silly fetch manifest @supabase/supabase-js@^2.112.3
280 silly packumentCache full:https://registry.npmjs.org/@supabase%2fsupabase-js cache-miss
281 http fetch GET 200 https://registry.npmjs.org/@supabase%2fsupabase-js 1643ms (cache miss)
282 silly packumentCache full:https://registry.npmjs.org/@supabase%2fsupabase-js set size:undefined disposed:false
283 silly fetch manifest @opentelemetry/api@>=1.0.0
284 silly packumentCache full:https://registry.npmjs.org/@opentelemetry%2fapi cache-miss
285 http fetch GET 200 https://registry.npmjs.org/@opentelemetry%2fapi 985ms (cache miss)
286 silly packumentCache full:https://registry.npmjs.org/@opentelemetry%2fapi set size:undefined disposed:false
287 silly fetch manifest @tailwindcss/vite@^4.1.14
288 silly packumentCache full:https://registry.npmjs.org/@tailwindcss%2fvite cache-miss
289 http fetch GET 200 https://registry.npmjs.org/@tailwindcss%2fvite 4990ms (cache miss)
290 silly packumentCache full:https://registry.npmjs.org/@tailwindcss%2fvite set size:undefined disposed:false
291 silly fetch manifest vite@^6.2.3
292 silly packumentCache full:https://registry.npmjs.org/vite cache-miss
293 http fetch GET 200 https://registry.npmjs.org/vite 16120ms (cache miss)
294 silly packumentCache full:https://registry.npmjs.org/vite set size:undefined disposed:false
295 silly fetch manifest @types/node@^22.14.0
296 silly packumentCache full:https://registry.npmjs.org/@types%2fnode cache-miss
297 http fetch GET 200 https://registry.npmjs.org/@types%2fnode 5347ms (cache miss)
298 silly packumentCache full:https://registry.npmjs.org/@types%2fnode set size:undefined disposed:false
299 silly fetch manifest jiti@>=1.21.0
300 silly packumentCache full:https://registry.npmjs.org/jiti cache-miss
301 http fetch GET 200 https://registry.npmjs.org/jiti 489ms (cache miss)
302 silly packumentCache full:https://registry.npmjs.org/jiti set size:undefined disposed:false
303 silly fetch manifest less@*
304 silly packumentCache full:https://registry.npmjs.org/less cache-miss
305 http fetch GET 200 https://registry.npmjs.org/less 1882ms (cache miss)
306 silly packumentCache full:https://registry.npmjs.org/less set size:undefined disposed:false
307 silly fetch manifest lightningcss@^1.21.0
308 silly packumentCache full:https://registry.npmjs.org/lightningcss cache-miss
309 http fetch GET 200 https://registry.npmjs.org/lightningcss 121ms (cache miss)
310 silly packumentCache full:https://registry.npmjs.org/lightningcss set size:undefined disposed:false
311 silly fetch manifest sass@*
312 silly packumentCache full:https://registry.npmjs.org/sass cache-miss
313 http fetch GET 200 https://registry.npmjs.org/sass 628ms (cache miss)
314 silly packumentCache full:https://registry.npmjs.org/sass set size:undefined disposed:false
315 silly fetch manifest sass-embedded@*
316 silly packumentCache full:https://registry.npmjs.org/sass-embedded cache-miss
317 http fetch GET 200 https://registry.npmjs.org/sass-embedded 3169ms (cache miss)
318 silly packumentCache full:https://registry.npmjs.org/sass-embedded set size:undefined disposed:false
319 silly fetch manifest stylus@*
320 silly packumentCache full:https://registry.npmjs.org/stylus cache-miss
321 http cache https://registry.npmjs.org/stylus 73ms (cache hit)
322 silly packumentCache full:https://registry.npmjs.org/stylus set size:286766 disposed:false
323 silly fetch manifest sugarss@*
324 silly packumentCache full:https://registry.npmjs.org/sugarss cache-miss
325 http fetch GET 200 https://registry.npmjs.org/sugarss 186ms (cache miss)
326 silly packumentCache full:https://registry.npmjs.org/sugarss set size:undefined disposed:false
327 silly fetch manifest postcss@^8.3.3
328 silly packumentCache full:https://registry.npmjs.org/postcss cache-miss
329 http fetch GET 200 https://registry.npmjs.org/postcss 777ms (cache miss)
330 silly packumentCache full:https://registry.npmjs.org/postcss set size:undefined disposed:false
331 silly fetch manifest terser@^5.16.0
332 silly packumentCache full:https://registry.npmjs.org/terser cache-miss
333 http cache https://registry.npmjs.org/terser 558ms (cache hit)
334 silly packumentCache full:https://registry.npmjs.org/terser set size:827672 disposed:false
335 silly fetch manifest tsx@^4.21.0
336 silly packumentCache full:https://registry.npmjs.org/tsx cache-miss
337 http fetch GET 200 https://registry.npmjs.org/tsx 1459ms (cache miss)
338 silly packumentCache full:https://registry.npmjs.org/tsx set size:undefined disposed:false
339 silly fetch manifest yaml@^2.4.2
340 silly packumentCache full:https://registry.npmjs.org/yaml cache-miss
341 http cache https://registry.npmjs.org/yaml 852ms (cache hit)
342 silly packumentCache full:https://registry.npmjs.org/yaml set size:385754 disposed:false
343 silly fetch manifest @tanstack/react-query@^5.101.4
344 silly packumentCache full:https://registry.npmjs.org/@tanstack%2freact-query cache-miss
345 http fetch GET 200 https://registry.npmjs.org/@tanstack%2freact-query 2604ms (cache miss)
346 silly packumentCache full:https://registry.npmjs.org/@tanstack%2freact-query set size:undefined disposed:false
347 silly fetch manifest @tanstack/react-router@1.120.0
348 silly packumentCache full:https://registry.npmjs.org/@tanstack%2freact-router cache-miss
349 http fetch GET 200 https://registry.npmjs.org/@tanstack%2freact-router 3993ms (cache miss)
350 silly packumentCache full:https://registry.npmjs.org/@tanstack%2freact-router set size:undefined disposed:false
351 silly fetch manifest react-dom@^19.0.1
352 silly packumentCache full:https://registry.npmjs.org/react-dom cache-miss
353 http fetch GET 200 https://registry.npmjs.org/react-dom 12471ms (cache miss)
354 silly packumentCache full:https://registry.npmjs.org/react-dom set size:undefined disposed:false
355 silly fetch manifest @tanstack/react-start@1.120.0
356 silly packumentCache full:https://registry.npmjs.org/@tanstack%2freact-start cache-miss
357 http cache https://registry.npmjs.org/@tanstack%2freact-start 182ms (cache hit)
358 silly packumentCache full:https://registry.npmjs.org/@tanstack%2freact-start set size:3265156 disposed:false
359 silly fetch manifest @vitejs/plugin-react@^5.0.4
360 silly packumentCache full:https://registry.npmjs.org/@vitejs%2fplugin-react cache-miss
361 http cache https://registry.npmjs.org/@vitejs%2fplugin-react 48ms (cache hit)
362 silly packumentCache full:https://registry.npmjs.org/@vitejs%2fplugin-react set size:284195 disposed:false
363 silly fetch manifest axios@^1.19.0
364 silly packumentCache full:https://registry.npmjs.org/axios cache-miss
365 http cache https://registry.npmjs.org/axios 265ms (cache hit)
366 silly packumentCache full:https://registry.npmjs.org/axios set size:857738 disposed:false
367 silly fetch manifest class-variance-authority@^0.7.1
368 silly packumentCache full:https://registry.npmjs.org/class-variance-authority cache-miss
369 http cache https://registry.npmjs.org/class-variance-authority 55ms (cache hit)
370 silly packumentCache full:https://registry.npmjs.org/class-variance-authority set size:96388 disposed:false
371 silly fetch manifest clsx@^2.1.1
372 silly packumentCache full:https://registry.npmjs.org/clsx cache-miss
373 http cache https://registry.npmjs.org/clsx 117ms (cache hit)
374 silly packumentCache full:https://registry.npmjs.org/clsx set size:42506 disposed:false
375 silly fetch manifest dotenv@^17.2.3
376 silly packumentCache full:https://registry.npmjs.org/dotenv cache-miss
377 http cache https://registry.npmjs.org/dotenv 64ms (cache hit)
378 silly packumentCache full:https://registry.npmjs.org/dotenv set size:277821 disposed:false
379 silly fetch manifest express@^4.21.2
380 silly packumentCache full:https://registry.npmjs.org/express cache-miss
381 http cache https://registry.npmjs.org/express 100ms (cache hit)
382 silly packumentCache full:https://registry.npmjs.org/express set size:804975 disposed:false
383 silly fetch manifest lucide-react@^0.546.0
384 silly packumentCache full:https://registry.npmjs.org/lucide-react cache-miss
385 http cache https://registry.npmjs.org/lucide-react 54ms (cache hit)
386 silly packumentCache full:https://registry.npmjs.org/lucide-react set size:2331652 disposed:false
387 silly fetch manifest motion@^12.23.24
388 silly packumentCache full:https://registry.npmjs.org/motion cache-miss
389 http cache https://registry.npmjs.org/motion 58ms (cache hit)
390 silly packumentCache full:https://registry.npmjs.org/motion set size:1420580 disposed:false
391 silly fetch manifest @emotion/is-prop-valid@*
392 silly packumentCache full:https://registry.npmjs.org/@emotion%2fis-prop-valid cache-miss
393 http cache https://registry.npmjs.org/@emotion%2fis-prop-valid 20ms (cache hit)
394 silly packumentCache full:https://registry.npmjs.org/@emotion%2fis-prop-valid set size:96539 disposed:false
395 silly fetch manifest pdf-lib@^1.17.1
396 silly packumentCache full:https://registry.npmjs.org/pdf-lib cache-miss
397 http fetch GET 200 https://registry.npmjs.org/pdf-lib 5592ms (cache miss)
398 silly packumentCache full:https://registry.npmjs.org/pdf-lib set size:undefined disposed:false
399 silly fetch manifest recharts@^3.10.1
400 silly packumentCache full:https://registry.npmjs.org/recharts cache-miss
401 http cache https://registry.npmjs.org/recharts 158ms (cache hit)
402 silly packumentCache full:https://registry.npmjs.org/recharts set size:1445457 disposed:false
403 silly fetch manifest react-is@^16.8.0 || ^17.0.0 || ^18.0.0 || ^19.0.0
404 silly packumentCache full:https://registry.npmjs.org/react-is cache-miss
405 http fetch GET 200 https://registry.npmjs.org/react-is 2226ms (cache miss)
406 silly packumentCache full:https://registry.npmjs.org/react-is set size:undefined disposed:false
407 silly fetch manifest tailwind-merge@^3.6.0
408 silly packumentCache full:https://registry.npmjs.org/tailwind-merge cache-miss
409 http fetch GET 200 https://registry.npmjs.org/tailwind-merge 7772ms (cache miss)
410 silly packumentCache full:https://registry.npmjs.org/tailwind-merge set size:undefined disposed:false
411 silly fetch manifest zustand@^5.0.14
412 silly packumentCache full:https://registry.npmjs.org/zustand cache-miss
413 http cache https://registry.npmjs.org/zustand 3076ms (cache hit)
414 silly packumentCache full:https://registry.npmjs.org/zustand set size:489641 disposed:false
415 silly fetch manifest @types/react@>=18.0.0
416 silly packumentCache full:https://registry.npmjs.org/@types%2freact cache-miss
417 http cache https://registry.npmjs.org/@types%2freact 178ms (cache hit)
418 silly packumentCache full:https://registry.npmjs.org/@types%2freact set size:2637439 disposed:false
419 silly fetch manifest immer@>=9.0.6
420 silly packumentCache full:https://registry.npmjs.org/immer cache-miss
421 http cache https://registry.npmjs.org/immer 689ms (cache hit)
422 silly packumentCache full:https://registry.npmjs.org/immer set size:798677 disposed:false
423 silly fetch manifest use-sync-external-store@>=1.2.0
424 silly packumentCache full:https://registry.npmjs.org/use-sync-external-store cache-miss
425 http cache https://registry.npmjs.org/use-sync-external-store 510ms (cache hit)
426 silly packumentCache full:https://registry.npmjs.org/use-sync-external-store set size:4968927 disposed:false
427 silly fetch manifest @types/express@^4.17.21
428 silly packumentCache full:https://registry.npmjs.org/@types%2fexpress cache-miss
429 http cache https://registry.npmjs.org/@types%2fexpress 447ms (cache hit)
430 silly packumentCache full:https://registry.npmjs.org/@types%2fexpress set size:111364 disposed:false
431 silly fetch manifest autoprefixer@^10.4.21
432 silly packumentCache full:https://registry.npmjs.org/autoprefixer cache-miss
433 http cache https://registry.npmjs.org/autoprefixer 1300ms (cache hit)
434 silly packumentCache full:https://registry.npmjs.org/autoprefixer set size:1366815 disposed:false
435 silly fetch manifest postcss@^8.1.0
436 silly packumentCache full:https://registry.npmjs.org/postcss cache-miss
437 http cache https://registry.npmjs.org/postcss 1141ms (cache hit)
438 silly packumentCache full:https://registry.npmjs.org/postcss set size:760024 disposed:false
439 silly fetch manifest esbuild@^0.25.0
440 silly packumentCache full:https://registry.npmjs.org/esbuild cache-miss
441 http cache https://registry.npmjs.org/esbuild 693ms (cache hit)
442 silly packumentCache full:https://registry.npmjs.org/esbuild set size:1264676 disposed:false
443 silly fetch manifest supabase@^2.115.0
444 silly packumentCache full:https://registry.npmjs.org/supabase cache-miss
445 http cache https://registry.npmjs.org/supabase 321ms (cache hit)
446 silly packumentCache full:https://registry.npmjs.org/supabase set size:4570813 disposed:false
447 silly fetch manifest tailwindcss@^4.1.14
448 silly packumentCache full:https://registry.npmjs.org/tailwindcss cache-miss
449 http fetch GET 200 https://registry.npmjs.org/tailwindcss 11951ms (cache miss)
450 silly packumentCache full:https://registry.npmjs.org/tailwindcss set size:undefined disposed:false
451 silly placeDep ROOT @google/genai@2.19.0 OK for: react-example@0.0.0 want: ^2.4.0
452 silly placeDep ROOT @hookform/resolvers@5.9.1 OK for: react-example@0.0.0 want: ^5.8.0
453 silly placeDep ROOT react-hook-form@7.87.0 OK for: @hookform/resolvers@5.9.1 want: ^7.55.0
454 silly placeDep ROOT react@19.2.8 OK for: react-hook-form@7.87.0 want: ^16.8.0 || ^17 || ^18 || ^19
455 silly placeDep ROOT @supabase/supabase-js@2.112.4 OK for: react-example@0.0.0 want: ^2.112.3
456 silly placeDep ROOT @tailwindcss/vite@4.3.3 OK for: react-example@0.0.0 want: ^4.1.14
457 silly placeDep ROOT vite@6.4.3 OK for: @tailwindcss/vite@4.3.3 want: ^5.2.0 || ^6 || ^7 || ^8
458 silly placeDep ROOT @tanstack/react-query@5.102.8 OK for: react-example@0.0.0 want: ^5.101.4
459 silly placeDep ROOT @tanstack/react-router@1.120.0 OK for: react-example@0.0.0 want: 1.120.0
460 silly placeDep ROOT react-dom@19.2.8 OK for: @tanstack/react-router@1.120.0 want: >=18.0.0 || >=19.0.0
461 silly placeDep ROOT @tanstack/react-start@1.120.0 OK for: react-example@0.0.0 want: 1.120.0
462 silly placeDep ROOT @types/express@4.17.25 OK for: react-example@0.0.0 want: ^4.17.21
463 silly placeDep ROOT @types/node@22.20.1 OK for: react-example@0.0.0 want: ^22.14.0
464 silly placeDep ROOT @vitejs/plugin-react@5.2.0 OK for: react-example@0.0.0 want: ^5.0.4
465 silly placeDep ROOT autoprefixer@10.5.4 OK for: react-example@0.0.0 want: ^10.4.21
466 silly placeDep ROOT postcss@8.5.26 OK for: autoprefixer@10.5.4 want: ^8.1.0
467 silly placeDep ROOT axios@1.20.0 OK for: react-example@0.0.0 want: ^1.19.0
468 silly placeDep ROOT class-variance-authority@0.7.1 OK for: react-example@0.0.0 want: ^0.7.1
469 silly placeDep ROOT clsx@2.1.1 OK for: react-example@0.0.0 want: ^2.1.1
470 silly placeDep ROOT dotenv@17.4.2 OK for: react-example@0.0.0 want: ^17.2.3
471 silly placeDep ROOT esbuild@0.25.12 OK for: react-example@0.0.0 want: ^0.25.0
472 silly placeDep ROOT express@4.22.2 OK for: react-example@0.0.0 want: ^4.21.2
473 silly placeDep ROOT lucide-react@0.546.0 OK for: react-example@0.0.0 want: ^0.546.0
474 silly placeDep ROOT motion@12.43.0 OK for: react-example@0.0.0 want: ^12.23.24
475 silly placeDep ROOT pdf-lib@1.17.1 OK for: react-example@0.0.0 want: ^1.17.1
476 silly placeDep ROOT recharts@3.10.1 OK for: react-example@0.0.0 want: ^3.10.1
477 silly placeDep ROOT react-is@19.2.8 OK for: recharts@3.10.1 want: ^16.8.0 || ^17.0.0 || ^18.0.0 || ^19.0.0
478 silly placeDep ROOT supabase@2.116.0 OK for: react-example@0.0.0 want: ^2.115.0
479 silly placeDep ROOT tailwind-merge@3.6.0 OK for: react-example@0.0.0 want: ^3.6.0
480 silly placeDep ROOT tailwindcss@4.3.3 OK for: react-example@0.0.0 want: ^4.1.14
481 silly placeDep ROOT tsx@4.23.13 OK for: react-example@0.0.0 want: ^4.21.0
482 silly placeDep ROOT typescript@5.8.3 OK for: react-example@0.0.0 want: ~5.8.2
483 silly placeDep ROOT zod@4.5.4 OK for: react-example@0.0.0 want: ^4.4.3
484 silly placeDep ROOT zustand@5.0.15 OK for: react-example@0.0.0 want: ^5.0.14
485 silly fetch manifest ws@^8.18.0
486 silly packumentCache full:https://registry.npmjs.org/ws cache-miss
487 silly fetch manifest p-retry@^4.6.2
488 silly packumentCache full:https://registry.npmjs.org/p-retry cache-miss
489 silly fetch manifest protobufjs@^7.5.4
490 silly packumentCache full:https://registry.npmjs.org/protobufjs cache-miss
491 http cache https://registry.npmjs.org/ws 2112ms (cache hit)
492 silly packumentCache full:https://registry.npmjs.org/ws set size:447661 disposed:false
493 silly fetch manifest google-auth-library@^10.3.0
494 silly packumentCache full:https://registry.npmjs.org/google-auth-library cache-miss
495 http cache https://registry.npmjs.org/p-retry 2578ms (cache hit)
496 silly packumentCache full:https://registry.npmjs.org/p-retry set size:72148 disposed:false
497 silly fetch manifest @standard-schema/utils@^0.3.0
498 silly packumentCache full:https://registry.npmjs.org/@standard-schema%2futils cache-miss
499 http cache https://registry.npmjs.org/protobufjs 2840ms (cache hit)
500 silly packumentCache full:https://registry.npmjs.org/protobufjs set size:760935 disposed:false
501 silly fetch manifest @supabase/auth-js@2.112.4
502 silly packumentCache full:https://registry.npmjs.org/@supabase%2fauth-js cache-miss
503 http cache https://registry.npmjs.org/@standard-schema%2futils 1362ms (cache hit)
504 silly packumentCache full:https://registry.npmjs.org/@standard-schema%2futils set size:15545 disposed:false
505 silly fetch manifest @supabase/storage-js@2.112.4
506 silly packumentCache full:https://registry.npmjs.org/@supabase%2fstorage-js cache-miss
507 http cache https://registry.npmjs.org/google-auth-library 2775ms (cache hit)
508 silly packumentCache full:https://registry.npmjs.org/google-auth-library set size:745018 disposed:false
509 silly fetch manifest @supabase/realtime-js@2.112.4
510 silly packumentCache full:https://registry.npmjs.org/@supabase%2frealtime-js cache-miss
511 http fetch GET 200 https://registry.npmjs.org/@supabase%2fstorage-js 5004ms (cache miss)
512 silly packumentCache full:https://registry.npmjs.org/@supabase%2fstorage-js set size:undefined disposed:false
513 silly fetch manifest @supabase/functions-js@2.112.4
514 silly packumentCache full:https://registry.npmjs.org/@supabase%2ffunctions-js cache-miss
515 http fetch GET 200 https://registry.npmjs.org/@supabase%2fauth-js 7602ms (cache miss)
516 silly packumentCache full:https://registry.npmjs.org/@supabase%2fauth-js set size:undefined disposed:false
517 silly fetch manifest @supabase/postgrest-js@2.112.4
518 silly packumentCache full:https://registry.npmjs.org/@supabase%2fpostgrest-js cache-miss
519 http fetch GET 200 https://registry.npmjs.org/@supabase%2frealtime-js 6808ms (cache miss)
520 silly packumentCache full:https://registry.npmjs.org/@supabase%2frealtime-js set size:undefined disposed:false
521 silly fetch manifest tailwindcss@4.3.3
522 silly packumentCache full:https://registry.npmjs.org/tailwindcss cache-miss
523 http cache https://registry.npmjs.org/tailwindcss 1545ms (cache hit)
524 silly packumentCache full:https://registry.npmjs.org/tailwindcss set size:10868886 disposed:false
525 silly fetch manifest @tailwindcss/node@4.3.3
526 silly packumentCache full:https://registry.npmjs.org/@tailwindcss%2fnode cache-miss
527 http fetch GET 200 https://registry.npmjs.org/@supabase%2ffunctions-js 6213ms (cache miss)
528 silly packumentCache full:https://registry.npmjs.org/@supabase%2ffunctions-js set size:undefined disposed:false
529 silly fetch manifest @tailwindcss/oxide@4.3.3
530 silly packumentCache full:https://registry.npmjs.org/@tailwindcss%2foxide cache-miss
531 http fetch GET 200 https://registry.npmjs.org/@supabase%2fpostgrest-js 6339ms (cache miss)
532 silly packumentCache full:https://registry.npmjs.org/@supabase%2fpostgrest-js set size:undefined disposed:false
533 silly fetch manifest fdir@^6.4.4
534 silly packumentCache full:https://registry.npmjs.org/fdir cache-miss
535 http fetch GET 200 https://registry.npmjs.org/@tailwindcss%2fnode 3390ms (cache miss)
536 silly packumentCache full:https://registry.npmjs.org/@tailwindcss%2fnode set size:undefined disposed:false
537 silly fetch manifest rollup@^4.34.9
538 silly packumentCache full:https://registry.npmjs.org/rollup cache-miss
539 http cache https://registry.npmjs.org/fdir 1809ms (cache hit)
540 silly packumentCache full:https://registry.npmjs.org/fdir set size:136182 disposed:false
541 silly fetch manifest postcss@^8.5.3
542 silly packumentCache full:https://registry.npmjs.org/postcss cache-hit
543 silly fetch manifest picomatch@^4.0.2
544 silly packumentCache full:https://registry.npmjs.org/picomatch cache-miss
545 http cache https://registry.npmjs.org/picomatch 1226ms (cache hit)
546 silly packumentCache full:https://registry.npmjs.org/picomatch set size:134451 disposed:false
547 silly fetch manifest tinyglobby@^0.2.13
548 silly packumentCache full:https://registry.npmjs.org/tinyglobby cache-miss
549 http cache https://registry.npmjs.org/tinyglobby 2051ms (cache hit)
550 silly packumentCache full:https://registry.npmjs.org/tinyglobby set size:54291 disposed:false
551 silly fetch manifest fsevents@~2.3.3
552 silly packumentCache full:https://registry.npmjs.org/fsevents cache-miss
553 http cache https://registry.npmjs.org/fsevents 1833ms (cache hit)
554 silly packumentCache full:https://registry.npmjs.org/fsevents set size:182472 disposed:false
555 silly fetch manifest @tanstack/query-core@5.102.8
556 silly packumentCache full:https://registry.npmjs.org/@tanstack%2fquery-core cache-miss
557 http fetch GET 200 https://registry.npmjs.org/@tanstack%2fquery-core 1228ms (cache miss)
558 silly packumentCache full:https://registry.npmjs.org/@tanstack%2fquery-core set size:undefined disposed:false
559 silly fetch manifest jsesc@^3.1.0
560 silly packumentCache full:https://registry.npmjs.org/jsesc cache-miss
561 http cache https://registry.npmjs.org/jsesc 280ms (cache hit)
562 silly packumentCache full:https://registry.npmjs.org/jsesc set size:61512 disposed:false
563 silly fetch manifest tiny-warning@^1.0.3
564 silly packumentCache full:https://registry.npmjs.org/tiny-warning cache-miss
565 http fetch GET 200 https://registry.npmjs.org/@tailwindcss%2foxide 11351ms (cache miss)
566 silly packumentCache full:https://registry.npmjs.org/@tailwindcss%2foxide set size:undefined disposed:false
567 silly fetch manifest tiny-invariant@^1.3.3
568 silly packumentCache full:https://registry.npmjs.org/tiny-invariant cache-miss
569 http cache https://registry.npmjs.org/tiny-warning 532ms (cache hit)
570 silly packumentCache full:https://registry.npmjs.org/tiny-warning set size:25899 disposed:false
571 silly fetch manifest @tanstack/history@1.115.0
572 silly packumentCache full:https://registry.npmjs.org/@tanstack%2fhistory cache-miss
573 http cache https://registry.npmjs.org/tiny-invariant 875ms (cache hit)
574 silly packumentCache full:https://registry.npmjs.org/tiny-invariant set size:98310 disposed:false
575 silly fetch manifest @tanstack/react-store@^0.7.0
576 silly packumentCache full:https://registry.npmjs.org/@tanstack%2freact-store cache-miss
577 http cache https://registry.npmjs.org/@tanstack%2fhistory 1025ms (cache hit)
578 silly packumentCache full:https://registry.npmjs.org/@tanstack%2fhistory set size:506537 disposed:false
579 silly fetch manifest @tanstack/router-core@1.119.0
580 silly packumentCache full:https://registry.npmjs.org/@tanstack%2frouter-core cache-miss
581 http cache https://registry.npmjs.org/@tanstack%2freact-store 1064ms (cache hit)
582 silly packumentCache full:https://registry.npmjs.org/@tanstack%2freact-store set size:213359 disposed:false
583 silly fetch manifest scheduler@^0.27.0
584 silly packumentCache full:https://registry.npmjs.org/scheduler cache-miss
585 http fetch GET 200 https://registry.npmjs.org/rollup 12784ms (cache miss)
586 silly packumentCache full:https://registry.npmjs.org/rollup set size:undefined disposed:false
587 silly fetch manifest @tanstack/start-api-routes@^1.119.0
588 silly packumentCache full:https://registry.npmjs.org/@tanstack%2fstart-api-routes cache-miss
589 http fetch GET 200 https://registry.npmjs.org/@tanstack%2frouter-core 5064ms (cache miss)
590 silly packumentCache full:https://registry.npmjs.org/@tanstack%2frouter-core set size:undefined disposed:false
591 silly fetch manifest @tanstack/react-start-client@^1.120.0
592 silly packumentCache full:https://registry.npmjs.org/@tanstack%2freact-start-client cache-miss
593 http cache https://registry.npmjs.org/@tanstack%2fstart-api-routes 3276ms (cache hit)
594 silly packumentCache full:https://registry.npmjs.org/@tanstack%2fstart-api-routes set size:244132 disposed:false
595 silly fetch manifest @tanstack/react-start-config@^1.120.0
596 silly packumentCache full:https://registry.npmjs.org/@tanstack%2freact-start-config cache-miss
597 http cache https://registry.npmjs.org/@tanstack%2freact-start-config 2095ms (cache hit)
598 silly packumentCache full:https://registry.npmjs.org/@tanstack%2freact-start-config set size:240144 disposed:false
599 silly fetch manifest @tanstack/react-start-server@^1.120.0
600 silly packumentCache full:https://registry.npmjs.org/@tanstack%2freact-start-server cache-miss
601 http fetch GET 200 https://registry.npmjs.org/@tanstack%2freact-start-client 4650ms (cache miss)
602 silly packumentCache full:https://registry.npmjs.org/@tanstack%2freact-start-client set size:undefined disposed:false
603 silly fetch manifest @tanstack/start-server-functions-ssr@^1.119.2
604 silly packumentCache full:https://registry.npmjs.org/@tanstack%2fstart-server-functions-ssr cache-miss
605 http fetch GET 200 https://registry.npmjs.org/@tanstack%2freact-start-server 1317ms (cache miss)
606 silly packumentCache full:https://registry.npmjs.org/@tanstack%2freact-start-server set size:undefined disposed:false
607 silly fetch manifest @tanstack/react-start-router-manifest@^1.119.0
608 silly packumentCache full:https://registry.npmjs.org/@tanstack%2freact-start-router-manifest cache-miss
609 http fetch GET 200 https://registry.npmjs.org/@tanstack%2fstart-server-functions-ssr 1118ms (cache miss)
610 silly packumentCache full:https://registry.npmjs.org/@tanstack%2fstart-server-functions-ssr set size:undefined disposed:false
611 silly fetch manifest @tanstack/start-server-functions-client@^1.119.2
612 silly packumentCache full:https://registry.npmjs.org/@tanstack%2fstart-server-functions-client cache-miss
613 http fetch GET 200 https://registry.npmjs.org/@tanstack%2freact-start-router-manifest 2639ms (cache miss)
614 silly packumentCache full:https://registry.npmjs.org/@tanstack%2freact-start-router-manifest set size:undefined disposed:false
615 silly fetch manifest @tanstack/start-server-functions-server@^1.119.2
616 silly packumentCache full:https://registry.npmjs.org/@tanstack%2fstart-server-functions-server cache-miss
617 http fetch GET 200 https://registry.npmjs.org/scheduler 12613ms (cache miss)
618 silly packumentCache full:https://registry.npmjs.org/scheduler set size:undefined disposed:false
619 silly fetch manifest @tanstack/start-server-functions-handler@^1.119.0
620 silly packumentCache full:https://registry.npmjs.org/@tanstack%2fstart-server-functions-handler cache-miss
621 http fetch GET 200 https://registry.npmjs.org/@tanstack%2fstart-server-functions-client 3994ms (cache miss)
622 silly packumentCache full:https://registry.npmjs.org/@tanstack%2fstart-server-functions-client set size:undefined disposed:false
623 silly fetch manifest @types/qs@*
624 silly packumentCache full:https://registry.npmjs.org/@types%2fqs cache-miss
625 http fetch GET 200 https://registry.npmjs.org/@tanstack%2fstart-server-functions-server 2698ms (cache miss)
626 silly packumentCache full:https://registry.npmjs.org/@tanstack%2fstart-server-functions-server set size:undefined disposed:false
627 silly fetch manifest @types/body-parser@*
628 silly packumentCache full:https://registry.npmjs.org/@types%2fbody-parser cache-miss
629 http fetch GET 200 https://registry.npmjs.org/@tanstack%2fstart-server-functions-handler 2116ms (cache miss)
630 silly packumentCache full:https://registry.npmjs.org/@tanstack%2fstart-server-functions-handler set size:undefined disposed:false
631 silly fetch manifest @types/serve-static@^1
632 silly packumentCache full:https://registry.npmjs.org/@types%2fserve-static cache-miss
633 http fetch GET 200 https://registry.npmjs.org/@types%2fqs 1874ms (cache miss)
634 silly packumentCache full:https://registry.npmjs.org/@types%2fqs set size:undefined disposed:false
635 silly fetch manifest @types/express-serve-static-core@^4.17.33
636 silly packumentCache full:https://registry.npmjs.org/@types%2fexpress-serve-static-core cache-miss
637 http fetch GET 200 https://registry.npmjs.org/@types%2fbody-parser 1183ms (cache miss)
638 silly packumentCache full:https://registry.npmjs.org/@types%2fbody-parser set size:undefined disposed:false
639 silly fetch manifest undici-types@~6.21.0
640 silly packumentCache full:https://registry.npmjs.org/undici-types cache-miss
641 http fetch GET 200 https://registry.npmjs.org/@types%2fserve-static 2854ms (cache miss)
642 silly packumentCache full:https://registry.npmjs.org/@types%2fserve-static set size:undefined disposed:false
643 silly fetch manifest @babel/core@^7.29.0
644 silly packumentCache full:https://registry.npmjs.org/@babel%2fcore cache-miss
645 http fetch GET 200 https://registry.npmjs.org/@types%2fexpress-serve-static-core 4526ms (cache miss)
646 silly packumentCache full:https://registry.npmjs.org/@types%2fexpress-serve-static-core set size:undefined disposed:false
647 silly fetch manifest react-refresh@^0.18.0
648 silly packumentCache full:https://registry.npmjs.org/react-refresh cache-miss
649 http fetch GET 200 https://registry.npmjs.org/undici-types 5245ms (cache miss)
650 silly packumentCache full:https://registry.npmjs.org/undici-types set size:undefined disposed:false
651 silly fetch manifest @types/babel__core@^7.20.5
652 silly packumentCache full:https://registry.npmjs.org/@types%2fbabel__core cache-miss
653 http fetch GET 200 https://registry.npmjs.org/@babel%2fcore 3267ms (cache miss)
654 silly packumentCache full:https://registry.npmjs.org/@babel%2fcore set size:undefined disposed:false
655 silly fetch manifest @rolldown/pluginutils@1.0.0-rc.3
656 silly packumentCache full:https://registry.npmjs.org/@rolldown%2fpluginutils cache-miss
657 http fetch GET 200 https://registry.npmjs.org/@rolldown%2fpluginutils 1699ms (cache miss)
658 silly packumentCache full:https://registry.npmjs.org/@rolldown%2fpluginutils set size:undefined disposed:false
659 silly fetch manifest @babel/plugin-transform-react-jsx-self@^7.27.1
660 silly packumentCache full:https://registry.npmjs.org/@babel%2fplugin-transform-react-jsx-self cache-miss
661 http fetch GET 200 https://registry.npmjs.org/@types%2fbabel__core 3007ms (cache miss)
662 silly packumentCache full:https://registry.npmjs.org/@types%2fbabel__core set size:undefined disposed:false
663 silly fetch manifest @babel/plugin-transform-react-jsx-source@^7.27.1
664 silly packumentCache full:https://registry.npmjs.org/@babel%2fplugin-transform-react-jsx-source cache-miss
665 http fetch GET 200 https://registry.npmjs.org/@babel%2fplugin-transform-react-jsx-source 3658ms (cache miss)
666 silly packumentCache full:https://registry.npmjs.org/@babel%2fplugin-transform-react-jsx-source set size:undefined disposed:false
667 silly fetch manifest picocolors@^1.1.1
668 silly packumentCache full:https://registry.npmjs.org/picocolors cache-miss
669 http fetch GET 200 https://registry.npmjs.org/@babel%2fplugin-transform-react-jsx-self 4594ms (cache miss)
670 silly packumentCache full:https://registry.npmjs.org/@babel%2fplugin-transform-react-jsx-self set size:undefined disposed:false
671 silly fetch manifest fraction.js@^5.3.4
672 silly packumentCache full:https://registry.npmjs.org/fraction.js cache-miss
673 http fetch GET 200 https://registry.npmjs.org/picocolors 3106ms (cache miss)
674 silly packumentCache full:https://registry.npmjs.org/picocolors set size:undefined disposed:false
675 silly fetch manifest browserslist@^4.28.6
676 silly packumentCache full:https://registry.npmjs.org/browserslist cache-miss
677 http fetch GET 200 https://registry.npmjs.org/fraction.js 4939ms (cache miss)
678 silly packumentCache full:https://registry.npmjs.org/fraction.js set size:undefined disposed:false
679 silly fetch manifest caniuse-lite@^1.0.30001806
680 silly packumentCache full:https://registry.npmjs.org/caniuse-lite cache-miss
681 http fetch GET 200 https://registry.npmjs.org/browserslist 5554ms (cache miss)
682 silly packumentCache full:https://registry.npmjs.org/browserslist set size:undefined disposed:false
683 silly fetch manifest postcss-value-parser@^4.2.0
684 silly packumentCache full:https://registry.npmjs.org/postcss-value-parser cache-miss
685 http fetch GET 200 https://registry.npmjs.org/react-refresh 16641ms (cache miss)
686 silly packumentCache full:https://registry.npmjs.org/react-refresh set size:undefined disposed:false
687 silly fetch manifest nanoid@^3.3.17
688 silly packumentCache full:https://registry.npmjs.org/nanoid cache-miss
689 http fetch GET 200 https://registry.npmjs.org/caniuse-lite 5881ms (cache miss)
690 silly packumentCache full:https://registry.npmjs.org/caniuse-lite set size:undefined disposed:false
691 silly fetch manifest source-map-js@^1.2.1
692 silly packumentCache full:https://registry.npmjs.org/source-map-js cache-miss
693 http fetch GET 200 https://registry.npmjs.org/source-map-js 3968ms (cache miss)
694 silly packumentCache full:https://registry.npmjs.org/source-map-js set size:undefined disposed:false
695 silly fetch manifest form-data@^4.0.6
696 silly packumentCache full:https://registry.npmjs.org/form-data cache-miss
697 http fetch GET 200 https://registry.npmjs.org/nanoid 7112ms (cache miss)
698 silly packumentCache full:https://registry.npmjs.org/nanoid set size:undefined disposed:false
699 silly fetch manifest proxy-from-env@^2.1.0
700 silly packumentCache full:https://registry.npmjs.org/proxy-from-env cache-miss
701 http fetch GET 200 https://registry.npmjs.org/postcss-value-parser 7981ms (cache miss)
702 silly packumentCache full:https://registry.npmjs.org/postcss-value-parser set size:undefined disposed:false
703 silly fetch manifest follow-redirects@^1.16.0
704 silly packumentCache full:https://registry.npmjs.org/follow-redirects cache-miss
705 http fetch GET 200 https://registry.npmjs.org/form-data 1931ms (cache miss)
706 silly packumentCache full:https://registry.npmjs.org/form-data set size:undefined disposed:false
707 silly fetch manifest https-proxy-agent@^5.0.1
708 silly packumentCache full:https://registry.npmjs.org/https-proxy-agent cache-miss
709 http fetch GET 200 https://registry.npmjs.org/https-proxy-agent 1471ms (cache miss)
710 silly packumentCache full:https://registry.npmjs.org/https-proxy-agent set size:undefined disposed:false
711 silly fetch manifest @esbuild/aix-ppc64@0.25.12
712 silly packumentCache full:https://registry.npmjs.org/@esbuild%2faix-ppc64 cache-miss
713 http fetch GET 200 https://registry.npmjs.org/@esbuild%2faix-ppc64 778ms (cache miss)
714 silly packumentCache full:https://registry.npmjs.org/@esbuild%2faix-ppc64 set size:undefined disposed:false
715 silly fetch manifest @esbuild/linux-arm@0.25.12
716 silly packumentCache full:https://registry.npmjs.org/@esbuild%2flinux-arm cache-miss
717 http fetch GET 200 https://registry.npmjs.org/follow-redirects 3601ms (cache miss)
718 silly packumentCache full:https://registry.npmjs.org/follow-redirects set size:undefined disposed:false
719 silly fetch manifest @esbuild/linux-x64@0.25.12
720 silly packumentCache full:https://registry.npmjs.org/@esbuild%2flinux-x64 cache-miss
721 http fetch GET 200 https://registry.npmjs.org/proxy-from-env 4071ms (cache miss)
722 silly packumentCache full:https://registry.npmjs.org/proxy-from-env set size:undefined disposed:false
723 silly fetch manifest @esbuild/sunos-x64@0.25.12
724 silly packumentCache full:https://registry.npmjs.org/@esbuild%2fsunos-x64 cache-miss
725 http fetch GET 200 https://registry.npmjs.org/@esbuild%2flinux-arm 1351ms (cache miss)
726 silly packumentCache full:https://registry.npmjs.org/@esbuild%2flinux-arm set size:undefined disposed:false
727 silly fetch manifest @esbuild/win32-x64@0.25.12
728 silly packumentCache full:https://registry.npmjs.org/@esbuild%2fwin32-x64 cache-miss
729 http fetch GET 200 https://registry.npmjs.org/@esbuild%2flinux-x64 672ms (cache miss)
730 silly packumentCache full:https://registry.npmjs.org/@esbuild%2flinux-x64 set size:undefined disposed:false
731 silly fetch manifest @esbuild/darwin-x64@0.25.12
732 silly packumentCache full:https://registry.npmjs.org/@esbuild%2fdarwin-x64 cache-miss
733 http fetch GET 200 https://registry.npmjs.org/@esbuild%2fwin32-x64 2852ms (cache miss)
734 silly packumentCache full:https://registry.npmjs.org/@esbuild%2fwin32-x64 set size:undefined disposed:false
735 silly fetch manifest @esbuild/linux-ia32@0.25.12
736 silly packumentCache full:https://registry.npmjs.org/@esbuild%2flinux-ia32 cache-miss
737 http fetch GET 200 https://registry.npmjs.org/@esbuild%2fsunos-x64 3055ms (cache miss)
738 silly packumentCache full:https://registry.npmjs.org/@esbuild%2fsunos-x64 set size:undefined disposed:false
739 silly fetch manifest @esbuild/netbsd-x64@0.25.12
740 silly packumentCache full:https://registry.npmjs.org/@esbuild%2fnetbsd-x64 cache-miss
741 http fetch GET 200 https://registry.npmjs.org/@esbuild%2fdarwin-x64 3187ms (cache miss)
742 silly packumentCache full:https://registry.npmjs.org/@esbuild%2fdarwin-x64 set size:undefined disposed:false
743 silly fetch manifest @esbuild/win32-ia32@0.25.12
744 silly packumentCache full:https://registry.npmjs.org/@esbuild%2fwin32-ia32 cache-miss
745 http fetch GET 200 https://registry.npmjs.org/@esbuild%2fnetbsd-x64 1409ms (cache miss)
746 silly packumentCache full:https://registry.npmjs.org/@esbuild%2fnetbsd-x64 set size:undefined disposed:false
747 silly fetch manifest @esbuild/android-arm@0.25.12
748 silly packumentCache full:https://registry.npmjs.org/@esbuild%2fandroid-arm cache-miss
749 http fetch GET 200 https://registry.npmjs.org/@esbuild%2flinux-ia32 3995ms (cache miss)
750 silly packumentCache full:https://registry.npmjs.org/@esbuild%2flinux-ia32 set size:undefined disposed:false
751 silly fetch manifest @esbuild/android-x64@0.25.12
752 silly packumentCache full:https://registry.npmjs.org/@esbuild%2fandroid-x64 cache-miss
753 http fetch GET 200 https://registry.npmjs.org/@esbuild%2fwin32-ia32 8340ms (cache miss)
754 silly packumentCache full:https://registry.npmjs.org/@esbuild%2fwin32-ia32 set size:undefined disposed:false
755 silly fetch manifest @esbuild/freebsd-x64@0.25.12
756 silly packumentCache full:https://registry.npmjs.org/@esbuild%2ffreebsd-x64 cache-miss
757 http fetch GET 200 https://registry.npmjs.org/@esbuild%2fandroid-arm 7969ms (cache miss)
758 silly packumentCache full:https://registry.npmjs.org/@esbuild%2fandroid-arm set size:undefined disposed:false
759 silly fetch manifest @esbuild/linux-arm64@0.25.12
760 silly packumentCache full:https://registry.npmjs.org/@esbuild%2flinux-arm64 cache-miss
761 http fetch GET 200 https://registry.npmjs.org/@esbuild%2fandroid-x64 5666ms (cache miss)
762 silly packumentCache full:https://registry.npmjs.org/@esbuild%2fandroid-x64 set size:undefined disposed:false
763 silly fetch manifest @esbuild/linux-ppc64@0.25.12
764 silly packumentCache full:https://registry.npmjs.org/@esbuild%2flinux-ppc64 cache-miss
765 http cache https://registry.npmjs.org/@esbuild%2ffreebsd-x64 4088ms (cache hit)
766 silly packumentCache full:https://registry.npmjs.org/@esbuild%2ffreebsd-x64 set size:200565 disposed:false
767 silly fetch manifest @esbuild/linux-s390x@0.25.12
768 silly packumentCache full:https://registry.npmjs.org/@esbuild%2flinux-s390x cache-miss
769 http fetch GET 200 https://registry.npmjs.org/@esbuild%2flinux-arm64 4467ms (cache miss)
770 silly packumentCache full:https://registry.npmjs.org/@esbuild%2flinux-arm64 set size:undefined disposed:false
771 silly fetch manifest @esbuild/openbsd-x64@0.25.12
772 silly packumentCache full:https://registry.npmjs.org/@esbuild%2fopenbsd-x64 cache-miss
773 http cache https://registry.npmjs.org/@esbuild%2flinux-s390x 403ms (cache hit)
774 silly packumentCache full:https://registry.npmjs.org/@esbuild%2flinux-s390x set size:202310 disposed:false
775 silly fetch manifest @esbuild/win32-arm64@0.25.12
776 silly packumentCache full:https://registry.npmjs.org/@esbuild%2fwin32-arm64 cache-miss
777 http fetch GET 200 https://registry.npmjs.org/@esbuild%2flinux-ppc64 4247ms (cache miss)
778 silly packumentCache full:https://registry.npmjs.org/@esbuild%2flinux-ppc64 set size:undefined disposed:false
779 silly fetch manifest @esbuild/darwin-arm64@0.25.12
780 silly packumentCache full:https://registry.npmjs.org/@esbuild%2fdarwin-arm64 cache-miss
781 http cache https://registry.npmjs.org/@esbuild%2fopenbsd-x64 543ms (cache hit)
782 silly packumentCache full:https://registry.npmjs.org/@esbuild%2fopenbsd-x64 set size:200576 disposed:false
783 silly fetch manifest @esbuild/netbsd-arm64@0.25.12
784 silly packumentCache full:https://registry.npmjs.org/@esbuild%2fnetbsd-arm64 cache-miss
785 http fetch GET 200 https://registry.npmjs.org/@esbuild%2fwin32-arm64 2660ms (cache miss)
786 silly packumentCache full:https://registry.npmjs.org/@esbuild%2fwin32-arm64 set size:undefined disposed:false
787 silly fetch manifest @esbuild/android-arm64@0.25.12
788 silly packumentCache full:https://registry.npmjs.org/@esbuild%2fandroid-arm64 cache-miss
789 http fetch GET 200 https://registry.npmjs.org/@esbuild%2fnetbsd-arm64 1973ms (cache miss)
790 silly packumentCache full:https://registry.npmjs.org/@esbuild%2fnetbsd-arm64 set size:undefined disposed:false
791 silly fetch manifest @esbuild/freebsd-arm64@0.25.12
792 silly packumentCache full:https://registry.npmjs.org/@esbuild%2ffreebsd-arm64 cache-miss
793 http fetch GET 200 https://registry.npmjs.org/@esbuild%2fdarwin-arm64 3410ms (cache miss)
794 silly packumentCache full:https://registry.npmjs.org/@esbuild%2fdarwin-arm64 set size:undefined disposed:false
795 silly fetch manifest @esbuild/linux-loong64@0.25.12
796 silly packumentCache full:https://registry.npmjs.org/@esbuild%2flinux-loong64 cache-miss
797 http fetch GET 200 https://registry.npmjs.org/@esbuild%2fandroid-arm64 1126ms (cache miss)
798 silly packumentCache full:https://registry.npmjs.org/@esbuild%2fandroid-arm64 set size:undefined disposed:false
799 silly fetch manifest @esbuild/linux-riscv64@0.25.12
800 silly packumentCache full:https://registry.npmjs.org/@esbuild%2flinux-riscv64 cache-miss
801 http fetch GET 200 https://registry.npmjs.org/@esbuild%2ffreebsd-arm64 4210ms (cache miss)
802 silly packumentCache full:https://registry.npmjs.org/@esbuild%2ffreebsd-arm64 set size:undefined disposed:false
803 silly fetch manifest @esbuild/openbsd-arm64@0.25.12
804 silly packumentCache full:https://registry.npmjs.org/@esbuild%2fopenbsd-arm64 cache-miss
805 http fetch GET 200 https://registry.npmjs.org/@esbuild%2flinux-loong64 9337ms (cache miss)
806 silly packumentCache full:https://registry.npmjs.org/@esbuild%2flinux-loong64 set size:undefined disposed:false
807 silly fetch manifest @esbuild/linux-mips64el@0.25.12
808 silly packumentCache full:https://registry.npmjs.org/@esbuild%2flinux-mips64el cache-miss
809 http fetch GET 200 https://registry.npmjs.org/@esbuild%2fopenbsd-arm64 6009ms (cache miss)
810 silly packumentCache full:https://registry.npmjs.org/@esbuild%2fopenbsd-arm64 set size:undefined disposed:false
811 silly fetch manifest @esbuild/openharmony-arm64@0.25.12
812 silly packumentCache full:https://registry.npmjs.org/@esbuild%2fopenharmony-arm64 cache-miss
813 http fetch GET 200 https://registry.npmjs.org/@esbuild%2flinux-riscv64 9501ms (cache miss)
814 silly packumentCache full:https://registry.npmjs.org/@esbuild%2flinux-riscv64 set size:undefined disposed:false
815 silly fetch manifest qs@~6.15.1
816 silly packumentCache full:https://registry.npmjs.org/qs cache-miss
817 http cache https://registry.npmjs.org/@esbuild%2flinux-mips64el 1165ms (cache hit)
818 silly packumentCache full:https://registry.npmjs.org/@esbuild%2flinux-mips64el set size:204633 disposed:false
819 silly fetch manifest depd@2.0.0
820 silly packumentCache full:https://registry.npmjs.org/depd cache-miss
821 http cache https://registry.npmjs.org/@esbuild%2fopenharmony-arm64 1017ms (cache hit)
822 silly packumentCache full:https://registry.npmjs.org/@esbuild%2fopenharmony-arm64 set size:33054 disposed:false
823 silly fetch manifest etag@~1.8.1
824 silly packumentCache full:https://registry.npmjs.org/etag cache-miss
825 http cache https://registry.npmjs.org/depd 845ms (cache hit)
826 silly packumentCache full:https://registry.npmjs.org/depd set size:40182 disposed:false
827 silly fetch manifest send@~0.19.0
828 silly packumentCache full:https://registry.npmjs.org/send cache-miss
829 http cache https://registry.npmjs.org/qs 1571ms (cache hit)
830 silly packumentCache full:https://registry.npmjs.org/qs set size:365613 disposed:false
831 silly fetch manifest vary@~1.1.2
832 silly packumentCache full:https://registry.npmjs.org/vary cache-miss
833 http cache https://registry.npmjs.org/etag 2244ms (cache hit)
834 silly packumentCache full:https://registry.npmjs.org/etag set size:30032 disposed:false
835 silly fetch manifest debug@2.6.9
836 silly packumentCache full:https://registry.npmjs.org/debug cache-miss
837 http cache https://registry.npmjs.org/send 1571ms (cache hit)
838 silly packumentCache full:https://registry.npmjs.org/send set size:152810 disposed:false
839 silly fetch manifest fresh@~0.5.2
840 silly packumentCache full:https://registry.npmjs.org/fresh cache-miss
841 http cache https://registry.npmjs.org/vary 1550ms (cache hit)
842 silly packumentCache full:https://registry.npmjs.org/vary set size:15994 disposed:false
843 silly fetch manifest cookie@~0.7.1
844 silly packumentCache full:https://registry.npmjs.org/cookie cache-miss
845 http cache https://registry.npmjs.org/cookie 2105ms (cache hit)
846 silly packumentCache full:https://registry.npmjs.org/cookie set size:78274 disposed:false
847 silly fetch manifest accepts@~1.3.8
848 silly packumentCache full:https://registry.npmjs.org/accepts cache-miss
849 http cache https://registry.npmjs.org/fresh 2333ms (cache hit)
850 silly packumentCache full:https://registry.npmjs.org/fresh set size:25427 disposed:false
851 silly fetch manifest methods@~1.1.2
852 silly packumentCache full:https://registry.npmjs.org/methods cache-miss
853 http cache https://registry.npmjs.org/debug 2363ms (cache hit)
854 silly packumentCache full:https://registry.npmjs.org/debug set size:195840 disposed:false
855 silly fetch manifest type-is@~1.6.18
856 silly packumentCache full:https://registry.npmjs.org/type-is cache-miss
857 http cache https://registry.npmjs.org/methods 1147ms (cache hit)
858 silly packumentCache full:https://registry.npmjs.org/methods set size:12600 disposed:false
859 silly fetch manifest parseurl@~1.3.3
860 silly packumentCache full:https://registry.npmjs.org/parseurl cache-miss
861 http cache https://registry.npmjs.org/type-is 1237ms (cache hit)
862 silly packumentCache full:https://registry.npmjs.org/type-is set size:88614 disposed:false
863 silly fetch manifest statuses@~2.0.1
864 silly packumentCache full:https://registry.npmjs.org/statuses cache-miss
865 http cache https://registry.npmjs.org/accepts 1751ms (cache hit)
866 silly packumentCache full:https://registry.npmjs.org/accepts set size:77054 disposed:false
867 silly fetch manifest encodeurl@~2.0.0
868 silly packumentCache full:https://registry.npmjs.org/encodeurl cache-miss
869 http cache https://registry.npmjs.org/encodeurl 9294ms (cache hit)
870 silly packumentCache full:https://registry.npmjs.org/encodeurl set size:12296 disposed:false
871 silly fetch manifest proxy-addr@~2.0.7
872 silly packumentCache full:https://registry.npmjs.org/proxy-addr cache-miss
873 http cache https://registry.npmjs.org/statuses 9596ms (cache hit)
874 silly packumentCache full:https://registry.npmjs.org/statuses set size:37117 disposed:false
875 silly fetch manifest body-parser@~1.20.5
876 silly packumentCache full:https://registry.npmjs.org/body-parser cache-miss
877 http cache https://registry.npmjs.org/proxy-addr 320ms (cache hit)
878 silly packumentCache full:https://registry.npmjs.org/proxy-addr set size:61619 disposed:false
879 silly fetch manifest escape-html@~1.0.3
880 silly packumentCache full:https://registry.npmjs.org/escape-html cache-miss
881 http cache https://registry.npmjs.org/body-parser 330ms (cache hit)
882 silly packumentCache full:https://registry.npmjs.org/body-parser set size:204559 disposed:false
883 silly fetch manifest http-errors@~2.0.0
884 silly packumentCache full:https://registry.npmjs.org/http-errors cache-miss
885 http cache https://registry.npmjs.org/parseurl 10147ms (cache hit)
886 silly packumentCache full:https://registry.npmjs.org/parseurl set size:24148 disposed:false
887 silly fetch manifest on-finished@~2.4.1
888 silly packumentCache full:https://registry.npmjs.org/on-finished cache-miss
889 http cache https://registry.npmjs.org/on-finished 998ms (cache hit)
890 silly packumentCache full:https://registry.npmjs.org/on-finished set size:23212 disposed:false
891 silly fetch manifest safe-buffer@5.2.1
892 silly packumentCache full:https://registry.npmjs.org/safe-buffer cache-miss
893 http cache https://registry.npmjs.org/safe-buffer 310ms (cache hit)
894 silly packumentCache full:https://registry.npmjs.org/safe-buffer set size:41183 disposed:false
895 silly fetch manifest utils-merge@1.0.1
896 silly packumentCache full:https://registry.npmjs.org/utils-merge cache-miss
897 http cache https://registry.npmjs.org/escape-html 2512ms (cache hit)
898 silly packumentCache full:https://registry.npmjs.org/escape-html set size:7345 disposed:false
899 silly fetch manifest content-type@~1.0.4
900 silly packumentCache full:https://registry.npmjs.org/content-type cache-miss
901 http cache https://registry.npmjs.org/http-errors 3367ms (cache hit)
902 silly packumentCache full:https://registry.npmjs.org/http-errors set size:71987 disposed:false
903 silly fetch manifest finalhandler@~1.3.1
904 silly packumentCache full:https://registry.npmjs.org/finalhandler cache-miss
905 http cache https://registry.npmjs.org/utils-merge 2815ms (cache hit)
906 silly packumentCache full:https://registry.npmjs.org/utils-merge set size:5237 disposed:false
907 silly fetch manifest range-parser@~1.2.1
908 silly packumentCache full:https://registry.npmjs.org/range-parser cache-miss
909 http fetch GET 200 https://registry.npmjs.org/content-type 8039ms (cache miss)
910 silly packumentCache full:https://registry.npmjs.org/content-type set size:undefined disposed:false
911 silly fetch manifest serve-static@~1.16.2
912 silly packumentCache full:https://registry.npmjs.org/serve-static cache-miss
913 http cache https://registry.npmjs.org/finalhandler 7400ms (cache hit)
914 silly packumentCache full:https://registry.npmjs.org/finalhandler set size:79291 disposed:false
915 silly fetch manifest array-flatten@1.1.1
916 silly packumentCache full:https://registry.npmjs.org/array-flatten cache-miss
917 http cache https://registry.npmjs.org/range-parser 6702ms (cache hit)
918 silly packumentCache full:https://registry.npmjs.org/range-parser set size:24852 disposed:false
919 silly fetch manifest path-to-regexp@~0.1.12
920 silly packumentCache full:https://registry.npmjs.org/path-to-regexp cache-miss
921 http fetch GET 200 https://registry.npmjs.org/serve-static 688ms (cache miss)
922 silly packumentCache full:https://registry.npmjs.org/serve-static set size:undefined disposed:false
923 silly fetch manifest setprototypeof@1.2.0
924 silly packumentCache full:https://registry.npmjs.org/setprototypeof cache-miss
925 http fetch GET 200 https://registry.npmjs.org/path-to-regexp 2160ms (cache miss)
926 silly packumentCache full:https://registry.npmjs.org/path-to-regexp set size:undefined disposed:false
927 silly fetch manifest cookie-signature@~1.0.6
928 silly packumentCache full:https://registry.npmjs.org/cookie-signature cache-miss
929 http fetch GET 200 https://registry.npmjs.org/array-flatten 3238ms (cache miss)
930 silly packumentCache full:https://registry.npmjs.org/array-flatten set size:undefined disposed:false
931 silly fetch manifest merge-descriptors@1.0.3
932 silly packumentCache full:https://registry.npmjs.org/merge-descriptors cache-miss
933 http fetch GET 200 https://registry.npmjs.org/setprototypeof 2625ms (cache miss)
934 silly packumentCache full:https://registry.npmjs.org/setprototypeof set size:undefined disposed:false
935 silly fetch manifest content-disposition@~0.5.4
936 silly packumentCache full:https://registry.npmjs.org/content-disposition cache-miss
937 http fetch GET 200 https://registry.npmjs.org/cookie-signature 10142ms (cache miss)
938 silly packumentCache full:https://registry.npmjs.org/cookie-signature set size:undefined disposed:false
939 silly fetch manifest tslib@^2.4.0
940 silly packumentCache full:https://registry.npmjs.org/tslib cache-miss
941 http fetch GET 200 https://registry.npmjs.org/content-disposition 9851ms (cache miss)
942 silly packumentCache full:https://registry.npmjs.org/content-disposition set size:undefined disposed:false
943 silly fetch manifest framer-motion@^12.43.0
944 silly packumentCache full:https://registry.npmjs.org/framer-motion cache-miss
945 http fetch GET 200 https://registry.npmjs.org/merge-descriptors 9874ms (cache miss)
946 silly packumentCache full:https://registry.npmjs.org/merge-descriptors set size:undefined disposed:false
947 silly fetch manifest @pdf-lib/standard-fonts@^1.0.0
948 silly packumentCache full:https://registry.npmjs.org/@pdf-lib%2fstandard-fonts cache-miss
949 http fetch GET 200 https://registry.npmjs.org/tslib 1144ms (cache miss)
950 silly packumentCache full:https://registry.npmjs.org/tslib set size:undefined disposed:false
951 silly fetch manifest @pdf-lib/upng@^1.0.1
952 silly packumentCache full:https://registry.npmjs.org/@pdf-lib%2fupng cache-miss
953 http fetch GET 200 https://registry.npmjs.org/@pdf-lib%2fstandard-fonts 2317ms (cache miss)
954 silly packumentCache full:https://registry.npmjs.org/@pdf-lib%2fstandard-fonts set size:undefined disposed:false
955 silly fetch manifest pako@^1.0.11
956 silly packumentCache full:https://registry.npmjs.org/pako cache-miss
957 http fetch GET 200 https://registry.npmjs.org/@pdf-lib%2fupng 1605ms (cache miss)
958 silly packumentCache full:https://registry.npmjs.org/@pdf-lib%2fupng set size:undefined disposed:false
959 silly fetch manifest tslib@^1.11.1
960 silly packumentCache full:https://registry.npmjs.org/tslib cache-miss
961 http cache https://registry.npmjs.org/tslib 370ms (cache hit)
962 silly packumentCache full:https://registry.npmjs.org/tslib set size:108843 disposed:false
963 silly fetch manifest immer@^11.1.8
964 silly packumentCache full:https://registry.npmjs.org/immer cache-hit
965 silly fetch manifest reselect@5.2.0
966 silly packumentCache full:https://registry.npmjs.org/reselect cache-miss
967 http fetch GET 200 https://registry.npmjs.org/pako 1424ms (cache miss)
968 silly packumentCache full:https://registry.npmjs.org/pako set size:undefined disposed:false
969 silly fetch manifest es-toolkit@^1.39.3
970 silly packumentCache full:https://registry.npmjs.org/es-toolkit cache-miss
971 http fetch GET 200 https://registry.npmjs.org/reselect 4771ms (cache miss)
972 silly packumentCache full:https://registry.npmjs.org/reselect set size:undefined disposed:false
973 silly fetch manifest react-redux@8.x.x || 9.x.x
974 silly packumentCache full:https://registry.npmjs.org/react-redux cache-miss
975 http fetch GET 200 https://registry.npmjs.org/react-redux 1651ms (cache miss)
976 silly packumentCache full:https://registry.npmjs.org/react-redux set size:undefined disposed:false
977 silly fetch manifest eventemitter3@^5.0.1
978 silly packumentCache full:https://registry.npmjs.org/eventemitter3 cache-miss
979 http fetch GET 200 https://registry.npmjs.org/eventemitter3 3612ms (cache miss)
980 silly packumentCache full:https://registry.npmjs.org/eventemitter3 set size:undefined disposed:false
981 silly fetch manifest victory-vendor@^37.0.2
982 silly packumentCache full:https://registry.npmjs.org/victory-vendor cache-miss
983 http fetch GET 200 https://registry.npmjs.org/victory-vendor 1510ms (cache miss)
984 silly packumentCache full:https://registry.npmjs.org/victory-vendor set size:undefined disposed:false
985 silly fetch manifest @reduxjs/toolkit@^1.9.0 || 2.x.x
986 silly packumentCache full:https://registry.npmjs.org/@reduxjs%2ftoolkit cache-miss
987 http fetch GET 200 https://registry.npmjs.org/@reduxjs%2ftoolkit 1272ms (cache miss)
988 silly packumentCache full:https://registry.npmjs.org/@reduxjs%2ftoolkit set size:undefined disposed:false
989 silly fetch manifest decimal.js-light@^2.5.1
990 silly packumentCache full:https://registry.npmjs.org/decimal.js-light cache-miss
991 http fetch GET 200 https://registry.npmjs.org/framer-motion 17705ms (cache miss)
992 silly packumentCache full:https://registry.npmjs.org/framer-motion set size:undefined disposed:false
993 silly fetch manifest use-sync-external-store@^1.2.2
994 silly packumentCache full:https://registry.npmjs.org/use-sync-external-store cache-miss
995 http cache https://registry.npmjs.org/use-sync-external-store 3238ms (cache hit)
996 silly packumentCache full:https://registry.npmjs.org/use-sync-external-store set size:4968927 disposed:false
997 silly fetch manifest jose@^6.2.9
998 silly packumentCache full:https://registry.npmjs.org/jose cache-miss
999 http fetch GET 200 https://registry.npmjs.org/es-toolkit 21425ms (cache miss)
1000 silly packumentCache full:https://registry.npmjs.org/es-toolkit set size:undefined disposed:false
1001 silly fetch manifest eciesjs@^0.5.0
1002 silly packumentCache full:https://registry.npmjs.org/eciesjs cache-miss
1003 http fetch GET 200 https://registry.npmjs.org/jose 6472ms (cache miss)
1004 silly packumentCache full:https://registry.npmjs.org/jose set size:undefined disposed:false
1005 silly fetch manifest @supabase/cli-linux-x64@2.116.0
1006 silly packumentCache full:https://registry.npmjs.org/@supabase%2fcli-linux-x64 cache-miss
1007 http fetch GET 200 https://registry.npmjs.org/decimal.js-light 14410ms (cache miss)
1008 silly packumentCache full:https://registry.npmjs.org/decimal.js-light set size:undefined disposed:false
1009 silly fetch manifest @supabase/cli-darwin-x64@2.116.0
1010 silly packumentCache full:https://registry.npmjs.org/@supabase%2fcli-darwin-x64 cache-miss
1011 http fetch GET 200 https://registry.npmjs.org/eciesjs 3821ms (cache miss)
1012 silly packumentCache full:https://registry.npmjs.org/eciesjs set size:undefined disposed:false
1013 silly fetch manifest @supabase/cli-linux-arm64@2.116.0
1014 silly packumentCache full:https://registry.npmjs.org/@supabase%2fcli-linux-arm64 cache-miss
1015 http fetch GET 200 https://registry.npmjs.org/@supabase%2fcli-linux-x64 4387ms (cache miss)
1016 silly packumentCache full:https://registry.npmjs.org/@supabase%2fcli-linux-x64 set size:undefined disposed:false
1017 silly fetch manifest @supabase/cli-windows-x64@2.116.0
1018 silly packumentCache full:https://registry.npmjs.org/@supabase%2fcli-windows-x64 cache-miss
1019 http fetch GET 200 https://registry.npmjs.org/@supabase%2fcli-linux-arm64 3934ms (cache miss)
1020 silly packumentCache full:https://registry.npmjs.org/@supabase%2fcli-linux-arm64 set size:undefined disposed:false
1021 silly fetch manifest @supabase/cli-darwin-arm64@2.116.0
1022 silly packumentCache full:https://registry.npmjs.org/@supabase%2fcli-darwin-arm64 cache-miss
1023 http fetch GET 200 https://registry.npmjs.org/@supabase%2fcli-darwin-arm64 3693ms (cache miss)
1024 silly packumentCache full:https://registry.npmjs.org/@supabase%2fcli-darwin-arm64 set size:undefined disposed:false
1025 silly fetch manifest @supabase/cli-windows-arm64@2.116.0
1026 silly packumentCache full:https://registry.npmjs.org/@supabase%2fcli-windows-arm64 cache-miss
1027 http fetch GET 200 https://registry.npmjs.org/@supabase%2fcli-windows-x64 5317ms (cache miss)
1028 silly packumentCache full:https://registry.npmjs.org/@supabase%2fcli-windows-x64 set size:undefined disposed:false
1029 silly fetch manifest @supabase/cli-linux-x64-musl@2.116.0
1030 silly packumentCache full:https://registry.npmjs.org/@supabase%2fcli-linux-x64-musl cache-miss
1031 http fetch GET 200 https://registry.npmjs.org/@supabase%2fcli-windows-arm64 2699ms (cache miss)
1032 silly packumentCache full:https://registry.npmjs.org/@supabase%2fcli-windows-arm64 set size:undefined disposed:false
1033 silly fetch manifest @supabase/cli-linux-arm64-musl@2.116.0
1034 silly packumentCache full:https://registry.npmjs.org/@supabase%2fcli-linux-arm64-musl cache-miss
1035 http fetch GET 200 https://registry.npmjs.org/@supabase%2fcli-linux-x64-musl 2356ms (cache miss)
1036 silly packumentCache full:https://registry.npmjs.org/@supabase%2fcli-linux-x64-musl set size:undefined disposed:false
1037 silly fetch manifest esbuild@~0.28.0
1038 silly packumentCache full:https://registry.npmjs.org/esbuild cache-miss
1039 http cache https://registry.npmjs.org/esbuild 491ms (cache hit)
1040 silly packumentCache full:https://registry.npmjs.org/esbuild set size:1264676 disposed:false
1041 http fetch GET 200 https://registry.npmjs.org/@supabase%2fcli-linux-arm64-musl 1739ms (cache miss)
1042 silly packumentCache full:https://registry.npmjs.org/@supabase%2fcli-linux-arm64-musl set size:undefined disposed:false
1043 http fetch GET 200 https://registry.npmjs.org/@supabase%2fcli-darwin-x64 39490ms (cache miss)
1044 silly packumentCache full:https://registry.npmjs.org/@supabase%2fcli-darwin-x64 set size:undefined disposed:false
1045 silly fetch manifest bufferutil@^4.0.1
1046 silly packumentCache full:https://registry.npmjs.org/bufferutil cache-miss
1047 http cache https://registry.npmjs.org/bufferutil 971ms (cache hit)
1048 silly packumentCache full:https://registry.npmjs.org/bufferutil set size:52668 disposed:false
1049 silly fetch manifest utf-8-validate@>=5.0.2
1050 silly packumentCache full:https://registry.npmjs.org/utf-8-validate cache-miss
1051 http cache https://registry.npmjs.org/utf-8-validate 14ms (cache hit)
1052 silly packumentCache full:https://registry.npmjs.org/utf-8-validate set size:77012 disposed:false
1053 silly placeDep ROOT google-auth-library@10.9.1 OK for: @google/genai@2.19.0 want: ^10.3.0
1054 silly placeDep ROOT p-retry@4.6.2 OK for: @google/genai@2.19.0 want: ^4.6.2
1055 silly placeDep ROOT protobufjs@7.6.6 OK for: @google/genai@2.19.0 want: ^7.5.4
1056 silly placeDep ROOT ws@8.21.3 OK for: @google/genai@2.19.0 want: ^8.18.0
1057 silly fetch manifest jws@^4.0.0
1058 silly packumentCache full:https://registry.npmjs.org/jws cache-miss
1059 silly fetch manifest gaxios@^7.1.4
1060 silly packumentCache full:https://registry.npmjs.org/gaxios cache-miss
1061 silly fetch manifest base64-js@^1.3.0
1062 silly packumentCache full:https://registry.npmjs.org/base64-js cache-miss
1063 http cache https://registry.npmjs.org/jws 356ms (cache hit)
1064 silly packumentCache full:https://registry.npmjs.org/jws set size:48740 disposed:false
1065 silly fetch manifest gcp-metadata@8.1.2
1066 silly packumentCache full:https://registry.npmjs.org/gcp-metadata cache-miss
1067 http cache https://registry.npmjs.org/base64-js 1055ms (cache hit)
1068 silly packumentCache full:https://registry.npmjs.org/base64-js set size:41270 disposed:false
1069 silly fetch manifest ecdsa-sig-formatter@^1.0.11
1070 silly packumentCache full:https://registry.npmjs.org/ecdsa-sig-formatter cache-miss
1071 http cache https://registry.npmjs.org/gaxios 1073ms (cache hit)
1072 silly packumentCache full:https://registry.npmjs.org/gaxios set size:367168 disposed:false
1073 silly fetch manifest google-logging-utils@1.1.3
1074 silly packumentCache full:https://registry.npmjs.org/google-logging-utils cache-miss
1075 http cache https://registry.npmjs.org/gcp-metadata 8169ms (cache hit)
1076 silly packumentCache full:https://registry.npmjs.org/gcp-metadata set size:210123 disposed:false
1077 silly fetch manifest retry@^0.13.1
1078 silly packumentCache full:https://registry.npmjs.org/retry cache-miss
1079 http cache https://registry.npmjs.org/google-logging-utils 7561ms (cache hit)
1080 silly packumentCache full:https://registry.npmjs.org/google-logging-utils set size:31146 disposed:false
1081 silly fetch manifest @types/retry@0.12.0
1082 silly packumentCache full:https://registry.npmjs.org/@types%2fretry cache-miss
1083 http cache https://registry.npmjs.org/ecdsa-sig-formatter 7686ms (cache hit)
1084 silly packumentCache full:https://registry.npmjs.org/ecdsa-sig-formatter set size:23546 disposed:false
1085 silly fetch manifest long@^5.3.2
1086 silly packumentCache full:https://registry.npmjs.org/long cache-miss
1087 http cache https://registry.npmjs.org/retry 1480ms (cache hit)
1088 silly packumentCache full:https://registry.npmjs.org/retry set size:31161 disposed:false
1089 silly fetch manifest @protobufjs/path@^1.1.2
1090 silly packumentCache full:https://registry.npmjs.org/@protobufjs%2fpath cache-miss
1091 http cache https://registry.npmjs.org/long 1408ms (cache hit)
1092 silly packumentCache full:https://registry.npmjs.org/long set size:80704 disposed:false
1093 silly fetch manifest @protobufjs/pool@^1.1.0
1094 silly packumentCache full:https://registry.npmjs.org/@protobufjs%2fpool cache-miss
1095 http cache https://registry.npmjs.org/@types%2fretry 1483ms (cache hit)
1096 silly packumentCache full:https://registry.npmjs.org/@types%2fretry set size:17008 disposed:false
1097 silly fetch manifest @protobufjs/utf8@^1.1.1
1098 silly packumentCache full:https://registry.npmjs.org/@protobufjs%2futf8 cache-miss
1099 http cache https://registry.npmjs.org/@protobufjs%2fpath 1826ms (cache hit)
1100 silly packumentCache full:https://registry.npmjs.org/@protobufjs%2fpath set size:10241 disposed:false
1101 silly fetch manifest @protobufjs/fetch@^1.1.1
1102 silly packumentCache full:https://registry.npmjs.org/@protobufjs%2ffetch cache-miss
1103 http cache https://registry.npmjs.org/@protobufjs%2futf8 1823ms (cache hit)
1104 silly packumentCache full:https://registry.npmjs.org/@protobufjs%2futf8 set size:17318 disposed:false
1105 silly fetch manifest @protobufjs/float@^1.0.2
1106 silly packumentCache full:https://registry.npmjs.org/@protobufjs%2ffloat cache-miss
1107 http cache https://registry.npmjs.org/@protobufjs%2fpool 1839ms (cache hit)
1108 silly packumentCache full:https://registry.npmjs.org/@protobufjs%2fpool set size:10727 disposed:false
1109 silly fetch manifest @protobufjs/base64@^1.1.2
1110 silly packumentCache full:https://registry.npmjs.org/@protobufjs%2fbase64 cache-miss
1111 http cache https://registry.npmjs.org/@protobufjs%2ffetch 1758ms (cache hit)
1112 silly packumentCache full:https://registry.npmjs.org/@protobufjs%2ffetch set size:12023 disposed:false
1113 silly fetch manifest @protobufjs/codegen@^2.0.5
1114 silly packumentCache full:https://registry.npmjs.org/@protobufjs%2fcodegen cache-miss
1115 http cache https://registry.npmjs.org/@protobufjs%2ffloat 1754ms (cache hit)
1116 silly packumentCache full:https://registry.npmjs.org/@protobufjs%2ffloat set size:9957 disposed:false
1117 silly fetch manifest @protobufjs/aspromise@^1.1.2
1118 silly packumentCache full:https://registry.npmjs.org/@protobufjs%2faspromise cache-miss
1119 http cache https://registry.npmjs.org/@protobufjs%2fbase64 1754ms (cache hit)
1120 silly packumentCache full:https://registry.npmjs.org/@protobufjs%2fbase64 set size:14176 disposed:false
1121 silly fetch manifest @protobufjs/eventemitter@^1.1.1
1122 silly packumentCache full:https://registry.npmjs.org/@protobufjs%2feventemitter cache-miss
1123 http cache https://registry.npmjs.org/@protobufjs%2fcodegen 1585ms (cache hit)
1124 silly packumentCache full:https://registry.npmjs.org/@protobufjs%2fcodegen set size:23820 disposed:false
1125 http cache https://registry.npmjs.org/@protobufjs%2faspromise 2083ms (cache hit)
1126 silly packumentCache full:https://registry.npmjs.org/@protobufjs%2faspromise set size:11438 disposed:false
1127 http cache https://registry.npmjs.org/@protobufjs%2feventemitter 2778ms (cache hit)
1128 silly packumentCache full:https://registry.npmjs.org/@protobufjs%2feventemitter set size:13173 disposed:false
1129 silly placeDep ROOT @standard-schema/utils@0.3.0 OK for: @hookform/resolvers@5.9.1 want: ^0.3.0
1130 silly placeDep ROOT @supabase/auth-js@2.112.4 OK for: @supabase/supabase-js@2.112.4 want: 2.112.4
1131 silly placeDep ROOT @supabase/functions-js@2.112.4 OK for: @supabase/supabase-js@2.112.4 want: 2.112.4
1132 silly placeDep ROOT @supabase/postgrest-js@2.112.4 OK for: @supabase/supabase-js@2.112.4 want: 2.112.4
1133 silly placeDep ROOT @supabase/realtime-js@2.112.4 OK for: @supabase/supabase-js@2.112.4 want: 2.112.4
1134 silly placeDep ROOT @supabase/storage-js@2.112.4 OK for: @supabase/supabase-js@2.112.4 want: 2.112.4
1135 silly fetch manifest tslib@2.8.1
1136 silly packumentCache full:https://registry.npmjs.org/tslib cache-hit
1137 silly fetch manifest tslib@2.8.1
1138 silly packumentCache full:https://registry.npmjs.org/tslib cache-hit
1139 silly fetch manifest tslib@2.8.1
1140 silly packumentCache full:https://registry.npmjs.org/tslib cache-hit
1141 silly fetch manifest @supabase/phoenix@0.4.5
1142 silly packumentCache full:https://registry.npmjs.org/@supabase%2fphoenix cache-miss
1143 silly fetch manifest iceberg-js@^0.8.1
1144 silly packumentCache full:https://registry.npmjs.org/iceberg-js cache-miss
1145 http cache https://registry.npmjs.org/iceberg-js 1913ms (cache hit)
1146 silly packumentCache full:https://registry.npmjs.org/iceberg-js set size:44071 disposed:false
1147 http cache https://registry.npmjs.org/@supabase%2fphoenix 1926ms (cache hit)
1148 silly packumentCache full:https://registry.npmjs.org/@supabase%2fphoenix set size:32329 disposed:false
1149 silly placeDep ROOT tslib@2.8.1 OK for: @supabase/auth-js@2.112.4 want: 2.8.1
1150 silly placeDep ROOT @supabase/phoenix@0.4.5 OK for: @supabase/realtime-js@2.112.4 want: 0.4.5
1151 silly placeDep ROOT iceberg-js@0.8.1 OK for: @supabase/storage-js@2.112.4 want: ^0.8.1
1152 silly placeDep ROOT @tailwindcss/node@4.3.3 OK for: @tailwindcss/vite@4.3.3 want: 4.3.3
1153 silly placeDep ROOT @tailwindcss/oxide@4.3.3 OK for: @tailwindcss/vite@4.3.3 want: 4.3.3
1154 silly fetch manifest jiti@^2.7.0
1155 silly packumentCache full:https://registry.npmjs.org/jiti cache-miss
1156 silly fetch manifest lightningcss@1.32.0
1157 silly packumentCache full:https://registry.npmjs.org/lightningcss cache-miss
1158 silly fetch manifest magic-string@^0.30.21
1159 silly packumentCache full:https://registry.npmjs.org/magic-string cache-miss
1160 http cache https://registry.npmjs.org/lightningcss 628ms (cache hit)
1161 silly packumentCache full:https://registry.npmjs.org/lightningcss set size:191065 disposed:false
1162 silly fetch manifest enhanced-resolve@^5.24.1
1163 silly packumentCache full:https://registry.npmjs.org/enhanced-resolve cache-miss
1164 http cache https://registry.npmjs.org/magic-string 956ms (cache hit)
1165 silly packumentCache full:https://registry.npmjs.org/magic-string set size:352504 disposed:false
1166 silly fetch manifest @jridgewell/remapping@^2.3.5
1167 silly packumentCache full:https://registry.npmjs.org/@jridgewell%2fremapping cache-miss
1168 http cache https://registry.npmjs.org/enhanced-resolve 1400ms (cache hit)
1169 silly packumentCache full:https://registry.npmjs.org/enhanced-resolve set size:482889 disposed:false
1170 silly fetch manifest @tailwindcss/oxide-darwin-x64@4.3.3
1171 silly packumentCache full:https://registry.npmjs.org/@tailwindcss%2foxide-darwin-x64 cache-miss
1172 http cache https://registry.npmjs.org/@jridgewell%2fremapping 1717ms (cache hit)
1173 silly packumentCache full:https://registry.npmjs.org/@jridgewell%2fremapping set size:23809 disposed:false
1174 silly fetch manifest @tailwindcss/oxide-freebsd-x64@4.3.3
1175 silly packumentCache full:https://registry.npmjs.org/@tailwindcss%2foxide-freebsd-x64 cache-miss
1176 http fetch GET 200 https://registry.npmjs.org/jiti 2877ms (cache revalidated)
1177 silly packumentCache full:https://registry.npmjs.org/jiti set size:387989 disposed:false
1178 silly fetch manifest @tailwindcss/oxide-wasm32-wasi@4.3.3
1179 silly packumentCache full:https://registry.npmjs.org/@tailwindcss%2foxide-wasm32-wasi cache-miss
1180 http fetch GET 200 https://registry.npmjs.org/@tailwindcss%2foxide-wasm32-wasi 5431ms (cache miss)
1181 silly packumentCache full:https://registry.npmjs.org/@tailwindcss%2foxide-wasm32-wasi set size:undefined disposed:false
1182 silly fetch manifest @tailwindcss/oxide-darwin-arm64@4.3.3
1183 silly packumentCache full:https://registry.npmjs.org/@tailwindcss%2foxide-darwin-arm64 cache-miss
1184 http fetch GET 200 https://registry.npmjs.org/@tailwindcss%2foxide-darwin-x64 9522ms (cache miss)
1185 silly packumentCache full:https://registry.npmjs.org/@tailwindcss%2foxide-darwin-x64 set size:undefined disposed:false
1186 silly fetch manifest @tailwindcss/oxide-android-arm64@4.3.3
1187 silly packumentCache full:https://registry.npmjs.org/@tailwindcss%2foxide-android-arm64 cache-miss
1188 http cache https://registry.npmjs.org/@tailwindcss%2foxide-android-arm64 1577ms (cache hit)
1189 silly packumentCache full:https://registry.npmjs.org/@tailwindcss%2foxide-android-arm64 set size:2153161 disposed:false
1190 silly fetch manifest @tailwindcss/oxide-linux-x64-gnu@4.3.3
1191 silly packumentCache full:https://registry.npmjs.org/@tailwindcss%2foxide-linux-x64-gnu cache-miss
1192 silly fetch manifest @tailwindcss/oxide-linux-x64-musl@4.3.3
1193 silly packumentCache full:https://registry.npmjs.org/@tailwindcss%2foxide-linux-x64-musl cache-miss
1194 http fetch GET https://registry.npmjs.org/@tailwindcss%2foxide-linux-x64-musl attempt 1 failed with ENOTFOUND
1195 http fetch GET https://registry.npmjs.org/@tailwindcss%2foxide-darwin-arm64 attempt 1 failed with ECONNRESET
1196 http fetch GET 200 https://registry.npmjs.org/@tailwindcss%2foxide-linux-x64-musl 14611ms attempt #2 (cache miss)
1197 silly packumentCache full:https://registry.npmjs.org/@tailwindcss%2foxide-linux-x64-musl set size:undefined disposed:false
1198 silly fetch manifest @tailwindcss/oxide-win32-x64-msvc@4.3.3
1199 silly packumentCache full:https://registry.npmjs.org/@tailwindcss%2foxide-win32-x64-msvc cache-miss
1200 http fetch GET 200 https://registry.npmjs.org/@tailwindcss%2foxide-linux-x64-gnu 20188ms (cache miss)
1201 silly packumentCache full:https://registry.npmjs.org/@tailwindcss%2foxide-linux-x64-gnu set size:undefined disposed:false
1202 silly fetch manifest @tailwindcss/oxide-linux-arm64-gnu@4.3.3
1203 silly packumentCache full:https://registry.npmjs.org/@tailwindcss%2foxide-linux-arm64-gnu cache-miss
1204 http fetch GET 200 https://registry.npmjs.org/@tailwindcss%2foxide-win32-x64-msvc 7061ms (cache miss)
1205 silly packumentCache full:https://registry.npmjs.org/@tailwindcss%2foxide-win32-x64-msvc set size:undefined disposed:false
1206 silly fetch manifest @tailwindcss/oxide-linux-arm64-musl@4.3.3
1207 silly packumentCache full:https://registry.npmjs.org/@tailwindcss%2foxide-linux-arm64-musl cache-miss
1208 http fetch GET 200 https://registry.npmjs.org/@tailwindcss%2foxide-linux-arm64-gnu 13011ms (cache miss)
1209 silly packumentCache full:https://registry.npmjs.org/@tailwindcss%2foxide-linux-arm64-gnu set size:undefined disposed:false
1210 silly fetch manifest @tailwindcss/oxide-win32-arm64-msvc@4.3.3
1211 silly packumentCache full:https://registry.npmjs.org/@tailwindcss%2foxide-win32-arm64-msvc cache-miss
1212 http fetch GET 200 https://registry.npmjs.org/@tailwindcss%2foxide-linux-arm64-musl 23824ms (cache miss)
1213 silly packumentCache full:https://registry.npmjs.org/@tailwindcss%2foxide-linux-arm64-musl set size:undefined disposed:false
1214 silly fetch manifest @tailwindcss/oxide-linux-arm-gnueabihf@4.3.3
1215 silly packumentCache full:https://registry.npmjs.org/@tailwindcss%2foxide-linux-arm-gnueabihf cache-miss
1216 http fetch GET 200 https://registry.npmjs.org/@tailwindcss%2foxide-win32-arm64-msvc 17796ms (cache miss)
1217 silly packumentCache full:https://registry.npmjs.org/@tailwindcss%2foxide-win32-arm64-msvc set size:undefined disposed:false
1218 http fetch GET 200 https://registry.npmjs.org/@tailwindcss%2foxide-darwin-arm64 56755ms attempt #2 (cache miss)
1219 silly packumentCache full:https://registry.npmjs.org/@tailwindcss%2foxide-darwin-arm64 set size:undefined disposed:false
1220 http fetch GET 200 https://registry.npmjs.org/@tailwindcss%2foxide-linux-arm-gnueabihf 7355ms (cache miss)
1221 silly packumentCache full:https://registry.npmjs.org/@tailwindcss%2foxide-linux-arm-gnueabihf set size:undefined disposed:false
1222 silly placeDep ROOT @jridgewell/remapping@2.3.5 OK for: @tailwindcss/node@4.3.3 want: ^2.3.5
1223 silly placeDep ROOT enhanced-resolve@5.24.5 OK for: @tailwindcss/node@4.3.3 want: ^5.24.1
1224 silly placeDep ROOT jiti@2.7.0 OK for: @tailwindcss/node@4.3.3 want: ^2.7.0
1225 silly placeDep ROOT lightningcss@1.32.0 OK for: @tailwindcss/node@4.3.3 want: 1.32.0
1226 silly placeDep ROOT magic-string@0.30.21 OK for: @tailwindcss/node@4.3.3 want: ^0.30.21
1227 silly placeDep ROOT source-map-js@1.2.1 OK for: @tailwindcss/node@4.3.3 want: ^1.2.1
1228 silly fetch manifest @jridgewell/gen-mapping@^0.3.5
1229 silly packumentCache full:https://registry.npmjs.org/@jridgewell%2fgen-mapping cache-miss
1230 silly fetch manifest @jridgewell/trace-mapping@^0.3.24
1231 silly packumentCache full:https://registry.npmjs.org/@jridgewell%2ftrace-mapping cache-miss
1232 silly fetch manifest tapable@^2.3.3
1233 silly packumentCache full:https://registry.npmjs.org/tapable cache-miss
1234 http cache https://registry.npmjs.org/@jridgewell%2ftrace-mapping 1836ms (cache hit)
1235 silly packumentCache full:https://registry.npmjs.org/@jridgewell%2ftrace-mapping set size:170909 disposed:false
1236 silly fetch manifest graceful-fs@^4.2.4
1237 silly packumentCache full:https://registry.npmjs.org/graceful-fs cache-miss
1238 http cache https://registry.npmjs.org/@jridgewell%2fgen-mapping 1905ms (cache hit)
1239 silly packumentCache full:https://registry.npmjs.org/@jridgewell%2fgen-mapping set size:75941 disposed:false
1240 silly fetch manifest detect-libc@^2.0.3
1241 silly packumentCache full:https://registry.npmjs.org/detect-libc cache-miss
1242 http cache https://registry.npmjs.org/tapable 2679ms (cache hit)
1243 silly packumentCache full:https://registry.npmjs.org/tapable set size:141233 disposed:false
1244 silly fetch manifest lightningcss-darwin-x64@1.32.0
1245 silly packumentCache full:https://registry.npmjs.org/lightningcss-darwin-x64 cache-miss
1246 http cache https://registry.npmjs.org/graceful-fs 1207ms (cache hit)
1247 silly packumentCache full:https://registry.npmjs.org/graceful-fs set size:124285 disposed:false
1248 silly fetch manifest lightningcss-freebsd-x64@1.32.0
1249 silly packumentCache full:https://registry.npmjs.org/lightningcss-freebsd-x64 cache-miss
1250 http cache https://registry.npmjs.org/detect-libc 1513ms (cache hit)
1251 silly packumentCache full:https://registry.npmjs.org/detect-libc set size:47861 disposed:false
1252 silly fetch manifest lightningcss-darwin-arm64@1.32.0
1253 silly packumentCache full:https://registry.npmjs.org/lightningcss-darwin-arm64 cache-miss
1254 http cache https://registry.npmjs.org/lightningcss-darwin-x64 785ms (cache hit)
1255 silly packumentCache full:https://registry.npmjs.org/lightningcss-darwin-x64 set size:80374 disposed:false
1256 silly fetch manifest lightningcss-android-arm64@1.32.0
1257 silly packumentCache full:https://registry.npmjs.org/lightningcss-android-arm64 cache-miss
1258 http cache https://registry.npmjs.org/lightningcss-freebsd-x64 1455ms (cache hit)
1259 silly packumentCache full:https://registry.npmjs.org/lightningcss-freebsd-x64 set size:44564 disposed:false
1260 silly fetch manifest lightningcss-linux-x64-gnu@1.32.0
1261 silly packumentCache full:https://registry.npmjs.org/lightningcss-linux-x64-gnu cache-miss
1262 http cache https://registry.npmjs.org/lightningcss-darwin-arm64 1245ms (cache hit)
1263 silly packumentCache full:https://registry.npmjs.org/lightningcss-darwin-arm64 set size:80970 disposed:false
1264 silly fetch manifest lightningcss-linux-x64-musl@1.32.0
1265 silly packumentCache full:https://registry.npmjs.org/lightningcss-linux-x64-musl cache-miss
1266 http cache https://registry.npmjs.org/lightningcss-android-arm64 1191ms (cache hit)
1267 silly packumentCache full:https://registry.npmjs.org/lightningcss-android-arm64 set size:9371 disposed:false
1268 silly fetch manifest lightningcss-win32-x64-msvc@1.32.0
1269 silly packumentCache full:https://registry.npmjs.org/lightningcss-win32-x64-msvc cache-miss
1270 http cache https://registry.npmjs.org/lightningcss-linux-x64-gnu 126ms (cache hit)
1271 silly packumentCache full:https://registry.npmjs.org/lightningcss-linux-x64-gnu set size:81819 disposed:false
1272 silly fetch manifest lightningcss-linux-arm64-gnu@1.32.0
1273 silly packumentCache full:https://registry.npmjs.org/lightningcss-linux-arm64-gnu cache-miss
1274 http cache https://registry.npmjs.org/lightningcss-linux-x64-musl 130ms (cache hit)
1275 silly packumentCache full:https://registry.npmjs.org/lightningcss-linux-x64-musl set size:82032 disposed:false
1276 silly fetch manifest lightningcss-linux-arm64-musl@1.32.0
1277 silly packumentCache full:https://registry.npmjs.org/lightningcss-linux-arm64-musl cache-miss
1278 http cache https://registry.npmjs.org/lightningcss-win32-x64-msvc 131ms (cache hit)
1279 silly packumentCache full:https://registry.npmjs.org/lightningcss-win32-x64-msvc set size:81347 disposed:false
1280 silly fetch manifest lightningcss-win32-arm64-msvc@1.32.0
1281 silly packumentCache full:https://registry.npmjs.org/lightningcss-win32-arm64-msvc cache-miss
1282 http cache https://registry.npmjs.org/lightningcss-linux-arm64-gnu 669ms (cache hit)
1283 silly packumentCache full:https://registry.npmjs.org/lightningcss-linux-arm64-gnu set size:82397 disposed:false
1284 silly fetch manifest lightningcss-linux-arm-gnueabihf@1.32.0
1285 silly packumentCache full:https://registry.npmjs.org/lightningcss-linux-arm-gnueabihf cache-miss
1286 http fetch GET 200 https://registry.npmjs.org/lightningcss-win32-arm64-msvc 705ms (cache miss)
1287 silly packumentCache full:https://registry.npmjs.org/lightningcss-win32-arm64-msvc set size:undefined disposed:false
1288 silly fetch manifest @jridgewell/sourcemap-codec@^1.5.5
1289 silly packumentCache full:https://registry.npmjs.org/@jridgewell%2fsourcemap-codec cache-miss
1290 http fetch GET 200 https://registry.npmjs.org/lightningcss-linux-arm64-musl 986ms (cache miss)
1291 silly packumentCache full:https://registry.npmjs.org/lightningcss-linux-arm64-musl set size:undefined disposed:false
1292 http fetch GET 200 https://registry.npmjs.org/lightningcss-linux-arm-gnueabihf 950ms (cache miss)
1293 silly packumentCache full:https://registry.npmjs.org/lightningcss-linux-arm-gnueabihf set size:undefined disposed:false
1294 http fetch GET 200 https://registry.npmjs.org/@jridgewell%2fsourcemap-codec 10577ms (cache miss)
1295 silly packumentCache full:https://registry.npmjs.org/@jridgewell%2fsourcemap-codec set size:undefined disposed:false
1296 silly placeDep ROOT @jridgewell/gen-mapping@0.3.13 OK for: @jridgewell/remapping@2.3.5 want: ^0.3.5
1297 silly placeDep ROOT @jridgewell/trace-mapping@0.3.31 OK for: @jridgewell/remapping@2.3.5 want: ^0.3.24
1298 silly fetch manifest @jridgewell/sourcemap-codec@^1.5.0
1299 silly packumentCache full:https://registry.npmjs.org/@jridgewell%2fsourcemap-codec cache-miss
1300 silly fetch manifest @jridgewell/resolve-uri@^3.1.0
1301 silly packumentCache full:https://registry.npmjs.org/@jridgewell%2fresolve-uri cache-miss
1302 silly fetch manifest @jridgewell/sourcemap-codec@^1.4.14
1303 silly packumentCache full:https://registry.npmjs.org/@jridgewell%2fsourcemap-codec cache-miss
1304 http cache https://registry.npmjs.org/@jridgewell%2fsourcemap-codec 1224ms (cache hit)
1305 silly packumentCache full:https://registry.npmjs.org/@jridgewell%2fsourcemap-codec set size:65255 disposed:false
1306 http cache https://registry.npmjs.org/@jridgewell%2fsourcemap-codec 1401ms (cache hit)
1307 silly packumentCache full:https://registry.npmjs.org/@jridgewell%2fsourcemap-codec set size:65255 disposed:false
1308 silly packumentCache full:https://registry.npmjs.org/@jridgewell%2fsourcemap-codec dispose
1309 http cache https://registry.npmjs.org/@jridgewell%2fresolve-uri 1413ms (cache hit)
1310 silly packumentCache full:https://registry.npmjs.org/@jridgewell%2fresolve-uri set size:57361 disposed:false
1311 silly placeDep ROOT @jridgewell/sourcemap-codec@1.6.0 OK for: @jridgewell/gen-mapping@0.3.13 want: ^1.5.0
1312 silly placeDep ROOT @jridgewell/resolve-uri@3.1.2 OK for: @jridgewell/trace-mapping@0.3.31 want: ^3.1.0
1313 silly fetch manifest @tailwindcss/oxide-freebsd-x64@4.3.3
1314 silly packumentCache full:https://registry.npmjs.org/@tailwindcss%2foxide-freebsd-x64 cache-miss
1315 http cache https://registry.npmjs.org/@tailwindcss%2foxide-freebsd-x64 3061ms (cache hit)
1316 silly packumentCache full:https://registry.npmjs.org/@tailwindcss%2foxide-freebsd-x64 set size:2990990 disposed:false
1317 silly placeDep ROOT @tailwindcss/oxide-android-arm64@4.3.3 OK for: @tailwindcss/oxide@4.3.3 want: 4.3.3
1318 silly placeDep ROOT @tailwindcss/oxide-darwin-arm64@4.3.3 OK for: @tailwindcss/oxide@4.3.3 want: 4.3.3
1319 silly placeDep ROOT @tailwindcss/oxide-darwin-x64@4.3.3 OK for: @tailwindcss/oxide@4.3.3 want: 4.3.3
1320 silly placeDep ROOT @tailwindcss/oxide-freebsd-x64@4.3.3 OK for: @tailwindcss/oxide@4.3.3 want: 4.3.3
1321 silly placeDep ROOT @tailwindcss/oxide-linux-arm-gnueabihf@4.3.3 OK for: @tailwindcss/oxide@4.3.3 want: 4.3.3
1322 silly placeDep ROOT @tailwindcss/oxide-linux-arm64-gnu@4.3.3 OK for: @tailwindcss/oxide@4.3.3 want: 4.3.3
1323 silly placeDep ROOT @tailwindcss/oxide-linux-arm64-musl@4.3.3 OK for: @tailwindcss/oxide@4.3.3 want: 4.3.3
1324 silly placeDep ROOT @tailwindcss/oxide-linux-x64-gnu@4.3.3 OK for: @tailwindcss/oxide@4.3.3 want: 4.3.3
1325 silly placeDep ROOT @tailwindcss/oxide-linux-x64-musl@4.3.3 OK for: @tailwindcss/oxide@4.3.3 want: 4.3.3
1326 silly placeDep ROOT @tailwindcss/oxide-wasm32-wasi@4.3.3 OK for: @tailwindcss/oxide@4.3.3 want: 4.3.3
1327 silly placeDep ROOT @tailwindcss/oxide-win32-arm64-msvc@4.3.3 OK for: @tailwindcss/oxide@4.3.3 want: 4.3.3
1328 silly placeDep ROOT @tailwindcss/oxide-win32-x64-msvc@4.3.3 OK for: @tailwindcss/oxide@4.3.3 want: 4.3.3
1329 silly placeDep ROOT @tanstack/query-core@5.102.8 OK for: @tanstack/react-query@5.102.8 want: 5.102.8
1330 silly fetch manifest react@>=18.0.0 || >=19.0.0
1331 silly packumentCache full:https://registry.npmjs.org/react cache-miss
1332 http cache https://registry.npmjs.org/react 1029ms (cache hit)
1333 silly packumentCache full:https://registry.npmjs.org/react set size:6926968 disposed:false
1334 silly fetch manifest react-dom@>=18.0.0 || >=19.0.0
1335 silly packumentCache full:https://registry.npmjs.org/react-dom cache-miss
1336 http cache https://registry.npmjs.org/react-dom 3114ms (cache hit)
1337 silly packumentCache full:https://registry.npmjs.org/react-dom set size:9313795 disposed:false
1338 silly placeDep ROOT @tanstack/history@1.115.0 OK for: @tanstack/react-router@1.120.0 want: 1.115.0
1339 silly placeDep ROOT @tanstack/react-store@0.7.7 OK for: @tanstack/react-router@1.120.0 want: ^0.7.0
1340 silly placeDep ROOT @tanstack/router-core@1.119.0 OK for: @tanstack/react-router@1.120.0 want: 1.119.0
1341 silly placeDep ROOT jsesc@3.1.0 OK for: @tanstack/react-router@1.120.0 want: ^3.1.0
1342 silly placeDep ROOT tiny-invariant@1.3.3 OK for: @tanstack/react-router@1.120.0 want: ^1.3.3
1343 silly placeDep ROOT tiny-warning@1.0.3 OK for: @tanstack/react-router@1.120.0 want: ^1.0.3
1344 silly fetch manifest @tanstack/store@0.7.7
1345 silly packumentCache full:https://registry.npmjs.org/@tanstack%2fstore cache-miss
1346 silly fetch manifest use-sync-external-store@^1.5.0
1347 silly packumentCache full:https://registry.npmjs.org/use-sync-external-store cache-miss
1348 silly fetch manifest @tanstack/store@^0.7.0
1349 silly packumentCache full:https://registry.npmjs.org/@tanstack%2fstore cache-miss
1350 http cache https://registry.npmjs.org/use-sync-external-store 704ms (cache hit)
1351 silly packumentCache full:https://registry.npmjs.org/use-sync-external-store set size:4968927 disposed:false
1352 http cache https://registry.npmjs.org/@tanstack%2fstore 1234ms (cache hit)
1353 silly packumentCache full:https://registry.npmjs.org/@tanstack%2fstore set size:169429 disposed:false
1354 http cache https://registry.npmjs.org/@tanstack%2fstore 1241ms (cache hit)
1355 silly packumentCache full:https://registry.npmjs.org/@tanstack%2fstore set size:169429 disposed:false
1356 silly packumentCache full:https://registry.npmjs.org/@tanstack%2fstore dispose
1357 silly placeDep ROOT @tanstack/react-start-client@1.168.30 OK for: @tanstack/react-start@1.120.0 want: ^1.120.0
1358 silly placeDep ROOT @tanstack/react-start-config@1.120.20 OK for: @tanstack/react-start@1.120.0 want: ^1.120.0
1359 silly placeDep ROOT @tanstack/react-start-router-manifest@1.120.19 OK for: @tanstack/react-start@1.120.0 want: ^1.119.0
1360 silly placeDep ROOT @tanstack/react-start-server@1.167.37 OK for: @tanstack/react-start@1.120.0 want: ^1.120.0
1361 silly placeDep ROOT @tanstack/start-api-routes@1.120.19 OK for: @tanstack/react-start@1.120.0 want: ^1.119.0
1362 silly placeDep ROOT @tanstack/start-server-functions-client@1.131.50 OK for: @tanstack/react-start@1.120.0 want: ^1.119.2
1363 silly placeDep ROOT @tanstack/start-server-functions-handler@1.120.19 OK for: @tanstack/react-start@1.120.0 want: ^1.119.0
1364 silly placeDep ROOT @tanstack/start-server-functions-server@1.131.2 OK for: @tanstack/react-start@1.120.0 want: ^1.119.2
1365 silly placeDep ROOT @tanstack/start-server-functions-ssr@1.120.19 OK for: @tanstack/react-start@1.120.0 want: ^1.119.2
1366 silly fetch manifest @tanstack/router-core@1.171.27
1367 silly packumentCache full:https://registry.npmjs.org/@tanstack%2frouter-core cache-miss
1368 silly fetch manifest @tanstack/react-router@1.170.32
1369 silly packumentCache full:https://registry.npmjs.org/@tanstack%2freact-router cache-miss
1370 silly fetch manifest @tanstack/start-client-core@1.170.27
1371 silly packumentCache full:https://registry.npmjs.org/@tanstack%2fstart-client-core cache-miss
1372 http cache https://registry.npmjs.org/@tanstack%2freact-router 4480ms (cache hit)
1373 silly packumentCache full:https://registry.npmjs.org/@tanstack%2freact-router set size:3687605 disposed:false
1374 silly fetch manifest zod@^3.24.2
1375 silly packumentCache full:https://registry.npmjs.org/zod cache-miss
1376 http fetch GET 200 https://registry.npmjs.org/@tanstack%2frouter-core 5163ms (cache revalidated)
1377 silly packumentCache full:https://registry.npmjs.org/@tanstack%2frouter-core set size:1688356 disposed:false
1378 silly fetch manifest vinxi@0.5.3
1379 silly packumentCache full:https://registry.npmjs.org/vinxi cache-miss
1380 http fetch GET 200 https://registry.npmjs.org/@tanstack%2fstart-client-core 5653ms (cache miss)
1381 silly packumentCache full:https://registry.npmjs.org/@tanstack%2fstart-client-core set size:undefined disposed:false
1382 silly fetch manifest ofetch@^1.4.1
1383 silly packumentCache full:https://registry.npmjs.org/ofetch cache-miss
1384 http cache https://registry.npmjs.org/zod 3470ms (cache hit)
1385 silly packumentCache full:https://registry.npmjs.org/zod set size:4147901 disposed:false
1386 silly fetch manifest nitropack@^2.10.4
1387 silly packumentCache full:https://registry.npmjs.org/nitropack cache-miss
1388 http cache https://registry.npmjs.org/ofetch 4396ms (cache hit)
1389 silly packumentCache full:https://registry.npmjs.org/ofetch set size:75280 disposed:false
1390 silly fetch manifest import-meta-resolve@^4.1.0
1391 silly packumentCache full:https://registry.npmjs.org/import-meta-resolve cache-miss
1392 http fetch GET 200 https://registry.npmjs.org/vinxi 6255ms (cache miss)
1393 silly packumentCache full:https://registry.npmjs.org/vinxi set size:undefined disposed:false
1394 silly fetch manifest @vitejs/plugin-react@^4.3.4
1395 silly packumentCache full:https://registry.npmjs.org/@vitejs%2fplugin-react cache-hit
1396 silly fetch manifest @tanstack/router-core@^1.120.19
1397 silly packumentCache full:https://registry.npmjs.org/@tanstack%2frouter-core cache-miss
1398 http cache https://registry.npmjs.org/nitropack 2525ms (cache hit)
1399 silly packumentCache full:https://registry.npmjs.org/nitropack set size:734997 disposed:false
1400 silly fetch manifest @tanstack/router-plugin@^1.120.20
1401 silly packumentCache full:https://registry.npmjs.org/@tanstack%2frouter-plugin cache-miss
1402 http cache https://registry.npmjs.org/import-meta-resolve 2349ms (cache hit)
1403 silly packumentCache full:https://registry.npmjs.org/import-meta-resolve set size:81231 disposed:false
1404 silly fetch manifest @tanstack/router-generator@^1.120.20
1405 silly packumentCache full:https://registry.npmjs.org/@tanstack%2frouter-generator cache-miss
1406 http cache https://registry.npmjs.org/@tanstack%2frouter-core 1582ms (cache hit)
1407 silly packumentCache full:https://registry.npmjs.org/@tanstack%2frouter-core set size:1688356 disposed:false
1408 silly fetch manifest @tanstack/react-start-plugin@^1.120.17
1409 silly packumentCache full:https://registry.npmjs.org/@tanstack%2freact-start-plugin cache-miss
1410 http fetch GET 200 https://registry.npmjs.org/@tanstack%2freact-start-plugin 1979ms (cache miss)
1411 silly packumentCache full:https://registry.npmjs.org/@tanstack%2freact-start-plugin set size:undefined disposed:false
1412 silly fetch manifest @tanstack/server-functions-plugin@^1.120.17
1413 silly packumentCache full:https://registry.npmjs.org/@tanstack%2fserver-functions-plugin cache-miss
1414 http fetch GET 200 https://registry.npmjs.org/@tanstack%2frouter-generator 3433ms (cache miss)
1415 silly packumentCache full:https://registry.npmjs.org/@tanstack%2frouter-generator set size:undefined disposed:false
1416 silly fetch manifest @tanstack/start-server-functions-handler@^1.120.19
1417 silly packumentCache full:https://registry.npmjs.org/@tanstack%2fstart-server-functions-handler cache-miss
1418 http fetch GET 200 https://registry.npmjs.org/@tanstack%2fserver-functions-plugin 2212ms (cache miss)
1419 silly packumentCache full:https://registry.npmjs.org/@tanstack%2fserver-functions-plugin set size:undefined disposed:false
1420 silly fetch manifest @tanstack/start-server-core@1.169.31
1421 silly packumentCache full:https://registry.npmjs.org/@tanstack%2fstart-server-core cache-miss
1422 http fetch GET 200 https://registry.npmjs.org/@tanstack%2fstart-server-functions-handler 2709ms (cache revalidated)
1423 silly packumentCache full:https://registry.npmjs.org/@tanstack%2fstart-server-functions-handler set size:258031 disposed:false
1424 silly fetch manifest @tanstack/start-server-core@^1.120.19
1425 silly packumentCache full:https://registry.npmjs.org/@tanstack%2fstart-server-core cache-miss
1426 http fetch GET 200 https://registry.npmjs.org/@tanstack%2frouter-plugin 7311ms (cache miss)
1427 silly packumentCache full:https://registry.npmjs.org/@tanstack%2frouter-plugin set size:undefined disposed:false
1428 silly fetch manifest @tanstack/server-functions-plugin@1.131.2
1429 silly packumentCache full:https://registry.npmjs.org/@tanstack%2fserver-functions-plugin cache-miss
1430 http cache https://registry.npmjs.org/@tanstack%2fserver-functions-plugin 3792ms (cache hit)
1431 silly packumentCache full:https://registry.npmjs.org/@tanstack%2fserver-functions-plugin set size:264890 disposed:false
1432 silly fetch manifest @tanstack/start-server-functions-fetcher@1.131.50
1433 silly packumentCache full:https://registry.npmjs.org/@tanstack%2fstart-server-functions-fetcher cache-miss
1434 http fetch GET 200 https://registry.npmjs.org/@tanstack%2fstart-server-core 8059ms (cache miss)
1435 silly packumentCache full:https://registry.npmjs.org/@tanstack%2fstart-server-core set size:undefined disposed:false
1436 silly fetch manifest @tanstack/start-client-core@^1.120.19
1437 silly packumentCache full:https://registry.npmjs.org/@tanstack%2fstart-client-core cache-miss
1438 http fetch GET 200 https://registry.npmjs.org/@tanstack%2fstart-server-core 7154ms (cache miss)
1439 silly packumentCache full:https://registry.npmjs.org/@tanstack%2fstart-server-core set size:undefined disposed:false
1440 silly fetch manifest @tanstack/start-client-core@^1.120.19
1441 silly packumentCache full:https://registry.npmjs.org/@tanstack%2fstart-client-core cache-miss
1442 http cache https://registry.npmjs.org/@tanstack%2fstart-client-core 701ms (cache hit)
1443 silly packumentCache full:https://registry.npmjs.org/@tanstack%2fstart-client-core set size:1299845 disposed:false
1444 silly fetch manifest @tanstack/start-server-functions-fetcher@^1.120.19
1445 silly packumentCache full:https://registry.npmjs.org/@tanstack%2fstart-server-functions-fetcher cache-miss
1446 http fetch GET 200 https://registry.npmjs.org/@tanstack%2fstart-server-functions-fetcher 7755ms (cache miss)
1447 silly packumentCache full:https://registry.npmjs.org/@tanstack%2fstart-server-functions-fetcher set size:undefined disposed:false
1448 http cache https://registry.npmjs.org/@tanstack%2fstart-client-core 7423ms (cache hit)
1449 silly packumentCache full:https://registry.npmjs.org/@tanstack%2fstart-client-core set size:1299845 disposed:false
1450 http fetch GET 200 https://registry.npmjs.org/@tanstack%2fstart-server-functions-fetcher 9650ms (cache miss)
1451 silly packumentCache full:https://registry.npmjs.org/@tanstack%2fstart-server-functions-fetcher set size:undefined disposed:false
1452 silly placeDep node_modules/@tanstack/react-start-client @tanstack/react-router@1.170.32 OK for: @tanstack/react-start-client@1.168.30 want: 1.170.32
1453 silly placeDep node_modules/@tanstack/react-start-client @tanstack/router-core@1.171.27 OK for: @tanstack/react-start-client@1.168.30 want: 1.171.27
1454 silly placeDep ROOT @tanstack/start-client-core@1.170.27 OK for: @tanstack/react-start-client@1.168.30 want: 1.170.27
1455 silly fetch manifest isbot@^5.1.22
1456 silly packumentCache full:https://registry.npmjs.org/isbot cache-miss
1457 silly fetch manifest @tanstack/history@1.162.1
1458 silly packumentCache full:https://registry.npmjs.org/@tanstack%2fhistory cache-hit
1459 silly fetch manifest @tanstack/react-store@^0.9.3
1460 silly packumentCache full:https://registry.npmjs.org/@tanstack%2freact-store cache-hit
1461 silly fetch manifest seroval@^1.6.2
1462 silly packumentCache full:https://registry.npmjs.org/seroval cache-miss
1463 silly fetch manifest cookie-es@^3.0.0
1464 silly packumentCache full:https://registry.npmjs.org/cookie-es cache-miss
1465 http cache https://registry.npmjs.org/isbot 1145ms (cache hit)
1466 silly packumentCache full:https://registry.npmjs.org/isbot set size:734994 disposed:false
1467 silly fetch manifest seroval-plugins@^1.6.2
1468 silly packumentCache full:https://registry.npmjs.org/seroval-plugins cache-miss
1469 http fetch GET 200 https://registry.npmjs.org/seroval 1818ms (cache miss)
1470 silly packumentCache full:https://registry.npmjs.org/seroval set size:undefined disposed:false
1471 silly fetch manifest @tanstack/start-fn-stubs@1.162.0
1472 silly packumentCache full:https://registry.npmjs.org/@tanstack%2fstart-fn-stubs cache-miss
1473 http fetch GET 200 https://registry.npmjs.org/seroval-plugins 1343ms (cache miss)
1474 silly packumentCache full:https://registry.npmjs.org/seroval-plugins set size:undefined disposed:false
1475 silly fetch manifest @tanstack/start-storage-context@1.167.29
1476 silly packumentCache full:https://registry.npmjs.org/@tanstack%2fstart-storage-context cache-miss
1477 http fetch GET 200 https://registry.npmjs.org/cookie-es 2498ms (cache miss)
1478 silly packumentCache full:https://registry.npmjs.org/cookie-es set size:undefined disposed:false
1479 http fetch GET 200 https://registry.npmjs.org/@tanstack%2fstart-fn-stubs 809ms (cache miss)
1480 silly packumentCache full:https://registry.npmjs.org/@tanstack%2fstart-fn-stubs set size:undefined disposed:false
1481 http fetch GET 200 https://registry.npmjs.org/@tanstack%2fstart-storage-context 1393ms (cache miss)
1482 silly packumentCache full:https://registry.npmjs.org/@tanstack%2fstart-storage-context set size:undefined disposed:false
1483 silly fetch manifest xml2js@^0.6.2
1484 silly packumentCache full:https://registry.npmjs.org/xml2js cache-miss
1485 http fetch GET 200 https://registry.npmjs.org/xml2js 1844ms (cache miss)
1486 silly packumentCache full:https://registry.npmjs.org/xml2js set size:undefined disposed:false
1487 silly fetch manifest vite@^6.1.0
1488 silly packumentCache full:https://registry.npmjs.org/vite cache-miss
1489 http fetch GET 200 https://registry.npmjs.org/vite 5167ms (cache revalidated)
1490 silly packumentCache full:https://registry.npmjs.org/vite set size:38929639 disposed:false
1491 silly fetch manifest @types/node@^18.0.0 || ^20.0.0 || >=22.0.0
1492 silly packumentCache full:https://registry.npmjs.org/@types%2fnode cache-miss
1493 http cache https://registry.npmjs.org/@types%2fnode 2626ms (cache hit)
1494 silly packumentCache full:https://registry.npmjs.org/@types%2fnode set size:11096266 disposed:false
1495 silly fetch manifest tsx@^4.8.1
1496 silly packumentCache full:https://registry.npmjs.org/tsx cache-miss
1497 http fetch GET 200 https://registry.npmjs.org/tsx 1759ms (cache revalidated)
1498 silly packumentCache full:https://registry.npmjs.org/tsx set size:344351 disposed:false
1499 silly fetch manifest @rsbuild/core@>=1.0.2 || ^2.0.0
1500 silly packumentCache full:https://registry.npmjs.org/@rsbuild%2fcore cache-miss
1501 http fetch GET 200 https://registry.npmjs.org/@rsbuild%2fcore 2343ms (cache miss)
1502 silly packumentCache full:https://registry.npmjs.org/@rsbuild%2fcore set size:undefined disposed:false
1503 silly fetch manifest core-js@>= 3.0.0
1504 silly packumentCache full:https://registry.npmjs.org/core-js cache-miss
1505 http fetch GET 200 https://registry.npmjs.org/core-js 1581ms (cache miss)
1506 silly packumentCache full:https://registry.npmjs.org/core-js set size:undefined disposed:false
1507 silly fetch manifest @tanstack/react-router@^1.170.32
1508 silly packumentCache full:https://registry.npmjs.org/@tanstack%2freact-router cache-miss
1509 http cache https://registry.npmjs.org/@tanstack%2freact-router 2110ms (cache hit)
1510 silly packumentCache full:https://registry.npmjs.org/@tanstack%2freact-router set size:3687605 disposed:false
1511 silly fetch manifest vite-plugin-solid@^2.11.10 || ^3.0.0-0
1512 silly packumentCache full:https://registry.npmjs.org/vite-plugin-solid cache-miss
1513 http fetch GET 200 https://registry.npmjs.org/vite-plugin-solid 941ms (cache miss)
1514 silly packumentCache full:https://registry.npmjs.org/vite-plugin-solid set size:undefined disposed:false
1515 silly fetch manifest @testing-library/jest-dom@^5.16.6 || ^5.17.0 || ^6.0.0 || ^7.0.0
1516 silly packumentCache full:https://registry.npmjs.org/@testing-library%2fjest-dom cache-miss
1517 http fetch GET 200 https://registry.npmjs.org/@testing-library%2fjest-dom 1682ms (cache miss)
1518 silly packumentCache full:https://registry.npmjs.org/@testing-library%2fjest-dom set size:undefined disposed:false
1519 silly fetch manifest @testing-library/dom@>=10 <11
1520 silly packumentCache full:https://registry.npmjs.org/@testing-library%2fdom cache-miss
1521 http fetch GET 200 https://registry.npmjs.org/@testing-library%2fdom 4304ms (cache miss)
1522 silly packumentCache full:https://registry.npmjs.org/@testing-library%2fdom set size:undefined disposed:false
1523 silly fetch manifest vitest@>= 0.32
1524 silly packumentCache full:https://registry.npmjs.org/vitest cache-miss
1525 http fetch GET 200 https://registry.npmjs.org/vitest 8481ms (cache miss)
1526 silly packumentCache full:https://registry.npmjs.org/vitest set size:undefined disposed:false
1527 silly fetch manifest @edge-runtime/vm@*
1528 silly packumentCache full:https://registry.npmjs.org/@edge-runtime%2fvm cache-miss
1529 http fetch GET 200 https://registry.npmjs.org/@edge-runtime%2fvm 339ms (cache miss)
1530 silly packumentCache full:https://registry.npmjs.org/@edge-runtime%2fvm set size:undefined disposed:false
1531 silly fetch manifest @opentelemetry/api@^1.9.0
1532 silly packumentCache full:https://registry.npmjs.org/@opentelemetry%2fapi cache-miss
1533 http fetch GET 200 https://registry.npmjs.org/@opentelemetry%2fapi 2785ms (cache revalidated)
1534 silly packumentCache full:https://registry.npmjs.org/@opentelemetry%2fapi set size:272967 disposed:false
1535 silly fetch manifest @vitest/browser-playwright@4.1.11
1536 silly packumentCache full:https://registry.npmjs.org/@vitest%2fbrowser-playwright cache-miss
1537 http fetch GET 200 https://registry.npmjs.org/@vitest%2fbrowser-playwright 1704ms (cache miss)
1538 silly packumentCache full:https://registry.npmjs.org/@vitest%2fbrowser-playwright set size:undefined disposed:false
1539 silly fetch manifest playwright@*
1540 silly packumentCache full:https://registry.npmjs.org/playwright cache-miss
1541 http fetch GET 200 https://registry.npmjs.org/playwright 16082ms (cache miss)
1542 silly packumentCache full:https://registry.npmjs.org/playwright set size:undefined disposed:false
1543 silly fetch manifest @vitest/browser-preview@4.1.11
1544 silly packumentCache full:https://registry.npmjs.org/@vitest%2fbrowser-preview cache-miss
1545 http fetch GET 200 https://registry.npmjs.org/@vitest%2fbrowser-preview 1728ms (cache miss)
1546 silly packumentCache full:https://registry.npmjs.org/@vitest%2fbrowser-preview set size:undefined disposed:false
1547 silly fetch manifest @vitest/browser-webdriverio@4.1.11
1548 silly packumentCache full:https://registry.npmjs.org/@vitest%2fbrowser-webdriverio cache-miss
1549 http fetch GET 200 https://registry.npmjs.org/@vitest%2fbrowser-webdriverio 1323ms (cache miss)
1550 silly packumentCache full:https://registry.npmjs.org/@vitest%2fbrowser-webdriverio set size:undefined disposed:false
1551 silly fetch manifest webdriverio@*
1552 silly packumentCache full:https://registry.npmjs.org/webdriverio cache-miss
1553 http fetch GET 200 https://registry.npmjs.org/webdriverio 2370ms (cache miss)
1554 silly packumentCache full:https://registry.npmjs.org/webdriverio set size:undefined disposed:false
1555 silly fetch manifest puppeteer-core@>=22.x <=24.x
1556 silly packumentCache full:https://registry.npmjs.org/puppeteer-core cache-miss
1557 http fetch GET 200 https://registry.npmjs.org/puppeteer-core 17592ms (cache miss)
1558 silly packumentCache full:https://registry.npmjs.org/puppeteer-core set size:undefined disposed:false
1559 silly fetch manifest @vitest/coverage-istanbul@4.1.11
1560 silly packumentCache full:https://registry.npmjs.org/@vitest%2fcoverage-istanbul cache-miss
1561 http fetch GET 200 https://registry.npmjs.org/@vitest%2fcoverage-istanbul 2978ms (cache miss)
1562 silly packumentCache full:https://registry.npmjs.org/@vitest%2fcoverage-istanbul set size:undefined disposed:false
1563 silly fetch manifest @vitest/coverage-v8@4.1.11
1564 silly packumentCache full:https://registry.npmjs.org/@vitest%2fcoverage-v8 cache-miss
1565 http fetch GET 200 https://registry.npmjs.org/@vitest%2fcoverage-v8 522ms (cache miss)
1566 silly packumentCache full:https://registry.npmjs.org/@vitest%2fcoverage-v8 set size:undefined disposed:false
1567 silly fetch manifest @vitest/browser@4.1.11
1568 silly packumentCache full:https://registry.npmjs.org/@vitest%2fbrowser cache-miss
1569 http fetch GET 200 https://registry.npmjs.org/@vitest%2fbrowser 3266ms (cache miss)
1570 silly packumentCache full:https://registry.npmjs.org/@vitest%2fbrowser set size:undefined disposed:false
1571 silly fetch manifest @vitest/ui@4.1.11
1572 silly packumentCache full:https://registry.npmjs.org/@vitest%2fui cache-miss
1573 http fetch GET 200 https://registry.npmjs.org/@vitest%2fui 4560ms (cache miss)
1574 silly packumentCache full:https://registry.npmjs.org/@vitest%2fui set size:undefined disposed:false
1575 silly fetch manifest happy-dom@*
1576 silly packumentCache full:https://registry.npmjs.org/happy-dom cache-miss
1577 http cache https://registry.npmjs.org/happy-dom 1045ms (cache hit)
1578 silly packumentCache full:https://registry.npmjs.org/happy-dom set size:2520104 disposed:false
1579 silly fetch manifest jsdom@*
1580 silly packumentCache full:https://registry.npmjs.org/jsdom cache-miss
1581 http cache https://registry.npmjs.org/jsdom 185ms (cache hit)
1582 silly packumentCache full:https://registry.npmjs.org/jsdom set size:1074418 disposed:false
1583 silly fetch manifest canvas@^3.2.3
1584 silly packumentCache full:https://registry.npmjs.org/canvas cache-miss
1585 http cache https://registry.npmjs.org/canvas 167ms (cache hit)
1586 silly packumentCache full:https://registry.npmjs.org/canvas set size:353371 disposed:false
1587 silly fetch manifest solid-js@^1.7.2
1588 silly packumentCache full:https://registry.npmjs.org/solid-js cache-miss
1589 http fetch GET 200 https://registry.npmjs.org/solid-js 6418ms (cache miss)
1590 silly packumentCache full:https://registry.npmjs.org/solid-js set size:undefined disposed:false
1591 silly fetch manifest webpack@>=5.92.0
1592 silly packumentCache full:https://registry.npmjs.org/webpack cache-miss
1593 http fetch GET 200 https://registry.npmjs.org/webpack 5341ms (cache miss)
1594 silly packumentCache full:https://registry.npmjs.org/webpack set size:undefined disposed:false
1595 silly placeDep ROOT @tanstack/react-start-plugin@1.131.50 OK for: @tanstack/react-start-config@1.120.20 want: ^1.120.17
1596 silly placeDep node_modules/@tanstack/react-start-config @tanstack/router-core@1.171.27 OK for: @tanstack/react-start-config@1.120.20 want: ^1.120.19
1597 silly placeDep ROOT @tanstack/router-generator@1.167.33 OK for: @tanstack/react-start-config@1.120.20 want: ^1.120.20
1598 silly placeDep node_modules/@tanstack/react-start-config @tanstack/router-plugin@1.168.35 OK for: @tanstack/react-start-config@1.120.20 want: ^1.120.20
1599 silly placeDep node_modules/@tanstack/react-start-config @tanstack/react-router@1.170.32 OK for: @tanstack/router-plugin@1.168.35 want: ^1.170.32
1600 silly placeDep ROOT @tanstack/server-functions-plugin@1.142.1 OK for: @tanstack/react-start-config@1.120.20 want: ^1.120.17
1601 silly placeDep node_modules/@tanstack/react-start-config @vitejs/plugin-react@4.7.0 OK for: @tanstack/react-start-config@1.120.20 want: ^4.3.4
1602 silly placeDep ROOT import-meta-resolve@4.2.0 OK for: @tanstack/react-start-config@1.120.20 want: ^4.1.0
1603 silly placeDep ROOT nitropack@2.13.4 OK for: @tanstack/react-start-config@1.120.20 want: ^2.10.4
1604 silly placeDep ROOT ofetch@1.5.1 OK for: @tanstack/react-start-config@1.120.20 want: ^1.4.1
1605 silly placeDep ROOT vinxi@0.5.3 OK for: @tanstack/react-start-config@1.120.20 want: 0.5.3
1606 silly placeDep node_modules/@tanstack/react-start-config zod@3.25.76 OK for: @tanstack/react-start-config@1.120.20 want: ^3.24.2
1607 silly fetch manifest pathe@^2.0.3
1608 silly packumentCache full:https://registry.npmjs.org/pathe cache-miss
1609 silly fetch manifest @tanstack/start-plugin-core@1.131.50
1610 silly packumentCache full:https://registry.npmjs.org/@tanstack%2fstart-plugin-core cache-miss
1611 silly fetch manifest prettier@^3.5.0
1612 silly packumentCache full:https://registry.npmjs.org/prettier cache-miss
1613 http fetch GET 200 https://registry.npmjs.org/prettier 7049ms (cache miss)
1614 silly packumentCache full:https://registry.npmjs.org/prettier set size:undefined disposed:false
1615 silly fetch manifest @babel/types@^7.28.5
1616 silly packumentCache full:https://registry.npmjs.org/@babel%2ftypes cache-miss
1617 http fetch GET 200 https://registry.npmjs.org/@babel%2ftypes 2997ms (cache miss)
1618 silly packumentCache full:https://registry.npmjs.org/@babel%2ftypes set size:undefined disposed:false
1619 silly fetch manifest @tanstack/router-utils@1.162.2
1620 silly packumentCache full:https://registry.npmjs.org/@tanstack%2frouter-utils cache-miss
1621 http fetch GET 200 https://registry.npmjs.org/@tanstack%2frouter-utils 4181ms (cache miss)
1622 silly packumentCache full:https://registry.npmjs.org/@tanstack%2frouter-utils set size:undefined disposed:false
1623 silly fetch manifest @tanstack/virtual-file-routes@1.162.0
1624 silly packumentCache full:https://registry.npmjs.org/@tanstack%2fvirtual-file-routes cache-miss
1625 http fetch GET 200 https://registry.npmjs.org/pathe 28093ms (cache miss)
1626 silly packumentCache full:https://registry.npmjs.org/pathe set size:undefined disposed:false
1627 silly fetch manifest chokidar@^5.0.0
1628 silly packumentCache full:https://registry.npmjs.org/chokidar cache-miss
1629 http fetch GET 200 https://registry.npmjs.org/@tanstack%2fstart-plugin-core 29479ms (cache miss)
1630 silly packumentCache full:https://registry.npmjs.org/@tanstack%2fstart-plugin-core set size:undefined disposed:false
1631 silly fetch manifest unplugin@^3.0.0
1632 silly packumentCache full:https://registry.npmjs.org/unplugin cache-miss
1633 http fetch GET 200 https://registry.npmjs.org/@tanstack%2fvirtual-file-routes 16442ms (cache miss)
1634 silly packumentCache full:https://registry.npmjs.org/@tanstack%2fvirtual-file-routes set size:undefined disposed:false
1635 silly fetch manifest @babel/core@^7.28.5
1636 silly packumentCache full:https://registry.npmjs.org/@babel%2fcore cache-miss
1637 http fetch GET 200 https://registry.npmjs.org/chokidar 3119ms (cache miss)
1638 silly packumentCache full:https://registry.npmjs.org/chokidar set size:undefined disposed:false
1639 silly fetch manifest @babel/template@^7.27.2
1640 silly packumentCache full:https://registry.npmjs.org/@babel%2ftemplate cache-miss
1641 http fetch GET 200 https://registry.npmjs.org/unplugin 2752ms (cache miss)
1642 silly packumentCache full:https://registry.npmjs.org/unplugin set size:undefined disposed:false
1643 silly fetch manifest @babel/core@^7.27.7
1644 silly packumentCache full:https://registry.npmjs.org/@babel%2fcore cache-miss
1645 http fetch GET 200 https://registry.npmjs.org/@babel%2fcore 2664ms (cache revalidated)
1646 silly packumentCache full:https://registry.npmjs.org/@babel%2fcore set size:788273 disposed:false
1647 silly fetch manifest @babel/types@^7.27.7
1648 silly packumentCache full:https://registry.npmjs.org/@babel%2ftypes cache-miss
1649 http fetch GET 200 https://registry.npmjs.org/@babel%2ftemplate 6197ms (cache miss)
1650 silly packumentCache full:https://registry.npmjs.org/@babel%2ftemplate set size:undefined disposed:false
1651 silly fetch manifest @babel/traverse@^7.27.7
1652 silly packumentCache full:https://registry.npmjs.org/@babel%2ftraverse cache-miss
1653 http cache https://registry.npmjs.org/@babel%2ftypes 3652ms (cache hit)
1654 silly packumentCache full:https://registry.npmjs.org/@babel%2ftypes set size:502938 disposed:false
1655 silly fetch manifest @babel/code-frame@7.27.1
1656 silly packumentCache full:https://registry.npmjs.org/@babel%2fcode-frame cache-miss
1657 http fetch GET 200 https://registry.npmjs.org/@babel%2fcore 7089ms (cache revalidated)
1658 silly packumentCache full:https://registry.npmjs.org/@babel%2fcore set size:788273 disposed:false
1659 silly packumentCache full:https://registry.npmjs.org/@babel%2fcore dispose
1660 silly fetch manifest @babel/plugin-syntax-jsx@^7.27.1
1661 silly packumentCache full:https://registry.npmjs.org/@babel%2fplugin-syntax-jsx cache-miss
1662 http fetch GET 200 https://registry.npmjs.org/@babel%2fcode-frame 3102ms (cache miss)
1663 silly packumentCache full:https://registry.npmjs.org/@babel%2fcode-frame set size:undefined disposed:false
1664 silly fetch manifest babel-dead-code-elimination@^1.0.9
1665 silly packumentCache full:https://registry.npmjs.org/babel-dead-code-elimination cache-miss
1666 http fetch GET 200 https://registry.npmjs.org/@babel%2ftraverse 4071ms (cache miss)
1667 silly packumentCache full:https://registry.npmjs.org/@babel%2ftraverse set size:undefined disposed:false
1668 silly fetch manifest @babel/plugin-syntax-typescript@^7.27.1
1669 silly packumentCache full:https://registry.npmjs.org/@babel%2fplugin-syntax-typescript cache-miss
1670 http fetch GET 200 https://registry.npmjs.org/babel-dead-code-elimination 2980ms (cache miss)
1671 silly packumentCache full:https://registry.npmjs.org/babel-dead-code-elimination set size:undefined disposed:false
1672 silly fetch manifest @tanstack/directive-functions-plugin@1.142.1
1673 silly packumentCache full:https://registry.npmjs.org/@tanstack%2fdirective-functions-plugin cache-miss
1674 http fetch GET 200 https://registry.npmjs.org/@babel%2fplugin-syntax-jsx 4293ms (cache miss)
1675 silly packumentCache full:https://registry.npmjs.org/@babel%2fplugin-syntax-jsx set size:undefined disposed:false
1676 silly fetch manifest @babel/core@^7.28.0
1677 silly packumentCache full:https://registry.npmjs.org/@babel%2fcore cache-hit
1678 silly fetch manifest react-refresh@^0.17.0
1679 silly packumentCache full:https://registry.npmjs.org/react-refresh cache-miss
1680 http fetch GET 200 https://registry.npmjs.org/@babel%2fplugin-syntax-typescript 4160ms (cache miss)
1681 silly packumentCache full:https://registry.npmjs.org/@babel%2fplugin-syntax-typescript set size:undefined disposed:false
1682 silly fetch manifest @rolldown/pluginutils@1.0.0-beta.27
1683 silly packumentCache full:https://registry.npmjs.org/@rolldown%2fpluginutils cache-miss
1684 http fetch GET 200 https://registry.npmjs.org/@tanstack%2fdirective-functions-plugin 2505ms (cache miss)
1685 silly packumentCache full:https://registry.npmjs.org/@tanstack%2fdirective-functions-plugin set size:undefined disposed:false
1686 silly fetch manifest @cloudflare/kv-asset-handler@^0.4.2
1687 silly packumentCache full:https://registry.npmjs.org/@cloudflare%2fkv-asset-handler cache-miss
1688 http fetch GET 200 https://registry.npmjs.org/react-refresh 2619ms (cache revalidated)
1689 silly packumentCache full:https://registry.npmjs.org/react-refresh set size:6574811 disposed:false
1690 silly fetch manifest @rollup/plugin-alias@^6.0.0
1691 silly packumentCache full:https://registry.npmjs.org/@rollup%2fplugin-alias cache-miss
1692 http fetch GET 200 https://registry.npmjs.org/@cloudflare%2fkv-asset-handler 2830ms (cache miss)
1693 silly packumentCache full:https://registry.npmjs.org/@cloudflare%2fkv-asset-handler set size:undefined disposed:false
1694 silly fetch manifest @rollup/plugin-commonjs@^29.0.2
1695 silly packumentCache full:https://registry.npmjs.org/@rollup%2fplugin-commonjs cache-miss
1696 http fetch GET 200 https://registry.npmjs.org/@rolldown%2fpluginutils 3836ms (cache revalidated)
1697 silly packumentCache full:https://registry.npmjs.org/@rolldown%2fpluginutils set size:300388 disposed:false
1698 silly fetch manifest @rollup/plugin-inject@^5.0.5
1699 silly packumentCache full:https://registry.npmjs.org/@rollup%2fplugin-inject cache-miss
1700 http fetch GET 200 https://registry.npmjs.org/@rollup%2fplugin-alias 1389ms (cache miss)
1701 silly packumentCache full:https://registry.npmjs.org/@rollup%2fplugin-alias set size:undefined disposed:false
1702 silly fetch manifest @rollup/plugin-json@^6.1.0
1703 silly packumentCache full:https://registry.npmjs.org/@rollup%2fplugin-json cache-miss
1704 http fetch GET 200 https://registry.npmjs.org/@rollup%2fplugin-json 5072ms (cache miss)
1705 silly packumentCache full:https://registry.npmjs.org/@rollup%2fplugin-json set size:undefined disposed:false
1706 silly fetch manifest @rollup/plugin-node-resolve@^16.0.3
1707 silly packumentCache full:https://registry.npmjs.org/@rollup%2fplugin-node-resolve cache-miss
1708 http fetch GET 200 https://registry.npmjs.org/@rollup%2fplugin-inject 5330ms (cache miss)
1709 silly packumentCache full:https://registry.npmjs.org/@rollup%2fplugin-inject set size:undefined disposed:false
1710 silly fetch manifest @rollup/plugin-replace@^6.0.3
1711 silly packumentCache full:https://registry.npmjs.org/@rollup%2fplugin-replace cache-miss
1712 http fetch GET 200 https://registry.npmjs.org/@rollup%2fplugin-commonjs 6121ms (cache miss)
1713 silly packumentCache full:https://registry.npmjs.org/@rollup%2fplugin-commonjs set size:undefined disposed:false
1714 silly fetch manifest @rollup/plugin-terser@^1.0.0
1715 silly packumentCache full:https://registry.npmjs.org/@rollup%2fplugin-terser cache-miss
1716 http fetch GET 200 https://registry.npmjs.org/@rollup%2fplugin-node-resolve 2578ms (cache miss)
1717 silly packumentCache full:https://registry.npmjs.org/@rollup%2fplugin-node-resolve set size:undefined disposed:false
1718 silly fetch manifest @vercel/nft@^1.5.0
1719 silly packumentCache full:https://registry.npmjs.org/@vercel%2fnft cache-miss
1720 http fetch GET 200 https://registry.npmjs.org/@rollup%2fplugin-terser 2627ms (cache miss)
1721 silly packumentCache full:https://registry.npmjs.org/@rollup%2fplugin-terser set size:undefined disposed:false
1722 silly fetch manifest archiver@^7.0.1
1723 silly packumentCache full:https://registry.npmjs.org/archiver cache-miss
1724 http fetch GET 200 https://registry.npmjs.org/@rollup%2fplugin-replace 5801ms (cache miss)
1725 silly packumentCache full:https://registry.npmjs.org/@rollup%2fplugin-replace set size:undefined disposed:false
1726 silly fetch manifest c12@^3.3.4
1727 silly packumentCache full:https://registry.npmjs.org/c12 cache-miss
1728 http fetch GET 200 https://registry.npmjs.org/@vercel%2fnft 3818ms (cache miss)
1729 silly packumentCache full:https://registry.npmjs.org/@vercel%2fnft set size:undefined disposed:false
1730 silly fetch manifest citty@^0.2.2
1731 silly packumentCache full:https://registry.npmjs.org/citty cache-miss
1732 http fetch GET 200 https://registry.npmjs.org/archiver 4761ms (cache miss)
1733 silly packumentCache full:https://registry.npmjs.org/archiver set size:undefined disposed:false
1734 silly fetch manifest compatx@^0.2.0
1735 silly packumentCache full:https://registry.npmjs.org/compatx cache-miss
1736 http cache https://registry.npmjs.org/c12 4011ms (cache hit)
1737 silly packumentCache full:https://registry.npmjs.org/c12 set size:188644 disposed:false
1738 silly fetch manifest confbox@^0.2.4
1739 silly packumentCache full:https://registry.npmjs.org/confbox cache-miss
1740 http fetch GET 200 https://registry.npmjs.org/compatx 2024ms (cache miss)
1741 silly packumentCache full:https://registry.npmjs.org/compatx set size:undefined disposed:false
1742 silly fetch manifest consola@^3.4.2
1743 silly packumentCache full:https://registry.npmjs.org/consola cache-miss
1744 http cache https://registry.npmjs.org/citty 4665ms (cache hit)
1745 silly packumentCache full:https://registry.npmjs.org/citty set size:38628 disposed:false
1746 silly fetch manifest cookie-es@^2.0.1
1747 silly packumentCache full:https://registry.npmjs.org/cookie-es cache-miss
1748 http cache https://registry.npmjs.org/confbox 1431ms (cache hit)
1749 silly packumentCache full:https://registry.npmjs.org/confbox set size:44789 disposed:false
1750 silly fetch manifest croner@^10.0.1
1751 silly packumentCache full:https://registry.npmjs.org/croner cache-miss
1752 http fetch GET 200 https://registry.npmjs.org/consola 1951ms (cache miss)
1753 silly packumentCache full:https://registry.npmjs.org/consola set size:undefined disposed:false
1754 silly fetch manifest crossws@^0.3.5
1755 silly packumentCache full:https://registry.npmjs.org/crossws cache-miss
1756 http cache https://registry.npmjs.org/cookie-es 1271ms (cache hit)
1757 silly packumentCache full:https://registry.npmjs.org/cookie-es set size:30011 disposed:false
1758 silly fetch manifest db0@^0.3.4
1759 silly packumentCache full:https://registry.npmjs.org/db0 cache-miss
1760 http fetch GET 200 https://registry.npmjs.org/croner 1920ms (cache miss)
1761 silly packumentCache full:https://registry.npmjs.org/croner set size:undefined disposed:false
1762 silly fetch manifest defu@^6.1.7
1763 silly packumentCache full:https://registry.npmjs.org/defu cache-miss
1764 http fetch GET 200 https://registry.npmjs.org/crossws 2294ms (cache miss)
1765 silly packumentCache full:https://registry.npmjs.org/crossws set size:undefined disposed:false
1766 silly fetch manifest destr@^2.0.5
1767 silly packumentCache full:https://registry.npmjs.org/destr cache-miss
1768 http fetch GET 200 https://registry.npmjs.org/db0 1766ms (cache miss)
1769 silly packumentCache full:https://registry.npmjs.org/db0 set size:undefined disposed:false
1770 silly fetch manifest dot-prop@^10.1.0
1771 silly packumentCache full:https://registry.npmjs.org/dot-prop cache-miss
1772 http fetch GET 200 https://registry.npmjs.org/defu 1423ms (cache miss)
1773 silly packumentCache full:https://registry.npmjs.org/defu set size:undefined disposed:false
1774 silly fetch manifest esbuild@^0.28.0
1775 silly packumentCache full:https://registry.npmjs.org/esbuild cache-miss
1776 http fetch GET 200 https://registry.npmjs.org/destr 1820ms (cache miss)
1777 silly packumentCache full:https://registry.npmjs.org/destr set size:undefined disposed:false
1778 silly fetch manifest escape-string-regexp@^5.0.0
1779 silly packumentCache full:https://registry.npmjs.org/escape-string-regexp cache-miss
1780 http fetch GET 200 https://registry.npmjs.org/dot-prop 2079ms (cache miss)
1781 silly packumentCache full:https://registry.npmjs.org/dot-prop set size:undefined disposed:false
1782 silly fetch manifest etag@^1.8.1
1783 silly packumentCache full:https://registry.npmjs.org/etag cache-hit
1784 silly fetch manifest exsolve@^1.0.8
1785 silly packumentCache full:https://registry.npmjs.org/exsolve cache-miss
1786 http fetch GET 200 https://registry.npmjs.org/exsolve 406ms (cache miss)
1787 silly packumentCache full:https://registry.npmjs.org/exsolve set size:undefined disposed:false
1788 silly fetch manifest globby@^16.2.0
1789 silly packumentCache full:https://registry.npmjs.org/globby cache-miss
1790 http fetch GET 200 https://registry.npmjs.org/esbuild 2067ms (cache revalidated)
1791 silly packumentCache full:https://registry.npmjs.org/esbuild set size:1264676 disposed:false
1792 silly fetch manifest gzip-size@^7.0.0
1793 silly packumentCache full:https://registry.npmjs.org/gzip-size cache-miss
1794 http fetch GET 200 https://registry.npmjs.org/escape-string-regexp 1235ms (cache miss)
1795 silly packumentCache full:https://registry.npmjs.org/escape-string-regexp set size:undefined disposed:false
1796 silly fetch manifest h3@^1.15.11
1797 silly packumentCache full:https://registry.npmjs.org/h3 cache-miss
1798 http fetch GET 200 https://registry.npmjs.org/gzip-size 1795ms (cache miss)
1799 silly packumentCache full:https://registry.npmjs.org/gzip-size set size:undefined disposed:false
1800 silly fetch manifest hookable@^5.5.3
1801 silly packumentCache full:https://registry.npmjs.org/hookable cache-miss
1802 http fetch GET 200 https://registry.npmjs.org/h3 2503ms (cache miss)
1803 silly packumentCache full:https://registry.npmjs.org/h3 set size:undefined disposed:false
1804 silly fetch manifest httpxy@^0.5.1
1805 silly packumentCache full:https://registry.npmjs.org/httpxy cache-miss
1806 http fetch GET 200 https://registry.npmjs.org/globby 4598ms (cache miss)
1807 silly packumentCache full:https://registry.npmjs.org/globby set size:undefined disposed:false
1808 silly fetch manifest ioredis@^5.10.1
1809 silly packumentCache full:https://registry.npmjs.org/ioredis cache-miss
1810 http fetch GET 200 https://registry.npmjs.org/hookable 4634ms (cache miss)
1811 silly packumentCache full:https://registry.npmjs.org/hookable set size:undefined disposed:false
1812 silly fetch manifest klona@^2.0.6
1813 silly packumentCache full:https://registry.npmjs.org/klona cache-miss
1814 http fetch GET 200 https://registry.npmjs.org/httpxy 3416ms (cache miss)
1815 silly packumentCache full:https://registry.npmjs.org/httpxy set size:undefined disposed:false
1816 silly fetch manifest knitwork@^1.3.0
1817 silly packumentCache full:https://registry.npmjs.org/knitwork cache-miss
1818 http fetch GET 200 https://registry.npmjs.org/ioredis 2372ms (cache miss)
1819 silly packumentCache full:https://registry.npmjs.org/ioredis set size:undefined disposed:false
1820 silly fetch manifest listhen@^1.9.1
1821 silly packumentCache full:https://registry.npmjs.org/listhen cache-miss
1822 http fetch GET 200 https://registry.npmjs.org/listhen 2041ms (cache miss)
1823 silly packumentCache full:https://registry.npmjs.org/listhen set size:undefined disposed:false
1824 silly fetch manifest magicast@^0.5.2
1825 silly packumentCache full:https://registry.npmjs.org/magicast cache-miss
1826 http fetch GET 200 https://registry.npmjs.org/klona 3272ms (cache miss)
1827 silly packumentCache full:https://registry.npmjs.org/klona set size:undefined disposed:false
1828 silly fetch manifest mime@^4.1.0
1829 silly packumentCache full:https://registry.npmjs.org/mime cache-miss
1830 http fetch GET 200 https://registry.npmjs.org/knitwork 3222ms (cache miss)
1831 silly packumentCache full:https://registry.npmjs.org/knitwork set size:undefined disposed:false
1832 silly fetch manifest mlly@^1.8.2
1833 silly packumentCache full:https://registry.npmjs.org/mlly cache-miss
1834 http fetch GET 200 https://registry.npmjs.org/magicast 1066ms (cache miss)
1835 silly packumentCache full:https://registry.npmjs.org/magicast set size:undefined disposed:false
1836 silly fetch manifest node-fetch-native@^1.6.7
1837 silly packumentCache full:https://registry.npmjs.org/node-fetch-native cache-miss
1838 http fetch GET 200 https://registry.npmjs.org/mime 615ms (cache miss)
1839 silly packumentCache full:https://registry.npmjs.org/mime set size:undefined disposed:false
1840 silly fetch manifest node-mock-http@^1.0.4
1841 silly packumentCache full:https://registry.npmjs.org/node-mock-http cache-miss
1842 http fetch GET 200 https://registry.npmjs.org/node-fetch-native 492ms (cache miss)
1843 silly packumentCache full:https://registry.npmjs.org/node-fetch-native set size:undefined disposed:false
1844 silly fetch manifest ofetch@^1.5.1
1845 silly packumentCache full:https://registry.npmjs.org/ofetch cache-hit
1846 silly fetch manifest ohash@^2.0.11
1847 silly packumentCache full:https://registry.npmjs.org/ohash cache-miss
1848 http fetch GET 200 https://registry.npmjs.org/mlly 1308ms (cache miss)
1849 silly packumentCache full:https://registry.npmjs.org/mlly set size:undefined disposed:false
1850 silly fetch manifest perfect-debounce@^2.1.0
1851 silly packumentCache full:https://registry.npmjs.org/perfect-debounce cache-miss
1852 http fetch GET 200 https://registry.npmjs.org/perfect-debounce 2061ms (cache miss)
1853 silly packumentCache full:https://registry.npmjs.org/perfect-debounce set size:undefined disposed:false
1854 silly fetch manifest pkg-types@^2.3.1
1855 silly packumentCache full:https://registry.npmjs.org/pkg-types cache-miss
1856 http fetch GET 200 https://registry.npmjs.org/ohash 2298ms (cache miss)
1857 silly packumentCache full:https://registry.npmjs.org/ohash set size:undefined disposed:false
1858 silly fetch manifest pretty-bytes@^7.1.0
1859 silly packumentCache full:https://registry.npmjs.org/pretty-bytes cache-miss
1860 http fetch GET 200 https://registry.npmjs.org/node-mock-http 2847ms (cache miss)
1861 silly packumentCache full:https://registry.npmjs.org/node-mock-http set size:undefined disposed:false
1862 silly fetch manifest radix3@^1.1.2
1863 silly packumentCache full:https://registry.npmjs.org/radix3 cache-miss
1864 http fetch GET 200 https://registry.npmjs.org/pkg-types 455ms (cache miss)
1865 silly packumentCache full:https://registry.npmjs.org/pkg-types set size:undefined disposed:false
1866 silly fetch manifest rollup@^4.60.2
1867 silly packumentCache full:https://registry.npmjs.org/rollup cache-miss
1868 http fetch GET 200 https://registry.npmjs.org/pretty-bytes 974ms (cache miss)
1869 silly packumentCache full:https://registry.npmjs.org/pretty-bytes set size:undefined disposed:false
1870 silly fetch manifest rollup-plugin-visualizer@^7.0.1
1871 silly packumentCache full:https://registry.npmjs.org/rollup-plugin-visualizer cache-miss
1872 http fetch GET 200 https://registry.npmjs.org/radix3 1473ms (cache miss)
1873 silly packumentCache full:https://registry.npmjs.org/radix3 set size:undefined disposed:false
1874 silly fetch manifest scule@^1.3.0
1875 silly packumentCache full:https://registry.npmjs.org/scule cache-miss
1876 http fetch GET 200 https://registry.npmjs.org/rollup 2015ms (cache revalidated)
1877 silly packumentCache full:https://registry.npmjs.org/rollup set size:6315915 disposed:false
1878 silly fetch manifest semver@^7.7.4
1879 silly packumentCache full:https://registry.npmjs.org/semver cache-miss
1880 http fetch GET 200 https://registry.npmjs.org/rollup-plugin-visualizer 2863ms (cache miss)
1881 silly packumentCache full:https://registry.npmjs.org/rollup-plugin-visualizer set size:undefined disposed:false
1882 silly fetch manifest serve-placeholder@^2.0.2
1883 silly packumentCache full:https://registry.npmjs.org/serve-placeholder cache-miss
1884 http fetch GET 200 https://registry.npmjs.org/serve-placeholder 1338ms (cache miss)
1885 silly packumentCache full:https://registry.npmjs.org/serve-placeholder set size:undefined disposed:false
1886 silly fetch manifest serve-static@^2.2.1
1887 silly packumentCache full:https://registry.npmjs.org/serve-static cache-miss
1888 http fetch GET 200 https://registry.npmjs.org/semver 2934ms (cache miss)
1889 silly packumentCache full:https://registry.npmjs.org/semver set size:undefined disposed:false
1890 silly fetch manifest source-map@^0.7.6
1891 silly packumentCache full:https://registry.npmjs.org/source-map cache-miss
1892 http fetch GET 200 https://registry.npmjs.org/scule 5278ms (cache miss)
1893 silly packumentCache full:https://registry.npmjs.org/scule set size:undefined disposed:false
1894 silly fetch manifest std-env@^4.1.0
1895 silly packumentCache full:https://registry.npmjs.org/std-env cache-miss
1896 http fetch GET 200 https://registry.npmjs.org/serve-static 1841ms (cache revalidated)
1897 silly packumentCache full:https://registry.npmjs.org/serve-static set size:150391 disposed:false
1898 silly fetch manifest ufo@^1.6.4
1899 silly packumentCache full:https://registry.npmjs.org/ufo cache-miss
1900 http fetch GET 200 https://registry.npmjs.org/std-env 2690ms (cache miss)
1901 silly packumentCache full:https://registry.npmjs.org/std-env set size:undefined disposed:false
1902 silly fetch manifest ultrahtml@^1.6.0
1903 silly packumentCache full:https://registry.npmjs.org/ultrahtml cache-miss
1904 http fetch GET 200 https://registry.npmjs.org/source-map 4291ms (cache miss)
1905 silly packumentCache full:https://registry.npmjs.org/source-map set size:undefined disposed:false
1906 silly fetch manifest uncrypto@^0.1.3
1907 silly packumentCache full:https://registry.npmjs.org/uncrypto cache-miss
1908 http fetch GET 200 https://registry.npmjs.org/ufo 3463ms (cache miss)
1909 silly packumentCache full:https://registry.npmjs.org/ufo set size:undefined disposed:false
1910 silly fetch manifest unctx@^2.5.0
1911 silly packumentCache full:https://registry.npmjs.org/unctx cache-miss
1912 http fetch GET 200 https://registry.npmjs.org/unctx 2131ms (cache miss)
1913 silly packumentCache full:https://registry.npmjs.org/unctx set size:undefined disposed:false
1914 silly fetch manifest unenv@2.0.0-rc.24
1915 silly packumentCache full:https://registry.npmjs.org/unenv cache-miss
1916 http fetch GET 200 https://registry.npmjs.org/ultrahtml 4415ms (cache miss)
1917 silly packumentCache full:https://registry.npmjs.org/ultrahtml set size:undefined disposed:false
1918 silly fetch manifest unimport@^6.2.0
1919 silly packumentCache full:https://registry.npmjs.org/unimport cache-miss
1920 http fetch GET 200 https://registry.npmjs.org/uncrypto 3643ms (cache miss)
1921 silly packumentCache full:https://registry.npmjs.org/uncrypto set size:undefined disposed:false
1922 silly fetch manifest unplugin-utils@^0.3.1
1923 silly packumentCache full:https://registry.npmjs.org/unplugin-utils cache-miss
1924 http fetch GET 200 https://registry.npmjs.org/unplugin-utils 369ms (cache miss)
1925 silly packumentCache full:https://registry.npmjs.org/unplugin-utils set size:undefined disposed:false
1926 silly fetch manifest unstorage@^1.17.5
1927 silly packumentCache full:https://registry.npmjs.org/unstorage cache-miss
1928 http fetch GET 200 https://registry.npmjs.org/unenv 1863ms (cache miss)
1929 silly packumentCache full:https://registry.npmjs.org/unenv set size:undefined disposed:false
1930 silly fetch manifest untyped@^2.0.0
1931 silly packumentCache full:https://registry.npmjs.org/untyped cache-miss
1932 http fetch GET 200 https://registry.npmjs.org/unimport 2445ms (cache miss)
1933 silly packumentCache full:https://registry.npmjs.org/unimport set size:undefined disposed:false
1934 silly fetch manifest unwasm@^0.5.3
1935 silly packumentCache full:https://registry.npmjs.org/unwasm cache-miss
1936 http fetch GET 200 https://registry.npmjs.org/untyped 2098ms (cache miss)
1937 silly packumentCache full:https://registry.npmjs.org/untyped set size:undefined disposed:false
1938 silly fetch manifest youch@^4.1.1
1939 silly packumentCache full:https://registry.npmjs.org/youch cache-miss
1940 http fetch GET 200 https://registry.npmjs.org/unstorage 3143ms (cache miss)
1941 silly packumentCache full:https://registry.npmjs.org/unstorage set size:undefined disposed:false
1942 silly fetch manifest youch-core@^0.3.3
1943 silly packumentCache full:https://registry.npmjs.org/youch-core cache-miss
1944 http fetch GET 200 https://registry.npmjs.org/youch-core 5280ms (cache miss)
1945 silly packumentCache full:https://registry.npmjs.org/youch-core set size:undefined disposed:false
1946 silly fetch manifest ufo@^1.6.1
1947 silly packumentCache full:https://registry.npmjs.org/ufo cache-miss
1948 http fetch GET 200 https://registry.npmjs.org/unwasm 6812ms (cache miss)
1949 silly packumentCache full:https://registry.npmjs.org/unwasm set size:undefined disposed:false
1950 silly fetch manifest h3@1.13.0
1951 silly packumentCache full:https://registry.npmjs.org/h3 cache-miss
1952 http fetch GET 200 https://registry.npmjs.org/youch 7551ms (cache miss)
1953 silly packumentCache full:https://registry.npmjs.org/youch set size:undefined disposed:false
1954 silly fetch manifest ufo@^1.3.0
1955 silly packumentCache full:https://registry.npmjs.org/ufo cache-miss
1956 http cache https://registry.npmjs.org/h3 1812ms (cache hit)
1957 silly packumentCache full:https://registry.npmjs.org/h3 set size:479788 disposed:false
1958 silly fetch manifest zod@^3.22.2
1959 silly packumentCache full:https://registry.npmjs.org/zod cache-miss
1960 http cache https://registry.npmjs.org/ufo 695ms (cache hit)
1961 silly packumentCache full:https://registry.npmjs.org/ufo set size:169119 disposed:false
1962 silly fetch manifest defu@^6.1.2
1963 silly packumentCache full:https://registry.npmjs.org/defu cache-miss
1964 http cache https://registry.npmjs.org/ufo 2141ms (cache hit)
1965 silly packumentCache full:https://registry.npmjs.org/ufo set size:169119 disposed:false
1966 silly packumentCache full:https://registry.npmjs.org/ufo dispose
1967 silly fetch manifest boxen@^7.1.1
1968 silly packumentCache full:https://registry.npmjs.org/boxen cache-miss
1969 http cache https://registry.npmjs.org/defu 171ms (cache hit)
1970 silly packumentCache full:https://registry.npmjs.org/defu set size:87806 disposed:false
1971 silly fetch manifest citty@^0.1.4
1972 silly packumentCache full:https://registry.npmjs.org/citty cache-hit
1973 silly fetch manifest pathe@^1.1.1
1974 silly packumentCache full:https://registry.npmjs.org/pathe cache-miss
1975 http cache https://registry.npmjs.org/pathe 3137ms (cache hit)
1976 silly packumentCache full:https://registry.npmjs.org/pathe set size:68788 disposed:false
1977 silly fetch manifest unctx@^2.3.1
1978 silly packumentCache full:https://registry.npmjs.org/unctx cache-miss
1979 http cache https://registry.npmjs.org/zod 4272ms (cache hit)
1980 silly packumentCache full:https://registry.npmjs.org/zod set size:4147901 disposed:false
1981 silly fetch manifest unenv@^1.9.0
1982 silly packumentCache full:https://registry.npmjs.org/unenv cache-miss
1983 http fetch GET 200 https://registry.npmjs.org/boxen 7534ms (cache miss)
1984 silly packumentCache full:https://registry.npmjs.org/boxen set size:undefined disposed:false
1985 silly fetch manifest dax-sh@^0.39.1
1986 silly packumentCache full:https://registry.npmjs.org/dax-sh cache-miss
1987 http cache https://registry.npmjs.org/unctx 6370ms (cache hit)
1988 silly packumentCache full:https://registry.npmjs.org/unctx set size:98214 disposed:false
1989 silly fetch manifest radix3@^1.1.0
1990 silly packumentCache full:https://registry.npmjs.org/radix3 cache-miss
1991 http cache https://registry.npmjs.org/unenv 4566ms (cache hit)
1992 silly packumentCache full:https://registry.npmjs.org/unenv set size:236480 disposed:false
1993 silly fetch manifest consola@^3.2.3
1994 silly packumentCache full:https://registry.npmjs.org/consola cache-miss
1995 http fetch GET 200 https://registry.npmjs.org/dax-sh 4367ms (cache miss)
1996 silly packumentCache full:https://registry.npmjs.org/dax-sh set size:undefined disposed:false
1997 silly fetch manifest crossws@^0.3.1
1998 silly packumentCache full:https://registry.npmjs.org/crossws cache-miss
1999 http cache https://registry.npmjs.org/radix3 3110ms (cache hit)
2000 silly packumentCache full:https://registry.npmjs.org/radix3 set size:36680 disposed:false
2001 silly fetch manifest esbuild@^0.20.2
2002 silly packumentCache full:https://registry.npmjs.org/esbuild cache-miss
2003 http cache https://registry.npmjs.org/consola 2854ms (cache hit)
2004 silly packumentCache full:https://registry.npmjs.org/consola set size:324648 disposed:false
2005 silly fetch manifest resolve@^1.22.6
2006 silly packumentCache full:https://registry.npmjs.org/resolve cache-miss
2007 http cache https://registry.npmjs.org/crossws 2273ms (cache hit)
2008 silly packumentCache full:https://registry.npmjs.org/crossws set size:120040 disposed:false
2009 silly fetch manifest chokidar@^3.5.3
2010 silly packumentCache full:https://registry.npmjs.org/chokidar cache-miss
2011 http cache https://registry.npmjs.org/esbuild 1600ms (cache hit)
2012 silly packumentCache full:https://registry.npmjs.org/esbuild set size:1264676 disposed:false
2013 silly fetch manifest fast-glob@^3.3.1
2014 silly packumentCache full:https://registry.npmjs.org/fast-glob cache-miss
2015 http cache https://registry.npmjs.org/chokidar 1500ms (cache hit)
2016 silly packumentCache full:https://registry.npmjs.org/chokidar set size:255902 disposed:false
2017 silly fetch manifest unstorage@^1.13.1
2018 silly packumentCache full:https://registry.npmjs.org/unstorage cache-miss
2019 http fetch GET 200 https://registry.npmjs.org/resolve 3554ms (cache miss)
2020 silly packumentCache full:https://registry.npmjs.org/resolve set size:undefined disposed:false
2021 silly fetch manifest http-proxy@^1.18.1
2022 silly packumentCache full:https://registry.npmjs.org/http-proxy cache-miss
2023 http fetch GET 200 https://registry.npmjs.org/fast-glob 2959ms (cache miss)
2024 silly packumentCache full:https://registry.npmjs.org/fast-glob set size:undefined disposed:false
2025 silly fetch manifest micromatch@^4.0.5
2026 silly packumentCache full:https://registry.npmjs.org/micromatch cache-miss
2027 http cache https://registry.npmjs.org/unstorage 1638ms (cache hit)
2028 silly packumentCache full:https://registry.npmjs.org/unstorage set size:358714 disposed:false
2029 silly fetch manifest @babel/core@^7.22.11
2030 silly packumentCache full:https://registry.npmjs.org/@babel%2fcore cache-hit
2031 silly fetch manifest serve-static@^1.15.0
2032 silly packumentCache full:https://registry.npmjs.org/serve-static cache-hit
2033 silly fetch manifest @vinxi/listhen@^1.5.6
2034 silly packumentCache full:https://registry.npmjs.org/@vinxi%2flisthen cache-miss
2035 http fetch GET 200 https://registry.npmjs.org/@vinxi%2flisthen 4657ms (cache miss)
2036 silly packumentCache full:https://registry.npmjs.org/@vinxi%2flisthen set size:undefined disposed:false
2037 silly fetch manifest path-to-regexp@^6.2.1
2038 silly packumentCache full:https://registry.npmjs.org/path-to-regexp cache-miss
2039 http fetch GET 200 https://registry.npmjs.org/http-proxy 5480ms (cache miss)
2040 silly packumentCache full:https://registry.npmjs.org/http-proxy set size:undefined disposed:false
2041 silly fetch manifest es-module-lexer@^1.3.0
2042 silly packumentCache full:https://registry.npmjs.org/es-module-lexer cache-miss
2043 http fetch GET 200 https://registry.npmjs.org/micromatch 6461ms (cache miss)
2044 silly packumentCache full:https://registry.npmjs.org/micromatch set size:undefined disposed:false
2045 silly fetch manifest get-port-please@^3.1.1
2046 silly packumentCache full:https://registry.npmjs.org/get-port-please cache-miss
2047 http fetch GET 200 https://registry.npmjs.org/es-module-lexer 1986ms (cache miss)
2048 silly packumentCache full:https://registry.npmjs.org/es-module-lexer set size:undefined disposed:false
2049 silly fetch manifest @types/micromatch@^4.0.2
2050 silly packumentCache full:https://registry.npmjs.org/@types%2fmicromatch cache-miss
2051 http fetch GET 200 https://registry.npmjs.org/path-to-regexp 3769ms (cache revalidated)
2052 silly packumentCache full:https://registry.npmjs.org/path-to-regexp set size:216334 disposed:false
2053 silly fetch manifest node-fetch-native@^1.4.0
2054 silly packumentCache full:https://registry.npmjs.org/node-fetch-native cache-miss
2055 http fetch GET 200 https://registry.npmjs.org/@types%2fmicromatch 2817ms (cache miss)
2056 silly packumentCache full:https://registry.npmjs.org/@types%2fmicromatch set size:undefined disposed:false
2057 silly fetch manifest serve-placeholder@^2.0.1
2058 silly packumentCache full:https://registry.npmjs.org/serve-placeholder cache-miss
2059 http fetch GET 200 https://registry.npmjs.org/get-port-please 3959ms (cache miss)
2060 silly packumentCache full:https://registry.npmjs.org/get-port-please set size:undefined disposed:false
2061 silly fetch manifest @babel/plugin-syntax-jsx@^7.22.5
2062 silly packumentCache full:https://registry.npmjs.org/@babel%2fplugin-syntax-jsx cache-miss
2063 http cache https://registry.npmjs.org/node-fetch-native 3257ms (cache hit)
2064 silly packumentCache full:https://registry.npmjs.org/node-fetch-native set size:114626 disposed:false
2065 silly fetch manifest @babel/plugin-syntax-typescript@^7.22.5
2066 silly packumentCache full:https://registry.npmjs.org/@babel%2fplugin-syntax-typescript cache-miss
2067 http cache https://registry.npmjs.org/serve-placeholder 2533ms (cache hit)
2068 silly packumentCache full:https://registry.npmjs.org/serve-placeholder set size:46333 disposed:false
2069 http cache https://registry.npmjs.org/@babel%2fplugin-syntax-jsx 2617ms (cache hit)
2070 silly packumentCache full:https://registry.npmjs.org/@babel%2fplugin-syntax-jsx set size:194952 disposed:false
2071 http cache https://registry.npmjs.org/@babel%2fplugin-syntax-typescript 2333ms (cache hit)
2072 silly packumentCache full:https://registry.npmjs.org/@babel%2fplugin-syntax-typescript set size:221236 disposed:false
2073 silly fetch manifest vite@>=6.0.0
2074 silly packumentCache full:https://registry.npmjs.org/vite cache-miss
2075 http cache https://registry.npmjs.org/vite 4611ms (cache hit)
2076 silly packumentCache full:https://registry.npmjs.org/vite set size:38929639 disposed:false
2077 silly fetch manifest @types/node@^20.19.0 || >=22.12.0
2078 silly packumentCache full:https://registry.npmjs.org/@types%2fnode cache-miss
2079 http cache https://registry.npmjs.org/@types%2fnode 2761ms (cache hit)
2080 silly packumentCache full:https://registry.npmjs.org/@types%2fnode set size:11096266 disposed:false
2081 silly fetch manifest @vitejs/devtools@^0.4.0 || ^0.5.0
2082 silly packumentCache full:https://registry.npmjs.org/@vitejs%2fdevtools cache-miss
2083 http fetch GET 200 https://registry.npmjs.org/@vitejs%2fdevtools 9641ms (cache miss)
2084 silly packumentCache full:https://registry.npmjs.org/@vitejs%2fdevtools set size:undefined disposed:false
2085 silly fetch manifest @vitejs/devtools-oxc@^0.5.2
2086 silly packumentCache full:https://registry.npmjs.org/@vitejs%2fdevtools-oxc cache-miss
2087 http fetch GET 200 https://registry.npmjs.org/@vitejs%2fdevtools-oxc 975ms (cache miss)
2088 silly packumentCache full:https://registry.npmjs.org/@vitejs%2fdevtools-oxc set size:undefined disposed:false
2089 silly fetch manifest @vitejs/devtools-rolldown@^0.5.2
2090 silly packumentCache full:https://registry.npmjs.org/@vitejs%2fdevtools-rolldown cache-miss
2091 http fetch GET 200 https://registry.npmjs.org/@vitejs%2fdevtools-rolldown 1006ms (cache miss)
2092 silly packumentCache full:https://registry.npmjs.org/@vitejs%2fdevtools-rolldown set size:undefined disposed:false
2093 silly fetch manifest @vitejs/devtools-vite@^0.5.2
2094 silly packumentCache full:https://registry.npmjs.org/@vitejs%2fdevtools-vite cache-miss
2095 http cache https://registry.npmjs.org/@vitejs%2fdevtools-vite 535ms (cache hit)
2096 silly packumentCache full:https://registry.npmjs.org/@vitejs%2fdevtools-vite set size:143877 disposed:false
2097 silly fetch manifest @vitejs/devtools-vitest@^0.5.2
2098 silly packumentCache full:https://registry.npmjs.org/@vitejs%2fdevtools-vitest cache-miss
2099 http cache https://registry.npmjs.org/@vitejs%2fdevtools-vitest 16ms (cache hit)
2100 silly packumentCache full:https://registry.npmjs.org/@vitejs%2fdevtools-vitest set size:40045 disposed:false
2101 silly fetch manifest vitest@*
2102 silly packumentCache full:https://registry.npmjs.org/vitest cache-miss
2103 http cache https://registry.npmjs.org/vitest 656ms (cache hit)
2104 silly packumentCache full:https://registry.npmjs.org/vitest set size:2246949 disposed:false
2105 silly fetch manifest esbuild@^0.27.0 || ^0.28.0
2106 silly packumentCache full:https://registry.npmjs.org/esbuild cache-miss
2107 http cache https://registry.npmjs.org/esbuild 2325ms (cache hit)
2108 silly packumentCache full:https://registry.npmjs.org/esbuild set size:1264676 disposed:false
2109 silly fetch manifest less@^4.0.0
2110 silly packumentCache full:https://registry.npmjs.org/less cache-miss
2111 http fetch GET 200 https://registry.npmjs.org/less 1219ms (cache revalidated)
2112 silly packumentCache full:https://registry.npmjs.org/less set size:500352 disposed:false
2113 silly fetch manifest sass@^1.70.0
2114 silly packumentCache full:https://registry.npmjs.org/sass cache-miss
2115 http fetch GET 200 https://registry.npmjs.org/sass 865ms (cache revalidated)
2116 silly packumentCache full:https://registry.npmjs.org/sass set size:747752 disposed:false
2117 silly fetch manifest sass-embedded@^1.70.0
2118 silly packumentCache full:https://registry.npmjs.org/sass-embedded cache-miss
2119 http fetch GET 200 https://registry.npmjs.org/sass-embedded 2674ms (cache revalidated)
2120 silly packumentCache full:https://registry.npmjs.org/sass-embedded set size:428375 disposed:false
2121 silly fetch manifest stylus@>=0.54.8
2122 silly packumentCache full:https://registry.npmjs.org/stylus cache-hit
2123 silly fetch manifest sugarss@^5.0.0
2124 silly packumentCache full:https://registry.npmjs.org/sugarss cache-miss
2125 http fetch GET 200 https://registry.npmjs.org/sugarss 986ms (cache revalidated)
2126 silly packumentCache full:https://registry.npmjs.org/sugarss set size:44975 disposed:false
2127 silly placeDep ROOT @tanstack/start-plugin-core@1.131.50 OK for: @tanstack/react-start-plugin@1.131.50 want: 1.131.50
2128 silly placeDep ROOT pathe@2.0.3 OK for: @tanstack/react-start-plugin@1.131.50 want: ^2.0.3
2129 silly placeDep node_modules/@tanstack/react-start-plugin zod@3.25.76 OK for: @tanstack/react-start-plugin@1.131.50 want: ^3.24.2
2130 silly fetch manifest ufo@^1.5.4
2131 silly packumentCache full:https://registry.npmjs.org/ufo cache-hit
2132 silly fetch manifest vitefu@^1.1.1
2133 silly packumentCache full:https://registry.npmjs.org/vitefu cache-miss
2134 silly fetch manifest cheerio@^1.0.0
2135 silly packumentCache full:https://registry.npmjs.org/cheerio cache-miss
2136 silly fetch manifest @babel/core@^7.26.8
2137 silly packumentCache full:https://registry.npmjs.org/@babel%2fcore cache-hit
2138 silly fetch manifest xmlbuilder2@^3.1.1
2139 silly packumentCache full:https://registry.npmjs.org/xmlbuilder2 cache-miss
2140 http fetch GET 200 https://registry.npmjs.org/cheerio 440ms (cache miss)
2141 silly packumentCache full:https://registry.npmjs.org/cheerio set size:undefined disposed:false
2142 silly fetch manifest @babel/types@^7.26.8
2143 silly packumentCache full:https://registry.npmjs.org/@babel%2ftypes cache-hit
2144 silly fetch manifest @babel/code-frame@7.26.2
2145 silly packumentCache full:https://registry.npmjs.org/@babel%2fcode-frame cache-miss
2146 http fetch GET 200 https://registry.npmjs.org/vitefu 619ms (cache miss)
2147 silly packumentCache full:https://registry.npmjs.org/vitefu set size:undefined disposed:false
2148 silly fetch manifest @tanstack/router-core@1.131.50
2149 silly packumentCache full:https://registry.npmjs.org/@tanstack%2frouter-core cache-miss
2150 http fetch GET 200 https://registry.npmjs.org/xmlbuilder2 643ms (cache miss)
2151 silly packumentCache full:https://registry.npmjs.org/xmlbuilder2 set size:undefined disposed:false
2152 silly fetch manifest @tanstack/router-utils@1.131.2
2153 silly packumentCache full:https://registry.npmjs.org/@tanstack%2frouter-utils cache-miss
2154 http cache https://registry.npmjs.org/@babel%2fcode-frame 970ms (cache hit)
2155 silly packumentCache full:https://registry.npmjs.org/@babel%2fcode-frame set size:206617 disposed:false
2156 silly fetch manifest @tanstack/router-plugin@1.131.50
2157 silly packumentCache full:https://registry.npmjs.org/@tanstack%2frouter-plugin cache-miss
2158 http cache https://registry.npmjs.org/@tanstack%2frouter-utils 951ms (cache hit)
2159 silly packumentCache full:https://registry.npmjs.org/@tanstack%2frouter-utils set size:145395 disposed:false
2160 silly fetch manifest @types/babel__code-frame@^7.0.6
2161 silly packumentCache full:https://registry.npmjs.org/@types%2fbabel__code-frame cache-miss
2162 http fetch GET 200 https://registry.npmjs.org/@tanstack%2frouter-core 2804ms (cache revalidated)
2163 silly packumentCache full:https://registry.npmjs.org/@tanstack%2frouter-core set size:1688356 disposed:false
2164 silly fetch manifest @tanstack/router-generator@1.131.50
2165 silly packumentCache full:https://registry.npmjs.org/@tanstack%2frouter-generator cache-miss
2166 http fetch GET 200 https://registry.npmjs.org/@types%2fbabel__code-frame 4349ms (cache miss)
2167 silly packumentCache full:https://registry.npmjs.org/@types%2fbabel__code-frame set size:undefined disposed:false
2168 silly fetch manifest @tanstack/start-server-core@1.131.50
2169 silly packumentCache full:https://registry.npmjs.org/@tanstack%2fstart-server-core cache-miss
2170 http fetch GET 200 https://registry.npmjs.org/@tanstack%2frouter-plugin 5187ms (cache revalidated)
2171 silly packumentCache full:https://registry.npmjs.org/@tanstack%2frouter-plugin set size:2861302 disposed:false
2172 http fetch GET 200 https://registry.npmjs.org/@tanstack%2frouter-generator 4175ms (cache revalidated)
2173 silly packumentCache full:https://registry.npmjs.org/@tanstack%2frouter-generator set size:1820453 disposed:false
2174 http fetch GET 200 https://registry.npmjs.org/@tanstack%2fstart-server-core 3337ms (cache revalidated)
2175 silly packumentCache full:https://registry.npmjs.org/@tanstack%2fstart-server-core set size:1519063 disposed:false
2176 silly placeDep node_modules/@tanstack/react-start-router-manifest @tanstack/router-core@1.171.27 OK for: @tanstack/react-start-router-manifest@1.120.19 want: ^1.120.19
2177 silly placeDep node_modules/@tanstack/react-start-server @tanstack/react-router@1.170.32 OK for: @tanstack/react-start-server@1.167.37 want: 1.170.32
2178 silly placeDep node_modules/@tanstack/react-start-server @tanstack/router-core@1.171.27 OK for: @tanstack/react-start-server@1.167.37 want: 1.171.27
2179 silly placeDep ROOT @tanstack/start-server-core@1.169.31 OK for: @tanstack/react-start-server@1.167.37 want: 1.169.31
2180 silly fetch manifest h3-v2@npm:h3@2.0.1-rc.20
2181 silly packumentCache full:https://registry.npmjs.org/h3 cache-hit
2182 silly fetch manifest fetchdts@^0.1.6
2183 silly packumentCache full:https://registry.npmjs.org/fetchdts cache-miss
2184 http fetch GET 200 https://registry.npmjs.org/fetchdts 2139ms (cache miss)
2185 silly packumentCache full:https://registry.npmjs.org/fetchdts set size:undefined disposed:false
2186 silly fetch manifest react@^16.8.0 || ^17.0.0 || ^18.0.0 || ^19.0.0
2187 silly packumentCache full:https://registry.npmjs.org/react cache-miss
2188 http fetch GET 200 https://registry.npmjs.org/react 3491ms (cache revalidated)
2189 silly packumentCache full:https://registry.npmjs.org/react set size:6926968 disposed:false
2190 silly placeDep ROOT @tanstack/store@0.7.7 OK for: @tanstack/react-store@0.7.7 want: 0.7.7
2191 silly placeDep ROOT use-sync-external-store@1.6.0 OK for: @tanstack/react-store@0.7.7 want: ^1.5.0
2192 silly placeDep ROOT @babel/types@7.29.8 OK for: @tanstack/router-generator@1.167.33 want: ^7.28.5
2193 silly placeDep node_modules/@tanstack/router-generator @tanstack/router-core@1.171.27 OK for: @tanstack/router-generator@1.167.33 want: 1.171.27
2194 silly placeDep ROOT @tanstack/router-utils@1.162.2 OK for: @tanstack/router-generator@1.167.33 want: 1.162.2
2195 silly placeDep ROOT @tanstack/virtual-file-routes@1.162.0 OK for: @tanstack/router-generator@1.167.33 want: 1.162.0
2196 silly placeDep ROOT prettier@3.9.6 OK for: @tanstack/router-generator@1.167.33 want: ^3.5.0
2197 silly fetch manifest @babel/helper-string-parser@^7.29.7
2198 silly packumentCache full:https://registry.npmjs.org/@babel%2fhelper-string-parser cache-miss
2199 silly fetch manifest @babel/helper-validator-identifier@^7.29.7
2200 silly packumentCache full:https://registry.npmjs.org/@babel%2fhelper-validator-identifier cache-miss
2201 silly fetch manifest diff@^8.0.2
2202 silly packumentCache full:https://registry.npmjs.org/diff cache-miss
2203 http fetch GET 200 https://registry.npmjs.org/diff 1988ms (cache miss)
2204 silly packumentCache full:https://registry.npmjs.org/diff set size:undefined disposed:false
2205 silly fetch manifest ansis@^4.1.0
2206 silly packumentCache full:https://registry.npmjs.org/ansis cache-miss
2207 http fetch GET 200 https://registry.npmjs.org/@babel%2fhelper-validator-identifier 2648ms (cache miss)
2208 silly packumentCache full:https://registry.npmjs.org/@babel%2fhelper-validator-identifier set size:undefined disposed:false
2209 silly fetch manifest tinyglobby@^0.2.15
2210 silly packumentCache full:https://registry.npmjs.org/tinyglobby cache-hit
2211 silly fetch manifest @babel/parser@^7.28.5
2212 silly packumentCache full:https://registry.npmjs.org/@babel%2fparser cache-miss
2213 http fetch GET 200 https://registry.npmjs.org/ansis 1105ms (cache miss)
2214 silly packumentCache full:https://registry.npmjs.org/ansis set size:undefined disposed:false
2215 silly fetch manifest @babel/generator@^7.28.5
2216 silly packumentCache full:https://registry.npmjs.org/@babel%2fgenerator cache-miss
2217 http fetch GET 200 https://registry.npmjs.org/@babel%2fhelper-string-parser 3410ms (cache miss)
2218 silly packumentCache full:https://registry.npmjs.org/@babel%2fhelper-string-parser set size:undefined disposed:false
2219 silly fetch manifest babel-dead-code-elimination@^1.0.12
2220 silly packumentCache full:https://registry.npmjs.org/babel-dead-code-elimination cache-miss
2221 http fetch GET 200 https://registry.npmjs.org/@babel%2fgenerator 864ms (cache miss)
2222 silly packumentCache full:https://registry.npmjs.org/@babel%2fgenerator set size:undefined disposed:false
2223 http fetch GET 200 https://registry.npmjs.org/@babel%2fparser 1483ms (cache miss)
2224 silly packumentCache full:https://registry.npmjs.org/@babel%2fparser set size:undefined disposed:false
2225 http cache https://registry.npmjs.org/babel-dead-code-elimination 849ms (cache hit)
2226 silly packumentCache full:https://registry.npmjs.org/babel-dead-code-elimination set size:41610 disposed:false
2227 silly placeDep ROOT @babel/helper-string-parser@7.29.7 OK for: @babel/types@7.29.8 want: ^7.29.7
2228 silly placeDep ROOT @babel/helper-validator-identifier@7.29.7 OK for: @babel/types@7.29.8 want: ^7.29.7
2229 silly placeDep ROOT @babel/generator@7.29.8 OK for: @tanstack/router-utils@1.162.2 want: ^7.28.5
2230 silly placeDep ROOT @babel/parser@7.29.8 OK for: @tanstack/router-utils@1.162.2 want: ^7.28.5
2231 silly placeDep ROOT ansis@4.3.1 OK for: @tanstack/router-utils@1.162.2 want: ^4.1.0
2232 silly placeDep ROOT babel-dead-code-elimination@1.0.12 OK for: @tanstack/router-utils@1.162.2 want: ^1.0.12
2233 silly placeDep ROOT diff@8.0.4 OK for: @tanstack/router-utils@1.162.2 want: ^8.0.2
2234 silly placeDep ROOT tinyglobby@0.2.17 OK for: @tanstack/router-utils@1.162.2 want: ^0.2.15
2235 silly fetch manifest @babel/parser@^7.29.8
2236 silly packumentCache full:https://registry.npmjs.org/@babel%2fparser cache-miss
2237 silly fetch manifest @babel/core@^7.23.7
2238 silly packumentCache full:https://registry.npmjs.org/@babel%2fcore cache-hit
2239 silly fetch manifest @babel/traverse@^7.23.7
2240 silly packumentCache full:https://registry.npmjs.org/@babel%2ftraverse cache-miss
2241 silly fetch manifest fdir@^6.5.0
2242 silly packumentCache full:https://registry.npmjs.org/fdir cache-hit
2243 silly fetch manifest picomatch@^4.0.4
2244 silly packumentCache full:https://registry.npmjs.org/picomatch cache-hit
2245 http cache https://registry.npmjs.org/@babel%2fparser 346ms (cache hit)
2246 silly packumentCache full:https://registry.npmjs.org/@babel%2fparser set size:737961 disposed:false
2247 http cache https://registry.npmjs.org/@babel%2ftraverse 431ms (cache hit)
2248 silly packumentCache full:https://registry.npmjs.org/@babel%2ftraverse set size:564759 disposed:false
2249 silly fetch manifest vite@>=6.0.0 || >=7.0.0
2250 silly packumentCache full:https://registry.npmjs.org/vite cache-miss
2251 http fetch GET 200 https://registry.npmjs.org/vite 2199ms (cache revalidated)
2252 silly packumentCache full:https://registry.npmjs.org/vite set size:38929639 disposed:false
2253 silly placeDep ROOT @babel/code-frame@7.27.1 OK for: @tanstack/server-functions-plugin@1.142.1 want: 7.27.1
2254 silly placeDep ROOT @babel/core@7.29.7 OK for: @tanstack/server-functions-plugin@1.142.1 want: ^7.27.7
2255 silly placeDep ROOT @babel/plugin-syntax-jsx@7.29.7 OK for: @tanstack/server-functions-plugin@1.142.1 want: ^7.27.1
2256 silly placeDep ROOT @babel/plugin-syntax-typescript@7.29.7 OK for: @tanstack/server-functions-plugin@1.142.1 want: ^7.27.1
2257 silly placeDep ROOT @babel/template@7.29.7 OK for: @tanstack/server-functions-plugin@1.142.1 want: ^7.27.2
2258 silly placeDep ROOT @babel/traverse@7.29.8 OK for: @tanstack/server-functions-plugin@1.142.1 want: ^7.27.7
2259 silly placeDep ROOT @tanstack/directive-functions-plugin@1.142.1 OK for: @tanstack/server-functions-plugin@1.142.1 want: 1.142.1
2260 silly fetch manifest js-tokens@^4.0.0
2261 silly packumentCache full:https://registry.npmjs.org/js-tokens cache-miss
2262 silly fetch manifest debug@^4.1.0
2263 silly packumentCache full:https://registry.npmjs.org/debug cache-hit
2264 silly fetch manifest json5@^2.2.3
2265 silly packumentCache full:https://registry.npmjs.org/json5 cache-miss
2266 silly fetch manifest semver@^6.3.1
2267 silly packumentCache full:https://registry.npmjs.org/semver cache-miss
2268 http fetch GET 200 https://registry.npmjs.org/js-tokens 1691ms (cache miss)
2269 silly packumentCache full:https://registry.npmjs.org/js-tokens set size:undefined disposed:false
2270 silly fetch manifest gensync@^1.0.0-beta.2
2271 silly packumentCache full:https://registry.npmjs.org/gensync cache-miss
2272 http fetch GET 200 https://registry.npmjs.org/json5 1718ms (cache miss)
2273 silly packumentCache full:https://registry.npmjs.org/json5 set size:undefined disposed:false
2274 silly fetch manifest @babel/helpers@^7.29.7
2275 silly packumentCache full:https://registry.npmjs.org/@babel%2fhelpers cache-miss
2276 http cache https://registry.npmjs.org/semver 1814ms (cache hit)
2277 silly packumentCache full:https://registry.npmjs.org/semver set size:246069 disposed:false
2278 silly fetch manifest @babel/template@^7.29.7
2279 silly packumentCache full:https://registry.npmjs.org/@babel%2ftemplate cache-miss
2280 http cache https://registry.npmjs.org/@babel%2ftemplate 213ms (cache hit)
2281 silly packumentCache full:https://registry.npmjs.org/@babel%2ftemplate set size:237074 disposed:false
2282 silly fetch manifest @babel/traverse@^7.29.7
2283 silly packumentCache full:https://registry.npmjs.org/@babel%2ftraverse cache-hit
2284 silly fetch manifest @babel/code-frame@^7.29.7
2285 silly packumentCache full:https://registry.npmjs.org/@babel%2fcode-frame cache-hit
2286 silly fetch manifest convert-source-map@^2.0.0
2287 silly packumentCache full:https://registry.npmjs.org/convert-source-map cache-miss
2288 http fetch GET 200 https://registry.npmjs.org/gensync 494ms (cache miss)
2289 silly packumentCache full:https://registry.npmjs.org/gensync set size:undefined disposed:false
2290 silly fetch manifest @babel/helper-module-transforms@^7.29.7
2291 silly packumentCache full:https://registry.npmjs.org/@babel%2fhelper-module-transforms cache-miss
2292 http fetch GET 200 https://registry.npmjs.org/@babel%2fhelpers 1311ms (cache miss)
2293 silly packumentCache full:https://registry.npmjs.org/@babel%2fhelpers set size:undefined disposed:false
2294 silly fetch manifest @babel/helper-compilation-targets@^7.29.7
2295 silly packumentCache full:https://registry.npmjs.org/@babel%2fhelper-compilation-targets cache-miss
2296 http fetch GET 200 https://registry.npmjs.org/convert-source-map 3897ms (cache miss)
2297 silly packumentCache full:https://registry.npmjs.org/convert-source-map set size:undefined disposed:false
2298 silly fetch manifest @babel/helper-plugin-utils@^7.29.7
2299 silly packumentCache full:https://registry.npmjs.org/@babel%2fhelper-plugin-utils cache-miss
2300 http fetch GET 200 https://registry.npmjs.org/@babel%2fhelper-module-transforms 3891ms (cache miss)
2301 silly packumentCache full:https://registry.npmjs.org/@babel%2fhelper-module-transforms set size:undefined disposed:false
2302 silly fetch manifest @babel/helper-plugin-utils@^7.29.7
2303 silly packumentCache full:https://registry.npmjs.org/@babel%2fhelper-plugin-utils cache-miss
2304 http fetch GET 200 https://registry.npmjs.org/@babel%2fhelper-compilation-targets 4390ms (cache miss)
2305 silly packumentCache full:https://registry.npmjs.org/@babel%2fhelper-compilation-targets set size:undefined disposed:false
2306 silly fetch manifest debug@^4.3.1
2307 silly packumentCache full:https://registry.npmjs.org/debug cache-hit
2308 silly fetch manifest @babel/helper-globals@^7.29.7
2309 silly packumentCache full:https://registry.npmjs.org/@babel%2fhelper-globals cache-miss
2310 http fetch GET 200 https://registry.npmjs.org/@babel%2fhelper-plugin-utils 1907ms (cache miss)
2311 silly packumentCache full:https://registry.npmjs.org/@babel%2fhelper-plugin-utils set size:undefined disposed:false
2312 silly fetch manifest @tanstack/router-utils@1.141.0
2313 silly packumentCache full:https://registry.npmjs.org/@tanstack%2frouter-utils cache-hit
2314 http fetch GET 200 https://registry.npmjs.org/@babel%2fhelper-plugin-utils 1785ms (cache miss)
2315 silly packumentCache full:https://registry.npmjs.org/@babel%2fhelper-plugin-utils set size:undefined disposed:false
2316 http fetch GET 200 https://registry.npmjs.org/@babel%2fhelper-globals 355ms (cache miss)
2317 silly packumentCache full:https://registry.npmjs.org/@babel%2fhelper-globals set size:undefined disposed:false
2318 silly placeDep ROOT js-tokens@4.0.0 OK for: @babel/code-frame@7.27.1 want: ^4.0.0
2319 silly placeDep ROOT picocolors@1.1.1 OK for: @babel/code-frame@7.27.1 want: ^1.1.1
2320 silly fetch manifest @babel/core@^7.0.0
2321 silly packumentCache full:https://registry.npmjs.org/@babel%2fcore cache-hit
2322 silly placeDep node_modules/@babel/core @babel/code-frame@7.29.7 OK for: @babel/core@7.29.7 want: ^7.29.7
2323 silly placeDep ROOT @babel/helper-compilation-targets@7.29.7 OK for: @babel/core@7.29.7 want: ^7.29.7
2324 silly placeDep ROOT @babel/helper-module-transforms@7.29.7 OK for: @babel/core@7.29.7 want: ^7.29.7
2325 silly placeDep ROOT @babel/helpers@7.29.7 OK for: @babel/core@7.29.7 want: ^7.29.7
2326 silly placeDep ROOT convert-source-map@2.0.0 OK for: @babel/core@7.29.7 want: ^2.0.0
2327 silly placeDep ROOT debug@4.4.3 OK for: @babel/core@7.29.7 want: ^4.1.0
2328 silly placeDep ROOT gensync@1.0.0-beta.2 OK for: @babel/core@7.29.7 want: ^1.0.0-beta.2
2329 silly placeDep ROOT json5@2.2.3 OK for: @babel/core@7.29.7 want: ^2.2.3
2330 silly placeDep ROOT semver@6.3.1 OK for: @babel/core@7.29.7 want: ^6.3.1
2331 silly fetch manifest lru-cache@^5.1.1
2332 silly packumentCache full:https://registry.npmjs.org/lru-cache cache-miss
2333 silly fetch manifest browserslist@^4.24.0
2334 silly packumentCache full:https://registry.npmjs.org/browserslist cache-miss
2335 silly fetch manifest @babel/compat-data@^7.29.7
2336 silly packumentCache full:https://registry.npmjs.org/@babel%2fcompat-data cache-miss
2337 http fetch GET 200 https://registry.npmjs.org/@babel%2fcompat-data 3137ms (cache miss)
2338 silly packumentCache full:https://registry.npmjs.org/@babel%2fcompat-data set size:undefined disposed:false
2339 silly fetch manifest @babel/helper-validator-option@^7.29.7
2340 silly packumentCache full:https://registry.npmjs.org/@babel%2fhelper-validator-option cache-miss
2341 http fetch GET 200 https://registry.npmjs.org/browserslist 3481ms (cache revalidated)
2342 silly packumentCache full:https://registry.npmjs.org/browserslist set size:518659 disposed:false
2343 silly fetch manifest @babel/helper-module-imports@^7.29.7
2344 silly packumentCache full:https://registry.npmjs.org/@babel%2fhelper-module-imports cache-miss
2345 http fetch GET 200 https://registry.npmjs.org/lru-cache 3618ms (cache miss)
2346 silly packumentCache full:https://registry.npmjs.org/lru-cache set size:undefined disposed:false
2347 silly fetch manifest ms@^2.1.3
2348 silly packumentCache full:https://registry.npmjs.org/ms cache-miss
2349 http fetch GET 200 https://registry.npmjs.org/@babel%2fhelper-validator-option 497ms (cache miss)
2350 silly packumentCache full:https://registry.npmjs.org/@babel%2fhelper-validator-option set size:undefined disposed:false
2351 http fetch GET 200 https://registry.npmjs.org/ms 128ms (cache miss)
2352 silly packumentCache full:https://registry.npmjs.org/ms set size:undefined disposed:false
2353 http fetch GET 200 https://registry.npmjs.org/@babel%2fhelper-module-imports 311ms (cache miss)
2354 silly packumentCache full:https://registry.npmjs.org/@babel%2fhelper-module-imports set size:undefined disposed:false
2355 silly placeDep ROOT @babel/compat-data@7.29.7 OK for: @babel/helper-compilation-targets@7.29.7 want: ^7.29.7
2356 silly placeDep ROOT @babel/helper-validator-option@7.29.7 OK for: @babel/helper-compilation-targets@7.29.7 want: ^7.29.7
2357 silly placeDep ROOT browserslist@4.28.8 OK for: @babel/helper-compilation-targets@7.29.7 want: ^4.24.0
2358 silly placeDep ROOT lru-cache@5.1.1 OK for: @babel/helper-compilation-targets@7.29.7 want: ^5.1.1
2359 silly fetch manifest caniuse-lite@^1.0.30001809
2360 silly packumentCache full:https://registry.npmjs.org/caniuse-lite cache-miss
2361 silly fetch manifest node-releases@^2.0.53
2362 silly packumentCache full:https://registry.npmjs.org/node-releases cache-miss
2363 silly fetch manifest electron-to-chromium@^1.5.402
2364 silly packumentCache full:https://registry.npmjs.org/electron-to-chromium cache-miss
2365 http fetch GET 200 https://registry.npmjs.org/node-releases 280ms (cache miss)
2366 silly packumentCache full:https://registry.npmjs.org/node-releases set size:undefined disposed:false
2367 silly fetch manifest update-browserslist-db@^1.3.0
2368 silly packumentCache full:https://registry.npmjs.org/update-browserslist-db cache-miss
2369 http fetch GET 200 https://registry.npmjs.org/update-browserslist-db 166ms (cache miss)
2370 silly packumentCache full:https://registry.npmjs.org/update-browserslist-db set size:undefined disposed:false
2371 silly fetch manifest baseline-browser-mapping@^2.11.12
2372 silly packumentCache full:https://registry.npmjs.org/baseline-browser-mapping cache-miss
2373 http fetch GET 200 https://registry.npmjs.org/caniuse-lite 872ms (cache revalidated)
2374 silly packumentCache full:https://registry.npmjs.org/caniuse-lite set size:2313344 disposed:false
2375 silly fetch manifest yallist@^3.0.2
2376 silly packumentCache full:https://registry.npmjs.org/yallist cache-miss
2377 http fetch GET 200 https://registry.npmjs.org/electron-to-chromium 9143ms (cache miss)
2378 silly packumentCache full:https://registry.npmjs.org/electron-to-chromium set size:undefined disposed:false
2379 http fetch GET 200 https://registry.npmjs.org/baseline-browser-mapping 8976ms (cache miss)
2380 silly packumentCache full:https://registry.npmjs.org/baseline-browser-mapping set size:undefined disposed:false
2381 http fetch GET 200 https://registry.npmjs.org/yallist 9373ms (cache miss)
2382 silly packumentCache full:https://registry.npmjs.org/yallist set size:undefined disposed:false
2383 silly placeDep ROOT @babel/helper-module-imports@7.29.7 OK for: @babel/helper-module-transforms@7.29.7 want: ^7.29.7
2384 silly placeDep ROOT @babel/helper-plugin-utils@7.29.7 OK for: @babel/plugin-syntax-jsx@7.29.7 want: ^7.29.7
2385 silly placeDep node_modules/@babel/template @babel/code-frame@7.29.7 OK for: @babel/template@7.29.7 want: ^7.29.7
2386 silly placeDep node_modules/@babel/traverse @babel/code-frame@7.29.7 OK for: @babel/traverse@7.29.8 want: ^7.29.7
2387 silly placeDep ROOT @babel/helper-globals@7.29.7 OK for: @babel/traverse@7.29.8 want: ^7.29.7
2388 silly placeDep node_modules/@tanstack/directive-functions-plugin @tanstack/router-utils@1.141.0 OK for: @tanstack/directive-functions-plugin@1.142.1 want: 1.141.0
2389 silly fetch manifest @babel/preset-typescript@^7.27.1
2390 silly packumentCache full:https://registry.npmjs.org/@babel%2fpreset-typescript cache-miss
2391 http fetch GET 200 https://registry.npmjs.org/@babel%2fpreset-typescript 1902ms (cache miss)
2392 silly packumentCache full:https://registry.npmjs.org/@babel%2fpreset-typescript set size:undefined disposed:false
2393 silly placeDep node_modules/@tanstack/start-api-routes @tanstack/router-core@1.171.27 OK for: @tanstack/start-api-routes@1.120.19 want: ^1.120.19
2394 silly placeDep node_modules/@tanstack/start-client-core @tanstack/router-core@1.171.27 OK for: @tanstack/start-client-core@1.170.27 want: 1.171.27
2395 silly placeDep ROOT @tanstack/start-fn-stubs@1.162.0 OK for: @tanstack/start-client-core@1.170.27 want: 1.162.0
2396 silly placeDep ROOT @tanstack/start-storage-context@1.167.29 OK for: @tanstack/start-client-core@1.170.27 want: 1.167.29
2397 silly placeDep ROOT seroval@1.6.4 OK for: @tanstack/start-client-core@1.170.27 want: ^1.6.2
2398 silly fetch manifest @rsbuild/core@>=1.0.2
2399 silly packumentCache full:https://registry.npmjs.org/@rsbuild%2fcore cache-miss
2400 http fetch GET 200 https://registry.npmjs.org/@rsbuild%2fcore 2905ms (cache revalidated)
2401 silly packumentCache full:https://registry.npmjs.org/@rsbuild%2fcore set size:1465652 disposed:false
2402 silly fetch manifest @tanstack/react-router@^1.131.50
2403 silly packumentCache full:https://registry.npmjs.org/@tanstack%2freact-router cache-miss
2404 http fetch GET 200 https://registry.npmjs.org/@tanstack%2freact-router 1322ms (cache revalidated)
2405 silly packumentCache full:https://registry.npmjs.org/@tanstack%2freact-router set size:3687605 disposed:false
2406 silly fetch manifest vite-plugin-solid@^2.11.2
2407 silly packumentCache full:https://registry.npmjs.org/vite-plugin-solid cache-miss
2408 http fetch GET 200 https://registry.npmjs.org/vite-plugin-solid 686ms (cache revalidated)
2409 silly packumentCache full:https://registry.npmjs.org/vite-plugin-solid set size:429860 disposed:false
2410 silly placeDep node_modules/@tanstack/start-plugin-core @babel/code-frame@7.26.2 OK for: @tanstack/start-plugin-core@1.131.50 want: 7.26.2
2411 silly placeDep node_modules/@tanstack/start-plugin-core @tanstack/router-core@1.131.50 OK for: @tanstack/start-plugin-core@1.131.50 want: 1.131.50
2412 silly placeDep node_modules/@tanstack/start-plugin-core @tanstack/router-generator@1.131.50 OK for: @tanstack/start-plugin-core@1.131.50 want: 1.131.50
2413 silly placeDep node_modules/@tanstack/start-plugin-core @tanstack/router-plugin@1.131.50 OK for: @tanstack/start-plugin-core@1.131.50 want: 1.131.50
2414 silly placeDep node_modules/@tanstack/start-plugin-core @tanstack/react-router@1.170.32 OK for: @tanstack/router-plugin@1.131.50 want: ^1.131.50
2415 silly placeDep node_modules/@tanstack/start-plugin-core @tanstack/router-utils@1.131.2 OK for: @tanstack/start-plugin-core@1.131.50 want: 1.131.2
2416 silly placeDep node_modules/@tanstack/start-plugin-core @tanstack/server-functions-plugin@1.131.2 OK for: @tanstack/start-plugin-core@1.131.50 want: 1.131.2
2417 silly placeDep node_modules/@tanstack/start-plugin-core @tanstack/start-server-core@1.131.50 OK for: @tanstack/start-plugin-core@1.131.50 want: 1.131.50
2418 silly placeDep ROOT @types/babel__code-frame@7.27.0 OK for: @tanstack/start-plugin-core@1.131.50 want: ^7.0.6
2419 silly placeDep ROOT @types/babel__core@7.20.5 OK for: @tanstack/start-plugin-core@1.131.50 want: ^7.20.5
2420 silly placeDep ROOT cheerio@1.2.0 OK for: @tanstack/start-plugin-core@1.131.50 want: ^1.0.0
2421 silly placeDep ROOT h3@1.13.0 OK for: @tanstack/start-plugin-core@1.131.50 want: 1.13.0
2422 silly placeDep ROOT ufo@1.6.4 OK for: @tanstack/start-plugin-core@1.131.50 want: ^1.5.4
2423 silly placeDep ROOT vitefu@1.1.3 OK for: @tanstack/start-plugin-core@1.131.50 want: ^1.1.1
2424 silly placeDep ROOT xmlbuilder2@3.1.1 OK for: @tanstack/start-plugin-core@1.131.50 want: ^3.1.1
2425 silly placeDep node_modules/@tanstack/start-plugin-core zod@3.25.76 OK for: @tanstack/start-plugin-core@1.131.50 want: ^3.24.2
2426 silly fetch manifest cookie-es@^1.2.2
2427 silly packumentCache full:https://registry.npmjs.org/cookie-es cache-hit
2428 silly fetch manifest seroval-plugins@^1.3.2
2429 silly packumentCache full:https://registry.npmjs.org/seroval-plugins cache-miss
2430 silly fetch manifest @tanstack/history@1.131.2
2431 silly packumentCache full:https://registry.npmjs.org/@tanstack%2fhistory cache-hit
2432 silly fetch manifest recast@^0.23.11
2433 silly packumentCache full:https://registry.npmjs.org/recast cache-miss
2434 silly fetch manifest source-map@^0.7.4
2435 silly packumentCache full:https://registry.npmjs.org/source-map cache-miss
2436 http cache https://registry.npmjs.org/recast 1715ms (cache hit)
2437 silly packumentCache full:https://registry.npmjs.org/recast set size:555591 disposed:false
2438 silly fetch manifest @tanstack/virtual-file-routes@1.131.2
2439 silly packumentCache full:https://registry.npmjs.org/@tanstack%2fvirtual-file-routes cache-miss
2440 http cache https://registry.npmjs.org/source-map 2287ms (cache hit)
2441 silly packumentCache full:https://registry.npmjs.org/source-map set size:231637 disposed:false
2442 silly fetch manifest chokidar@^3.6.0
2443 silly packumentCache full:https://registry.npmjs.org/chokidar cache-hit
2444 silly fetch manifest unplugin@^2.1.2
2445 silly packumentCache full:https://registry.npmjs.org/unplugin cache-miss
2446 http cache https://registry.npmjs.org/seroval-plugins 2399ms (cache hit)
2447 silly packumentCache full:https://registry.npmjs.org/seroval-plugins set size:74735 disposed:false
2448 silly fetch manifest @tanstack/virtual-file-routes@1.131.2
2449 silly packumentCache full:https://registry.npmjs.org/@tanstack%2fvirtual-file-routes cache-miss
2450 http cache https://registry.npmjs.org/@tanstack%2fvirtual-file-routes 669ms (cache hit)
2451 silly packumentCache full:https://registry.npmjs.org/@tanstack%2fvirtual-file-routes set size:122608 disposed:false
2452 silly fetch manifest @tanstack/directive-functions-plugin@1.131.2
2453 silly packumentCache full:https://registry.npmjs.org/@tanstack%2fdirective-functions-plugin cache-miss
2454 http cache https://registry.npmjs.org/unplugin 207ms (cache hit)
2455 silly packumentCache full:https://registry.npmjs.org/unplugin set size:411824 disposed:false
2456 silly fetch manifest unctx@^2.4.1
2457 silly packumentCache full:https://registry.npmjs.org/unctx cache-hit
2458 silly fetch manifest @tanstack/start-client-core@1.131.50
2459 silly packumentCache full:https://registry.npmjs.org/@tanstack%2fstart-client-core cache-miss
2460 http cache https://registry.npmjs.org/@tanstack%2fvirtual-file-routes 191ms (cache hit)
2461 silly packumentCache full:https://registry.npmjs.org/@tanstack%2fvirtual-file-routes set size:122608 disposed:false
2462 silly packumentCache full:https://registry.npmjs.org/@tanstack%2fvirtual-file-routes dispose
2463 silly fetch manifest @tanstack/start-storage-context@1.131.50
2464 silly packumentCache full:https://registry.npmjs.org/@tanstack%2fstart-storage-context cache-miss
2465 http cache https://registry.npmjs.org/@tanstack%2fdirective-functions-plugin 108ms (cache hit)
2466 silly packumentCache full:https://registry.npmjs.org/@tanstack%2fdirective-functions-plugin set size:221345 disposed:false
2467 silly fetch manifest @types/babel__template@*
2468 silly packumentCache full:https://registry.npmjs.org/@types%2fbabel__template cache-miss
2469 http cache https://registry.npmjs.org/@types%2fbabel__template 149ms (cache hit)
2470 silly packumentCache full:https://registry.npmjs.org/@types%2fbabel__template set size:22631 disposed:false
2471 silly fetch manifest @types/babel__traverse@*
2472 silly packumentCache full:https://registry.npmjs.org/@types%2fbabel__traverse cache-miss
2473 http fetch GET 200 https://registry.npmjs.org/@tanstack%2fstart-client-core 1134ms (cache revalidated)
2474 silly packumentCache full:https://registry.npmjs.org/@tanstack%2fstart-client-core set size:1299845 disposed:false
2475 silly fetch manifest @types/babel__generator@*
2476 silly packumentCache full:https://registry.npmjs.org/@types%2fbabel__generator cache-miss
2477 http fetch GET 200 https://registry.npmjs.org/@tanstack%2fstart-storage-context 1301ms (cache revalidated)
2478 silly packumentCache full:https://registry.npmjs.org/@tanstack%2fstart-storage-context set size:833601 disposed:false
2479 silly fetch manifest parse5@^7.3.0
2480 silly packumentCache full:https://registry.npmjs.org/parse5 cache-miss
2481 http cache https://registry.npmjs.org/@types%2fbabel__generator 1012ms (cache hit)
2482 silly packumentCache full:https://registry.npmjs.org/@types%2fbabel__generator set size:31587 disposed:false
2483 silly fetch manifest undici@^7.19.0
2484 silly packumentCache full:https://registry.npmjs.org/undici cache-miss
2485 http fetch GET 200 https://registry.npmjs.org/@types%2fbabel__traverse 2225ms (cache miss)
2486 silly packumentCache full:https://registry.npmjs.org/@types%2fbabel__traverse set size:undefined disposed:false
2487 silly fetch manifest domutils@^3.2.2
2488 silly packumentCache full:https://registry.npmjs.org/domutils cache-miss
2489 http fetch GET 200 https://registry.npmjs.org/parse5 1281ms (cache miss)
2490 silly packumentCache full:https://registry.npmjs.org/parse5 set size:undefined disposed:false
2491 silly fetch manifest domhandler@^5.0.3
2492 silly packumentCache full:https://registry.npmjs.org/domhandler cache-miss
2493 http fetch GET 200 https://registry.npmjs.org/domutils 1579ms (cache miss)
2494 silly packumentCache full:https://registry.npmjs.org/domutils set size:undefined disposed:false
2495 silly fetch manifest htmlparser2@^10.1.0
2496 silly packumentCache full:https://registry.npmjs.org/htmlparser2 cache-miss
2497 http fetch GET 200 https://registry.npmjs.org/domhandler 1518ms (cache miss)
2498 silly packumentCache full:https://registry.npmjs.org/domhandler set size:undefined disposed:false
2499 silly fetch manifest cheerio-select@^2.1.0
2500 silly packumentCache full:https://registry.npmjs.org/cheerio-select cache-miss
2501 http cache https://registry.npmjs.org/htmlparser2 2758ms (cache hit)
2502 silly packumentCache full:https://registry.npmjs.org/htmlparser2 set size:176895 disposed:false
2503 silly fetch manifest dom-serializer@^2.0.0
2504 silly packumentCache full:https://registry.npmjs.org/dom-serializer cache-miss
2505 http fetch GET 200 https://registry.npmjs.org/cheerio-select 2614ms (cache miss)
2506 silly packumentCache full:https://registry.npmjs.org/cheerio-select set size:undefined disposed:false
2507 silly fetch manifest whatwg-mimetype@^4.0.0
2508 silly packumentCache full:https://registry.npmjs.org/whatwg-mimetype cache-miss
2509 http fetch GET 200 https://registry.npmjs.org/whatwg-mimetype 1693ms (cache miss)
2510 silly packumentCache full:https://registry.npmjs.org/whatwg-mimetype set size:undefined disposed:false
2511 silly fetch manifest encoding-sniffer@^0.2.1
2512 silly packumentCache full:https://registry.npmjs.org/encoding-sniffer cache-miss
2513 http fetch GET 200 https://registry.npmjs.org/undici 8098ms (cache miss)
2514 silly packumentCache full:https://registry.npmjs.org/undici set size:undefined disposed:false
2515 silly fetch manifest parse5-parser-stream@^7.1.2
2516 silly packumentCache full:https://registry.npmjs.org/parse5-parser-stream cache-miss
2517 http fetch GET 200 https://registry.npmjs.org/dom-serializer 3886ms (cache miss)
2518 silly packumentCache full:https://registry.npmjs.org/dom-serializer set size:undefined disposed:false
2519 silly fetch manifest parse5-htmlparser2-tree-adapter@^7.1.0
2520 silly packumentCache full:https://registry.npmjs.org/parse5-htmlparser2-tree-adapter cache-miss
2521 http cache https://registry.npmjs.org/encoding-sniffer 3366ms (cache hit)
2522 silly packumentCache full:https://registry.npmjs.org/encoding-sniffer set size:33052 disposed:false
2523 silly fetch manifest defu@^6.1.4
2524 silly packumentCache full:https://registry.npmjs.org/defu cache-hit
2525 silly fetch manifest destr@^2.0.3
2526 silly packumentCache full:https://registry.npmjs.org/destr cache-miss
2527 http fetch GET 200 https://registry.npmjs.org/parse5-htmlparser2-tree-adapter 1272ms (cache miss)
2528 silly packumentCache full:https://registry.npmjs.org/parse5-htmlparser2-tree-adapter set size:undefined disposed:false
2529 silly fetch manifest ohash@^1.1.4
2530 silly packumentCache full:https://registry.npmjs.org/ohash cache-miss
2531 http cache https://registry.npmjs.org/parse5-parser-stream 1456ms (cache hit)
2532 silly packumentCache full:https://registry.npmjs.org/parse5-parser-stream set size:21978 disposed:false
2533 silly fetch manifest unenv@^1.10.0
2534 silly packumentCache full:https://registry.npmjs.org/unenv cache-hit
2535 silly fetch manifest crossws@>=0.2.0 <0.4.0
2536 silly packumentCache full:https://registry.npmjs.org/crossws cache-hit
2537 silly fetch manifest iron-webcrypto@^1.2.1
2538 silly packumentCache full:https://registry.npmjs.org/iron-webcrypto cache-miss
2539 http cache https://registry.npmjs.org/destr 199ms (cache hit)
2540 silly packumentCache full:https://registry.npmjs.org/destr set size:65344 disposed:false
2541 silly fetch manifest js-yaml@3.14.1
2542 silly packumentCache full:https://registry.npmjs.org/js-yaml cache-miss
2543 http cache https://registry.npmjs.org/ohash 2231ms (cache hit)
2544 silly packumentCache full:https://registry.npmjs.org/ohash set size:71846 disposed:false
2545 silly fetch manifest @oozcitak/dom@1.15.10
2546 silly packumentCache full:https://registry.npmjs.org/@oozcitak%2fdom cache-miss
2547 http fetch GET 200 https://registry.npmjs.org/js-yaml 2225ms (cache miss)
2548 silly packumentCache full:https://registry.npmjs.org/js-yaml set size:undefined disposed:false
2549 silly fetch manifest @oozcitak/util@8.3.8
2550 silly packumentCache full:https://registry.npmjs.org/@oozcitak%2futil cache-miss
2551 http fetch GET 200 https://registry.npmjs.org/iron-webcrypto 2639ms (cache miss)
2552 silly packumentCache full:https://registry.npmjs.org/iron-webcrypto set size:undefined disposed:false
2553 silly fetch manifest @oozcitak/infra@1.0.8
2554 silly packumentCache full:https://registry.npmjs.org/@oozcitak%2finfra cache-miss
2555 http cache https://registry.npmjs.org/@oozcitak%2fdom 577ms (cache hit)
2556 silly packumentCache full:https://registry.npmjs.org/@oozcitak%2fdom set size:150150 disposed:false
2557 http cache https://registry.npmjs.org/@oozcitak%2futil 422ms (cache hit)
2558 silly packumentCache full:https://registry.npmjs.org/@oozcitak%2futil set size:90385 disposed:false
