0 verbose cli C:\Program Files\nodejs\node.exe C:\Program Files\nodejs\node_modules\npm\bin\npm-cli.js
1 info using npm@11.16.0
2 info using node@v24.18.0
3 silly config load:file:C:\Program Files\nodejs\node_modules\npm\npmrc
4 silly config load:file:C:\Users\Adetokunbo\Desktop\Pharmatrybe_project\Pharmatrybe\.npmrc
5 silly config load:file:C:\Users\Adetokunbo\.npmrc
6 silly config load:file:C:\Users\Adetokunbo\AppData\Roaming\npm\etc\npmrc
7 verbose title npm install
8 verbose argv "install"
9 verbose logfile logs-max:10 dir:C:\Users\Adetokunbo\Desktop\Pharmatrybe_project\Pharmatrybe\.npm-local-cache\_logs\2026-08-30T14_34_16_543Z-
10 verbose logfile C:\Users\Adetokunbo\Desktop\Pharmatrybe_project\Pharmatrybe\.npm-local-cache\_logs\2026-08-30T14_34_16_543Z-debug-0.log
11 silly logfile start cleaning logs, removing 1 files
12 silly logfile done cleaning log files
13 silly packumentCache heap:2348810240 maxSize:587202560 maxEntrySize:293601280
14 silly idealTree buildDeps
15 silly fetch manifest @google/genai@^2.4.0
16 silly packumentCache full:https://registry.npmjs.org/@google%2fgenai cache-miss
17 http fetch GET 200 https://registry.npmjs.org/@google%2fgenai 716ms (cache miss)
18 silly packumentCache full:https://registry.npmjs.org/@google%2fgenai set size:undefined disposed:false
19 silly fetch manifest @modelcontextprotocol/sdk@^1.25.2
20 silly packumentCache full:https://registry.npmjs.org/@modelcontextprotocol%2fsdk cache-miss
21 http fetch GET 200 https://registry.npmjs.org/@modelcontextprotocol%2fsdk 167ms (cache miss)
22 silly packumentCache full:https://registry.npmjs.org/@modelcontextprotocol%2fsdk set size:undefined disposed:false
23 silly fetch manifest @cfworker/json-schema@^4.1.1
24 silly packumentCache full:https://registry.npmjs.org/@cfworker%2fjson-schema cache-miss
25 http fetch GET 200 https://registry.npmjs.org/@cfworker%2fjson-schema 613ms (cache miss)
26 silly packumentCache full:https://registry.npmjs.org/@cfworker%2fjson-schema set size:undefined disposed:false
27 silly fetch manifest @hookform/resolvers@^5.8.0
28 silly packumentCache full:https://registry.npmjs.org/@hookform%2fresolvers cache-miss
29 http fetch GET 200 https://registry.npmjs.org/@hookform%2fresolvers 2137ms (cache miss)
30 silly packumentCache full:https://registry.npmjs.org/@hookform%2fresolvers set size:undefined disposed:false
31 silly fetch manifest @sinclair/typebox@>=0.25.24
32 silly packumentCache full:https://registry.npmjs.org/@sinclair%2ftypebox cache-miss
33 silly fetch manifest @standard-schema/spec@^1.0.0
34 silly packumentCache full:https://registry.npmjs.org/@standard-schema%2fspec cache-miss
35 http fetch GET 200 https://registry.npmjs.org/@standard-schema%2fspec 434ms (cache miss)
36 silly packumentCache full:https://registry.npmjs.org/@standard-schema%2fspec set size:undefined disposed:false
37 silly fetch manifest @typeschema/main@>=0.13.7
38 silly packumentCache full:https://registry.npmjs.org/@typeschema%2fmain cache-miss
39 http fetch GET 200 https://registry.npmjs.org/@typeschema%2fmain 654ms (cache miss)
40 silly packumentCache full:https://registry.npmjs.org/@typeschema%2fmain set size:undefined disposed:false
41 silly fetch manifest @typeschema/arktype@0.14.0
42 silly packumentCache full:https://registry.npmjs.org/@typeschema%2farktype cache-miss
43 http fetch GET 200 https://registry.npmjs.org/@typeschema%2farktype 1430ms (cache miss)
44 silly packumentCache full:https://registry.npmjs.org/@typeschema%2farktype set size:undefined disposed:false
45 silly fetch manifest arktype@^2.0.0-rc.0
46 silly packumentCache full:https://registry.npmjs.org/arktype cache-miss
47 http fetch GET 200 https://registry.npmjs.org/arktype 1109ms (cache miss)
48 silly packumentCache full:https://registry.npmjs.org/arktype set size:undefined disposed:false
49 silly fetch manifest @typeschema/class-validator@0.3.0
50 silly packumentCache full:https://registry.npmjs.org/@typeschema%2fclass-validator cache-miss
51 http fetch GET 200 https://registry.npmjs.org/@typeschema%2fclass-validator 591ms (cache miss)
52 silly packumentCache full:https://registry.npmjs.org/@typeschema%2fclass-validator set size:undefined disposed:false
53 silly fetch manifest class-validator@^0.14.1
54 silly packumentCache full:https://registry.npmjs.org/class-validator cache-miss
55 http fetch GET 200 https://registry.npmjs.org/class-validator 559ms (cache miss)
56 silly packumentCache full:https://registry.npmjs.org/class-validator set size:undefined disposed:false
57 silly fetch manifest @typeschema/deepkit@0.14.0
58 silly packumentCache full:https://registry.npmjs.org/@typeschema%2fdeepkit cache-miss
59 http fetch GET 200 https://registry.npmjs.org/@typeschema%2fdeepkit 1211ms (cache miss)
60 silly packumentCache full:https://registry.npmjs.org/@typeschema%2fdeepkit set size:undefined disposed:false
61 silly fetch manifest @deepkit/type@^1.0.1-alpha.145
62 silly packumentCache full:https://registry.npmjs.org/@deepkit%2ftype cache-miss
63 http fetch GET 200 https://registry.npmjs.org/@deepkit%2ftype 1077ms (cache miss)
64 silly packumentCache full:https://registry.npmjs.org/@deepkit%2ftype set size:undefined disposed:false
65 silly fetch manifest @deepkit/core@^1.0.1
66 silly packumentCache full:https://registry.npmjs.org/@deepkit%2fcore cache-miss
67 http fetch GET 200 https://registry.npmjs.org/@deepkit%2fcore 939ms (cache miss)
68 silly packumentCache full:https://registry.npmjs.org/@deepkit%2fcore set size:undefined disposed:false
69 silly fetch manifest @typeschema/effect@0.14.0
70 silly packumentCache full:https://registry.npmjs.org/@typeschema%2feffect cache-miss
71 http fetch GET 200 https://registry.npmjs.org/@typeschema%2feffect 560ms (cache miss)
72 silly packumentCache full:https://registry.npmjs.org/@typeschema%2feffect set size:undefined disposed:false
73 silly fetch manifest @effect/schema@^0.71.1
74 silly packumentCache full:https://registry.npmjs.org/@effect%2fschema cache-miss
75 http fetch GET 200 https://registry.npmjs.org/@effect%2fschema 1236ms (cache miss)
76 silly packumentCache full:https://registry.npmjs.org/@effect%2fschema set size:undefined disposed:false
77 silly fetch manifest effect@^3.6.8
78 silly packumentCache full:https://registry.npmjs.org/effect cache-miss
79 http fetch GET 200 https://registry.npmjs.org/effect 2488ms (cache miss)
80 silly packumentCache full:https://registry.npmjs.org/effect set size:undefined disposed:false
81 silly fetch manifest @typeschema/fastest-validator@0.2.0
82 silly packumentCache full:https://registry.npmjs.org/@typeschema%2ffastest-validator cache-miss
83 http fetch GET 200 https://registry.npmjs.org/@typeschema%2ffastest-validator 544ms (cache miss)
84 silly packumentCache full:https://registry.npmjs.org/@typeschema%2ffastest-validator set size:undefined disposed:false
85 silly fetch manifest fastest-validator@^1.19.0
86 silly packumentCache full:https://registry.npmjs.org/fastest-validator cache-miss
87 http fetch GET 200 https://registry.npmjs.org/fastest-validator 462ms (cache miss)
88 silly packumentCache full:https://registry.npmjs.org/fastest-validator set size:undefined disposed:false
89 silly fetch manifest @typeschema/function@0.14.0
90 silly packumentCache full:https://registry.npmjs.org/@typeschema%2ffunction cache-miss
91 http fetch GET 200 https://registry.npmjs.org/@typeschema%2ffunction 586ms (cache miss)
92 silly packumentCache full:https://registry.npmjs.org/@typeschema%2ffunction set size:undefined disposed:false
93 silly fetch manifest @typeschema/io-ts@0.14.0
94 silly packumentCache full:https://registry.npmjs.org/@typeschema%2fio-ts cache-miss
95 http fetch GET 200 https://registry.npmjs.org/@typeschema%2fio-ts 3628ms (cache miss)
96 silly packumentCache full:https://registry.npmjs.org/@typeschema%2fio-ts set size:undefined disposed:false
97 silly fetch manifest fp-ts@^2.16.9
98 silly packumentCache full:https://registry.npmjs.org/fp-ts cache-miss
99 http fetch GET 200 https://registry.npmjs.org/fp-ts 4389ms (cache miss)
100 silly packumentCache full:https://registry.npmjs.org/fp-ts set size:undefined disposed:false
101 silly fetch manifest io-ts@^2.2.21
102 silly packumentCache full:https://registry.npmjs.org/io-ts cache-miss
103 http fetch GET 200 https://registry.npmjs.org/io-ts 336ms (cache miss)
104 silly packumentCache full:https://registry.npmjs.org/io-ts set size:undefined disposed:false
105 silly fetch manifest @typeschema/joi@0.14.0
106 silly packumentCache full:https://registry.npmjs.org/@typeschema%2fjoi cache-miss
107 http fetch GET 200 https://registry.npmjs.org/@typeschema%2fjoi 139ms (cache miss)
108 silly packumentCache full:https://registry.npmjs.org/@typeschema%2fjoi set size:undefined disposed:false
109 silly fetch manifest joi@^17.13.3
110 silly packumentCache full:https://registry.npmjs.org/joi cache-miss
111 http fetch GET 200 https://registry.npmjs.org/joi 951ms (cache miss)
112 silly packumentCache full:https://registry.npmjs.org/joi set size:undefined disposed:false
113 silly fetch manifest joi-to-json@^4.3.0
114 silly packumentCache full:https://registry.npmjs.org/joi-to-json cache-miss
115 http fetch GET 200 https://registry.npmjs.org/joi-to-json 205ms (cache miss)
116 silly packumentCache full:https://registry.npmjs.org/joi-to-json set size:undefined disposed:false
117 silly fetch manifest @typeschema/json@0.14.0
118 silly packumentCache full:https://registry.npmjs.org/@typeschema%2fjson cache-miss
119 http fetch GET 200 https://registry.npmjs.org/@typeschema%2fjson 634ms (cache miss)
120 silly packumentCache full:https://registry.npmjs.org/@typeschema%2fjson set size:undefined disposed:false
121 silly fetch manifest ajv@^8.17.1
122 silly packumentCache full:https://registry.npmjs.org/ajv cache-miss
123 http fetch GET 200 https://registry.npmjs.org/ajv 665ms (cache miss)
124 silly packumentCache full:https://registry.npmjs.org/ajv set size:undefined disposed:false
125 silly fetch manifest json-schema-to-ts@^3.1.0
126 silly packumentCache full:https://registry.npmjs.org/json-schema-to-ts cache-miss
127 http fetch GET 200 https://registry.npmjs.org/json-schema-to-ts 331ms (cache miss)
128 silly packumentCache full:https://registry.npmjs.org/json-schema-to-ts set size:undefined disposed:false
129 silly fetch manifest @typeschema/ow@0.14.0
130 silly packumentCache full:https://registry.npmjs.org/@typeschema%2fow cache-miss
131 http fetch GET 200 https://registry.npmjs.org/@typeschema%2fow 446ms (cache miss)
132 silly packumentCache full:https://registry.npmjs.org/@typeschema%2fow set size:undefined disposed:false
133 silly fetch manifest ow@^0.28.2
134 silly packumentCache full:https://registry.npmjs.org/ow cache-miss
135 http fetch GET 200 https://registry.npmjs.org/ow 223ms (cache miss)
136 silly packumentCache full:https://registry.npmjs.org/ow set size:undefined disposed:false
137 silly fetch manifest @typeschema/runtypes@0.14.0
138 silly packumentCache full:https://registry.npmjs.org/@typeschema%2fruntypes cache-miss
139 http fetch GET 200 https://registry.npmjs.org/@typeschema%2fruntypes 352ms (cache miss)
140 silly packumentCache full:https://registry.npmjs.org/@typeschema%2fruntypes set size:undefined disposed:false
141 silly fetch manifest runtypes@^6.7.0
142 silly packumentCache full:https://registry.npmjs.org/runtypes cache-miss
143 http fetch GET 200 https://registry.npmjs.org/runtypes 1303ms (cache miss)
144 silly packumentCache full:https://registry.npmjs.org/runtypes set size:undefined disposed:false
145 silly fetch manifest @typeschema/superstruct@0.14.0
146 silly packumentCache full:https://registry.npmjs.org/@typeschema%2fsuperstruct cache-miss
147 http fetch GET 200 https://registry.npmjs.org/@typeschema%2fsuperstruct 157ms (cache miss)
148 silly packumentCache full:https://registry.npmjs.org/@typeschema%2fsuperstruct set size:undefined disposed:false
149 silly fetch manifest superstruct@^2.0.2
150 silly packumentCache full:https://registry.npmjs.org/superstruct cache-miss
151 http fetch GET 200 https://registry.npmjs.org/superstruct 596ms (cache miss)
152 silly packumentCache full:https://registry.npmjs.org/superstruct set size:undefined disposed:false
153 silly fetch manifest @typeschema/suretype@0.2.0
154 silly packumentCache full:https://registry.npmjs.org/@typeschema%2fsuretype cache-miss
155 http fetch GET 200 https://registry.npmjs.org/@typeschema%2fsuretype 687ms (cache miss)
156 silly packumentCache full:https://registry.npmjs.org/@typeschema%2fsuretype set size:undefined disposed:false
157 silly fetch manifest suretype@^3.3.1
158 silly packumentCache full:https://registry.npmjs.org/suretype cache-miss
159 http fetch GET 200 https://registry.npmjs.org/suretype 1803ms (cache miss)
160 silly packumentCache full:https://registry.npmjs.org/suretype set size:undefined disposed:false
161 silly fetch manifest @typeschema/typebox@0.14.0
162 silly packumentCache full:https://registry.npmjs.org/@typeschema%2ftypebox cache-miss
163 http fetch GET 200 https://registry.npmjs.org/@typeschema%2ftypebox 147ms (cache miss)
164 silly packumentCache full:https://registry.npmjs.org/@typeschema%2ftypebox set size:undefined disposed:false
165 silly fetch manifest @sinclair/typebox@^0.33.7
166 silly packumentCache full:https://registry.npmjs.org/@sinclair%2ftypebox cache-miss
167 http fetch GET 200 https://registry.npmjs.org/@sinclair%2ftypebox 1669ms (cache miss)
168 silly packumentCache full:https://registry.npmjs.org/@sinclair%2ftypebox set size:undefined disposed:false
169 silly fetch manifest @typeschema/valibot@0.14.0
170 silly packumentCache full:https://registry.npmjs.org/@typeschema%2fvalibot cache-miss
171 http fetch GET 200 https://registry.npmjs.org/@typeschema%2fvalibot 1691ms (cache miss)
172 silly packumentCache full:https://registry.npmjs.org/@typeschema%2fvalibot set size:undefined disposed:false
173 silly fetch manifest @gcornut/valibot-json-schema@^0.37.0
174 silly packumentCache full:https://registry.npmjs.org/@gcornut%2fvalibot-json-schema cache-miss
175 http fetch GET 200 https://registry.npmjs.org/@gcornut%2fvalibot-json-schema 904ms (cache miss)
176 silly packumentCache full:https://registry.npmjs.org/@gcornut%2fvalibot-json-schema set size:undefined disposed:false
177 silly fetch manifest valibot@^0.39.0
178 silly packumentCache full:https://registry.npmjs.org/valibot cache-miss
179 http fetch GET 200 https://registry.npmjs.org/valibot 251ms (cache miss)
180 silly packumentCache full:https://registry.npmjs.org/valibot set size:undefined disposed:false
181 silly fetch manifest typescript@~5.8.2
182 silly packumentCache full:https://registry.npmjs.org/typescript cache-miss
183 http fetch GET 200 https://registry.npmjs.org/typescript 11231ms (cache miss)
184 silly packumentCache full:https://registry.npmjs.org/typescript set size:undefined disposed:false
185 silly fetch manifest @typeschema/valita@0.2.0
186 silly packumentCache full:https://registry.npmjs.org/@typeschema%2fvalita cache-miss
187 http fetch GET 200 https://registry.npmjs.org/@typeschema%2fvalita 375ms (cache miss)
188 silly packumentCache full:https://registry.npmjs.org/@typeschema%2fvalita set size:undefined disposed:false
189 silly fetch manifest @badrap/valita@^0.3.9
190 silly packumentCache full:https://registry.npmjs.org/@badrap%2fvalita cache-miss
191 http fetch GET 200 https://registry.npmjs.org/@badrap%2fvalita 1132ms (cache miss)
192 silly packumentCache full:https://registry.npmjs.org/@badrap%2fvalita set size:undefined disposed:false
193 silly fetch manifest @typeschema/vine@0.2.0
194 silly packumentCache full:https://registry.npmjs.org/@typeschema%2fvine cache-miss
195 http fetch GET 200 https://registry.npmjs.org/@typeschema%2fvine 159ms (cache miss)
196 silly packumentCache full:https://registry.npmjs.org/@typeschema%2fvine set size:undefined disposed:false
197 silly fetch manifest @vinejs/vine@^2.1.0
198 silly packumentCache full:https://registry.npmjs.org/@vinejs%2fvine cache-miss
199 http fetch GET 200 https://registry.npmjs.org/@vinejs%2fvine 1141ms (cache miss)
200 silly packumentCache full:https://registry.npmjs.org/@vinejs%2fvine set size:undefined disposed:false
201 silly fetch manifest @typeschema/yup@0.14.0
202 silly packumentCache full:https://registry.npmjs.org/@typeschema%2fyup cache-miss
203 http fetch GET 200 https://registry.npmjs.org/@typeschema%2fyup 152ms (cache miss)
204 silly packumentCache full:https://registry.npmjs.org/@typeschema%2fyup set size:undefined disposed:false
205 silly fetch manifest @sodaru/yup-to-json-schema@^2.0.1
206 silly packumentCache full:https://registry.npmjs.org/@sodaru%2fyup-to-json-schema cache-miss
207 http fetch GET 200 https://registry.npmjs.org/@sodaru%2fyup-to-json-schema 187ms (cache miss)
208 silly packumentCache full:https://registry.npmjs.org/@sodaru%2fyup-to-json-schema set size:undefined disposed:false
209 silly fetch manifest yup@^1.4.0
210 silly packumentCache full:https://registry.npmjs.org/yup cache-miss
211 http fetch GET 200 https://registry.npmjs.org/yup 397ms (cache miss)
212 silly packumentCache full:https://registry.npmjs.org/yup set size:undefined disposed:false
213 silly fetch manifest @typeschema/zod@0.14.0
214 silly packumentCache full:https://registry.npmjs.org/@typeschema%2fzod cache-miss
215 http fetch GET 200 https://registry.npmjs.org/@typeschema%2fzod 254ms (cache miss)
216 silly packumentCache full:https://registry.npmjs.org/@typeschema%2fzod set size:undefined disposed:false
217 silly fetch manifest zod@^4.4.3
218 silly packumentCache full:https://registry.npmjs.org/zod cache-miss
219 http fetch GET 200 https://registry.npmjs.org/zod 2049ms (cache miss)
220 silly packumentCache full:https://registry.npmjs.org/zod set size:undefined disposed:false
221 silly fetch manifest zod@^3.23.8
222 silly packumentCache full:https://registry.npmjs.org/zod cache-miss
223 http cache https://registry.npmjs.org/zod 108ms (cache hit)
224 silly packumentCache full:https://registry.npmjs.org/zod set size:4147901 disposed:false
225 silly fetch manifest zod-to-json-schema@^3.23.2
226 silly packumentCache full:https://registry.npmjs.org/zod-to-json-schema cache-miss
227 http fetch GET 200 https://registry.npmjs.org/zod-to-json-schema 445ms (cache miss)
228 silly packumentCache full:https://registry.npmjs.org/zod-to-json-schema set size:undefined disposed:false
229 silly fetch manifest ajv-errors@^3.0.0
230 silly packumentCache full:https://registry.npmjs.org/ajv-errors cache-miss
231 http fetch GET 200 https://registry.npmjs.org/ajv-errors 1279ms (cache miss)
232 silly packumentCache full:https://registry.npmjs.org/ajv-errors set size:undefined disposed:false
233 silly fetch manifest ajv-formats@^2.1.1
234 silly packumentCache full:https://registry.npmjs.org/ajv-formats cache-miss
235 http fetch GET 200 https://registry.npmjs.org/ajv-formats 615ms (cache miss)
236 silly packumentCache full:https://registry.npmjs.org/ajv-formats set size:undefined disposed:false
237 silly fetch manifest ata-validator@^1.2.0
238 silly packumentCache full:https://registry.npmjs.org/ata-validator cache-miss
239 http fetch GET 200 https://registry.npmjs.org/ata-validator 1107ms (cache miss)
240 silly packumentCache full:https://registry.npmjs.org/ata-validator set size:undefined disposed:false
241 silly fetch manifest yaml@^2.0.0
242 silly packumentCache full:https://registry.npmjs.org/yaml cache-miss
243 http fetch GET 200 https://registry.npmjs.org/yaml 467ms (cache miss)
244 silly packumentCache full:https://registry.npmjs.org/yaml set size:undefined disposed:false
245 silly fetch manifest class-transformer@>=0.4.0
246 silly packumentCache full:https://registry.npmjs.org/class-transformer cache-miss
247 http fetch GET 200 https://registry.npmjs.org/class-transformer 347ms (cache miss)
248 silly packumentCache full:https://registry.npmjs.org/class-transformer set size:undefined disposed:false
249 silly fetch manifest computed-types@^1.0.0
250 silly packumentCache full:https://registry.npmjs.org/computed-types cache-miss
251 http fetch GET 200 https://registry.npmjs.org/computed-types 259ms (cache miss)
252 silly packumentCache full:https://registry.npmjs.org/computed-types set size:undefined disposed:false
253 silly fetch manifest fluentvalidation-ts@^3.0.0
254 silly packumentCache full:https://registry.npmjs.org/fluentvalidation-ts cache-miss
255 http fetch GET 200 https://registry.npmjs.org/fluentvalidation-ts 254ms (cache miss)
256 silly packumentCache full:https://registry.npmjs.org/fluentvalidation-ts set size:undefined disposed:false
257 silly fetch manifest nope-validator@>=0.12.0
258 silly packumentCache full:https://registry.npmjs.org/nope-validator cache-miss
259 http fetch GET 200 https://registry.npmjs.org/nope-validator 243ms (cache miss)
260 silly packumentCache full:https://registry.npmjs.org/nope-validator set size:undefined disposed:false
261 silly fetch manifest react-hook-form@^7.85.0
262 silly packumentCache full:https://registry.npmjs.org/react-hook-form cache-miss
263 http fetch GET 200 https://registry.npmjs.org/react-hook-form 3878ms (cache miss)
264 silly packumentCache full:https://registry.npmjs.org/react-hook-form set size:undefined disposed:false
265 silly fetch manifest react@^19.0.1
266 silly packumentCache full:https://registry.npmjs.org/react cache-miss
267 http fetch GET 200 https://registry.npmjs.org/react 5578ms (cache miss)
268 silly packumentCache full:https://registry.npmjs.org/react set size:undefined disposed:false
269 silly fetch manifest typanion@^3.3.2
270 silly packumentCache full:https://registry.npmjs.org/typanion cache-miss
271 http fetch GET 200 https://registry.npmjs.org/typanion 199ms (cache miss)
272 silly packumentCache full:https://registry.npmjs.org/typanion set size:undefined disposed:false
273 silly fetch manifest vest@>=6.0.0
274 silly packumentCache full:https://registry.npmjs.org/vest cache-miss
275 http fetch GET 200 https://registry.npmjs.org/vest 1677ms (cache miss)
276 silly packumentCache full:https://registry.npmjs.org/vest set size:undefined disposed:false
277 silly fetch manifest @supabase/supabase-js@^2.112.3
278 silly packumentCache full:https://registry.npmjs.org/@supabase%2fsupabase-js cache-miss
279 http fetch GET 200 https://registry.npmjs.org/@supabase%2fsupabase-js 1721ms (cache miss)
280 silly packumentCache full:https://registry.npmjs.org/@supabase%2fsupabase-js set size:undefined disposed:false
281 silly fetch manifest @opentelemetry/api@>=1.0.0
282 silly packumentCache full:https://registry.npmjs.org/@opentelemetry%2fapi cache-miss
283 http fetch GET 200 https://registry.npmjs.org/@opentelemetry%2fapi 320ms (cache miss)
284 silly packumentCache full:https://registry.npmjs.org/@opentelemetry%2fapi set size:undefined disposed:false
285 silly fetch manifest @tailwindcss/vite@^4.1.14
286 silly packumentCache full:https://registry.npmjs.org/@tailwindcss%2fvite cache-miss
287 http fetch GET 200 https://registry.npmjs.org/@tailwindcss%2fvite 1295ms (cache miss)
288 silly packumentCache full:https://registry.npmjs.org/@tailwindcss%2fvite set size:undefined disposed:false
289 silly fetch manifest vite@^6.2.3
290 silly packumentCache full:https://registry.npmjs.org/vite cache-miss
291 http fetch GET 200 https://registry.npmjs.org/vite 21681ms (cache miss)
292 silly packumentCache full:https://registry.npmjs.org/vite set size:undefined disposed:false
293 silly fetch manifest @types/node@^22.14.0
294 silly packumentCache full:https://registry.npmjs.org/@types%2fnode cache-miss
295 http fetch GET 200 https://registry.npmjs.org/@types%2fnode 7514ms (cache miss)
296 silly packumentCache full:https://registry.npmjs.org/@types%2fnode set size:undefined disposed:false
297 silly fetch manifest jiti@>=1.21.0
298 silly packumentCache full:https://registry.npmjs.org/jiti cache-miss
299 http fetch GET 200 https://registry.npmjs.org/jiti 655ms (cache miss)
300 silly packumentCache full:https://registry.npmjs.org/jiti set size:undefined disposed:false
301 silly fetch manifest less@*
302 silly packumentCache full:https://registry.npmjs.org/less cache-miss
303 http fetch GET 200 https://registry.npmjs.org/less 851ms (cache miss)
304 silly packumentCache full:https://registry.npmjs.org/less set size:undefined disposed:false
305 silly fetch manifest lightningcss@^1.21.0
306 silly packumentCache full:https://registry.npmjs.org/lightningcss cache-miss
307 http fetch GET 200 https://registry.npmjs.org/lightningcss 516ms (cache miss)
308 silly packumentCache full:https://registry.npmjs.org/lightningcss set size:undefined disposed:false
309 silly fetch manifest sass@*
310 silly packumentCache full:https://registry.npmjs.org/sass cache-miss
311 http fetch GET 200 https://registry.npmjs.org/sass 1222ms (cache miss)
312 silly packumentCache full:https://registry.npmjs.org/sass set size:undefined disposed:false
313 silly fetch manifest sass-embedded@*
314 silly packumentCache full:https://registry.npmjs.org/sass-embedded cache-miss
315 http fetch GET 200 https://registry.npmjs.org/sass-embedded 1564ms (cache miss)
316 silly packumentCache full:https://registry.npmjs.org/sass-embedded set size:undefined disposed:false
317 silly fetch manifest stylus@*
318 silly packumentCache full:https://registry.npmjs.org/stylus cache-miss
319 http fetch GET 200 https://registry.npmjs.org/stylus 722ms (cache miss)
320 silly packumentCache full:https://registry.npmjs.org/stylus set size:undefined disposed:false
321 silly fetch manifest sugarss@*
322 silly packumentCache full:https://registry.npmjs.org/sugarss cache-miss
323 http fetch GET 200 https://registry.npmjs.org/sugarss 452ms (cache miss)
324 silly packumentCache full:https://registry.npmjs.org/sugarss set size:undefined disposed:false
325 silly fetch manifest postcss@^8.3.3
326 silly packumentCache full:https://registry.npmjs.org/postcss cache-miss
327 http fetch GET 200 https://registry.npmjs.org/postcss 916ms (cache miss)
328 silly packumentCache full:https://registry.npmjs.org/postcss set size:undefined disposed:false
329 silly fetch manifest terser@^5.16.0
330 silly packumentCache full:https://registry.npmjs.org/terser cache-miss
331 http fetch GET 200 https://registry.npmjs.org/terser 1185ms (cache miss)
332 silly packumentCache full:https://registry.npmjs.org/terser set size:undefined disposed:false
333 silly fetch manifest tsx@^4.21.0
334 silly packumentCache full:https://registry.npmjs.org/tsx cache-miss
335 http fetch GET 200 https://registry.npmjs.org/tsx 566ms (cache miss)
336 silly packumentCache full:https://registry.npmjs.org/tsx set size:undefined disposed:false
337 silly fetch manifest yaml@^2.4.2
338 silly packumentCache full:https://registry.npmjs.org/yaml cache-miss
339 http cache https://registry.npmjs.org/yaml 28ms (cache hit)
340 silly packumentCache full:https://registry.npmjs.org/yaml set size:385754 disposed:false
341 silly fetch manifest @tanstack/react-query@^5.101.4
342 silly packumentCache full:https://registry.npmjs.org/@tanstack%2freact-query cache-miss
343 http fetch GET 200 https://registry.npmjs.org/@tanstack%2freact-query 1351ms (cache miss)
344 silly packumentCache full:https://registry.npmjs.org/@tanstack%2freact-query set size:undefined disposed:false
345 silly fetch manifest @tanstack/react-router@1.120.0
346 silly packumentCache full:https://registry.npmjs.org/@tanstack%2freact-router cache-miss
347 http fetch GET 200 https://registry.npmjs.org/@tanstack%2freact-router 2123ms (cache miss)
348 silly packumentCache full:https://registry.npmjs.org/@tanstack%2freact-router set size:undefined disposed:false
349 silly fetch manifest react-dom@^19.0.1
350 silly packumentCache full:https://registry.npmjs.org/react-dom cache-miss
351 http fetch GET 200 https://registry.npmjs.org/react-dom 8547ms (cache miss)
352 silly packumentCache full:https://registry.npmjs.org/react-dom set size:undefined disposed:false
353 silly fetch manifest @tanstack/react-start@1.120.0
354 silly packumentCache full:https://registry.npmjs.org/@tanstack%2freact-start cache-miss
355 http fetch GET 200 https://registry.npmjs.org/@tanstack%2freact-start 1366ms (cache miss)
356 silly packumentCache full:https://registry.npmjs.org/@tanstack%2freact-start set size:undefined disposed:false
357 silly fetch manifest @vitejs/plugin-react@^5.0.4
358 silly packumentCache full:https://registry.npmjs.org/@vitejs%2fplugin-react cache-miss
359 http fetch GET 200 https://registry.npmjs.org/@vitejs%2fplugin-react 314ms (cache miss)
360 silly packumentCache full:https://registry.npmjs.org/@vitejs%2fplugin-react set size:undefined disposed:false
361 silly fetch manifest axios@^1.19.0
362 silly packumentCache full:https://registry.npmjs.org/axios cache-miss
363 http fetch GET 200 https://registry.npmjs.org/axios 695ms (cache miss)
364 silly packumentCache full:https://registry.npmjs.org/axios set size:undefined disposed:false
365 silly fetch manifest class-variance-authority@^0.7.1
366 silly packumentCache full:https://registry.npmjs.org/class-variance-authority cache-miss
367 http fetch GET 200 https://registry.npmjs.org/class-variance-authority 240ms (cache miss)
368 silly packumentCache full:https://registry.npmjs.org/class-variance-authority set size:undefined disposed:false
369 silly fetch manifest clsx@^2.1.1
370 silly packumentCache full:https://registry.npmjs.org/clsx cache-miss
371 http fetch GET 200 https://registry.npmjs.org/clsx 172ms (cache miss)
372 silly packumentCache full:https://registry.npmjs.org/clsx set size:undefined disposed:false
373 silly fetch manifest dotenv@^17.2.3
374 silly packumentCache full:https://registry.npmjs.org/dotenv cache-miss
375 http fetch GET 200 https://registry.npmjs.org/dotenv 274ms (cache miss)
376 silly packumentCache full:https://registry.npmjs.org/dotenv set size:undefined disposed:false
377 silly fetch manifest express@^4.21.2
378 silly packumentCache full:https://registry.npmjs.org/express cache-miss
379 http fetch GET 200 https://registry.npmjs.org/express 940ms (cache miss)
380 silly packumentCache full:https://registry.npmjs.org/express set size:undefined disposed:false
381 silly fetch manifest lucide-react@^0.546.0
382 silly packumentCache full:https://registry.npmjs.org/lucide-react cache-miss
383 http fetch GET 200 https://registry.npmjs.org/lucide-react 1982ms (cache miss)
384 silly packumentCache full:https://registry.npmjs.org/lucide-react set size:undefined disposed:false
385 silly fetch manifest motion@^12.23.24
386 silly packumentCache full:https://registry.npmjs.org/motion cache-miss
387 http fetch GET 200 https://registry.npmjs.org/motion 1399ms (cache miss)
388 silly packumentCache full:https://registry.npmjs.org/motion set size:undefined disposed:false
389 silly fetch manifest @emotion/is-prop-valid@*
390 silly packumentCache full:https://registry.npmjs.org/@emotion%2fis-prop-valid cache-miss
391 http fetch GET 200 https://registry.npmjs.org/@emotion%2fis-prop-valid 313ms (cache miss)
392 silly packumentCache full:https://registry.npmjs.org/@emotion%2fis-prop-valid set size:undefined disposed:false
393 silly fetch manifest pdf-lib@^1.17.1
394 silly packumentCache full:https://registry.npmjs.org/pdf-lib cache-miss
395 http fetch GET 200 https://registry.npmjs.org/pdf-lib 1655ms (cache miss)
396 silly packumentCache full:https://registry.npmjs.org/pdf-lib set size:undefined disposed:false
397 silly fetch manifest recharts@^3.10.1
398 silly packumentCache full:https://registry.npmjs.org/recharts cache-miss
399 http fetch GET 200 https://registry.npmjs.org/recharts 1040ms (cache miss)
400 silly packumentCache full:https://registry.npmjs.org/recharts set size:undefined disposed:false
401 silly fetch manifest react-is@^16.8.0 || ^17.0.0 || ^18.0.0 || ^19.0.0
402 silly packumentCache full:https://registry.npmjs.org/react-is cache-miss
403 http fetch GET 200 https://registry.npmjs.org/react-is 6752ms (cache miss)
404 silly packumentCache full:https://registry.npmjs.org/react-is set size:undefined disposed:false
405 silly fetch manifest tailwind-merge@^3.6.0
406 silly packumentCache full:https://registry.npmjs.org/tailwind-merge cache-miss
407 http fetch GET 200 https://registry.npmjs.org/tailwind-merge 1195ms (cache miss)
408 silly packumentCache full:https://registry.npmjs.org/tailwind-merge set size:undefined disposed:false
409 silly fetch manifest zustand@^5.0.14
410 silly packumentCache full:https://registry.npmjs.org/zustand cache-miss
411 http fetch GET 200 https://registry.npmjs.org/zustand 554ms (cache miss)
412 silly packumentCache full:https://registry.npmjs.org/zustand set size:undefined disposed:false
413 silly fetch manifest @types/react@>=18.0.0
414 silly packumentCache full:https://registry.npmjs.org/@types%2freact cache-miss
415 http fetch GET 200 https://registry.npmjs.org/@types%2freact 1605ms (cache miss)
416 silly packumentCache full:https://registry.npmjs.org/@types%2freact set size:undefined disposed:false
417 silly fetch manifest immer@>=9.0.6
418 silly packumentCache full:https://registry.npmjs.org/immer cache-miss
419 http fetch GET 200 https://registry.npmjs.org/immer 1673ms (cache miss)
420 silly packumentCache full:https://registry.npmjs.org/immer set size:undefined disposed:false
421 silly fetch manifest use-sync-external-store@>=1.2.0
422 silly packumentCache full:https://registry.npmjs.org/use-sync-external-store cache-miss
423 http fetch GET 200 https://registry.npmjs.org/use-sync-external-store 4169ms (cache miss)
424 silly packumentCache full:https://registry.npmjs.org/use-sync-external-store set size:undefined disposed:false
425 silly fetch manifest @types/express@^4.17.21
426 silly packumentCache full:https://registry.npmjs.org/@types%2fexpress cache-miss
427 http fetch GET 200 https://registry.npmjs.org/@types%2fexpress 496ms (cache miss)
428 silly packumentCache full:https://registry.npmjs.org/@types%2fexpress set size:undefined disposed:false
429 silly fetch manifest autoprefixer@^10.4.21
430 silly packumentCache full:https://registry.npmjs.org/autoprefixer cache-miss
431 http fetch GET 200 https://registry.npmjs.org/autoprefixer 699ms (cache miss)
432 silly packumentCache full:https://registry.npmjs.org/autoprefixer set size:undefined disposed:false
433 silly fetch manifest postcss@^8.1.0
434 silly packumentCache full:https://registry.npmjs.org/postcss cache-miss
435 http cache https://registry.npmjs.org/postcss 65ms (cache hit)
436 silly packumentCache full:https://registry.npmjs.org/postcss set size:760024 disposed:false
437 silly fetch manifest esbuild@^0.25.0
438 silly packumentCache full:https://registry.npmjs.org/esbuild cache-miss
439 http fetch GET 200 https://registry.npmjs.org/esbuild 1898ms (cache miss)
440 silly packumentCache full:https://registry.npmjs.org/esbuild set size:undefined disposed:false
441 silly fetch manifest supabase@^2.115.0
442 silly packumentCache full:https://registry.npmjs.org/supabase cache-miss
443 http fetch GET 200 https://registry.npmjs.org/supabase 2633ms (cache miss)
444 silly packumentCache full:https://registry.npmjs.org/supabase set size:undefined disposed:false
445 silly fetch manifest tailwindcss@^4.1.14
446 silly packumentCache full:https://registry.npmjs.org/tailwindcss cache-miss
447 http fetch GET https://registry.npmjs.org/tailwindcss attempt 1 failed with ECONNRESET
448 silly placeDep ROOT @google/genai@2.19.0 OK for: react-example@0.0.0 want: ^2.4.0
449 silly placeDep ROOT @hookform/resolvers@5.9.1 OK for: react-example@0.0.0 want: ^5.8.0
450 silly placeDep ROOT react-hook-form@7.87.0 OK for: @hookform/resolvers@5.9.1 want: ^7.55.0
451 silly placeDep ROOT react@19.2.8 OK for: react-hook-form@7.87.0 want: ^16.8.0 || ^17 || ^18 || ^19
452 silly placeDep ROOT @supabase/supabase-js@2.112.4 OK for: react-example@0.0.0 want: ^2.112.3
453 silly placeDep ROOT @tailwindcss/vite@4.3.3 OK for: react-example@0.0.0 want: ^4.1.14
454 silly placeDep ROOT vite@6.4.3 OK for: @tailwindcss/vite@4.3.3 want: ^5.2.0 || ^6 || ^7 || ^8
455 silly placeDep ROOT @tanstack/react-query@5.102.8 OK for: react-example@0.0.0 want: ^5.101.4
456 silly placeDep ROOT @tanstack/react-router@1.120.0 OK for: react-example@0.0.0 want: 1.120.0
457 silly placeDep ROOT react-dom@19.2.8 OK for: @tanstack/react-router@1.120.0 want: >=18.0.0 || >=19.0.0
458 silly placeDep ROOT @tanstack/react-start@1.120.0 OK for: react-example@0.0.0 want: 1.120.0
459 silly placeDep ROOT @types/express@4.17.25 OK for: react-example@0.0.0 want: ^4.17.21
460 silly placeDep ROOT @types/node@22.20.1 OK for: react-example@0.0.0 want: ^22.14.0
461 silly placeDep ROOT @vitejs/plugin-react@5.2.0 OK for: react-example@0.0.0 want: ^5.0.4
462 silly placeDep ROOT autoprefixer@10.5.4 OK for: react-example@0.0.0 want: ^10.4.21
463 silly placeDep ROOT postcss@8.5.26 OK for: autoprefixer@10.5.4 want: ^8.1.0
464 silly placeDep ROOT axios@1.20.0 OK for: react-example@0.0.0 want: ^1.19.0
465 silly placeDep ROOT class-variance-authority@0.7.1 OK for: react-example@0.0.0 want: ^0.7.1
466 silly placeDep ROOT clsx@2.1.1 OK for: react-example@0.0.0 want: ^2.1.1
467 silly placeDep ROOT dotenv@17.4.2 OK for: react-example@0.0.0 want: ^17.2.3
468 silly placeDep ROOT esbuild@0.25.12 OK for: react-example@0.0.0 want: ^0.25.0
469 silly placeDep ROOT express@4.22.2 OK for: react-example@0.0.0 want: ^4.21.2
470 silly placeDep ROOT lucide-react@0.546.0 OK for: react-example@0.0.0 want: ^0.546.0
471 silly placeDep ROOT motion@12.43.0 OK for: react-example@0.0.0 want: ^12.23.24
472 silly placeDep ROOT pdf-lib@1.17.1 OK for: react-example@0.0.0 want: ^1.17.1
473 silly placeDep ROOT recharts@3.10.1 OK for: react-example@0.0.0 want: ^3.10.1
474 silly placeDep ROOT react-is@19.2.8 OK for: recharts@3.10.1 want: ^16.8.0 || ^17.0.0 || ^18.0.0 || ^19.0.0
475 silly placeDep ROOT supabase@2.116.0 OK for: react-example@0.0.0 want: ^2.115.0
476 silly placeDep ROOT tailwind-merge@3.6.0 OK for: react-example@0.0.0 want: ^3.6.0
477 silly placeDep ROOT tailwindcss@ OK for: react-example@0.0.0 want: ^4.1.14
478 silly placeDep ROOT tsx@4.23.13 OK for: react-example@0.0.0 want: ^4.21.0
479 silly placeDep ROOT typescript@5.8.3 OK for: react-example@0.0.0 want: ~5.8.2
480 silly placeDep ROOT zod@4.5.4 OK for: react-example@0.0.0 want: ^4.4.3
481 silly placeDep ROOT zustand@5.0.15 OK for: react-example@0.0.0 want: ^5.0.14
482 silly fetch manifest ws@^8.18.0
483 silly packumentCache full:https://registry.npmjs.org/ws cache-miss
484 silly fetch manifest p-retry@^4.6.2
485 silly packumentCache full:https://registry.npmjs.org/p-retry cache-miss
486 silly fetch manifest protobufjs@^7.5.4
487 silly packumentCache full:https://registry.npmjs.org/protobufjs cache-miss
488 http fetch GET https://registry.npmjs.org/protobufjs attempt 1 failed with ETIMEDOUT
489 http fetch GET https://registry.npmjs.org/ws attempt 1 failed with ETIMEDOUT
490 http fetch GET https://registry.npmjs.org/p-retry attempt 1 failed with ETIMEDOUT
491 http fetch GET https://registry.npmjs.org/protobufjs attempt 2 failed with ETIMEDOUT
492 http fetch GET https://registry.npmjs.org/ws attempt 2 failed with ETIMEDOUT
493 http fetch GET https://registry.npmjs.org/p-retry attempt 2 failed with ETIMEDOUT
494 http fetch GET 200 https://registry.npmjs.org/p-retry 118458ms attempt #3 (cache miss)
495 silly packumentCache full:https://registry.npmjs.org/p-retry set size:undefined disposed:false
496 silly fetch manifest google-auth-library@^10.3.0
497 silly packumentCache full:https://registry.npmjs.org/google-auth-library cache-miss
498 http fetch GET 200 https://registry.npmjs.org/protobufjs 119266ms attempt #3 (cache miss)
499 silly packumentCache full:https://registry.npmjs.org/protobufjs set size:undefined disposed:false
500 silly fetch manifest @standard-schema/utils@^0.3.0
501 silly packumentCache full:https://registry.npmjs.org/@standard-schema%2futils cache-miss
502 http fetch GET 200 https://registry.npmjs.org/google-auth-library 912ms (cache miss)
503 silly packumentCache full:https://registry.npmjs.org/google-auth-library set size:undefined disposed:false
504 silly fetch manifest @supabase/auth-js@2.112.4
505 silly packumentCache full:https://registry.npmjs.org/@supabase%2fauth-js cache-miss
506 http fetch GET 200 https://registry.npmjs.org/@standard-schema%2futils 1811ms (cache miss)
507 silly packumentCache full:https://registry.npmjs.org/@standard-schema%2futils set size:undefined disposed:false
508 silly fetch manifest @supabase/storage-js@2.112.4
509 silly packumentCache full:https://registry.npmjs.org/@supabase%2fstorage-js cache-miss
510 http fetch GET 200 https://registry.npmjs.org/@supabase%2fauth-js 1807ms (cache miss)
511 silly packumentCache full:https://registry.npmjs.org/@supabase%2fauth-js set size:undefined disposed:false
512 silly fetch manifest @supabase/realtime-js@2.112.4
513 silly packumentCache full:https://registry.npmjs.org/@supabase%2frealtime-js cache-miss
514 http fetch GET 200 https://registry.npmjs.org/ws 121410ms attempt #3 (cache miss)
515 silly packumentCache full:https://registry.npmjs.org/ws set size:undefined disposed:false
516 silly fetch manifest @supabase/functions-js@2.112.4
517 silly packumentCache full:https://registry.npmjs.org/@supabase%2ffunctions-js cache-miss
518 http fetch GET 200 https://registry.npmjs.org/@supabase%2frealtime-js 1468ms (cache miss)
519 silly packumentCache full:https://registry.npmjs.org/@supabase%2frealtime-js set size:undefined disposed:false
520 silly fetch manifest @supabase/postgrest-js@2.112.4
521 silly packumentCache full:https://registry.npmjs.org/@supabase%2fpostgrest-js cache-miss
522 http fetch GET 200 https://registry.npmjs.org/@supabase%2fpostgrest-js 1713ms (cache miss)
523 silly packumentCache full:https://registry.npmjs.org/@supabase%2fpostgrest-js set size:undefined disposed:false
524 silly fetch manifest tailwindcss@4.3.3
525 silly packumentCache full:https://registry.npmjs.org/tailwindcss cache-miss
526 http fetch GET 200 https://registry.npmjs.org/@supabase%2ffunctions-js 3335ms (cache miss)
527 silly packumentCache full:https://registry.npmjs.org/@supabase%2ffunctions-js set size:undefined disposed:false
528 silly fetch manifest @tailwindcss/node@4.3.3
529 silly packumentCache full:https://registry.npmjs.org/@tailwindcss%2fnode cache-miss
530 http fetch GET 200 https://registry.npmjs.org/@supabase%2fstorage-js 3735ms (cache miss)
531 silly packumentCache full:https://registry.npmjs.org/@supabase%2fstorage-js set size:undefined disposed:false
532 silly fetch manifest @tailwindcss/oxide@4.3.3
533 silly packumentCache full:https://registry.npmjs.org/@tailwindcss%2foxide cache-miss
534 http fetch GET 200 https://registry.npmjs.org/@tailwindcss%2fnode 2712ms (cache miss)
535 silly packumentCache full:https://registry.npmjs.org/@tailwindcss%2fnode set size:undefined disposed:false
536 silly fetch manifest fdir@^6.4.4
537 silly packumentCache full:https://registry.npmjs.org/fdir cache-miss
538 http fetch GET 200 https://registry.npmjs.org/fdir 588ms (cache miss)
539 silly packumentCache full:https://registry.npmjs.org/fdir set size:undefined disposed:false
540 silly fetch manifest rollup@^4.34.9
541 silly packumentCache full:https://registry.npmjs.org/rollup cache-miss
542 http fetch GET 200 https://registry.npmjs.org/@tailwindcss%2foxide 5481ms (cache miss)
543 silly packumentCache full:https://registry.npmjs.org/@tailwindcss%2foxide set size:undefined disposed:false
544 silly fetch manifest postcss@^8.5.3
545 silly packumentCache full:https://registry.npmjs.org/postcss cache-hit
546 silly fetch manifest picomatch@^4.0.2
547 silly packumentCache full:https://registry.npmjs.org/picomatch cache-miss
548 http fetch GET 200 https://registry.npmjs.org/picomatch 449ms (cache miss)
549 silly packumentCache full:https://registry.npmjs.org/picomatch set size:undefined disposed:false
550 silly fetch manifest tinyglobby@^0.2.13
551 silly packumentCache full:https://registry.npmjs.org/tinyglobby cache-miss
552 http fetch GET 200 https://registry.npmjs.org/tinyglobby 195ms (cache miss)
553 silly packumentCache full:https://registry.npmjs.org/tinyglobby set size:undefined disposed:false
554 silly fetch manifest fsevents@~2.3.3
555 silly packumentCache full:https://registry.npmjs.org/fsevents cache-miss
556 http fetch GET 200 https://registry.npmjs.org/fsevents 583ms (cache miss)
557 silly packumentCache full:https://registry.npmjs.org/fsevents set size:undefined disposed:false
558 silly fetch manifest @tanstack/query-core@5.102.8
559 silly packumentCache full:https://registry.npmjs.org/@tanstack%2fquery-core cache-miss
560 silly fetch manifest jsesc@^3.1.0
561 silly packumentCache full:https://registry.npmjs.org/jsesc cache-miss
562 silly fetch manifest tiny-warning@^1.0.3
563 silly packumentCache full:https://registry.npmjs.org/tiny-warning cache-miss
564 silly fetch manifest tiny-invariant@^1.3.3
565 silly packumentCache full:https://registry.npmjs.org/tiny-invariant cache-miss
566 http fetch GET 200 https://registry.npmjs.org/tiny-invariant 568ms (cache miss)
567 silly packumentCache full:https://registry.npmjs.org/tiny-invariant set size:undefined disposed:false
568 silly fetch manifest @tanstack/history@1.115.0
569 silly packumentCache full:https://registry.npmjs.org/@tanstack%2fhistory cache-miss
570 http fetch GET 200 https://registry.npmjs.org/jsesc 605ms (cache miss)
571 silly packumentCache full:https://registry.npmjs.org/jsesc set size:undefined disposed:false
572 silly fetch manifest @tanstack/react-store@^0.7.0
573 silly packumentCache full:https://registry.npmjs.org/@tanstack%2freact-store cache-miss
574 http fetch GET 200 https://registry.npmjs.org/tiny-warning 732ms (cache miss)
575 silly packumentCache full:https://registry.npmjs.org/tiny-warning set size:undefined disposed:false
576 silly fetch manifest @tanstack/router-core@1.119.0
577 silly packumentCache full:https://registry.npmjs.org/@tanstack%2frouter-core cache-miss
578 http fetch GET 200 https://registry.npmjs.org/@tanstack%2frouter-core 409ms (cache miss)
579 silly packumentCache full:https://registry.npmjs.org/@tanstack%2frouter-core set size:undefined disposed:false
580 silly fetch manifest scheduler@^0.27.0
581 silly packumentCache full:https://registry.npmjs.org/scheduler cache-miss
582 http fetch GET 200 https://registry.npmjs.org/@tanstack%2freact-store 687ms (cache miss)
583 silly packumentCache full:https://registry.npmjs.org/@tanstack%2freact-store set size:undefined disposed:false
584 silly fetch manifest @tanstack/start-api-routes@^1.119.0
585 silly packumentCache full:https://registry.npmjs.org/@tanstack%2fstart-api-routes cache-miss
586 http fetch GET 200 https://registry.npmjs.org/@tanstack%2fhistory 718ms (cache miss)
587 silly packumentCache full:https://registry.npmjs.org/@tanstack%2fhistory set size:undefined disposed:false
588 silly fetch manifest @tanstack/react-start-client@^1.120.0
589 silly packumentCache full:https://registry.npmjs.org/@tanstack%2freact-start-client cache-miss
590 http fetch GET 200 https://registry.npmjs.org/scheduler 591ms (cache miss)
591 silly packumentCache full:https://registry.npmjs.org/scheduler set size:undefined disposed:false
592 silly fetch manifest @tanstack/react-start-config@^1.120.0
593 silly packumentCache full:https://registry.npmjs.org/@tanstack%2freact-start-config cache-miss
594 http fetch GET 200 https://registry.npmjs.org/@tanstack%2fstart-api-routes 730ms (cache miss)
595 silly packumentCache full:https://registry.npmjs.org/@tanstack%2fstart-api-routes set size:undefined disposed:false
596 silly fetch manifest @tanstack/react-start-server@^1.120.0
597 silly packumentCache full:https://registry.npmjs.org/@tanstack%2freact-start-server cache-miss
598 http fetch GET 200 https://registry.npmjs.org/@tanstack%2freact-start-client 813ms (cache miss)
599 silly packumentCache full:https://registry.npmjs.org/@tanstack%2freact-start-client set size:undefined disposed:false
600 silly fetch manifest @tanstack/start-server-functions-ssr@^1.119.2
601 silly packumentCache full:https://registry.npmjs.org/@tanstack%2fstart-server-functions-ssr cache-miss
602 http fetch GET 200 https://registry.npmjs.org/@tanstack%2freact-start-server 393ms (cache miss)
603 silly packumentCache full:https://registry.npmjs.org/@tanstack%2freact-start-server set size:undefined disposed:false
604 silly fetch manifest @tanstack/react-start-router-manifest@^1.119.0
605 silly packumentCache full:https://registry.npmjs.org/@tanstack%2freact-start-router-manifest cache-miss
606 http fetch GET 200 https://registry.npmjs.org/@tanstack%2freact-start-config 734ms (cache miss)
607 silly packumentCache full:https://registry.npmjs.org/@tanstack%2freact-start-config set size:undefined disposed:false
608 silly fetch manifest @tanstack/start-server-functions-client@^1.119.2
609 silly packumentCache full:https://registry.npmjs.org/@tanstack%2fstart-server-functions-client cache-miss
610 http fetch GET 200 https://registry.npmjs.org/@tanstack%2fstart-server-functions-ssr 916ms (cache miss)
611 silly packumentCache full:https://registry.npmjs.org/@tanstack%2fstart-server-functions-ssr set size:undefined disposed:false
612 silly fetch manifest @tanstack/start-server-functions-server@^1.119.2
613 silly packumentCache full:https://registry.npmjs.org/@tanstack%2fstart-server-functions-server cache-miss
614 http fetch GET 200 https://registry.npmjs.org/@tanstack%2freact-start-router-manifest 688ms (cache miss)
615 silly packumentCache full:https://registry.npmjs.org/@tanstack%2freact-start-router-manifest set size:undefined disposed:false
616 silly fetch manifest @tanstack/start-server-functions-handler@^1.119.0
617 silly packumentCache full:https://registry.npmjs.org/@tanstack%2fstart-server-functions-handler cache-miss
618 http fetch GET 200 https://registry.npmjs.org/@tanstack%2fstart-server-functions-client 682ms (cache miss)
619 silly packumentCache full:https://registry.npmjs.org/@tanstack%2fstart-server-functions-client set size:undefined disposed:false
620 silly fetch manifest @types/qs@*
621 silly packumentCache full:https://registry.npmjs.org/@types%2fqs cache-miss
622 http fetch GET 200 https://registry.npmjs.org/@types%2fqs 175ms (cache miss)
623 silly packumentCache full:https://registry.npmjs.org/@types%2fqs set size:undefined disposed:false
624 silly fetch manifest @types/body-parser@*
625 silly packumentCache full:https://registry.npmjs.org/@types%2fbody-parser cache-miss
626 http fetch GET 200 https://registry.npmjs.org/@types%2fbody-parser 169ms (cache miss)
627 silly packumentCache full:https://registry.npmjs.org/@types%2fbody-parser set size:undefined disposed:false
628 silly fetch manifest @types/serve-static@^1
629 silly packumentCache full:https://registry.npmjs.org/@types%2fserve-static cache-miss
630 http fetch GET 200 https://registry.npmjs.org/@tanstack%2fstart-server-functions-server 625ms (cache miss)
631 silly packumentCache full:https://registry.npmjs.org/@tanstack%2fstart-server-functions-server set size:undefined disposed:false
632 silly fetch manifest @types/express-serve-static-core@^4.17.33
633 silly packumentCache full:https://registry.npmjs.org/@types%2fexpress-serve-static-core cache-miss
634 http fetch GET 200 https://registry.npmjs.org/@tanstack%2fstart-server-functions-handler 630ms (cache miss)
635 silly packumentCache full:https://registry.npmjs.org/@tanstack%2fstart-server-functions-handler set size:undefined disposed:false
636 silly fetch manifest undici-types@~6.21.0
637 silly packumentCache full:https://registry.npmjs.org/undici-types cache-miss
638 http fetch GET 200 https://registry.npmjs.org/@types%2fserve-static 508ms (cache miss)
639 silly packumentCache full:https://registry.npmjs.org/@types%2fserve-static set size:undefined disposed:false
640 silly fetch manifest @babel/core@^7.29.0
641 silly packumentCache full:https://registry.npmjs.org/@babel%2fcore cache-miss
642 http fetch GET 200 https://registry.npmjs.org/@types%2fexpress-serve-static-core 1239ms (cache miss)
643 silly packumentCache full:https://registry.npmjs.org/@types%2fexpress-serve-static-core set size:undefined disposed:false
644 silly fetch manifest react-refresh@^0.18.0
645 silly packumentCache full:https://registry.npmjs.org/react-refresh cache-miss
646 http fetch GET 200 https://registry.npmjs.org/undici-types 1188ms (cache miss)
647 silly packumentCache full:https://registry.npmjs.org/undici-types set size:undefined disposed:false
648 silly fetch manifest @types/babel__core@^7.20.5
649 silly packumentCache full:https://registry.npmjs.org/@types%2fbabel__core cache-miss
650 http fetch GET 200 https://registry.npmjs.org/@types%2fbabel__core 245ms (cache miss)
651 silly packumentCache full:https://registry.npmjs.org/@types%2fbabel__core set size:undefined disposed:false
652 silly fetch manifest @rolldown/pluginutils@1.0.0-rc.3
653 silly packumentCache full:https://registry.npmjs.org/@rolldown%2fpluginutils cache-miss
654 http fetch GET 200 https://registry.npmjs.org/@babel%2fcore 1017ms (cache miss)
655 silly packumentCache full:https://registry.npmjs.org/@babel%2fcore set size:undefined disposed:false
656 silly fetch manifest @babel/plugin-transform-react-jsx-self@^7.27.1
657 silly packumentCache full:https://registry.npmjs.org/@babel%2fplugin-transform-react-jsx-self cache-miss
658 http fetch GET 200 https://registry.npmjs.org/@babel%2fplugin-transform-react-jsx-self 225ms (cache miss)
659 silly packumentCache full:https://registry.npmjs.org/@babel%2fplugin-transform-react-jsx-self set size:undefined disposed:false
660 silly fetch manifest @babel/plugin-transform-react-jsx-source@^7.27.1
661 silly packumentCache full:https://registry.npmjs.org/@babel%2fplugin-transform-react-jsx-source cache-miss
662 http fetch GET 200 https://registry.npmjs.org/@rolldown%2fpluginutils 265ms (cache miss)
663 silly packumentCache full:https://registry.npmjs.org/@rolldown%2fpluginutils set size:undefined disposed:false
664 silly fetch manifest picocolors@^1.1.1
665 silly packumentCache full:https://registry.npmjs.org/picocolors cache-miss
666 http fetch GET 200 https://registry.npmjs.org/picocolors 189ms (cache miss)
667 silly packumentCache full:https://registry.npmjs.org/picocolors set size:undefined disposed:false
668 silly fetch manifest fraction.js@^5.3.4
669 silly packumentCache full:https://registry.npmjs.org/fraction.js cache-miss
670 http fetch GET 200 https://registry.npmjs.org/@babel%2fplugin-transform-react-jsx-source 209ms (cache miss)
671 silly packumentCache full:https://registry.npmjs.org/@babel%2fplugin-transform-react-jsx-source set size:undefined disposed:false
672 silly fetch manifest browserslist@^4.28.6
673 silly packumentCache full:https://registry.npmjs.org/browserslist cache-miss
674 http fetch GET 200 https://registry.npmjs.org/react-refresh 788ms (cache miss)
675 silly packumentCache full:https://registry.npmjs.org/react-refresh set size:undefined disposed:false
676 silly fetch manifest caniuse-lite@^1.0.30001806
677 silly packumentCache full:https://registry.npmjs.org/caniuse-lite cache-miss
678 http fetch GET 200 https://registry.npmjs.org/fraction.js 211ms (cache miss)
679 silly packumentCache full:https://registry.npmjs.org/fraction.js set size:undefined disposed:false
680 silly fetch manifest postcss-value-parser@^4.2.0
681 silly packumentCache full:https://registry.npmjs.org/postcss-value-parser cache-miss
682 http fetch GET 200 https://registry.npmjs.org/browserslist 227ms (cache miss)
683 silly packumentCache full:https://registry.npmjs.org/browserslist set size:undefined disposed:false
684 silly fetch manifest nanoid@^3.3.17
685 silly packumentCache full:https://registry.npmjs.org/nanoid cache-miss
686 http fetch GET 200 https://registry.npmjs.org/postcss-value-parser 166ms (cache miss)
687 silly packumentCache full:https://registry.npmjs.org/postcss-value-parser set size:undefined disposed:false
688 silly fetch manifest source-map-js@^1.2.1
689 silly packumentCache full:https://registry.npmjs.org/source-map-js cache-miss
690 http fetch GET 200 https://registry.npmjs.org/nanoid 177ms (cache miss)
691 silly packumentCache full:https://registry.npmjs.org/nanoid set size:undefined disposed:false
692 silly fetch manifest form-data@^4.0.6
693 silly packumentCache full:https://registry.npmjs.org/form-data cache-miss
694 http fetch GET 200 https://registry.npmjs.org/source-map-js 260ms (cache miss)
695 silly packumentCache full:https://registry.npmjs.org/source-map-js set size:undefined disposed:false
696 silly fetch manifest proxy-from-env@^2.1.0
697 silly packumentCache full:https://registry.npmjs.org/proxy-from-env cache-miss
698 http fetch GET 200 https://registry.npmjs.org/form-data 221ms (cache miss)
699 silly packumentCache full:https://registry.npmjs.org/form-data set size:undefined disposed:false
700 silly fetch manifest follow-redirects@^1.16.0
701 silly packumentCache full:https://registry.npmjs.org/follow-redirects cache-miss
702 http fetch GET 200 https://registry.npmjs.org/caniuse-lite 593ms (cache miss)
703 silly packumentCache full:https://registry.npmjs.org/caniuse-lite set size:undefined disposed:false
704 silly fetch manifest https-proxy-agent@^5.0.1
705 silly packumentCache full:https://registry.npmjs.org/https-proxy-agent cache-miss
706 http fetch GET 200 https://registry.npmjs.org/proxy-from-env 158ms (cache miss)
707 silly packumentCache full:https://registry.npmjs.org/proxy-from-env set size:undefined disposed:false
708 silly fetch manifest @esbuild/aix-ppc64@0.25.12
709 silly packumentCache full:https://registry.npmjs.org/@esbuild%2faix-ppc64 cache-miss
710 http fetch GET 200 https://registry.npmjs.org/follow-redirects 167ms (cache miss)
711 silly packumentCache full:https://registry.npmjs.org/follow-redirects set size:undefined disposed:false
712 silly fetch manifest @esbuild/linux-arm@0.25.12
713 silly packumentCache full:https://registry.npmjs.org/@esbuild%2flinux-arm cache-miss
714 http fetch GET 200 https://registry.npmjs.org/https-proxy-agent 164ms (cache miss)
715 silly packumentCache full:https://registry.npmjs.org/https-proxy-agent set size:undefined disposed:false
716 silly fetch manifest @esbuild/linux-x64@0.25.12
717 silly packumentCache full:https://registry.npmjs.org/@esbuild%2flinux-x64 cache-miss
718 http fetch GET 200 https://registry.npmjs.org/@esbuild%2faix-ppc64 171ms (cache miss)
719 silly packumentCache full:https://registry.npmjs.org/@esbuild%2faix-ppc64 set size:undefined disposed:false
720 silly fetch manifest @esbuild/sunos-x64@0.25.12
721 silly packumentCache full:https://registry.npmjs.org/@esbuild%2fsunos-x64 cache-miss
722 http fetch GET 200 https://registry.npmjs.org/@esbuild%2flinux-arm 258ms (cache miss)
723 silly packumentCache full:https://registry.npmjs.org/@esbuild%2flinux-arm set size:undefined disposed:false
724 silly fetch manifest @esbuild/win32-x64@0.25.12
725 silly packumentCache full:https://registry.npmjs.org/@esbuild%2fwin32-x64 cache-miss
726 http fetch GET 200 https://registry.npmjs.org/@esbuild%2flinux-x64 207ms (cache miss)
727 silly packumentCache full:https://registry.npmjs.org/@esbuild%2flinux-x64 set size:undefined disposed:false
728 silly fetch manifest @esbuild/darwin-x64@0.25.12
729 silly packumentCache full:https://registry.npmjs.org/@esbuild%2fdarwin-x64 cache-miss
730 http fetch GET 200 https://registry.npmjs.org/@esbuild%2fdarwin-x64 651ms (cache miss)
731 silly packumentCache full:https://registry.npmjs.org/@esbuild%2fdarwin-x64 set size:undefined disposed:false
732 silly fetch manifest @esbuild/linux-ia32@0.25.12
733 silly packumentCache full:https://registry.npmjs.org/@esbuild%2flinux-ia32 cache-miss
734 http fetch GET 200 https://registry.npmjs.org/@esbuild%2fsunos-x64 793ms (cache miss)
735 silly packumentCache full:https://registry.npmjs.org/@esbuild%2fsunos-x64 set size:undefined disposed:false
736 silly fetch manifest @esbuild/netbsd-x64@0.25.12
737 silly packumentCache full:https://registry.npmjs.org/@esbuild%2fnetbsd-x64 cache-miss
738 http fetch GET 200 https://registry.npmjs.org/@esbuild%2fwin32-x64 700ms (cache miss)
739 silly packumentCache full:https://registry.npmjs.org/@esbuild%2fwin32-x64 set size:undefined disposed:false
740 silly fetch manifest @esbuild/win32-ia32@0.25.12
741 silly packumentCache full:https://registry.npmjs.org/@esbuild%2fwin32-ia32 cache-miss
742 http fetch GET 200 https://registry.npmjs.org/@esbuild%2fnetbsd-x64 373ms (cache miss)
743 silly packumentCache full:https://registry.npmjs.org/@esbuild%2fnetbsd-x64 set size:undefined disposed:false
744 silly fetch manifest @esbuild/android-arm@0.25.12
745 silly packumentCache full:https://registry.npmjs.org/@esbuild%2fandroid-arm cache-miss
746 http fetch GET 200 https://registry.npmjs.org/@esbuild%2fwin32-ia32 366ms (cache miss)
747 silly packumentCache full:https://registry.npmjs.org/@esbuild%2fwin32-ia32 set size:undefined disposed:false
748 silly fetch manifest @esbuild/android-x64@0.25.12
749 silly packumentCache full:https://registry.npmjs.org/@esbuild%2fandroid-x64 cache-miss
750 http fetch GET 200 https://registry.npmjs.org/@esbuild%2flinux-ia32 422ms (cache miss)
751 silly packumentCache full:https://registry.npmjs.org/@esbuild%2flinux-ia32 set size:undefined disposed:false
752 silly fetch manifest @esbuild/freebsd-x64@0.25.12
753 silly packumentCache full:https://registry.npmjs.org/@esbuild%2ffreebsd-x64 cache-miss
754 http fetch GET 200 https://registry.npmjs.org/@esbuild%2ffreebsd-x64 982ms (cache miss)
755 silly packumentCache full:https://registry.npmjs.org/@esbuild%2ffreebsd-x64 set size:undefined disposed:false
756 silly fetch manifest @esbuild/linux-arm64@0.25.12
757 silly packumentCache full:https://registry.npmjs.org/@esbuild%2flinux-arm64 cache-miss
758 http fetch GET 200 https://registry.npmjs.org/@esbuild%2fandroid-x64 1207ms (cache miss)
759 silly packumentCache full:https://registry.npmjs.org/@esbuild%2fandroid-x64 set size:undefined disposed:false
760 silly fetch manifest @esbuild/linux-ppc64@0.25.12
761 silly packumentCache full:https://registry.npmjs.org/@esbuild%2flinux-ppc64 cache-miss
762 http fetch GET 200 https://registry.npmjs.org/@esbuild%2fandroid-arm 1325ms (cache miss)
763 silly packumentCache full:https://registry.npmjs.org/@esbuild%2fandroid-arm set size:undefined disposed:false
764 silly fetch manifest @esbuild/linux-s390x@0.25.12
765 silly packumentCache full:https://registry.npmjs.org/@esbuild%2flinux-s390x cache-miss
766 http fetch GET 200 https://registry.npmjs.org/@esbuild%2flinux-ppc64 441ms (cache miss)
767 silly packumentCache full:https://registry.npmjs.org/@esbuild%2flinux-ppc64 set size:undefined disposed:false
768 silly fetch manifest @esbuild/openbsd-x64@0.25.12
769 silly packumentCache full:https://registry.npmjs.org/@esbuild%2fopenbsd-x64 cache-miss
770 http fetch GET 200 https://registry.npmjs.org/@esbuild%2flinux-arm64 669ms (cache miss)
771 silly packumentCache full:https://registry.npmjs.org/@esbuild%2flinux-arm64 set size:undefined disposed:false
772 silly fetch manifest @esbuild/win32-arm64@0.25.12
773 silly packumentCache full:https://registry.npmjs.org/@esbuild%2fwin32-arm64 cache-miss
774 http fetch GET 200 https://registry.npmjs.org/@esbuild%2flinux-s390x 346ms (cache miss)
775 silly packumentCache full:https://registry.npmjs.org/@esbuild%2flinux-s390x set size:undefined disposed:false
776 silly fetch manifest @esbuild/darwin-arm64@0.25.12
777 silly packumentCache full:https://registry.npmjs.org/@esbuild%2fdarwin-arm64 cache-miss
778 http fetch GET 200 https://registry.npmjs.org/@esbuild%2fopenbsd-x64 516ms (cache miss)
779 silly packumentCache full:https://registry.npmjs.org/@esbuild%2fopenbsd-x64 set size:undefined disposed:false
780 silly fetch manifest @esbuild/netbsd-arm64@0.25.12
781 silly packumentCache full:https://registry.npmjs.org/@esbuild%2fnetbsd-arm64 cache-miss
782 http fetch GET 200 https://registry.npmjs.org/@esbuild%2fwin32-arm64 555ms (cache miss)
783 silly packumentCache full:https://registry.npmjs.org/@esbuild%2fwin32-arm64 set size:undefined disposed:false
784 silly fetch manifest @esbuild/android-arm64@0.25.12
785 silly packumentCache full:https://registry.npmjs.org/@esbuild%2fandroid-arm64 cache-miss
786 http fetch GET 200 https://registry.npmjs.org/@esbuild%2fdarwin-arm64 599ms (cache miss)
787 silly packumentCache full:https://registry.npmjs.org/@esbuild%2fdarwin-arm64 set size:undefined disposed:false
788 silly fetch manifest @esbuild/freebsd-arm64@0.25.12
789 silly packumentCache full:https://registry.npmjs.org/@esbuild%2ffreebsd-arm64 cache-miss
790 http fetch GET 200 https://registry.npmjs.org/@esbuild%2fnetbsd-arm64 2544ms (cache miss)
791 silly packumentCache full:https://registry.npmjs.org/@esbuild%2fnetbsd-arm64 set size:undefined disposed:false
792 silly fetch manifest @esbuild/linux-loong64@0.25.12
793 silly packumentCache full:https://registry.npmjs.org/@esbuild%2flinux-loong64 cache-miss
794 http fetch GET 200 https://registry.npmjs.org/@esbuild%2ffreebsd-arm64 2545ms (cache miss)
795 silly packumentCache full:https://registry.npmjs.org/@esbuild%2ffreebsd-arm64 set size:undefined disposed:false
796 silly fetch manifest @esbuild/linux-riscv64@0.25.12
797 silly packumentCache full:https://registry.npmjs.org/@esbuild%2flinux-riscv64 cache-miss
798 http fetch GET 200 https://registry.npmjs.org/@esbuild%2fandroid-arm64 2676ms (cache miss)
799 silly packumentCache full:https://registry.npmjs.org/@esbuild%2fandroid-arm64 set size:undefined disposed:false
800 silly fetch manifest @esbuild/openbsd-arm64@0.25.12
801 silly packumentCache full:https://registry.npmjs.org/@esbuild%2fopenbsd-arm64 cache-miss
802 http fetch GET 200 https://registry.npmjs.org/@esbuild%2flinux-riscv64 744ms (cache miss)
803 silly packumentCache full:https://registry.npmjs.org/@esbuild%2flinux-riscv64 set size:undefined disposed:false
804 silly fetch manifest @esbuild/linux-mips64el@0.25.12
805 silly packumentCache full:https://registry.npmjs.org/@esbuild%2flinux-mips64el cache-miss
806 http fetch GET 200 https://registry.npmjs.org/@esbuild%2flinux-loong64 877ms (cache miss)
807 silly packumentCache full:https://registry.npmjs.org/@esbuild%2flinux-loong64 set size:undefined disposed:false
808 silly fetch manifest @esbuild/openharmony-arm64@0.25.12
809 silly packumentCache full:https://registry.npmjs.org/@esbuild%2fopenharmony-arm64 cache-miss
810 http fetch GET 200 https://registry.npmjs.org/@esbuild%2fopenbsd-arm64 730ms (cache miss)
811 silly packumentCache full:https://registry.npmjs.org/@esbuild%2fopenbsd-arm64 set size:undefined disposed:false
812 silly fetch manifest qs@~6.15.1
813 silly packumentCache full:https://registry.npmjs.org/qs cache-miss
814 http fetch GET 200 https://registry.npmjs.org/@esbuild%2flinux-mips64el 202ms (cache miss)
815 silly packumentCache full:https://registry.npmjs.org/@esbuild%2flinux-mips64el set size:undefined disposed:false
816 silly fetch manifest depd@2.0.0
817 silly packumentCache full:https://registry.npmjs.org/depd cache-miss
818 http fetch GET 200 https://registry.npmjs.org/@esbuild%2fopenharmony-arm64 274ms (cache miss)
819 silly packumentCache full:https://registry.npmjs.org/@esbuild%2fopenharmony-arm64 set size:undefined disposed:false
820 silly fetch manifest etag@~1.8.1
821 silly packumentCache full:https://registry.npmjs.org/etag cache-miss
822 http fetch GET 200 https://registry.npmjs.org/depd 242ms (cache miss)
823 silly packumentCache full:https://registry.npmjs.org/depd set size:undefined disposed:false
824 silly fetch manifest send@~0.19.0
825 silly packumentCache full:https://registry.npmjs.org/send cache-miss
826 http fetch GET 200 https://registry.npmjs.org/etag 261ms (cache miss)
827 silly packumentCache full:https://registry.npmjs.org/etag set size:undefined disposed:false
828 silly fetch manifest vary@~1.1.2
829 silly packumentCache full:https://registry.npmjs.org/vary cache-miss
830 http fetch GET 200 https://registry.npmjs.org/qs 544ms (cache miss)
831 silly packumentCache full:https://registry.npmjs.org/qs set size:undefined disposed:false
832 silly fetch manifest debug@2.6.9
833 silly packumentCache full:https://registry.npmjs.org/debug cache-miss
834 http fetch GET 200 https://registry.npmjs.org/vary 296ms (cache miss)
835 silly packumentCache full:https://registry.npmjs.org/vary set size:undefined disposed:false
836 silly fetch manifest fresh@~0.5.2
837 silly packumentCache full:https://registry.npmjs.org/fresh cache-miss
838 http fetch GET 200 https://registry.npmjs.org/send 637ms (cache miss)
839 silly packumentCache full:https://registry.npmjs.org/send set size:undefined disposed:false
840 silly fetch manifest cookie@~0.7.1
841 silly packumentCache full:https://registry.npmjs.org/cookie cache-miss
842 http fetch GET 200 https://registry.npmjs.org/fresh 276ms (cache miss)
843 silly packumentCache full:https://registry.npmjs.org/fresh set size:undefined disposed:false
844 silly fetch manifest accepts@~1.3.8
845 silly packumentCache full:https://registry.npmjs.org/accepts cache-miss
846 http fetch GET 200 https://registry.npmjs.org/debug 555ms (cache miss)
847 silly packumentCache full:https://registry.npmjs.org/debug set size:undefined disposed:false
848 silly fetch manifest methods@~1.1.2
849 silly packumentCache full:https://registry.npmjs.org/methods cache-miss
850 http fetch GET 200 https://registry.npmjs.org/methods 957ms (cache miss)
851 silly packumentCache full:https://registry.npmjs.org/methods set size:undefined disposed:false
852 silly fetch manifest type-is@~1.6.18
853 silly packumentCache full:https://registry.npmjs.org/type-is cache-miss
854 http fetch GET 200 https://registry.npmjs.org/accepts 1082ms (cache miss)
855 silly packumentCache full:https://registry.npmjs.org/accepts set size:undefined disposed:false
856 silly fetch manifest parseurl@~1.3.3
857 silly packumentCache full:https://registry.npmjs.org/parseurl cache-miss
858 http fetch GET 200 https://registry.npmjs.org/cookie 1773ms (cache miss)
859 silly packumentCache full:https://registry.npmjs.org/cookie set size:undefined disposed:false
860 silly fetch manifest statuses@~2.0.1
861 silly packumentCache full:https://registry.npmjs.org/statuses cache-miss
862 http fetch GET 200 https://registry.npmjs.org/type-is 726ms (cache miss)
863 silly packumentCache full:https://registry.npmjs.org/type-is set size:undefined disposed:false
864 silly fetch manifest encodeurl@~2.0.0
865 silly packumentCache full:https://registry.npmjs.org/encodeurl cache-miss
866 http fetch GET 200 https://registry.npmjs.org/parseurl 874ms (cache miss)
867 silly packumentCache full:https://registry.npmjs.org/parseurl set size:undefined disposed:false
868 silly fetch manifest proxy-addr@~2.0.7
869 silly packumentCache full:https://registry.npmjs.org/proxy-addr cache-miss
870 http fetch GET 200 https://registry.npmjs.org/statuses 466ms (cache miss)
871 silly packumentCache full:https://registry.npmjs.org/statuses set size:undefined disposed:false
872 silly fetch manifest body-parser@~1.20.5
873 silly packumentCache full:https://registry.npmjs.org/body-parser cache-miss
874 http fetch GET 200 https://registry.npmjs.org/encodeurl 387ms (cache miss)
875 silly packumentCache full:https://registry.npmjs.org/encodeurl set size:undefined disposed:false
876 silly fetch manifest escape-html@~1.0.3
877 silly packumentCache full:https://registry.npmjs.org/escape-html cache-miss
878 http fetch GET 200 https://registry.npmjs.org/proxy-addr 389ms (cache miss)
879 silly packumentCache full:https://registry.npmjs.org/proxy-addr set size:undefined disposed:false
880 silly fetch manifest http-errors@~2.0.0
881 silly packumentCache full:https://registry.npmjs.org/http-errors cache-miss
882 http fetch GET 200 https://registry.npmjs.org/escape-html 221ms (cache miss)
883 silly packumentCache full:https://registry.npmjs.org/escape-html set size:undefined disposed:false
884 silly fetch manifest on-finished@~2.4.1
885 silly packumentCache full:https://registry.npmjs.org/on-finished cache-miss
886 http fetch GET 200 https://registry.npmjs.org/body-parser 335ms (cache miss)
887 silly packumentCache full:https://registry.npmjs.org/body-parser set size:undefined disposed:false
888 silly fetch manifest safe-buffer@5.2.1
889 silly packumentCache full:https://registry.npmjs.org/safe-buffer cache-miss
890 http fetch GET 200 https://registry.npmjs.org/on-finished 309ms (cache miss)
891 silly packumentCache full:https://registry.npmjs.org/on-finished set size:undefined disposed:false
892 silly fetch manifest utils-merge@1.0.1
893 silly packumentCache full:https://registry.npmjs.org/utils-merge cache-miss
894 http fetch GET 200 https://registry.npmjs.org/safe-buffer 293ms (cache miss)
895 silly packumentCache full:https://registry.npmjs.org/safe-buffer set size:undefined disposed:false
896 silly fetch manifest content-type@~1.0.4
897 silly packumentCache full:https://registry.npmjs.org/content-type cache-miss
898 http fetch GET 200 https://registry.npmjs.org/http-errors 349ms (cache miss)
899 silly packumentCache full:https://registry.npmjs.org/http-errors set size:undefined disposed:false
900 silly fetch manifest finalhandler@~1.3.1
901 silly packumentCache full:https://registry.npmjs.org/finalhandler cache-miss
902 http fetch GET 200 https://registry.npmjs.org/content-type 190ms (cache miss)
903 silly packumentCache full:https://registry.npmjs.org/content-type set size:undefined disposed:false
904 silly fetch manifest range-parser@~1.2.1
905 silly packumentCache full:https://registry.npmjs.org/range-parser cache-miss
906 http fetch GET 200 https://registry.npmjs.org/finalhandler 177ms (cache miss)
907 silly packumentCache full:https://registry.npmjs.org/finalhandler set size:undefined disposed:false
908 silly fetch manifest serve-static@~1.16.2
909 silly packumentCache full:https://registry.npmjs.org/serve-static cache-miss
910 http fetch GET 200 https://registry.npmjs.org/utils-merge 253ms (cache miss)
911 silly packumentCache full:https://registry.npmjs.org/utils-merge set size:undefined disposed:false
912 silly fetch manifest array-flatten@1.1.1
913 silly packumentCache full:https://registry.npmjs.org/array-flatten cache-miss
914 http fetch GET 200 https://registry.npmjs.org/range-parser 851ms (cache miss)
915 silly packumentCache full:https://registry.npmjs.org/range-parser set size:undefined disposed:false
916 silly fetch manifest path-to-regexp@~0.1.12
917 silly packumentCache full:https://registry.npmjs.org/path-to-regexp cache-miss
918 http fetch GET 200 https://registry.npmjs.org/array-flatten 1343ms (cache miss)
919 silly packumentCache full:https://registry.npmjs.org/array-flatten set size:undefined disposed:false
920 silly fetch manifest setprototypeof@1.2.0
921 silly packumentCache full:https://registry.npmjs.org/setprototypeof cache-miss
922 http fetch GET 200 https://registry.npmjs.org/serve-static 1382ms (cache miss)
923 silly packumentCache full:https://registry.npmjs.org/serve-static set size:undefined disposed:false
924 silly fetch manifest cookie-signature@~1.0.6
925 silly packumentCache full:https://registry.npmjs.org/cookie-signature cache-miss
926 http fetch GET 200 https://registry.npmjs.org/path-to-regexp 837ms (cache miss)
927 silly packumentCache full:https://registry.npmjs.org/path-to-regexp set size:undefined disposed:false
928 silly fetch manifest merge-descriptors@1.0.3
929 silly packumentCache full:https://registry.npmjs.org/merge-descriptors cache-miss
930 http fetch GET 200 https://registry.npmjs.org/cookie-signature 387ms (cache miss)
931 silly packumentCache full:https://registry.npmjs.org/cookie-signature set size:undefined disposed:false
932 silly fetch manifest content-disposition@~0.5.4
933 silly packumentCache full:https://registry.npmjs.org/content-disposition cache-miss
934 http fetch GET 200 https://registry.npmjs.org/setprototypeof 469ms (cache miss)
935 silly packumentCache full:https://registry.npmjs.org/setprototypeof set size:undefined disposed:false
936 silly fetch manifest tslib@^2.4.0
937 silly packumentCache full:https://registry.npmjs.org/tslib cache-miss
938 http fetch GET 200 https://registry.npmjs.org/merge-descriptors 287ms (cache miss)
939 silly packumentCache full:https://registry.npmjs.org/merge-descriptors set size:undefined disposed:false
940 silly fetch manifest framer-motion@^12.43.0
941 silly packumentCache full:https://registry.npmjs.org/framer-motion cache-miss
942 http fetch GET 200 https://registry.npmjs.org/content-disposition 227ms (cache miss)
943 silly packumentCache full:https://registry.npmjs.org/content-disposition set size:undefined disposed:false
944 silly fetch manifest @pdf-lib/standard-fonts@^1.0.0
945 silly packumentCache full:https://registry.npmjs.org/@pdf-lib%2fstandard-fonts cache-miss
946 http fetch GET 200 https://registry.npmjs.org/tslib 232ms (cache miss)
947 silly packumentCache full:https://registry.npmjs.org/tslib set size:undefined disposed:false
948 silly fetch manifest @pdf-lib/upng@^1.0.1
949 silly packumentCache full:https://registry.npmjs.org/@pdf-lib%2fupng cache-miss
950 http fetch GET 200 https://registry.npmjs.org/@pdf-lib%2fstandard-fonts 580ms (cache miss)
951 silly packumentCache full:https://registry.npmjs.org/@pdf-lib%2fstandard-fonts set size:undefined disposed:false
952 silly fetch manifest pako@^1.0.11
953 silly packumentCache full:https://registry.npmjs.org/pako cache-miss
954 http fetch GET 200 https://registry.npmjs.org/@pdf-lib%2fupng 612ms (cache miss)
955 silly packumentCache full:https://registry.npmjs.org/@pdf-lib%2fupng set size:undefined disposed:false
956 silly fetch manifest tslib@^1.11.1
957 silly packumentCache full:https://registry.npmjs.org/tslib cache-miss
958 http cache https://registry.npmjs.org/tslib 37ms (cache hit)
959 silly packumentCache full:https://registry.npmjs.org/tslib set size:108843 disposed:false
960 silly fetch manifest immer@^11.1.8
961 silly packumentCache full:https://registry.npmjs.org/immer cache-miss
962 http fetch GET 200 https://registry.npmjs.org/framer-motion 812ms (cache miss)
963 silly packumentCache full:https://registry.npmjs.org/framer-motion set size:undefined disposed:false
964 silly fetch manifest reselect@5.2.0
965 silly packumentCache full:https://registry.npmjs.org/reselect cache-miss
966 http fetch GET 200 https://registry.npmjs.org/pako 1448ms (cache miss)
967 silly packumentCache full:https://registry.npmjs.org/pako set size:undefined disposed:false
968 silly fetch manifest es-toolkit@^1.39.3
969 silly packumentCache full:https://registry.npmjs.org/es-toolkit cache-miss
970 http cache https://registry.npmjs.org/immer 1341ms (cache hit)
971 silly packumentCache full:https://registry.npmjs.org/immer set size:798677 disposed:false
972 silly fetch manifest react-redux@8.x.x || 9.x.x
973 silly packumentCache full:https://registry.npmjs.org/react-redux cache-miss
974 http fetch GET 200 https://registry.npmjs.org/reselect 486ms (cache miss)
975 silly packumentCache full:https://registry.npmjs.org/reselect set size:undefined disposed:false
976 silly fetch manifest eventemitter3@^5.0.1
977 silly packumentCache full:https://registry.npmjs.org/eventemitter3 cache-miss
978 http fetch GET 200 https://registry.npmjs.org/react-redux 468ms (cache miss)
979 silly packumentCache full:https://registry.npmjs.org/react-redux set size:undefined disposed:false
980 silly fetch manifest victory-vendor@^37.0.2
981 silly packumentCache full:https://registry.npmjs.org/victory-vendor cache-miss
982 http fetch GET 200 https://registry.npmjs.org/eventemitter3 350ms (cache miss)
983 silly packumentCache full:https://registry.npmjs.org/eventemitter3 set size:undefined disposed:false
984 silly fetch manifest @reduxjs/toolkit@^1.9.0 || 2.x.x
985 silly packumentCache full:https://registry.npmjs.org/@reduxjs%2ftoolkit cache-miss
986 http fetch GET 200 https://registry.npmjs.org/victory-vendor 223ms (cache miss)
987 silly packumentCache full:https://registry.npmjs.org/victory-vendor set size:undefined disposed:false
988 silly fetch manifest decimal.js-light@^2.5.1
989 silly packumentCache full:https://registry.npmjs.org/decimal.js-light cache-miss
990 http fetch GET 200 https://registry.npmjs.org/@reduxjs%2ftoolkit 241ms (cache miss)
991 silly packumentCache full:https://registry.npmjs.org/@reduxjs%2ftoolkit set size:undefined disposed:false
992 silly fetch manifest use-sync-external-store@^1.2.2
993 silly packumentCache full:https://registry.npmjs.org/use-sync-external-store cache-miss
994 http fetch GET 200 https://registry.npmjs.org/decimal.js-light 961ms (cache miss)
995 silly packumentCache full:https://registry.npmjs.org/decimal.js-light set size:undefined disposed:false
996 silly fetch manifest jose@^6.2.9
997 silly packumentCache full:https://registry.npmjs.org/jose cache-miss
998 http cache https://registry.npmjs.org/use-sync-external-store 995ms (cache hit)
999 silly packumentCache full:https://registry.npmjs.org/use-sync-external-store set size:4968927 disposed:false
1000 silly fetch manifest eciesjs@^0.5.0
1001 silly packumentCache full:https://registry.npmjs.org/eciesjs cache-miss
1002 http fetch GET 200 https://registry.npmjs.org/es-toolkit 2403ms (cache miss)
1003 silly packumentCache full:https://registry.npmjs.org/es-toolkit set size:undefined disposed:false
1004 silly fetch manifest @supabase/cli-linux-x64@2.116.0
1005 silly packumentCache full:https://registry.npmjs.org/@supabase%2fcli-linux-x64 cache-miss
1006 http fetch GET 200 https://registry.npmjs.org/@supabase%2fcli-linux-x64 1943ms (cache miss)
1007 silly packumentCache full:https://registry.npmjs.org/@supabase%2fcli-linux-x64 set size:undefined disposed:false
1008 silly fetch manifest @supabase/cli-darwin-x64@2.116.0
1009 silly packumentCache full:https://registry.npmjs.org/@supabase%2fcli-darwin-x64 cache-miss
1010 http fetch GET 200 https://registry.npmjs.org/eciesjs 3001ms (cache miss)
1011 silly packumentCache full:https://registry.npmjs.org/eciesjs set size:undefined disposed:false
1012 silly fetch manifest @supabase/cli-linux-arm64@2.116.0
1013 silly packumentCache full:https://registry.npmjs.org/@supabase%2fcli-linux-arm64 cache-miss
1014 http fetch GET 200 https://registry.npmjs.org/jose 3445ms (cache miss)
1015 silly packumentCache full:https://registry.npmjs.org/jose set size:undefined disposed:false
1016 silly fetch manifest @supabase/cli-windows-x64@2.116.0
1017 silly packumentCache full:https://registry.npmjs.org/@supabase%2fcli-windows-x64 cache-miss
1018 http fetch GET 200 https://registry.npmjs.org/@supabase%2fcli-darwin-x64 391ms (cache miss)
1019 silly packumentCache full:https://registry.npmjs.org/@supabase%2fcli-darwin-x64 set size:undefined disposed:false
1020 silly fetch manifest @supabase/cli-darwin-arm64@2.116.0
1021 silly packumentCache full:https://registry.npmjs.org/@supabase%2fcli-darwin-arm64 cache-miss
1022 http fetch GET 200 https://registry.npmjs.org/@supabase%2fcli-linux-arm64 354ms (cache miss)
1023 silly packumentCache full:https://registry.npmjs.org/@supabase%2fcli-linux-arm64 set size:undefined disposed:false
1024 silly fetch manifest @supabase/cli-windows-arm64@2.116.0
1025 silly packumentCache full:https://registry.npmjs.org/@supabase%2fcli-windows-arm64 cache-miss
1026 http fetch GET 200 https://registry.npmjs.org/@supabase%2fcli-windows-x64 299ms (cache miss)
1027 silly packumentCache full:https://registry.npmjs.org/@supabase%2fcli-windows-x64 set size:undefined disposed:false
1028 silly fetch manifest @supabase/cli-linux-x64-musl@2.116.0
1029 silly packumentCache full:https://registry.npmjs.org/@supabase%2fcli-linux-x64-musl cache-miss
1030 http fetch GET 200 https://registry.npmjs.org/@supabase%2fcli-darwin-arm64 272ms (cache miss)
1031 silly packumentCache full:https://registry.npmjs.org/@supabase%2fcli-darwin-arm64 set size:undefined disposed:false
1032 silly fetch manifest @supabase/cli-linux-arm64-musl@2.116.0
1033 silly packumentCache full:https://registry.npmjs.org/@supabase%2fcli-linux-arm64-musl cache-miss
1034 http fetch GET 200 https://registry.npmjs.org/@supabase%2fcli-windows-arm64 301ms (cache miss)
1035 silly packumentCache full:https://registry.npmjs.org/@supabase%2fcli-windows-arm64 set size:undefined disposed:false
1036 silly fetch manifest esbuild@~0.28.0
1037 silly packumentCache full:https://registry.npmjs.org/esbuild cache-miss
1038 http cache https://registry.npmjs.org/esbuild 217ms (cache hit)
1039 silly packumentCache full:https://registry.npmjs.org/esbuild set size:1264676 disposed:false
1040 http fetch GET 200 https://registry.npmjs.org/@supabase%2fcli-linux-x64-musl 536ms (cache miss)
1041 silly packumentCache full:https://registry.npmjs.org/@supabase%2fcli-linux-x64-musl set size:undefined disposed:false
1042 http fetch GET 200 https://registry.npmjs.org/@supabase%2fcli-linux-arm64-musl 448ms (cache miss)
1043 silly packumentCache full:https://registry.npmjs.org/@supabase%2fcli-linux-arm64-musl set size:undefined disposed:false
1044 silly fetch manifest bufferutil@^4.0.1
1045 silly packumentCache full:https://registry.npmjs.org/bufferutil cache-miss
1046 http fetch GET 200 https://registry.npmjs.org/bufferutil 196ms (cache miss)
1047 silly packumentCache full:https://registry.npmjs.org/bufferutil set size:undefined disposed:false
1048 silly fetch manifest utf-8-validate@>=5.0.2
1049 silly packumentCache full:https://registry.npmjs.org/utf-8-validate cache-miss
1050 http fetch GET 200 https://registry.npmjs.org/utf-8-validate 170ms (cache miss)
1051 silly packumentCache full:https://registry.npmjs.org/utf-8-validate set size:undefined disposed:false
1052 silly placeDep ROOT google-auth-library@10.9.1 OK for: @google/genai@2.19.0 want: ^10.3.0
1053 silly placeDep ROOT p-retry@4.6.2 OK for: @google/genai@2.19.0 want: ^4.6.2
1054 silly placeDep ROOT protobufjs@7.6.6 OK for: @google/genai@2.19.0 want: ^7.5.4
1055 silly placeDep ROOT ws@8.21.3 OK for: @google/genai@2.19.0 want: ^8.18.0
1056 silly fetch manifest jws@^4.0.0
1057 silly packumentCache full:https://registry.npmjs.org/jws cache-miss
1058 silly fetch manifest gaxios@^7.1.4
1059 silly packumentCache full:https://registry.npmjs.org/gaxios cache-miss
1060 silly fetch manifest base64-js@^1.3.0
1061 silly packumentCache full:https://registry.npmjs.org/base64-js cache-miss
1062 http fetch GET 200 https://registry.npmjs.org/jws 213ms (cache miss)
1063 silly packumentCache full:https://registry.npmjs.org/jws set size:undefined disposed:false
1064 silly fetch manifest gcp-metadata@8.1.2
1065 silly packumentCache full:https://registry.npmjs.org/gcp-metadata cache-miss
1066 http fetch GET 200 https://registry.npmjs.org/base64-js 225ms (cache miss)
1067 silly packumentCache full:https://registry.npmjs.org/base64-js set size:undefined disposed:false
1068 silly fetch manifest ecdsa-sig-formatter@^1.0.11
1069 silly packumentCache full:https://registry.npmjs.org/ecdsa-sig-formatter cache-miss
1070 http fetch GET 200 https://registry.npmjs.org/gaxios 555ms (cache miss)
1071 silly packumentCache full:https://registry.npmjs.org/gaxios set size:undefined disposed:false
1072 silly fetch manifest google-logging-utils@1.1.3
1073 silly packumentCache full:https://registry.npmjs.org/google-logging-utils cache-miss
1074 http fetch GET 200 https://registry.npmjs.org/gcp-metadata 359ms (cache miss)
1075 silly packumentCache full:https://registry.npmjs.org/gcp-metadata set size:undefined disposed:false
1076 silly fetch manifest retry@^0.13.1
1077 silly packumentCache full:https://registry.npmjs.org/retry cache-miss
1078 http fetch GET 200 https://registry.npmjs.org/ecdsa-sig-formatter 519ms (cache miss)
1079 silly packumentCache full:https://registry.npmjs.org/ecdsa-sig-formatter set size:undefined disposed:false
1080 silly fetch manifest @types/retry@0.12.0
1081 silly packumentCache full:https://registry.npmjs.org/@types%2fretry cache-miss
1082 http fetch GET 200 https://registry.npmjs.org/retry 172ms (cache miss)
1083 silly packumentCache full:https://registry.npmjs.org/retry set size:undefined disposed:false
1084 silly fetch manifest long@^5.3.2
1085 silly packumentCache full:https://registry.npmjs.org/long cache-miss
1086 http fetch GET 200 https://registry.npmjs.org/google-logging-utils 382ms (cache miss)
1087 silly packumentCache full:https://registry.npmjs.org/google-logging-utils set size:undefined disposed:false
1088 silly fetch manifest @protobufjs/path@^1.1.2
1089 silly packumentCache full:https://registry.npmjs.org/@protobufjs%2fpath cache-miss
1090 http fetch GET 200 https://registry.npmjs.org/long 185ms (cache miss)
1091 silly packumentCache full:https://registry.npmjs.org/long set size:undefined disposed:false
1092 silly fetch manifest @protobufjs/pool@^1.1.0
1093 silly packumentCache full:https://registry.npmjs.org/@protobufjs%2fpool cache-miss
1094 http fetch GET 200 https://registry.npmjs.org/@types%2fretry 331ms (cache miss)
1095 silly packumentCache full:https://registry.npmjs.org/@types%2fretry set size:undefined disposed:false
1096 silly fetch manifest @protobufjs/utf8@^1.1.1
1097 silly packumentCache full:https://registry.npmjs.org/@protobufjs%2futf8 cache-miss
1098 http fetch GET 200 https://registry.npmjs.org/@protobufjs%2fpath 204ms (cache miss)
1099 silly packumentCache full:https://registry.npmjs.org/@protobufjs%2fpath set size:undefined disposed:false
1100 silly fetch manifest @protobufjs/fetch@^1.1.1
1101 silly packumentCache full:https://registry.npmjs.org/@protobufjs%2ffetch cache-miss
1102 http fetch GET 200 https://registry.npmjs.org/@protobufjs%2fpool 199ms (cache miss)
1103 silly packumentCache full:https://registry.npmjs.org/@protobufjs%2fpool set size:undefined disposed:false
1104 silly fetch manifest @protobufjs/float@^1.0.2
1105 silly packumentCache full:https://registry.npmjs.org/@protobufjs%2ffloat cache-miss
1106 http fetch GET 200 https://registry.npmjs.org/@protobufjs%2ffetch 787ms (cache miss)
1107 silly packumentCache full:https://registry.npmjs.org/@protobufjs%2ffetch set size:undefined disposed:false
1108 silly fetch manifest @protobufjs/base64@^1.1.2
1109 silly packumentCache full:https://registry.npmjs.org/@protobufjs%2fbase64 cache-miss
1110 http fetch GET 200 https://registry.npmjs.org/@protobufjs%2futf8 879ms (cache miss)
1111 silly packumentCache full:https://registry.npmjs.org/@protobufjs%2futf8 set size:undefined disposed:false
1112 silly fetch manifest @protobufjs/codegen@^2.0.5
1113 silly packumentCache full:https://registry.npmjs.org/@protobufjs%2fcodegen cache-miss
1114 http fetch GET 200 https://registry.npmjs.org/@protobufjs%2ffloat 893ms (cache miss)
1115 silly packumentCache full:https://registry.npmjs.org/@protobufjs%2ffloat set size:undefined disposed:false
1116 silly fetch manifest @protobufjs/aspromise@^1.1.2
1117 silly packumentCache full:https://registry.npmjs.org/@protobufjs%2faspromise cache-miss
1118 http fetch GET 200 https://registry.npmjs.org/@protobufjs%2fcodegen 2772ms (cache miss)
1119 silly packumentCache full:https://registry.npmjs.org/@protobufjs%2fcodegen set size:undefined disposed:false
1120 silly fetch manifest @protobufjs/eventemitter@^1.1.1
1121 silly packumentCache full:https://registry.npmjs.org/@protobufjs%2feventemitter cache-miss
1122 http fetch GET 200 https://registry.npmjs.org/@protobufjs%2fbase64 2938ms (cache miss)
1123 silly packumentCache full:https://registry.npmjs.org/@protobufjs%2fbase64 set size:undefined disposed:false
1124 http fetch GET 200 https://registry.npmjs.org/@protobufjs%2feventemitter 204ms (cache miss)
1125 silly packumentCache full:https://registry.npmjs.org/@protobufjs%2feventemitter set size:undefined disposed:false
1126 http fetch GET 200 https://registry.npmjs.org/@protobufjs%2faspromise 2901ms (cache miss)
1127 silly packumentCache full:https://registry.npmjs.org/@protobufjs%2faspromise set size:undefined disposed:false
1128 silly placeDep ROOT @standard-schema/utils@0.3.0 OK for: @hookform/resolvers@5.9.1 want: ^0.3.0
1129 silly placeDep ROOT @supabase/auth-js@2.112.4 OK for: @supabase/supabase-js@2.112.4 want: 2.112.4
1130 silly placeDep ROOT @supabase/functions-js@2.112.4 OK for: @supabase/supabase-js@2.112.4 want: 2.112.4
1131 silly placeDep ROOT @supabase/postgrest-js@2.112.4 OK for: @supabase/supabase-js@2.112.4 want: 2.112.4
1132 silly placeDep ROOT @supabase/realtime-js@2.112.4 OK for: @supabase/supabase-js@2.112.4 want: 2.112.4
1133 silly placeDep ROOT @supabase/storage-js@2.112.4 OK for: @supabase/supabase-js@2.112.4 want: 2.112.4
1134 silly fetch manifest tslib@2.8.1
1135 silly packumentCache full:https://registry.npmjs.org/tslib cache-hit
1136 silly fetch manifest tslib@2.8.1
1137 silly packumentCache full:https://registry.npmjs.org/tslib cache-hit
1138 silly fetch manifest tslib@2.8.1
1139 silly packumentCache full:https://registry.npmjs.org/tslib cache-hit
1140 silly fetch manifest @supabase/phoenix@0.4.5
1141 silly packumentCache full:https://registry.npmjs.org/@supabase%2fphoenix cache-miss
1142 silly fetch manifest iceberg-js@^0.8.1
1143 silly packumentCache full:https://registry.npmjs.org/iceberg-js cache-miss
1144 http fetch GET 200 https://registry.npmjs.org/iceberg-js 180ms (cache miss)
1145 silly packumentCache full:https://registry.npmjs.org/iceberg-js set size:undefined disposed:false
1146 http fetch GET 200 https://registry.npmjs.org/@supabase%2fphoenix 210ms (cache miss)
1147 silly packumentCache full:https://registry.npmjs.org/@supabase%2fphoenix set size:undefined disposed:false
1148 silly placeDep ROOT tslib@2.8.1 OK for: @supabase/auth-js@2.112.4 want: 2.8.1
1149 silly placeDep ROOT @supabase/phoenix@0.4.5 OK for: @supabase/realtime-js@2.112.4 want: 0.4.5
1150 silly placeDep ROOT iceberg-js@0.8.1 OK for: @supabase/storage-js@2.112.4 want: ^0.8.1
1151 silly placeDep ROOT @tailwindcss/node@4.3.3 OK for: @tailwindcss/vite@4.3.3 want: 4.3.3
1152 silly placeDep ROOT @tailwindcss/oxide@4.3.3 OK for: @tailwindcss/vite@4.3.3 want: 4.3.3
1153 silly fetch manifest jiti@^2.7.0
1154 silly packumentCache full:https://registry.npmjs.org/jiti cache-miss
1155 silly fetch manifest lightningcss@1.32.0
1156 silly packumentCache full:https://registry.npmjs.org/lightningcss cache-miss
1157 silly fetch manifest magic-string@^0.30.21
1158 silly packumentCache full:https://registry.npmjs.org/magic-string cache-miss
1159 http cache https://registry.npmjs.org/lightningcss 59ms (cache hit)
1160 silly packumentCache full:https://registry.npmjs.org/lightningcss set size:191065 disposed:false
1161 silly fetch manifest enhanced-resolve@^5.24.1
1162 silly packumentCache full:https://registry.npmjs.org/enhanced-resolve cache-miss
1163 http cache https://registry.npmjs.org/jiti 74ms (cache hit)
1164 silly packumentCache full:https://registry.npmjs.org/jiti set size:387989 disposed:false
1165 silly fetch manifest @jridgewell/remapping@^2.3.5
1166 silly packumentCache full:https://registry.npmjs.org/@jridgewell%2fremapping cache-miss
1167 http fetch GET 200 https://registry.npmjs.org/magic-string 240ms (cache miss)
1168 silly packumentCache full:https://registry.npmjs.org/magic-string set size:undefined disposed:false
1169 silly fetch manifest @tailwindcss/oxide-darwin-x64@4.3.3
1170 silly packumentCache full:https://registry.npmjs.org/@tailwindcss%2foxide-darwin-x64 cache-miss
1171 http fetch GET 200 https://registry.npmjs.org/@jridgewell%2fremapping 230ms (cache miss)
1172 silly packumentCache full:https://registry.npmjs.org/@jridgewell%2fremapping set size:undefined disposed:false
1173 silly fetch manifest @tailwindcss/oxide-freebsd-x64@4.3.3
1174 silly packumentCache full:https://registry.npmjs.org/@tailwindcss%2foxide-freebsd-x64 cache-miss
1175 http fetch GET 200 https://registry.npmjs.org/enhanced-resolve 362ms (cache miss)
1176 silly packumentCache full:https://registry.npmjs.org/enhanced-resolve set size:undefined disposed:false
1177 silly fetch manifest @tailwindcss/oxide-wasm32-wasi@4.3.3
1178 silly packumentCache full:https://registry.npmjs.org/@tailwindcss%2foxide-wasm32-wasi cache-miss
1179 http fetch GET 200 https://registry.npmjs.org/@tailwindcss%2foxide-darwin-x64 419ms (cache miss)
1180 silly packumentCache full:https://registry.npmjs.org/@tailwindcss%2foxide-darwin-x64 set size:undefined disposed:false
1181 silly fetch manifest @tailwindcss/oxide-darwin-arm64@4.3.3
1182 silly packumentCache full:https://registry.npmjs.org/@tailwindcss%2foxide-darwin-arm64 cache-miss
1183 http fetch GET 200 https://registry.npmjs.org/@tailwindcss%2foxide-wasm32-wasi 535ms (cache miss)
1184 silly packumentCache full:https://registry.npmjs.org/@tailwindcss%2foxide-wasm32-wasi set size:undefined disposed:false
1185 silly fetch manifest @tailwindcss/oxide-android-arm64@4.3.3
1186 silly packumentCache full:https://registry.npmjs.org/@tailwindcss%2foxide-android-arm64 cache-miss
1187 http fetch GET 200 https://registry.npmjs.org/@tailwindcss%2foxide-freebsd-x64 892ms (cache miss)
1188 silly packumentCache full:https://registry.npmjs.org/@tailwindcss%2foxide-freebsd-x64 set size:undefined disposed:false
1189 silly fetch manifest @tailwindcss/oxide-linux-x64-gnu@4.3.3
1190 silly packumentCache full:https://registry.npmjs.org/@tailwindcss%2foxide-linux-x64-gnu cache-miss
1191 http fetch GET 200 https://registry.npmjs.org/@tailwindcss%2foxide-darwin-arm64 599ms (cache miss)
1192 silly packumentCache full:https://registry.npmjs.org/@tailwindcss%2foxide-darwin-arm64 set size:undefined disposed:false
1193 silly fetch manifest @tailwindcss/oxide-linux-x64-musl@4.3.3
1194 silly packumentCache full:https://registry.npmjs.org/@tailwindcss%2foxide-linux-x64-musl cache-miss
1195 http fetch GET 200 https://registry.npmjs.org/@tailwindcss%2foxide-android-arm64 598ms (cache miss)
1196 silly packumentCache full:https://registry.npmjs.org/@tailwindcss%2foxide-android-arm64 set size:undefined disposed:false
1197 silly fetch manifest @tailwindcss/oxide-win32-x64-msvc@4.3.3
1198 silly packumentCache full:https://registry.npmjs.org/@tailwindcss%2foxide-win32-x64-msvc cache-miss
1199 http fetch GET 200 https://registry.npmjs.org/@tailwindcss%2foxide-linux-x64-gnu 538ms (cache miss)
1200 silly packumentCache full:https://registry.npmjs.org/@tailwindcss%2foxide-linux-x64-gnu set size:undefined disposed:false
1201 silly fetch manifest @tailwindcss/oxide-linux-arm64-gnu@4.3.3
1202 silly packumentCache full:https://registry.npmjs.org/@tailwindcss%2foxide-linux-arm64-gnu cache-miss
1203 http fetch GET 200 https://registry.npmjs.org/@tailwindcss%2foxide-win32-x64-msvc 759ms (cache miss)
1204 silly packumentCache full:https://registry.npmjs.org/@tailwindcss%2foxide-win32-x64-msvc set size:undefined disposed:false
1205 silly fetch manifest @tailwindcss/oxide-linux-arm64-musl@4.3.3
1206 silly packumentCache full:https://registry.npmjs.org/@tailwindcss%2foxide-linux-arm64-musl cache-miss
1207 http fetch GET 200 https://registry.npmjs.org/@tailwindcss%2foxide-linux-x64-musl 1901ms (cache miss)
1208 silly packumentCache full:https://registry.npmjs.org/@tailwindcss%2foxide-linux-x64-musl set size:undefined disposed:false
1209 silly fetch manifest @tailwindcss/oxide-win32-arm64-msvc@4.3.3
1210 silly packumentCache full:https://registry.npmjs.org/@tailwindcss%2foxide-win32-arm64-msvc cache-miss
1211 http fetch GET 200 https://registry.npmjs.org/@tailwindcss%2foxide-win32-arm64-msvc 1311ms (cache miss)
1212 silly packumentCache full:https://registry.npmjs.org/@tailwindcss%2foxide-win32-arm64-msvc set size:undefined disposed:false
1213 silly fetch manifest @tailwindcss/oxide-linux-arm-gnueabihf@4.3.3
1214 silly packumentCache full:https://registry.npmjs.org/@tailwindcss%2foxide-linux-arm-gnueabihf cache-miss
1215 http fetch GET 200 https://registry.npmjs.org/@tailwindcss%2foxide-linux-arm64-musl 2576ms (cache miss)
1216 silly packumentCache full:https://registry.npmjs.org/@tailwindcss%2foxide-linux-arm64-musl set size:undefined disposed:false
1217 http fetch GET 200 https://registry.npmjs.org/@tailwindcss%2foxide-linux-arm64-gnu 3501ms (cache miss)
1218 silly packumentCache full:https://registry.npmjs.org/@tailwindcss%2foxide-linux-arm64-gnu set size:undefined disposed:false
1219 http fetch GET 200 https://registry.npmjs.org/@tailwindcss%2foxide-linux-arm-gnueabihf 787ms (cache miss)
1220 silly packumentCache full:https://registry.npmjs.org/@tailwindcss%2foxide-linux-arm-gnueabihf set size:undefined disposed:false
1221 silly placeDep ROOT @jridgewell/remapping@2.3.5 OK for: @tailwindcss/node@4.3.3 want: ^2.3.5
1222 silly placeDep ROOT enhanced-resolve@5.24.5 OK for: @tailwindcss/node@4.3.3 want: ^5.24.1
1223 silly placeDep ROOT jiti@2.7.0 OK for: @tailwindcss/node@4.3.3 want: ^2.7.0
1224 silly placeDep ROOT lightningcss@1.32.0 OK for: @tailwindcss/node@4.3.3 want: 1.32.0
1225 silly placeDep ROOT magic-string@0.30.21 OK for: @tailwindcss/node@4.3.3 want: ^0.30.21
1226 silly placeDep ROOT source-map-js@1.2.1 OK for: @tailwindcss/node@4.3.3 want: ^1.2.1
1227 silly fetch manifest @jridgewell/gen-mapping@^0.3.5
1228 silly packumentCache full:https://registry.npmjs.org/@jridgewell%2fgen-mapping cache-miss
1229 silly fetch manifest @jridgewell/trace-mapping@^0.3.24
1230 silly packumentCache full:https://registry.npmjs.org/@jridgewell%2ftrace-mapping cache-miss
1231 silly fetch manifest tapable@^2.3.3
1232 silly packumentCache full:https://registry.npmjs.org/tapable cache-miss
1233 http fetch GET 200 https://registry.npmjs.org/tapable 246ms (cache miss)
1234 silly packumentCache full:https://registry.npmjs.org/tapable set size:undefined disposed:false
1235 silly fetch manifest graceful-fs@^4.2.4
1236 silly packumentCache full:https://registry.npmjs.org/graceful-fs cache-miss
1237 http fetch GET 200 https://registry.npmjs.org/@jridgewell%2fgen-mapping 275ms (cache miss)
1238 silly packumentCache full:https://registry.npmjs.org/@jridgewell%2fgen-mapping set size:undefined disposed:false
1239 silly fetch manifest detect-libc@^2.0.3
1240 silly packumentCache full:https://registry.npmjs.org/detect-libc cache-miss
1241 http fetch GET 200 https://registry.npmjs.org/@jridgewell%2ftrace-mapping 290ms (cache miss)
1242 silly packumentCache full:https://registry.npmjs.org/@jridgewell%2ftrace-mapping set size:undefined disposed:false
1243 silly fetch manifest lightningcss-darwin-x64@1.32.0
1244 silly packumentCache full:https://registry.npmjs.org/lightningcss-darwin-x64 cache-miss
1245 http fetch GET 200 https://registry.npmjs.org/graceful-fs 266ms (cache miss)
1246 silly packumentCache full:https://registry.npmjs.org/graceful-fs set size:undefined disposed:false
1247 silly fetch manifest lightningcss-freebsd-x64@1.32.0
1248 silly packumentCache full:https://registry.npmjs.org/lightningcss-freebsd-x64 cache-miss
1249 http fetch GET 200 https://registry.npmjs.org/lightningcss-darwin-x64 271ms (cache miss)
1250 silly packumentCache full:https://registry.npmjs.org/lightningcss-darwin-x64 set size:undefined disposed:false
1251 silly fetch manifest lightningcss-darwin-arm64@1.32.0
1252 silly packumentCache full:https://registry.npmjs.org/lightningcss-darwin-arm64 cache-miss
1253 http fetch GET 200 https://registry.npmjs.org/detect-libc 308ms (cache miss)
1254 silly packumentCache full:https://registry.npmjs.org/detect-libc set size:undefined disposed:false
1255 silly fetch manifest lightningcss-android-arm64@1.32.0
1256 silly packumentCache full:https://registry.npmjs.org/lightningcss-android-arm64 cache-miss
1257 http fetch GET 200 https://registry.npmjs.org/lightningcss-android-arm64 1444ms (cache miss)
1258 silly packumentCache full:https://registry.npmjs.org/lightningcss-android-arm64 set size:undefined disposed:false
1259 silly fetch manifest lightningcss-linux-x64-gnu@1.32.0
1260 silly packumentCache full:https://registry.npmjs.org/lightningcss-linux-x64-gnu cache-miss
1261 http fetch GET 200 https://registry.npmjs.org/lightningcss-freebsd-x64 1684ms (cache miss)
1262 silly packumentCache full:https://registry.npmjs.org/lightningcss-freebsd-x64 set size:undefined disposed:false
1263 silly fetch manifest lightningcss-linux-x64-musl@1.32.0
1264 silly packumentCache full:https://registry.npmjs.org/lightningcss-linux-x64-musl cache-miss
1265 http fetch GET 200 https://registry.npmjs.org/lightningcss-darwin-arm64 1641ms (cache miss)
1266 silly packumentCache full:https://registry.npmjs.org/lightningcss-darwin-arm64 set size:undefined disposed:false
1267 silly fetch manifest lightningcss-win32-x64-msvc@1.32.0
1268 silly packumentCache full:https://registry.npmjs.org/lightningcss-win32-x64-msvc cache-miss
1269 http fetch GET 200 https://registry.npmjs.org/lightningcss-linux-x64-gnu 248ms (cache miss)
1270 silly packumentCache full:https://registry.npmjs.org/lightningcss-linux-x64-gnu set size:undefined disposed:false
1271 silly fetch manifest lightningcss-linux-arm64-gnu@1.32.0
1272 silly packumentCache full:https://registry.npmjs.org/lightningcss-linux-arm64-gnu cache-miss
1273 http fetch GET 200 https://registry.npmjs.org/lightningcss-linux-x64-musl 200ms (cache miss)
1274 silly packumentCache full:https://registry.npmjs.org/lightningcss-linux-x64-musl set size:undefined disposed:false
1275 silly fetch manifest lightningcss-linux-arm64-musl@1.32.0
1276 silly packumentCache full:https://registry.npmjs.org/lightningcss-linux-arm64-musl cache-miss
1277 http fetch GET 200 https://registry.npmjs.org/lightningcss-win32-x64-msvc 199ms (cache miss)
1278 silly packumentCache full:https://registry.npmjs.org/lightningcss-win32-x64-msvc set size:undefined disposed:false
1279 silly fetch manifest lightningcss-win32-arm64-msvc@1.32.0
1280 silly packumentCache full:https://registry.npmjs.org/lightningcss-win32-arm64-msvc cache-miss
1281 http fetch GET 200 https://registry.npmjs.org/lightningcss-linux-arm64-gnu 234ms (cache miss)
1282 silly packumentCache full:https://registry.npmjs.org/lightningcss-linux-arm64-gnu set size:undefined disposed:false
1283 silly fetch manifest lightningcss-linux-arm-gnueabihf@1.32.0
1284 silly packumentCache full:https://registry.npmjs.org/lightningcss-linux-arm-gnueabihf cache-miss
1285 http fetch GET 200 https://registry.npmjs.org/lightningcss-win32-arm64-msvc 459ms (cache miss)
1286 silly packumentCache full:https://registry.npmjs.org/lightningcss-win32-arm64-msvc set size:undefined disposed:false
1287 silly fetch manifest @jridgewell/sourcemap-codec@^1.5.5
1288 silly packumentCache full:https://registry.npmjs.org/@jridgewell%2fsourcemap-codec cache-miss
1289 http fetch GET 200 https://registry.npmjs.org/lightningcss-linux-arm64-musl 482ms (cache miss)
1290 silly packumentCache full:https://registry.npmjs.org/lightningcss-linux-arm64-musl set size:undefined disposed:false
1291 http fetch GET 200 https://registry.npmjs.org/lightningcss-linux-arm-gnueabihf 705ms (cache miss)
1292 silly packumentCache full:https://registry.npmjs.org/lightningcss-linux-arm-gnueabihf set size:undefined disposed:false
1293 http fetch GET 200 https://registry.npmjs.org/@jridgewell%2fsourcemap-codec 1030ms (cache miss)
1294 silly packumentCache full:https://registry.npmjs.org/@jridgewell%2fsourcemap-codec set size:undefined disposed:false
1295 silly placeDep ROOT @jridgewell/gen-mapping@0.3.13 OK for: @jridgewell/remapping@2.3.5 want: ^0.3.5
1296 silly placeDep ROOT @jridgewell/trace-mapping@0.3.31 OK for: @jridgewell/remapping@2.3.5 want: ^0.3.24
1297 silly fetch manifest @jridgewell/sourcemap-codec@^1.5.0
1298 silly packumentCache full:https://registry.npmjs.org/@jridgewell%2fsourcemap-codec cache-miss
1299 silly fetch manifest @jridgewell/resolve-uri@^3.1.0
1300 silly packumentCache full:https://registry.npmjs.org/@jridgewell%2fresolve-uri cache-miss
1301 silly fetch manifest @jridgewell/sourcemap-codec@^1.4.14
1302 silly packumentCache full:https://registry.npmjs.org/@jridgewell%2fsourcemap-codec cache-miss
1303 http cache https://registry.npmjs.org/@jridgewell%2fsourcemap-codec 50ms (cache hit)
1304 silly packumentCache full:https://registry.npmjs.org/@jridgewell%2fsourcemap-codec set size:65255 disposed:false
1305 http cache https://registry.npmjs.org/@jridgewell%2fsourcemap-codec 84ms (cache hit)
1306 silly packumentCache full:https://registry.npmjs.org/@jridgewell%2fsourcemap-codec set size:65255 disposed:false
1307 silly packumentCache full:https://registry.npmjs.org/@jridgewell%2fsourcemap-codec dispose
1308 http fetch GET 200 https://registry.npmjs.org/@jridgewell%2fresolve-uri 255ms (cache miss)
1309 silly packumentCache full:https://registry.npmjs.org/@jridgewell%2fresolve-uri set size:undefined disposed:false
1310 silly placeDep ROOT @jridgewell/sourcemap-codec@1.6.0 OK for: @jridgewell/gen-mapping@0.3.13 want: ^1.5.0
1311 silly placeDep ROOT @jridgewell/resolve-uri@3.1.2 OK for: @jridgewell/trace-mapping@0.3.31 want: ^3.1.0
1312 silly placeDep ROOT @tailwindcss/oxide-android-arm64@4.3.3 OK for: @tailwindcss/oxide@4.3.3 want: 4.3.3
1313 silly placeDep ROOT @tailwindcss/oxide-darwin-arm64@4.3.3 OK for: @tailwindcss/oxide@4.3.3 want: 4.3.3
1314 silly placeDep ROOT @tailwindcss/oxide-darwin-x64@4.3.3 OK for: @tailwindcss/oxide@4.3.3 want: 4.3.3
1315 silly placeDep ROOT @tailwindcss/oxide-freebsd-x64@4.3.3 OK for: @tailwindcss/oxide@4.3.3 want: 4.3.3
1316 silly placeDep ROOT @tailwindcss/oxide-linux-arm-gnueabihf@4.3.3 OK for: @tailwindcss/oxide@4.3.3 want: 4.3.3
1317 silly placeDep ROOT @tailwindcss/oxide-linux-arm64-gnu@4.3.3 OK for: @tailwindcss/oxide@4.3.3 want: 4.3.3
1318 silly placeDep ROOT @tailwindcss/oxide-linux-arm64-musl@4.3.3 OK for: @tailwindcss/oxide@4.3.3 want: 4.3.3
1319 silly placeDep ROOT @tailwindcss/oxide-linux-x64-gnu@4.3.3 OK for: @tailwindcss/oxide@4.3.3 want: 4.3.3
1320 silly placeDep ROOT @tailwindcss/oxide-linux-x64-musl@4.3.3 OK for: @tailwindcss/oxide@4.3.3 want: 4.3.3
1321 silly placeDep ROOT @tailwindcss/oxide-wasm32-wasi@4.3.3 OK for: @tailwindcss/oxide@4.3.3 want: 4.3.3
1322 silly placeDep ROOT @tailwindcss/oxide-win32-arm64-msvc@4.3.3 OK for: @tailwindcss/oxide@4.3.3 want: 4.3.3
1323 silly placeDep ROOT @tailwindcss/oxide-win32-x64-msvc@4.3.3 OK for: @tailwindcss/oxide@4.3.3 want: 4.3.3
1324 silly fetch manifest @tanstack/query-core@5.102.8
1325 silly packumentCache full:https://registry.npmjs.org/@tanstack%2fquery-core cache-miss
1326 http fetch GET 200 https://registry.npmjs.org/@tanstack%2fquery-core 708ms (cache miss)
1327 silly packumentCache full:https://registry.npmjs.org/@tanstack%2fquery-core set size:undefined disposed:false
1328 silly placeDep ROOT @tanstack/query-core@5.102.8 OK for: @tanstack/react-query@5.102.8 want: 5.102.8
1329 silly fetch manifest react@>=18.0.0 || >=19.0.0
1330 silly packumentCache full:https://registry.npmjs.org/react cache-miss
1331 http fetch GET 200 https://registry.npmjs.org/react 261ms (cache revalidated)
1332 silly packumentCache full:https://registry.npmjs.org/react set size:6926968 disposed:false
1333 silly fetch manifest react-dom@>=18.0.0 || >=19.0.0
1334 silly packumentCache full:https://registry.npmjs.org/react-dom cache-miss
1335 http cache https://registry.npmjs.org/react-dom 66ms (cache hit)
1336 silly packumentCache full:https://registry.npmjs.org/react-dom set size:9313795 disposed:false
1337 silly placeDep ROOT @tanstack/history@1.115.0 OK for: @tanstack/react-router@1.120.0 want: 1.115.0
1338 silly placeDep ROOT @tanstack/react-store@0.7.7 OK for: @tanstack/react-router@1.120.0 want: ^0.7.0
1339 silly placeDep ROOT @tanstack/router-core@1.119.0 OK for: @tanstack/react-router@1.120.0 want: 1.119.0
1340 silly placeDep ROOT jsesc@3.1.0 OK for: @tanstack/react-router@1.120.0 want: ^3.1.0
1341 silly placeDep ROOT tiny-invariant@1.3.3 OK for: @tanstack/react-router@1.120.0 want: ^1.3.3
1342 silly placeDep ROOT tiny-warning@1.0.3 OK for: @tanstack/react-router@1.120.0 want: ^1.0.3
1343 silly fetch manifest @tanstack/store@0.7.7
1344 silly packumentCache full:https://registry.npmjs.org/@tanstack%2fstore cache-miss
1345 silly fetch manifest use-sync-external-store@^1.5.0
1346 silly packumentCache full:https://registry.npmjs.org/use-sync-external-store cache-miss
1347 silly fetch manifest @tanstack/store@^0.7.0
1348 silly packumentCache full:https://registry.npmjs.org/@tanstack%2fstore cache-miss
1349 http cache https://registry.npmjs.org/use-sync-external-store 46ms (cache hit)
1350 silly packumentCache full:https://registry.npmjs.org/use-sync-external-store set size:4968927 disposed:false
1351 http fetch GET 200 https://registry.npmjs.org/@tanstack%2fstore 563ms (cache miss)
1352 silly packumentCache full:https://registry.npmjs.org/@tanstack%2fstore set size:undefined disposed:false
1353 http fetch GET 200 https://registry.npmjs.org/@tanstack%2fstore 562ms (cache miss)
1354 silly packumentCache full:https://registry.npmjs.org/@tanstack%2fstore set size:undefined disposed:false
1355 silly placeDep ROOT @tanstack/react-start-client@1.168.30 OK for: @tanstack/react-start@1.120.0 want: ^1.120.0
1356 silly placeDep ROOT @tanstack/react-start-config@1.120.20 OK for: @tanstack/react-start@1.120.0 want: ^1.120.0
1357 silly placeDep ROOT @tanstack/react-start-router-manifest@1.120.19 OK for: @tanstack/react-start@1.120.0 want: ^1.119.0
1358 silly placeDep ROOT @tanstack/react-start-server@1.167.37 OK for: @tanstack/react-start@1.120.0 want: ^1.120.0
1359 silly placeDep ROOT @tanstack/start-api-routes@1.120.19 OK for: @tanstack/react-start@1.120.0 want: ^1.119.0
1360 silly placeDep ROOT @tanstack/start-server-functions-client@1.131.50 OK for: @tanstack/react-start@1.120.0 want: ^1.119.2
1361 silly placeDep ROOT @tanstack/start-server-functions-handler@1.120.19 OK for: @tanstack/react-start@1.120.0 want: ^1.119.0
1362 silly placeDep ROOT @tanstack/start-server-functions-server@1.131.2 OK for: @tanstack/react-start@1.120.0 want: ^1.119.2
1363 silly placeDep ROOT @tanstack/start-server-functions-ssr@1.120.19 OK for: @tanstack/react-start@1.120.0 want: ^1.119.2
1364 silly fetch manifest @tanstack/router-core@1.171.27
1365 silly packumentCache full:https://registry.npmjs.org/@tanstack%2frouter-core cache-miss
1366 silly fetch manifest @tanstack/react-router@1.170.32
1367 silly packumentCache full:https://registry.npmjs.org/@tanstack%2freact-router cache-miss
1368 silly fetch manifest @tanstack/start-client-core@1.170.27
1369 silly packumentCache full:https://registry.npmjs.org/@tanstack%2fstart-client-core cache-miss
1370 http cache https://registry.npmjs.org/@tanstack%2freact-router 86ms (cache hit)
1371 silly packumentCache full:https://registry.npmjs.org/@tanstack%2freact-router set size:3687605 disposed:false
1372 silly fetch manifest zod@^3.24.2
1373 silly packumentCache full:https://registry.npmjs.org/zod cache-miss
1374 http cache https://registry.npmjs.org/@tanstack%2frouter-core 150ms (cache hit)
1375 silly packumentCache full:https://registry.npmjs.org/@tanstack%2frouter-core set size:1688356 disposed:false
1376 silly fetch manifest vinxi@0.5.3
1377 silly packumentCache full:https://registry.npmjs.org/vinxi cache-miss
1378 http fetch GET 200 https://registry.npmjs.org/zod 229ms (cache revalidated)
1379 silly packumentCache full:https://registry.npmjs.org/zod set size:4147901 disposed:false
1380 silly fetch manifest ofetch@^1.4.1
1381 silly packumentCache full:https://registry.npmjs.org/ofetch cache-miss
1382 http fetch GET 200 https://registry.npmjs.org/@tanstack%2fstart-client-core 501ms (cache miss)
1383 silly packumentCache full:https://registry.npmjs.org/@tanstack%2fstart-client-core set size:undefined disposed:false
1384 silly fetch manifest nitropack@^2.10.4
1385 silly packumentCache full:https://registry.npmjs.org/nitropack cache-miss
1386 http fetch GET 200 https://registry.npmjs.org/vinxi 398ms (cache miss)
1387 silly packumentCache full:https://registry.npmjs.org/vinxi set size:undefined disposed:false
1388 silly fetch manifest import-meta-resolve@^4.1.0
1389 silly packumentCache full:https://registry.npmjs.org/import-meta-resolve cache-miss
1390 http fetch GET 200 https://registry.npmjs.org/import-meta-resolve 175ms (cache miss)
1391 silly packumentCache full:https://registry.npmjs.org/import-meta-resolve set size:undefined disposed:false
1392 silly fetch manifest @vitejs/plugin-react@^4.3.4
1393 silly packumentCache full:https://registry.npmjs.org/@vitejs%2fplugin-react cache-miss
1394 http cache https://registry.npmjs.org/@vitejs%2fplugin-react 24ms (cache hit)
1395 silly packumentCache full:https://registry.npmjs.org/@vitejs%2fplugin-react set size:284195 disposed:false
1396 silly fetch manifest @tanstack/router-core@^1.120.19
1397 silly packumentCache full:https://registry.npmjs.org/@tanstack%2frouter-core cache-miss
1398 http fetch GET 200 https://registry.npmjs.org/ofetch 406ms (cache miss)
1399 silly packumentCache full:https://registry.npmjs.org/ofetch set size:undefined disposed:false
1400 silly fetch manifest @tanstack/router-plugin@^1.120.20
1401 silly packumentCache full:https://registry.npmjs.org/@tanstack%2frouter-plugin cache-miss
1402 http cache https://registry.npmjs.org/@tanstack%2frouter-core 163ms (cache hit)
1403 silly packumentCache full:https://registry.npmjs.org/@tanstack%2frouter-core set size:1688356 disposed:false
1404 silly fetch manifest @tanstack/router-generator@^1.120.20
1405 silly packumentCache full:https://registry.npmjs.org/@tanstack%2frouter-generator cache-miss
1406 http fetch GET 200 https://registry.npmjs.org/nitropack 771ms (cache miss)
1407 silly packumentCache full:https://registry.npmjs.org/nitropack set size:undefined disposed:false
1408 silly fetch manifest @tanstack/react-start-plugin@^1.120.17
1409 silly packumentCache full:https://registry.npmjs.org/@tanstack%2freact-start-plugin cache-miss
1410 http fetch GET 200 https://registry.npmjs.org/@tanstack%2frouter-generator 594ms (cache miss)
1411 silly packumentCache full:https://registry.npmjs.org/@tanstack%2frouter-generator set size:undefined disposed:false
1412 silly fetch manifest @tanstack/server-functions-plugin@^1.120.17
1413 silly packumentCache full:https://registry.npmjs.org/@tanstack%2fserver-functions-plugin cache-miss
1414 http fetch GET 200 https://registry.npmjs.org/@tanstack%2frouter-plugin 947ms (cache miss)
1415 silly packumentCache full:https://registry.npmjs.org/@tanstack%2frouter-plugin set size:undefined disposed:false
1416 silly fetch manifest @tanstack/start-server-functions-handler@^1.120.19
1417 silly packumentCache full:https://registry.npmjs.org/@tanstack%2fstart-server-functions-handler cache-miss
1418 http cache https://registry.npmjs.org/@tanstack%2fstart-server-functions-handler 65ms (cache hit)
1419 silly packumentCache full:https://registry.npmjs.org/@tanstack%2fstart-server-functions-handler set size:258031 disposed:false
1420 silly fetch manifest @tanstack/start-server-core@1.169.31
1421 silly packumentCache full:https://registry.npmjs.org/@tanstack%2fstart-server-core cache-miss
1422 http fetch GET 200 https://registry.npmjs.org/@tanstack%2fserver-functions-plugin 1051ms (cache miss)
1423 silly packumentCache full:https://registry.npmjs.org/@tanstack%2fserver-functions-plugin set size:undefined disposed:false
1424 silly fetch manifest @tanstack/start-server-core@^1.120.19
1425 silly packumentCache full:https://registry.npmjs.org/@tanstack%2fstart-server-core cache-miss
1426 http fetch GET 200 https://registry.npmjs.org/@tanstack%2freact-start-plugin 1380ms (cache miss)
1427 silly packumentCache full:https://registry.npmjs.org/@tanstack%2freact-start-plugin set size:undefined disposed:false
1428 silly fetch manifest @tanstack/server-functions-plugin@1.131.2
1429 silly packumentCache full:https://registry.npmjs.org/@tanstack%2fserver-functions-plugin cache-miss
1430 http cache https://registry.npmjs.org/@tanstack%2fserver-functions-plugin 236ms (cache hit)
1431 silly packumentCache full:https://registry.npmjs.org/@tanstack%2fserver-functions-plugin set size:264890 disposed:false
1432 silly fetch manifest @tanstack/start-server-functions-fetcher@1.131.50
1433 silly packumentCache full:https://registry.npmjs.org/@tanstack%2fstart-server-functions-fetcher cache-miss
1434 http fetch GET 200 https://registry.npmjs.org/@tanstack%2fstart-server-core 1598ms (cache miss)
1435 silly packumentCache full:https://registry.npmjs.org/@tanstack%2fstart-server-core set size:undefined disposed:false
1436 silly fetch manifest @tanstack/start-client-core@^1.120.19
1437 silly packumentCache full:https://registry.npmjs.org/@tanstack%2fstart-client-core cache-miss
1438 http cache https://registry.npmjs.org/@tanstack%2fstart-client-core 662ms (cache hit)
1439 silly packumentCache full:https://registry.npmjs.org/@tanstack%2fstart-client-core set size:1299845 disposed:false
1440 silly fetch manifest @tanstack/start-server-core@^1.120.19
1441 silly packumentCache full:https://registry.npmjs.org/@tanstack%2fstart-server-core cache-miss
1442 http cache https://registry.npmjs.org/@tanstack%2fstart-server-core 170ms (cache hit)
1443 silly packumentCache full:https://registry.npmjs.org/@tanstack%2fstart-server-core set size:1519063 disposed:false
1444 silly fetch manifest @tanstack/start-server-functions-fetcher@^1.120.19
1445 silly packumentCache full:https://registry.npmjs.org/@tanstack%2fstart-server-functions-fetcher cache-miss
1446 http fetch GET 200 https://registry.npmjs.org/@tanstack%2fstart-server-functions-fetcher 1673ms (cache miss)
1447 silly packumentCache full:https://registry.npmjs.org/@tanstack%2fstart-server-functions-fetcher set size:undefined disposed:false
1448 http fetch GET 200 https://registry.npmjs.org/@tanstack%2fstart-server-core 2032ms (cache miss)
1449 silly packumentCache full:https://registry.npmjs.org/@tanstack%2fstart-server-core set size:undefined disposed:false
1450 http fetch GET 200 https://registry.npmjs.org/@tanstack%2fstart-server-functions-fetcher 272ms (cache miss)
1451 silly packumentCache full:https://registry.npmjs.org/@tanstack%2fstart-server-functions-fetcher set size:undefined disposed:false
1452 silly placeDep node_modules/@tanstack/react-start-client @tanstack/react-router@1.170.32 OK for: @tanstack/react-start-client@1.168.30 want: 1.170.32
1453 silly placeDep node_modules/@tanstack/react-start-client @tanstack/router-core@1.171.27 OK for: @tanstack/react-start-client@1.168.30 want: 1.171.27
1454 silly placeDep ROOT @tanstack/start-client-core@1.170.27 OK for: @tanstack/react-start-client@1.168.30 want: 1.170.27
1455 silly fetch manifest isbot@^5.1.22
1456 silly packumentCache full:https://registry.npmjs.org/isbot cache-miss
1457 silly fetch manifest @tanstack/history@1.162.1
1458 silly packumentCache full:https://registry.npmjs.org/@tanstack%2fhistory cache-miss
1459 silly fetch manifest @tanstack/react-store@^0.9.3
1460 silly packumentCache full:https://registry.npmjs.org/@tanstack%2freact-store cache-miss
1461 http cache https://registry.npmjs.org/@tanstack%2fhistory 154ms (cache hit)
1462 silly packumentCache full:https://registry.npmjs.org/@tanstack%2fhistory set size:506537 disposed:false
1463 silly fetch manifest seroval@^1.6.2
1464 silly packumentCache full:https://registry.npmjs.org/seroval cache-miss
1465 http cache https://registry.npmjs.org/@tanstack%2freact-store 459ms (cache hit)
1466 silly packumentCache full:https://registry.npmjs.org/@tanstack%2freact-store set size:213359 disposed:false
1467 silly fetch manifest cookie-es@^3.0.0
1468 silly packumentCache full:https://registry.npmjs.org/cookie-es cache-miss
1469 http fetch GET 200 https://registry.npmjs.org/seroval 815ms (cache miss)
1470 silly packumentCache full:https://registry.npmjs.org/seroval set size:undefined disposed:false
1471 silly fetch manifest seroval-plugins@^1.6.2
1472 silly packumentCache full:https://registry.npmjs.org/seroval-plugins cache-miss
1473 http fetch GET 200 https://registry.npmjs.org/cookie-es 571ms (cache miss)
1474 silly packumentCache full:https://registry.npmjs.org/cookie-es set size:undefined disposed:false
1475 silly fetch manifest @tanstack/start-fn-stubs@1.162.0
1476 silly packumentCache full:https://registry.npmjs.org/@tanstack%2fstart-fn-stubs cache-miss
1477 http fetch GET 200 https://registry.npmjs.org/isbot 1098ms (cache miss)
1478 silly packumentCache full:https://registry.npmjs.org/isbot set size:undefined disposed:false
1479 silly fetch manifest @tanstack/start-storage-context@1.167.29
1480 silly packumentCache full:https://registry.npmjs.org/@tanstack%2fstart-storage-context cache-miss
1481 http fetch GET 200 https://registry.npmjs.org/seroval-plugins 350ms (cache miss)
1482 silly packumentCache full:https://registry.npmjs.org/seroval-plugins set size:undefined disposed:false
1483 http fetch GET 200 https://registry.npmjs.org/@tanstack%2fstart-storage-context 312ms (cache miss)
1484 silly packumentCache full:https://registry.npmjs.org/@tanstack%2fstart-storage-context set size:undefined disposed:false
1485 http fetch GET 200 https://registry.npmjs.org/@tanstack%2fstart-fn-stubs 571ms (cache miss)
1486 silly packumentCache full:https://registry.npmjs.org/@tanstack%2fstart-fn-stubs set size:undefined disposed:false
1487 silly fetch manifest xml2js@^0.6.2
1488 silly packumentCache full:https://registry.npmjs.org/xml2js cache-miss
1489 http fetch GET 200 https://registry.npmjs.org/xml2js 181ms (cache miss)
1490 silly packumentCache full:https://registry.npmjs.org/xml2js set size:undefined disposed:false
1491 silly fetch manifest vite@^6.1.0
1492 silly packumentCache full:https://registry.npmjs.org/vite cache-miss
1493 http fetch GET 200 https://registry.npmjs.org/vite 361ms (cache revalidated)
1494 silly packumentCache full:https://registry.npmjs.org/vite set size:38929639 disposed:false
1495 silly fetch manifest @types/node@^18.0.0 || ^20.0.0 || >=22.0.0
1496 silly packumentCache full:https://registry.npmjs.org/@types%2fnode cache-miss
1497 http fetch GET 200 https://registry.npmjs.org/@types%2fnode 338ms (cache revalidated)
1498 silly packumentCache full:https://registry.npmjs.org/@types%2fnode set size:11096266 disposed:false
1499 silly fetch manifest tsx@^4.8.1
1500 silly packumentCache full:https://registry.npmjs.org/tsx cache-miss
1501 http cache https://registry.npmjs.org/tsx 38ms (cache hit)
1502 silly packumentCache full:https://registry.npmjs.org/tsx set size:344351 disposed:false
1503 silly fetch manifest @rsbuild/core@>=1.0.2 || ^2.0.0
1504 silly packumentCache full:https://registry.npmjs.org/@rsbuild%2fcore cache-miss
1505 http fetch GET 200 https://registry.npmjs.org/@rsbuild%2fcore 655ms (cache miss)
1506 silly packumentCache full:https://registry.npmjs.org/@rsbuild%2fcore set size:undefined disposed:false
1507 silly fetch manifest core-js@>= 3.0.0
1508 silly packumentCache full:https://registry.npmjs.org/core-js cache-miss
1509 http fetch GET 200 https://registry.npmjs.org/core-js 206ms (cache miss)
1510 silly packumentCache full:https://registry.npmjs.org/core-js set size:undefined disposed:false
1511 silly fetch manifest @tanstack/react-router@^1.170.32
1512 silly packumentCache full:https://registry.npmjs.org/@tanstack%2freact-router cache-miss
1513 http cache https://registry.npmjs.org/@tanstack%2freact-router 38ms (cache hit)
1514 silly packumentCache full:https://registry.npmjs.org/@tanstack%2freact-router set size:3687605 disposed:false
1515 silly fetch manifest vite-plugin-solid@^2.11.10 || ^3.0.0-0
1516 silly packumentCache full:https://registry.npmjs.org/vite-plugin-solid cache-miss
1517 http fetch GET 200 https://registry.npmjs.org/vite-plugin-solid 436ms (cache miss)
1518 silly packumentCache full:https://registry.npmjs.org/vite-plugin-solid set size:undefined disposed:false
1519 silly fetch manifest @testing-library/jest-dom@^5.16.6 || ^5.17.0 || ^6.0.0 || ^7.0.0
1520 silly packumentCache full:https://registry.npmjs.org/@testing-library%2fjest-dom cache-miss
1521 http fetch GET 200 https://registry.npmjs.org/@testing-library%2fjest-dom 229ms (cache miss)
1522 silly packumentCache full:https://registry.npmjs.org/@testing-library%2fjest-dom set size:undefined disposed:false
1523 silly fetch manifest @testing-library/dom@>=10 <11
1524 silly packumentCache full:https://registry.npmjs.org/@testing-library%2fdom cache-miss
1525 http fetch GET 200 https://registry.npmjs.org/@testing-library%2fdom 209ms (cache miss)
1526 silly packumentCache full:https://registry.npmjs.org/@testing-library%2fdom set size:undefined disposed:false
1527 silly fetch manifest vitest@>= 0.32
1528 silly packumentCache full:https://registry.npmjs.org/vitest cache-miss
1529 http fetch GET 200 https://registry.npmjs.org/vitest 903ms (cache miss)
1530 silly packumentCache full:https://registry.npmjs.org/vitest set size:undefined disposed:false
1531 silly fetch manifest @edge-runtime/vm@*
1532 silly packumentCache full:https://registry.npmjs.org/@edge-runtime%2fvm cache-miss
1533 http fetch GET 200 https://registry.npmjs.org/@edge-runtime%2fvm 359ms (cache miss)
1534 silly packumentCache full:https://registry.npmjs.org/@edge-runtime%2fvm set size:undefined disposed:false
1535 silly fetch manifest @opentelemetry/api@^1.9.0
1536 silly packumentCache full:https://registry.npmjs.org/@opentelemetry%2fapi cache-miss
1537 http fetch GET 200 https://registry.npmjs.org/@opentelemetry%2fapi 183ms (cache revalidated)
1538 silly packumentCache full:https://registry.npmjs.org/@opentelemetry%2fapi set size:272967 disposed:false
1539 silly fetch manifest @vitest/browser-playwright@4.1.11
1540 silly packumentCache full:https://registry.npmjs.org/@vitest%2fbrowser-playwright cache-miss
1541 http fetch GET 200 https://registry.npmjs.org/@vitest%2fbrowser-playwright 195ms (cache miss)
1542 silly packumentCache full:https://registry.npmjs.org/@vitest%2fbrowser-playwright set size:undefined disposed:false
1543 silly fetch manifest playwright@*
1544 silly packumentCache full:https://registry.npmjs.org/playwright cache-miss
1545 http fetch GET 200 https://registry.npmjs.org/playwright 937ms (cache miss)
1546 silly packumentCache full:https://registry.npmjs.org/playwright set size:undefined disposed:false
1547 silly fetch manifest @vitest/browser-preview@4.1.11
1548 silly packumentCache full:https://registry.npmjs.org/@vitest%2fbrowser-preview cache-miss
1549 http fetch GET 200 https://registry.npmjs.org/@vitest%2fbrowser-preview 281ms (cache miss)
1550 silly packumentCache full:https://registry.npmjs.org/@vitest%2fbrowser-preview set size:undefined disposed:false
1551 silly fetch manifest @vitest/browser-webdriverio@4.1.11
1552 silly packumentCache full:https://registry.npmjs.org/@vitest%2fbrowser-webdriverio cache-miss
1553 http fetch GET 200 https://registry.npmjs.org/@vitest%2fbrowser-webdriverio 363ms (cache miss)
1554 silly packumentCache full:https://registry.npmjs.org/@vitest%2fbrowser-webdriverio set size:undefined disposed:false
1555 silly fetch manifest webdriverio@*
1556 silly packumentCache full:https://registry.npmjs.org/webdriverio cache-miss
1557 http fetch GET 200 https://registry.npmjs.org/webdriverio 276ms (cache miss)
1558 silly packumentCache full:https://registry.npmjs.org/webdriverio set size:undefined disposed:false
1559 silly fetch manifest puppeteer-core@>=22.x <=24.x
1560 silly packumentCache full:https://registry.npmjs.org/puppeteer-core cache-miss
1561 http fetch GET 200 https://registry.npmjs.org/puppeteer-core 277ms (cache miss)
1562 silly packumentCache full:https://registry.npmjs.org/puppeteer-core set size:undefined disposed:false
1563 silly fetch manifest @vitest/coverage-istanbul@4.1.11
1564 silly packumentCache full:https://registry.npmjs.org/@vitest%2fcoverage-istanbul cache-miss
1565 http fetch GET 200 https://registry.npmjs.org/@vitest%2fcoverage-istanbul 218ms (cache miss)
1566 silly packumentCache full:https://registry.npmjs.org/@vitest%2fcoverage-istanbul set size:undefined disposed:false
1567 silly fetch manifest @vitest/coverage-v8@4.1.11
1568 silly packumentCache full:https://registry.npmjs.org/@vitest%2fcoverage-v8 cache-miss
1569 http fetch GET 200 https://registry.npmjs.org/@vitest%2fcoverage-v8 809ms (cache miss)
1570 silly packumentCache full:https://registry.npmjs.org/@vitest%2fcoverage-v8 set size:undefined disposed:false
1571 silly fetch manifest @vitest/browser@4.1.11
1572 silly packumentCache full:https://registry.npmjs.org/@vitest%2fbrowser cache-miss
1573 http fetch GET 200 https://registry.npmjs.org/@vitest%2fbrowser 273ms (cache miss)
1574 silly packumentCache full:https://registry.npmjs.org/@vitest%2fbrowser set size:undefined disposed:false
1575 silly fetch manifest @vitest/ui@4.1.11
1576 silly packumentCache full:https://registry.npmjs.org/@vitest%2fui cache-miss
1577 http fetch GET 200 https://registry.npmjs.org/@vitest%2fui 255ms (cache miss)
1578 silly packumentCache full:https://registry.npmjs.org/@vitest%2fui set size:undefined disposed:false
1579 silly fetch manifest happy-dom@*
1580 silly packumentCache full:https://registry.npmjs.org/happy-dom cache-miss
1581 http fetch GET 200 https://registry.npmjs.org/happy-dom 1624ms (cache miss)
1582 silly packumentCache full:https://registry.npmjs.org/happy-dom set size:undefined disposed:false
1583 silly fetch manifest jsdom@*
1584 silly packumentCache full:https://registry.npmjs.org/jsdom cache-miss
1585 http fetch GET 200 https://registry.npmjs.org/jsdom 271ms (cache miss)
1586 silly packumentCache full:https://registry.npmjs.org/jsdom set size:undefined disposed:false
1587 silly fetch manifest canvas@^3.2.3
1588 silly packumentCache full:https://registry.npmjs.org/canvas cache-miss
1589 http fetch GET 200 https://registry.npmjs.org/canvas 177ms (cache miss)
1590 silly packumentCache full:https://registry.npmjs.org/canvas set size:undefined disposed:false
1591 silly fetch manifest solid-js@^1.7.2
1592 silly packumentCache full:https://registry.npmjs.org/solid-js cache-miss
1593 http fetch GET 200 https://registry.npmjs.org/solid-js 249ms (cache miss)
1594 silly packumentCache full:https://registry.npmjs.org/solid-js set size:undefined disposed:false
1595 silly fetch manifest webpack@>=5.92.0
1596 silly packumentCache full:https://registry.npmjs.org/webpack cache-miss
1597 http fetch GET 200 https://registry.npmjs.org/webpack 313ms (cache miss)
1598 silly packumentCache full:https://registry.npmjs.org/webpack set size:undefined disposed:false
1599 silly placeDep ROOT @tanstack/react-start-plugin@1.131.50 OK for: @tanstack/react-start-config@1.120.20 want: ^1.120.17
1600 silly placeDep node_modules/@tanstack/react-start-config @tanstack/router-core@1.171.27 OK for: @tanstack/react-start-config@1.120.20 want: ^1.120.19
1601 silly placeDep ROOT @tanstack/router-generator@1.167.33 OK for: @tanstack/react-start-config@1.120.20 want: ^1.120.20
1602 silly placeDep node_modules/@tanstack/react-start-config @tanstack/router-plugin@1.168.35 OK for: @tanstack/react-start-config@1.120.20 want: ^1.120.20
1603 silly placeDep node_modules/@tanstack/react-start-config @tanstack/react-router@1.170.32 OK for: @tanstack/router-plugin@1.168.35 want: ^1.170.32
1604 silly placeDep ROOT @tanstack/server-functions-plugin@1.142.1 OK for: @tanstack/react-start-config@1.120.20 want: ^1.120.17
1605 silly placeDep node_modules/@tanstack/react-start-config @vitejs/plugin-react@4.7.0 OK for: @tanstack/react-start-config@1.120.20 want: ^4.3.4
1606 silly placeDep ROOT import-meta-resolve@4.2.0 OK for: @tanstack/react-start-config@1.120.20 want: ^4.1.0
1607 silly placeDep ROOT nitropack@2.13.4 OK for: @tanstack/react-start-config@1.120.20 want: ^2.10.4
1608 silly placeDep ROOT ofetch@1.5.1 OK for: @tanstack/react-start-config@1.120.20 want: ^1.4.1
1609 silly placeDep ROOT vinxi@0.5.3 OK for: @tanstack/react-start-config@1.120.20 want: 0.5.3
1610 silly placeDep node_modules/@tanstack/react-start-config zod@3.25.76 OK for: @tanstack/react-start-config@1.120.20 want: ^3.24.2
1611 silly fetch manifest pathe@^2.0.3
1612 silly packumentCache full:https://registry.npmjs.org/pathe cache-miss
1613 silly fetch manifest @tanstack/start-plugin-core@1.131.50
1614 silly packumentCache full:https://registry.npmjs.org/@tanstack%2fstart-plugin-core cache-miss
1615 silly fetch manifest prettier@^3.5.0
1616 silly packumentCache full:https://registry.npmjs.org/prettier cache-miss
1617 http fetch GET 200 https://registry.npmjs.org/pathe 235ms (cache miss)
1618 silly packumentCache full:https://registry.npmjs.org/pathe set size:undefined disposed:false
1619 silly fetch manifest @babel/types@^7.28.5
1620 silly packumentCache full:https://registry.npmjs.org/@babel%2ftypes cache-miss
1621 http fetch GET 200 https://registry.npmjs.org/prettier 265ms (cache miss)
1622 silly packumentCache full:https://registry.npmjs.org/prettier set size:undefined disposed:false
1623 silly fetch manifest @tanstack/router-utils@1.162.2
1624 silly packumentCache full:https://registry.npmjs.org/@tanstack%2frouter-utils cache-miss
1625 http fetch GET 200 https://registry.npmjs.org/@babel%2ftypes 266ms (cache miss)
1626 silly packumentCache full:https://registry.npmjs.org/@babel%2ftypes set size:undefined disposed:false
1627 silly fetch manifest @tanstack/virtual-file-routes@1.162.0
1628 silly packumentCache full:https://registry.npmjs.org/@tanstack%2fvirtual-file-routes cache-miss
1629 http fetch GET 200 https://registry.npmjs.org/@tanstack%2fstart-plugin-core 564ms (cache miss)
1630 silly packumentCache full:https://registry.npmjs.org/@tanstack%2fstart-plugin-core set size:undefined disposed:false
1631 silly fetch manifest chokidar@^5.0.0
1632 silly packumentCache full:https://registry.npmjs.org/chokidar cache-miss
1633 http fetch GET 200 https://registry.npmjs.org/chokidar 238ms (cache miss)
1634 silly packumentCache full:https://registry.npmjs.org/chokidar set size:undefined disposed:false
1635 silly fetch manifest unplugin@^3.0.0
1636 silly packumentCache full:https://registry.npmjs.org/unplugin cache-miss
1637 http fetch GET 200 https://registry.npmjs.org/@tanstack%2frouter-utils 454ms (cache miss)
1638 silly packumentCache full:https://registry.npmjs.org/@tanstack%2frouter-utils set size:undefined disposed:false
1639 silly fetch manifest @babel/core@^7.28.5
1640 silly packumentCache full:https://registry.npmjs.org/@babel%2fcore cache-miss
1641 http cache https://registry.npmjs.org/@babel%2fcore 17ms (cache hit)
1642 silly packumentCache full:https://registry.npmjs.org/@babel%2fcore set size:788273 disposed:false
1643 silly fetch manifest @babel/template@^7.27.2
1644 silly packumentCache full:https://registry.npmjs.org/@babel%2ftemplate cache-miss
1645 http fetch GET 200 https://registry.npmjs.org/unplugin 232ms (cache miss)
1646 silly packumentCache full:https://registry.npmjs.org/unplugin set size:undefined disposed:false
1647 silly fetch manifest @babel/core@^7.27.7
1648 silly packumentCache full:https://registry.npmjs.org/@babel%2fcore cache-hit
1649 silly fetch manifest @babel/types@^7.27.7
1650 silly packumentCache full:https://registry.npmjs.org/@babel%2ftypes cache-miss
1651 http cache https://registry.npmjs.org/@babel%2ftypes 26ms (cache hit)
1652 silly packumentCache full:https://registry.npmjs.org/@babel%2ftypes set size:502938 disposed:false
1653 silly fetch manifest @babel/template@^7.27.2
1654 silly packumentCache full:https://registry.npmjs.org/@babel%2ftemplate cache-miss
1655 http fetch GET 200 https://registry.npmjs.org/@tanstack%2fvirtual-file-routes 616ms (cache miss)
1656 silly packumentCache full:https://registry.npmjs.org/@tanstack%2fvirtual-file-routes set size:undefined disposed:false
1657 silly fetch manifest @babel/traverse@^7.27.7
1658 silly packumentCache full:https://registry.npmjs.org/@babel%2ftraverse cache-miss
1659 http fetch GET 200 https://registry.npmjs.org/@babel%2ftemplate 279ms (cache miss)
1660 silly packumentCache full:https://registry.npmjs.org/@babel%2ftemplate set size:undefined disposed:false
1661 silly fetch manifest @babel/code-frame@7.27.1
1662 silly packumentCache full:https://registry.npmjs.org/@babel%2fcode-frame cache-miss
1663 http fetch GET 200 https://registry.npmjs.org/@babel%2ftemplate 178ms (cache miss)
1664 silly packumentCache full:https://registry.npmjs.org/@babel%2ftemplate set size:undefined disposed:false
1665 silly fetch manifest @babel/plugin-syntax-jsx@^7.27.1
1666 silly packumentCache full:https://registry.npmjs.org/@babel%2fplugin-syntax-jsx cache-miss
1667 http fetch GET 200 https://registry.npmjs.org/@babel%2ftraverse 210ms (cache miss)
1668 silly packumentCache full:https://registry.npmjs.org/@babel%2ftraverse set size:undefined disposed:false
1669 silly fetch manifest babel-dead-code-elimination@^1.0.9
1670 silly packumentCache full:https://registry.npmjs.org/babel-dead-code-elimination cache-miss
1671 http fetch GET 200 https://registry.npmjs.org/babel-dead-code-elimination 806ms (cache miss)
1672 silly packumentCache full:https://registry.npmjs.org/babel-dead-code-elimination set size:undefined disposed:false
1673 silly fetch manifest @babel/plugin-syntax-typescript@^7.27.1
1674 silly packumentCache full:https://registry.npmjs.org/@babel%2fplugin-syntax-typescript cache-miss
1675 http fetch GET 200 https://registry.npmjs.org/@babel%2fcode-frame 1005ms (cache miss)
1676 silly packumentCache full:https://registry.npmjs.org/@babel%2fcode-frame set size:undefined disposed:false
1677 silly fetch manifest @tanstack/directive-functions-plugin@1.142.1
1678 silly packumentCache full:https://registry.npmjs.org/@tanstack%2fdirective-functions-plugin cache-miss
1679 http fetch GET 200 https://registry.npmjs.org/@babel%2fplugin-syntax-jsx 956ms (cache miss)
1680 silly packumentCache full:https://registry.npmjs.org/@babel%2fplugin-syntax-jsx set size:undefined disposed:false
1681 silly fetch manifest @babel/core@^7.28.0
1682 silly packumentCache full:https://registry.npmjs.org/@babel%2fcore cache-hit
1683 silly fetch manifest react-refresh@^0.17.0
1684 silly packumentCache full:https://registry.npmjs.org/react-refresh cache-miss
1685 http cache https://registry.npmjs.org/react-refresh 104ms (cache hit)
1686 silly packumentCache full:https://registry.npmjs.org/react-refresh set size:6574811 disposed:false
1687 silly fetch manifest @rolldown/pluginutils@1.0.0-beta.27
1688 silly packumentCache full:https://registry.npmjs.org/@rolldown%2fpluginutils cache-miss
1689 http cache https://registry.npmjs.org/@rolldown%2fpluginutils 149ms (cache hit)
1690 silly packumentCache full:https://registry.npmjs.org/@rolldown%2fpluginutils set size:300388 disposed:false
1691 silly fetch manifest @cloudflare/kv-asset-handler@^0.4.2
1692 silly packumentCache full:https://registry.npmjs.org/@cloudflare%2fkv-asset-handler cache-miss
1693 http fetch GET 200 https://registry.npmjs.org/@babel%2fplugin-syntax-typescript 678ms (cache miss)
1694 silly packumentCache full:https://registry.npmjs.org/@babel%2fplugin-syntax-typescript set size:undefined disposed:false
1695 silly fetch manifest @rollup/plugin-alias@^6.0.0
1696 silly packumentCache full:https://registry.npmjs.org/@rollup%2fplugin-alias cache-miss
1697 http fetch GET 200 https://registry.npmjs.org/@tanstack%2fdirective-functions-plugin 709ms (cache miss)
1698 silly packumentCache full:https://registry.npmjs.org/@tanstack%2fdirective-functions-plugin set size:undefined disposed:false
1699 silly fetch manifest @rollup/plugin-commonjs@^29.0.2
1700 silly packumentCache full:https://registry.npmjs.org/@rollup%2fplugin-commonjs cache-miss
1701 http fetch GET 200 https://registry.npmjs.org/@cloudflare%2fkv-asset-handler 404ms (cache miss)
1702 silly packumentCache full:https://registry.npmjs.org/@cloudflare%2fkv-asset-handler set size:undefined disposed:false
1703 silly fetch manifest @rollup/plugin-inject@^5.0.5
1704 silly packumentCache full:https://registry.npmjs.org/@rollup%2fplugin-inject cache-miss
1705 http fetch GET 200 https://registry.npmjs.org/@rollup%2fplugin-commonjs 295ms (cache miss)
1706 silly packumentCache full:https://registry.npmjs.org/@rollup%2fplugin-commonjs set size:undefined disposed:false
1707 silly fetch manifest @rollup/plugin-json@^6.1.0
1708 silly packumentCache full:https://registry.npmjs.org/@rollup%2fplugin-json cache-miss
1709 http fetch GET 200 https://registry.npmjs.org/@rollup%2fplugin-inject 584ms (cache miss)
1710 silly packumentCache full:https://registry.npmjs.org/@rollup%2fplugin-inject set size:undefined disposed:false
1711 silly fetch manifest @rollup/plugin-node-resolve@^16.0.3
1712 silly packumentCache full:https://registry.npmjs.org/@rollup%2fplugin-node-resolve cache-miss
1713 http fetch GET 200 https://registry.npmjs.org/@rollup%2fplugin-alias 996ms (cache miss)
1714 silly packumentCache full:https://registry.npmjs.org/@rollup%2fplugin-alias set size:undefined disposed:false
1715 silly fetch manifest @rollup/plugin-replace@^6.0.3
1716 silly packumentCache full:https://registry.npmjs.org/@rollup%2fplugin-replace cache-miss
1717 http fetch GET 200 https://registry.npmjs.org/@rollup%2fplugin-json 793ms (cache miss)
1718 silly packumentCache full:https://registry.npmjs.org/@rollup%2fplugin-json set size:undefined disposed:false
1719 silly fetch manifest @rollup/plugin-terser@^1.0.0
1720 silly packumentCache full:https://registry.npmjs.org/@rollup%2fplugin-terser cache-miss
1721 http fetch GET 200 https://registry.npmjs.org/@rollup%2fplugin-replace 2178ms (cache miss)
1722 silly packumentCache full:https://registry.npmjs.org/@rollup%2fplugin-replace set size:undefined disposed:false
1723 silly fetch manifest @vercel/nft@^1.5.0
1724 silly packumentCache full:https://registry.npmjs.org/@vercel%2fnft cache-miss
1725 http fetch GET 200 https://registry.npmjs.org/@rollup%2fplugin-terser 1987ms (cache miss)
1726 silly packumentCache full:https://registry.npmjs.org/@rollup%2fplugin-terser set size:undefined disposed:false
1727 silly fetch manifest archiver@^7.0.1
1728 silly packumentCache full:https://registry.npmjs.org/archiver cache-miss
1729 http fetch GET 200 https://registry.npmjs.org/@rollup%2fplugin-node-resolve 2486ms (cache miss)
1730 silly packumentCache full:https://registry.npmjs.org/@rollup%2fplugin-node-resolve set size:undefined disposed:false
1731 silly fetch manifest c12@^3.3.4
1732 silly packumentCache full:https://registry.npmjs.org/c12 cache-miss
1733 http fetch GET 200 https://registry.npmjs.org/archiver 748ms (cache miss)
1734 silly packumentCache full:https://registry.npmjs.org/archiver set size:undefined disposed:false
1735 silly fetch manifest citty@^0.2.2
1736 silly packumentCache full:https://registry.npmjs.org/citty cache-miss
1737 http fetch GET 200 https://registry.npmjs.org/@vercel%2fnft 1145ms (cache miss)
1738 silly packumentCache full:https://registry.npmjs.org/@vercel%2fnft set size:undefined disposed:false
1739 silly fetch manifest compatx@^0.2.0
1740 silly packumentCache full:https://registry.npmjs.org/compatx cache-miss
1741 http fetch GET 200 https://registry.npmjs.org/c12 969ms (cache miss)
1742 silly packumentCache full:https://registry.npmjs.org/c12 set size:undefined disposed:false
1743 silly fetch manifest confbox@^0.2.4
1744 silly packumentCache full:https://registry.npmjs.org/confbox cache-miss
1745 http fetch GET 200 https://registry.npmjs.org/citty 480ms (cache miss)
1746 silly packumentCache full:https://registry.npmjs.org/citty set size:undefined disposed:false
1747 silly fetch manifest consola@^3.4.2
1748 silly packumentCache full:https://registry.npmjs.org/consola cache-miss
1749 http fetch GET 200 https://registry.npmjs.org/consola 3521ms (cache miss)
1750 silly packumentCache full:https://registry.npmjs.org/consola set size:undefined disposed:false
1751 silly fetch manifest cookie-es@^2.0.1
1752 silly packumentCache full:https://registry.npmjs.org/cookie-es cache-miss
1753 http fetch GET 200 https://registry.npmjs.org/compatx 3616ms (cache miss)
1754 silly packumentCache full:https://registry.npmjs.org/compatx set size:undefined disposed:false
1755 silly fetch manifest croner@^10.0.1
1756 silly packumentCache full:https://registry.npmjs.org/croner cache-miss
1757 http fetch GET 200 https://registry.npmjs.org/confbox 3616ms (cache miss)
1758 silly packumentCache full:https://registry.npmjs.org/confbox set size:undefined disposed:false
1759 silly fetch manifest crossws@^0.3.5
1760 silly packumentCache full:https://registry.npmjs.org/crossws cache-miss
1761 http cache https://registry.npmjs.org/cookie-es 141ms (cache hit)
1762 silly packumentCache full:https://registry.npmjs.org/cookie-es set size:30011 disposed:false
1763 silly fetch manifest db0@^0.3.4
1764 silly packumentCache full:https://registry.npmjs.org/db0 cache-miss
1765 http fetch GET 200 https://registry.npmjs.org/db0 301ms (cache miss)
1766 silly packumentCache full:https://registry.npmjs.org/db0 set size:undefined disposed:false
1767 silly fetch manifest defu@^6.1.7
1768 silly packumentCache full:https://registry.npmjs.org/defu cache-miss
1769 http fetch GET 200 https://registry.npmjs.org/crossws 418ms (cache miss)
1770 silly packumentCache full:https://registry.npmjs.org/crossws set size:undefined disposed:false
1771 silly fetch manifest destr@^2.0.5
1772 silly packumentCache full:https://registry.npmjs.org/destr cache-miss
1773 http fetch GET 200 https://registry.npmjs.org/croner 471ms (cache miss)
1774 silly packumentCache full:https://registry.npmjs.org/croner set size:undefined disposed:false
1775 silly fetch manifest dot-prop@^10.1.0
1776 silly packumentCache full:https://registry.npmjs.org/dot-prop cache-miss
1777 http fetch GET 200 https://registry.npmjs.org/defu 211ms (cache miss)
1778 silly packumentCache full:https://registry.npmjs.org/defu set size:undefined disposed:false
1779 silly fetch manifest esbuild@^0.28.0
1780 silly packumentCache full:https://registry.npmjs.org/esbuild cache-miss
1781 http fetch GET 200 https://registry.npmjs.org/destr 224ms (cache miss)
1782 silly packumentCache full:https://registry.npmjs.org/destr set size:undefined disposed:false
1783 silly fetch manifest escape-string-regexp@^5.0.0
1784 silly packumentCache full:https://registry.npmjs.org/escape-string-regexp cache-miss
1785 http cache https://registry.npmjs.org/esbuild 81ms (cache hit)
1786 silly packumentCache full:https://registry.npmjs.org/esbuild set size:1264676 disposed:false
1787 silly fetch manifest etag@^1.8.1
1788 silly packumentCache full:https://registry.npmjs.org/etag cache-miss
1789 http fetch GET 200 https://registry.npmjs.org/escape-string-regexp 762ms (cache miss)
1790 silly packumentCache full:https://registry.npmjs.org/escape-string-regexp set size:undefined disposed:false
1791 silly fetch manifest exsolve@^1.0.8
1792 silly packumentCache full:https://registry.npmjs.org/exsolve cache-miss
1793 http fetch GET 200 https://registry.npmjs.org/dot-prop 880ms (cache miss)
1794 silly packumentCache full:https://registry.npmjs.org/dot-prop set size:undefined disposed:false
1795 silly fetch manifest globby@^16.2.0
1796 silly packumentCache full:https://registry.npmjs.org/globby cache-miss
1797 http cache https://registry.npmjs.org/etag 690ms (cache hit)
1798 silly packumentCache full:https://registry.npmjs.org/etag set size:30032 disposed:false
1799 silly fetch manifest gzip-size@^7.0.0
1800 silly packumentCache full:https://registry.npmjs.org/gzip-size cache-miss
1801 http fetch GET 200 https://registry.npmjs.org/gzip-size 296ms (cache miss)
1802 silly packumentCache full:https://registry.npmjs.org/gzip-size set size:undefined disposed:false
1803 silly fetch manifest h3@^1.15.11
1804 silly packumentCache full:https://registry.npmjs.org/h3 cache-miss
1805 http fetch GET 200 https://registry.npmjs.org/exsolve 342ms (cache miss)
1806 silly packumentCache full:https://registry.npmjs.org/exsolve set size:undefined disposed:false
1807 silly fetch manifest hookable@^5.5.3
1808 silly packumentCache full:https://registry.npmjs.org/hookable cache-miss
1809 http fetch GET 200 https://registry.npmjs.org/globby 594ms (cache miss)
1810 silly packumentCache full:https://registry.npmjs.org/globby set size:undefined disposed:false
1811 silly fetch manifest httpxy@^0.5.1
1812 silly packumentCache full:https://registry.npmjs.org/httpxy cache-miss
1813 http fetch GET 200 https://registry.npmjs.org/h3 342ms (cache miss)
1814 silly packumentCache full:https://registry.npmjs.org/h3 set size:undefined disposed:false
1815 silly fetch manifest ioredis@^5.10.1
1816 silly packumentCache full:https://registry.npmjs.org/ioredis cache-miss
1817 http fetch GET 200 https://registry.npmjs.org/hookable 491ms (cache miss)
1818 silly packumentCache full:https://registry.npmjs.org/hookable set size:undefined disposed:false
1819 silly fetch manifest klona@^2.0.6
1820 silly packumentCache full:https://registry.npmjs.org/klona cache-miss
1821 http fetch GET 200 https://registry.npmjs.org/httpxy 255ms (cache miss)
1822 silly packumentCache full:https://registry.npmjs.org/httpxy set size:undefined disposed:false
1823 silly fetch manifest knitwork@^1.3.0
1824 silly packumentCache full:https://registry.npmjs.org/knitwork cache-miss
1825 http fetch GET 200 https://registry.npmjs.org/klona 989ms (cache miss)
1826 silly packumentCache full:https://registry.npmjs.org/klona set size:undefined disposed:false
1827 silly fetch manifest listhen@^1.9.1
1828 silly packumentCache full:https://registry.npmjs.org/listhen cache-miss
1829 http fetch GET 200 https://registry.npmjs.org/ioredis 1059ms (cache miss)
1830 silly packumentCache full:https://registry.npmjs.org/ioredis set size:undefined disposed:false
1831 silly fetch manifest magicast@^0.5.2
1832 silly packumentCache full:https://registry.npmjs.org/magicast cache-miss
1833 http fetch GET 200 https://registry.npmjs.org/knitwork 978ms (cache miss)
1834 silly packumentCache full:https://registry.npmjs.org/knitwork set size:undefined disposed:false
1835 silly fetch manifest mime@^4.1.0
1836 silly packumentCache full:https://registry.npmjs.org/mime cache-miss
1837 http fetch GET 200 https://registry.npmjs.org/mime 173ms (cache miss)
1838 silly packumentCache full:https://registry.npmjs.org/mime set size:undefined disposed:false
1839 silly fetch manifest mlly@^1.8.2
1840 silly packumentCache full:https://registry.npmjs.org/mlly cache-miss
1841 http fetch GET 200 https://registry.npmjs.org/magicast 202ms (cache miss)
1842 silly packumentCache full:https://registry.npmjs.org/magicast set size:undefined disposed:false
1843 silly fetch manifest node-fetch-native@^1.6.7
1844 silly packumentCache full:https://registry.npmjs.org/node-fetch-native cache-miss
1845 http fetch GET 200 https://registry.npmjs.org/listhen 778ms (cache miss)
1846 silly packumentCache full:https://registry.npmjs.org/listhen set size:undefined disposed:false
1847 silly fetch manifest node-mock-http@^1.0.4
1848 silly packumentCache full:https://registry.npmjs.org/node-mock-http cache-miss
1849 http fetch GET 200 https://registry.npmjs.org/node-fetch-native 554ms (cache miss)
1850 silly packumentCache full:https://registry.npmjs.org/node-fetch-native set size:undefined disposed:false
1851 silly fetch manifest ofetch@^1.5.1
1852 silly packumentCache full:https://registry.npmjs.org/ofetch cache-miss
1853 http fetch GET 200 https://registry.npmjs.org/mlly 618ms (cache miss)
1854 silly packumentCache full:https://registry.npmjs.org/mlly set size:undefined disposed:false
1855 silly fetch manifest ohash@^2.0.11
1856 silly packumentCache full:https://registry.npmjs.org/ohash cache-miss
1857 http cache https://registry.npmjs.org/ofetch 274ms (cache hit)
1858 silly packumentCache full:https://registry.npmjs.org/ofetch set size:75280 disposed:false
1859 silly fetch manifest perfect-debounce@^2.1.0
1860 silly packumentCache full:https://registry.npmjs.org/perfect-debounce cache-miss
1861 http fetch GET 200 https://registry.npmjs.org/node-mock-http 366ms (cache miss)
1862 silly packumentCache full:https://registry.npmjs.org/node-mock-http set size:undefined disposed:false
1863 silly fetch manifest pkg-types@^2.3.1
1864 silly packumentCache full:https://registry.npmjs.org/pkg-types cache-miss
1865 http fetch GET 200 https://registry.npmjs.org/ohash 298ms (cache miss)
1866 silly packumentCache full:https://registry.npmjs.org/ohash set size:undefined disposed:false
1867 silly fetch manifest pretty-bytes@^7.1.0
1868 silly packumentCache full:https://registry.npmjs.org/pretty-bytes cache-miss
1869 http fetch GET 200 https://registry.npmjs.org/perfect-debounce 431ms (cache miss)
1870 silly packumentCache full:https://registry.npmjs.org/perfect-debounce set size:undefined disposed:false
1871 silly fetch manifest radix3@^1.1.2
1872 silly packumentCache full:https://registry.npmjs.org/radix3 cache-miss
1873 http fetch GET 200 https://registry.npmjs.org/pkg-types 459ms (cache miss)
1874 silly packumentCache full:https://registry.npmjs.org/pkg-types set size:undefined disposed:false
1875 silly fetch manifest rollup@^4.60.2
1876 silly packumentCache full:https://registry.npmjs.org/rollup cache-miss
1877 http fetch GET 200 https://registry.npmjs.org/pretty-bytes 942ms (cache miss)
1878 silly packumentCache full:https://registry.npmjs.org/pretty-bytes set size:undefined disposed:false
1879 silly fetch manifest rollup-plugin-visualizer@^7.0.1
1880 silly packumentCache full:https://registry.npmjs.org/rollup-plugin-visualizer cache-miss
1881 http fetch GET 200 https://registry.npmjs.org/radix3 1035ms (cache miss)
1882 silly packumentCache full:https://registry.npmjs.org/radix3 set size:undefined disposed:false
1883 silly fetch manifest scule@^1.3.0
1884 silly packumentCache full:https://registry.npmjs.org/scule cache-miss
1885 http fetch GET 200 https://registry.npmjs.org/rollup-plugin-visualizer 672ms (cache miss)
1886 silly packumentCache full:https://registry.npmjs.org/rollup-plugin-visualizer set size:undefined disposed:false
1887 silly fetch manifest semver@^7.7.4
1888 silly packumentCache full:https://registry.npmjs.org/semver cache-miss
1889 http fetch GET 200 https://registry.npmjs.org/scule 682ms (cache miss)
1890 silly packumentCache full:https://registry.npmjs.org/scule set size:undefined disposed:false
1891 silly fetch manifest serve-placeholder@^2.0.2
1892 silly packumentCache full:https://registry.npmjs.org/serve-placeholder cache-miss
1893 http fetch GET 200 https://registry.npmjs.org/semver 553ms (cache miss)
1894 silly packumentCache full:https://registry.npmjs.org/semver set size:undefined disposed:false
1895 silly fetch manifest serve-static@^2.2.1
1896 silly packumentCache full:https://registry.npmjs.org/serve-static cache-miss
1897 http cache https://registry.npmjs.org/serve-static 22ms (cache hit)
1898 silly packumentCache full:https://registry.npmjs.org/serve-static set size:150391 disposed:false
1899 silly fetch manifest source-map@^0.7.6
1900 silly packumentCache full:https://registry.npmjs.org/source-map cache-miss
1901 http fetch GET 200 https://registry.npmjs.org/rollup 1916ms (cache miss)
1902 silly packumentCache full:https://registry.npmjs.org/rollup set size:undefined disposed:false
1903 silly fetch manifest std-env@^4.1.0
1904 silly packumentCache full:https://registry.npmjs.org/std-env cache-miss
1905 http fetch GET 200 https://registry.npmjs.org/serve-placeholder 416ms (cache miss)
1906 silly packumentCache full:https://registry.npmjs.org/serve-placeholder set size:undefined disposed:false
1907 silly fetch manifest ufo@^1.6.4
1908 silly packumentCache full:https://registry.npmjs.org/ufo cache-miss
1909 http fetch GET 200 https://registry.npmjs.org/source-map 305ms (cache miss)
1910 silly packumentCache full:https://registry.npmjs.org/source-map set size:undefined disposed:false
1911 silly fetch manifest ultrahtml@^1.6.0
1912 silly packumentCache full:https://registry.npmjs.org/ultrahtml cache-miss
1913 http fetch GET 200 https://registry.npmjs.org/std-env 243ms (cache miss)
1914 silly packumentCache full:https://registry.npmjs.org/std-env set size:undefined disposed:false
1915 silly fetch manifest uncrypto@^0.1.3
1916 silly packumentCache full:https://registry.npmjs.org/uncrypto cache-miss
1917 http fetch GET 200 https://registry.npmjs.org/ultrahtml 526ms (cache miss)
1918 silly packumentCache full:https://registry.npmjs.org/ultrahtml set size:undefined disposed:false
1919 silly fetch manifest unctx@^2.5.0
1920 silly packumentCache full:https://registry.npmjs.org/unctx cache-miss
1921 http fetch GET 200 https://registry.npmjs.org/ufo 567ms (cache miss)
1922 silly packumentCache full:https://registry.npmjs.org/ufo set size:undefined disposed:false
1923 silly fetch manifest unenv@2.0.0-rc.24
1924 silly packumentCache full:https://registry.npmjs.org/unenv cache-miss
1925 http fetch GET 200 https://registry.npmjs.org/uncrypto 502ms (cache miss)
1926 silly packumentCache full:https://registry.npmjs.org/uncrypto set size:undefined disposed:false
1927 silly fetch manifest unimport@^6.2.0
1928 silly packumentCache full:https://registry.npmjs.org/unimport cache-miss
1929 http fetch GET 200 https://registry.npmjs.org/unctx 514ms (cache miss)
1930 silly packumentCache full:https://registry.npmjs.org/unctx set size:undefined disposed:false
1931 silly fetch manifest unplugin-utils@^0.3.1
1932 silly packumentCache full:https://registry.npmjs.org/unplugin-utils cache-miss
1933 http fetch GET 200 https://registry.npmjs.org/unenv 537ms (cache miss)
1934 silly packumentCache full:https://registry.npmjs.org/unenv set size:undefined disposed:false
1935 silly fetch manifest unstorage@^1.17.5
1936 silly packumentCache full:https://registry.npmjs.org/unstorage cache-miss
1937 http fetch GET 200 https://registry.npmjs.org/unimport 463ms (cache miss)
1938 silly packumentCache full:https://registry.npmjs.org/unimport set size:undefined disposed:false
1939 silly fetch manifest untyped@^2.0.0
1940 silly packumentCache full:https://registry.npmjs.org/untyped cache-miss
1941 http fetch GET 200 https://registry.npmjs.org/unplugin-utils 573ms (cache miss)
1942 silly packumentCache full:https://registry.npmjs.org/unplugin-utils set size:undefined disposed:false
1943 silly fetch manifest unwasm@^0.5.3
1944 silly packumentCache full:https://registry.npmjs.org/unwasm cache-miss
1945 http fetch GET 200 https://registry.npmjs.org/unstorage 725ms (cache miss)
1946 silly packumentCache full:https://registry.npmjs.org/unstorage set size:undefined disposed:false
1947 silly fetch manifest youch@^4.1.1
1948 silly packumentCache full:https://registry.npmjs.org/youch cache-miss
1949 http fetch GET 200 https://registry.npmjs.org/untyped 737ms (cache miss)
1950 silly packumentCache full:https://registry.npmjs.org/untyped set size:undefined disposed:false
1951 silly fetch manifest youch-core@^0.3.3
1952 silly packumentCache full:https://registry.npmjs.org/youch-core cache-miss
1953 http fetch GET 200 https://registry.npmjs.org/unwasm 390ms (cache miss)
1954 silly packumentCache full:https://registry.npmjs.org/unwasm set size:undefined disposed:false
1955 silly fetch manifest ufo@^1.6.1
1956 silly packumentCache full:https://registry.npmjs.org/ufo cache-miss
1957 http cache https://registry.npmjs.org/ufo 259ms (cache hit)
1958 silly packumentCache full:https://registry.npmjs.org/ufo set size:169119 disposed:false
1959 silly fetch manifest h3@1.13.0
1960 silly packumentCache full:https://registry.npmjs.org/h3 cache-miss
1961 http fetch GET 200 https://registry.npmjs.org/youch 510ms (cache miss)
1962 silly packumentCache full:https://registry.npmjs.org/youch set size:undefined disposed:false
1963 silly fetch manifest ufo@^1.3.0
1964 silly packumentCache full:https://registry.npmjs.org/ufo cache-hit
1965 silly fetch manifest zod@^3.22.2
1966 silly packumentCache full:https://registry.npmjs.org/zod cache-miss
1967 http fetch GET 200 https://registry.npmjs.org/youch-core 533ms (cache miss)
1968 silly packumentCache full:https://registry.npmjs.org/youch-core set size:undefined disposed:false
1969 silly fetch manifest defu@^6.1.2
1970 silly packumentCache full:https://registry.npmjs.org/defu cache-miss
1971 http cache https://registry.npmjs.org/h3 199ms (cache hit)
1972 silly packumentCache full:https://registry.npmjs.org/h3 set size:479788 disposed:false
1973 silly fetch manifest boxen@^7.1.1
1974 silly packumentCache full:https://registry.npmjs.org/boxen cache-miss
1975 http cache https://registry.npmjs.org/zod 295ms (cache hit)
1976 silly packumentCache full:https://registry.npmjs.org/zod set size:4147901 disposed:false
1977 silly fetch manifest citty@^0.1.4
1978 silly packumentCache full:https://registry.npmjs.org/citty cache-miss
1979 http cache https://registry.npmjs.org/defu 490ms (cache hit)
1980 silly packumentCache full:https://registry.npmjs.org/defu set size:87806 disposed:false
1981 silly fetch manifest pathe@^1.1.1
1982 silly packumentCache full:https://registry.npmjs.org/pathe cache-miss
1983 http cache https://registry.npmjs.org/citty 121ms (cache hit)
1984 silly packumentCache full:https://registry.npmjs.org/citty set size:38628 disposed:false
1985 silly fetch manifest unctx@^2.3.1
1986 silly packumentCache full:https://registry.npmjs.org/unctx cache-miss
1987 http cache https://registry.npmjs.org/pathe 39ms (cache hit)
1988 silly packumentCache full:https://registry.npmjs.org/pathe set size:68788 disposed:false
1989 silly fetch manifest unenv@^1.9.0
1990 silly packumentCache full:https://registry.npmjs.org/unenv cache-miss
1991 http fetch GET 200 https://registry.npmjs.org/boxen 468ms (cache miss)
1992 silly packumentCache full:https://registry.npmjs.org/boxen set size:undefined disposed:false
1993 silly fetch manifest dax-sh@^0.39.1
1994 silly packumentCache full:https://registry.npmjs.org/dax-sh cache-miss
1995 http cache https://registry.npmjs.org/unctx 53ms (cache hit)
1996 silly packumentCache full:https://registry.npmjs.org/unctx set size:98214 disposed:false
1997 silly fetch manifest radix3@^1.1.0
1998 silly packumentCache full:https://registry.npmjs.org/radix3 cache-miss
1999 http cache https://registry.npmjs.org/unenv 55ms (cache hit)
2000 silly packumentCache full:https://registry.npmjs.org/unenv set size:236480 disposed:false
2001 silly fetch manifest consola@^3.2.3
2002 silly packumentCache full:https://registry.npmjs.org/consola cache-miss
2003 http cache https://registry.npmjs.org/radix3 29ms (cache hit)
2004 silly packumentCache full:https://registry.npmjs.org/radix3 set size:36680 disposed:false
2005 silly fetch manifest crossws@^0.3.1
2006 silly packumentCache full:https://registry.npmjs.org/crossws cache-miss
2007 http cache https://registry.npmjs.org/consola 32ms (cache hit)
2008 silly packumentCache full:https://registry.npmjs.org/consola set size:324648 disposed:false
2009 silly fetch manifest esbuild@^0.20.2
2010 silly packumentCache full:https://registry.npmjs.org/esbuild cache-miss
2011 http cache https://registry.npmjs.org/crossws 38ms (cache hit)
2012 silly packumentCache full:https://registry.npmjs.org/crossws set size:120040 disposed:false
2013 silly fetch manifest resolve@^1.22.6
2014 silly packumentCache full:https://registry.npmjs.org/resolve cache-miss
2015 http cache https://registry.npmjs.org/esbuild 50ms (cache hit)
2016 silly packumentCache full:https://registry.npmjs.org/esbuild set size:1264676 disposed:false
2017 silly fetch manifest chokidar@^3.5.3
2018 silly packumentCache full:https://registry.npmjs.org/chokidar cache-miss
2019 http cache https://registry.npmjs.org/chokidar 73ms (cache hit)
2020 silly packumentCache full:https://registry.npmjs.org/chokidar set size:255902 disposed:false
2021 silly fetch manifest fast-glob@^3.3.1
2022 silly packumentCache full:https://registry.npmjs.org/fast-glob cache-miss
2023 http fetch GET 200 https://registry.npmjs.org/resolve 214ms (cache miss)
2024 silly packumentCache full:https://registry.npmjs.org/resolve set size:undefined disposed:false
2025 silly fetch manifest unstorage@^1.13.1
2026 silly packumentCache full:https://registry.npmjs.org/unstorage cache-miss
2027 http cache https://registry.npmjs.org/unstorage 22ms (cache hit)
2028 silly packumentCache full:https://registry.npmjs.org/unstorage set size:358714 disposed:false
2029 silly fetch manifest http-proxy@^1.18.1
2030 silly packumentCache full:https://registry.npmjs.org/http-proxy cache-miss
2031 http fetch GET 200 https://registry.npmjs.org/dax-sh 413ms (cache miss)
2032 silly packumentCache full:https://registry.npmjs.org/dax-sh set size:undefined disposed:false
2033 silly fetch manifest micromatch@^4.0.5
2034 silly packumentCache full:https://registry.npmjs.org/micromatch cache-miss
2035 http fetch GET 200 https://registry.npmjs.org/fast-glob 200ms (cache miss)
2036 silly packumentCache full:https://registry.npmjs.org/fast-glob set size:undefined disposed:false
2037 silly fetch manifest @babel/core@^7.22.11
2038 silly packumentCache full:https://registry.npmjs.org/@babel%2fcore cache-hit
2039 silly fetch manifest serve-static@^1.15.0
2040 silly packumentCache full:https://registry.npmjs.org/serve-static cache-hit
2041 silly fetch manifest @vinxi/listhen@^1.5.6
2042 silly packumentCache full:https://registry.npmjs.org/@vinxi%2flisthen cache-miss
2043 http fetch GET 200 https://registry.npmjs.org/micromatch 184ms (cache miss)
2044 silly packumentCache full:https://registry.npmjs.org/micromatch set size:undefined disposed:false
2045 silly fetch manifest path-to-regexp@^6.2.1
2046 silly packumentCache full:https://registry.npmjs.org/path-to-regexp cache-miss
2047 http cache https://registry.npmjs.org/path-to-regexp 33ms (cache hit)
2048 silly packumentCache full:https://registry.npmjs.org/path-to-regexp set size:216334 disposed:false
2049 silly fetch manifest es-module-lexer@^1.3.0
2050 silly packumentCache full:https://registry.npmjs.org/es-module-lexer cache-miss
2051 http fetch GET 200 https://registry.npmjs.org/es-module-lexer 463ms (cache miss)
2052 silly packumentCache full:https://registry.npmjs.org/es-module-lexer set size:undefined disposed:false
2053 silly fetch manifest get-port-please@^3.1.1
2054 silly packumentCache full:https://registry.npmjs.org/get-port-please cache-miss
2055 http fetch GET 200 https://registry.npmjs.org/http-proxy 1145ms (cache miss)
2056 silly packumentCache full:https://registry.npmjs.org/http-proxy set size:undefined disposed:false
2057 silly fetch manifest @types/micromatch@^4.0.2
2058 silly packumentCache full:https://registry.npmjs.org/@types%2fmicromatch cache-miss
2059 http fetch GET 200 https://registry.npmjs.org/@vinxi%2flisthen 1831ms (cache miss)
2060 silly packumentCache full:https://registry.npmjs.org/@vinxi%2flisthen set size:undefined disposed:false
2061 silly fetch manifest node-fetch-native@^1.4.0
2062 silly packumentCache full:https://registry.npmjs.org/node-fetch-native cache-miss
2063 http fetch GET 200 https://registry.npmjs.org/@types%2fmicromatch 816ms (cache miss)
2064 silly packumentCache full:https://registry.npmjs.org/@types%2fmicromatch set size:undefined disposed:false
2065 silly fetch manifest serve-placeholder@^2.0.1
2066 silly packumentCache full:https://registry.npmjs.org/serve-placeholder cache-miss
2067 http fetch GET 200 https://registry.npmjs.org/get-port-please 1134ms (cache miss)
2068 silly packumentCache full:https://registry.npmjs.org/get-port-please set size:undefined disposed:false
2069 silly fetch manifest @babel/plugin-syntax-jsx@^7.22.5
2070 silly packumentCache full:https://registry.npmjs.org/@babel%2fplugin-syntax-jsx cache-miss
2071 http cache https://registry.npmjs.org/@babel%2fplugin-syntax-jsx 146ms (cache hit)
2072 silly packumentCache full:https://registry.npmjs.org/@babel%2fplugin-syntax-jsx set size:194952 disposed:false
2073 silly fetch manifest @babel/plugin-syntax-typescript@^7.22.5
2074 silly packumentCache full:https://registry.npmjs.org/@babel%2fplugin-syntax-typescript cache-miss
2075 http cache https://registry.npmjs.org/node-fetch-native 419ms (cache hit)
2076 silly packumentCache full:https://registry.npmjs.org/node-fetch-native set size:114626 disposed:false
2077 http cache https://registry.npmjs.org/serve-placeholder 535ms (cache hit)
2078 silly packumentCache full:https://registry.npmjs.org/serve-placeholder set size:46333 disposed:false
2079 http cache https://registry.npmjs.org/@babel%2fplugin-syntax-typescript 228ms (cache hit)
2080 silly packumentCache full:https://registry.npmjs.org/@babel%2fplugin-syntax-typescript set size:221236 disposed:false
2081 silly fetch manifest vite@>=6.0.0
2082 silly packumentCache full:https://registry.npmjs.org/vite cache-miss
2083 http cache https://registry.npmjs.org/vite 400ms (cache hit)
2084 silly packumentCache full:https://registry.npmjs.org/vite set size:38929639 disposed:false
2085 silly fetch manifest @types/node@^20.19.0 || >=22.12.0
2086 silly packumentCache full:https://registry.npmjs.org/@types%2fnode cache-miss
2087 http cache https://registry.npmjs.org/@types%2fnode 250ms (cache hit)
2088 silly packumentCache full:https://registry.npmjs.org/@types%2fnode set size:11096266 disposed:false
2089 silly fetch manifest @vitejs/devtools@^0.4.0 || ^0.5.0
2090 silly packumentCache full:https://registry.npmjs.org/@vitejs%2fdevtools cache-miss
2091 http fetch GET 200 https://registry.npmjs.org/@vitejs%2fdevtools 824ms (cache miss)
2092 silly packumentCache full:https://registry.npmjs.org/@vitejs%2fdevtools set size:undefined disposed:false
2093 silly fetch manifest @vitejs/devtools-oxc@^0.5.2
2094 silly packumentCache full:https://registry.npmjs.org/@vitejs%2fdevtools-oxc cache-miss
2095 http fetch GET 200 https://registry.npmjs.org/@vitejs%2fdevtools-oxc 283ms (cache miss)
2096 silly packumentCache full:https://registry.npmjs.org/@vitejs%2fdevtools-oxc set size:undefined disposed:false
2097 silly fetch manifest @vitejs/devtools-rolldown@^0.5.2
2098 silly packumentCache full:https://registry.npmjs.org/@vitejs%2fdevtools-rolldown cache-miss
2099 http fetch GET 200 https://registry.npmjs.org/@vitejs%2fdevtools-rolldown 242ms (cache miss)
2100 silly packumentCache full:https://registry.npmjs.org/@vitejs%2fdevtools-rolldown set size:undefined disposed:false
2101 silly fetch manifest @vitejs/devtools-vite@^0.5.2
2102 silly packumentCache full:https://registry.npmjs.org/@vitejs%2fdevtools-vite cache-miss
2103 http fetch GET 200 https://registry.npmjs.org/@vitejs%2fdevtools-vite 262ms (cache miss)
2104 silly packumentCache full:https://registry.npmjs.org/@vitejs%2fdevtools-vite set size:undefined disposed:false
2105 silly fetch manifest @vitejs/devtools-vitest@^0.5.2
2106 silly packumentCache full:https://registry.npmjs.org/@vitejs%2fdevtools-vitest cache-miss
2107 http fetch GET 200 https://registry.npmjs.org/@vitejs%2fdevtools-vitest 301ms (cache miss)
2108 silly packumentCache full:https://registry.npmjs.org/@vitejs%2fdevtools-vitest set size:undefined disposed:false
2109 silly fetch manifest vitest@*
2110 silly packumentCache full:https://registry.npmjs.org/vitest cache-miss
2111 http cache https://registry.npmjs.org/vitest 125ms (cache hit)
2112 silly packumentCache full:https://registry.npmjs.org/vitest set size:2246949 disposed:false
2113 silly fetch manifest esbuild@^0.27.0 || ^0.28.0
2114 silly packumentCache full:https://registry.npmjs.org/esbuild cache-miss
2115 http cache https://registry.npmjs.org/esbuild 39ms (cache hit)
2116 silly packumentCache full:https://registry.npmjs.org/esbuild set size:1264676 disposed:false
2117 silly fetch manifest less@^4.0.0
2118 silly packumentCache full:https://registry.npmjs.org/less cache-miss
2119 http fetch GET 200 https://registry.npmjs.org/less 841ms (cache revalidated)
2120 silly packumentCache full:https://registry.npmjs.org/less set size:500352 disposed:false
2121 silly fetch manifest sass@^1.70.0
2122 silly packumentCache full:https://registry.npmjs.org/sass cache-miss
2123 http fetch GET 200 https://registry.npmjs.org/sass 633ms (cache revalidated)
2124 silly packumentCache full:https://registry.npmjs.org/sass set size:747752 disposed:false
2125 silly fetch manifest sass-embedded@^1.70.0
2126 silly packumentCache full:https://registry.npmjs.org/sass-embedded cache-miss
2127 http fetch GET 200 https://registry.npmjs.org/sass-embedded 391ms (cache revalidated)
2128 silly packumentCache full:https://registry.npmjs.org/sass-embedded set size:428375 disposed:false
2129 silly fetch manifest stylus@>=0.54.8
2130 silly packumentCache full:https://registry.npmjs.org/stylus cache-miss
2131 http fetch GET 200 https://registry.npmjs.org/stylus 185ms (cache revalidated)
2132 silly packumentCache full:https://registry.npmjs.org/stylus set size:286766 disposed:false
2133 silly fetch manifest sugarss@^5.0.0
2134 silly packumentCache full:https://registry.npmjs.org/sugarss cache-miss
2135 http fetch GET 200 https://registry.npmjs.org/sugarss 513ms (cache revalidated)
2136 silly packumentCache full:https://registry.npmjs.org/sugarss set size:44975 disposed:false
2137 silly placeDep ROOT @tanstack/start-plugin-core@1.131.50 OK for: @tanstack/react-start-plugin@1.131.50 want: 1.131.50
2138 silly placeDep ROOT pathe@2.0.3 OK for: @tanstack/react-start-plugin@1.131.50 want: ^2.0.3
2139 silly placeDep node_modules/@tanstack/react-start-plugin zod@3.25.76 OK for: @tanstack/react-start-plugin@1.131.50 want: ^3.24.2
2140 silly fetch manifest ufo@^1.5.4
2141 silly packumentCache full:https://registry.npmjs.org/ufo cache-hit
2142 silly fetch manifest vitefu@^1.1.1
2143 silly packumentCache full:https://registry.npmjs.org/vitefu cache-miss
2144 silly fetch manifest cheerio@^1.0.0
2145 silly packumentCache full:https://registry.npmjs.org/cheerio cache-miss
2146 silly fetch manifest @babel/core@^7.26.8
2147 silly packumentCache full:https://registry.npmjs.org/@babel%2fcore cache-hit
2148 silly fetch manifest xmlbuilder2@^3.1.1
2149 silly packumentCache full:https://registry.npmjs.org/xmlbuilder2 cache-miss
2150 http fetch GET 200 https://registry.npmjs.org/xmlbuilder2 272ms (cache miss)
2151 silly packumentCache full:https://registry.npmjs.org/xmlbuilder2 set size:undefined disposed:false
2152 silly fetch manifest @babel/types@^7.26.8
2153 silly packumentCache full:https://registry.npmjs.org/@babel%2ftypes cache-hit
2154 silly fetch manifest @babel/code-frame@7.26.2
2155 silly packumentCache full:https://registry.npmjs.org/@babel%2fcode-frame cache-miss
2156 http cache https://registry.npmjs.org/@babel%2fcode-frame 61ms (cache hit)
2157 silly packumentCache full:https://registry.npmjs.org/@babel%2fcode-frame set size:206617 disposed:false
2158 silly fetch manifest @tanstack/router-core@1.131.50
2159 silly packumentCache full:https://registry.npmjs.org/@tanstack%2frouter-core cache-miss
2160 http cache https://registry.npmjs.org/@tanstack%2frouter-core 89ms (cache hit)
2161 silly packumentCache full:https://registry.npmjs.org/@tanstack%2frouter-core set size:1688356 disposed:false
2162 silly fetch manifest @tanstack/router-utils@1.131.2
2163 silly packumentCache full:https://registry.npmjs.org/@tanstack%2frouter-utils cache-miss
2164 http fetch GET 200 https://registry.npmjs.org/vitefu 714ms (cache miss)
2165 silly packumentCache full:https://registry.npmjs.org/vitefu set size:undefined disposed:false
2166 silly fetch manifest @tanstack/router-plugin@1.131.50
2167 silly packumentCache full:https://registry.npmjs.org/@tanstack%2frouter-plugin cache-miss
2168 http fetch GET 200 https://registry.npmjs.org/cheerio 727ms (cache miss)
2169 silly packumentCache full:https://registry.npmjs.org/cheerio set size:undefined disposed:false
2170 silly fetch manifest @types/babel__code-frame@^7.0.6
2171 silly packumentCache full:https://registry.npmjs.org/@types%2fbabel__code-frame cache-miss
2172 http cache https://registry.npmjs.org/@tanstack%2frouter-utils 79ms (cache hit)
2173 silly packumentCache full:https://registry.npmjs.org/@tanstack%2frouter-utils set size:145395 disposed:false
2174 silly fetch manifest @tanstack/router-generator@1.131.50
2175 silly packumentCache full:https://registry.npmjs.org/@tanstack%2frouter-generator cache-miss
2176 http cache https://registry.npmjs.org/@tanstack%2frouter-plugin 116ms (cache hit)
2177 silly packumentCache full:https://registry.npmjs.org/@tanstack%2frouter-plugin set size:2861302 disposed:false
2178 silly fetch manifest @tanstack/start-server-core@1.131.50
2179 silly packumentCache full:https://registry.npmjs.org/@tanstack%2fstart-server-core cache-miss
2180 http cache https://registry.npmjs.org/@tanstack%2frouter-generator 256ms (cache hit)
2181 silly packumentCache full:https://registry.npmjs.org/@tanstack%2frouter-generator set size:1820453 disposed:false
2182 http cache https://registry.npmjs.org/@tanstack%2fstart-server-core 189ms (cache hit)
2183 silly packumentCache full:https://registry.npmjs.org/@tanstack%2fstart-server-core set size:1519063 disposed:false
2184 http fetch GET 200 https://registry.npmjs.org/@types%2fbabel__code-frame 494ms (cache miss)
2185 silly packumentCache full:https://registry.npmjs.org/@types%2fbabel__code-frame set size:undefined disposed:false
2186 silly placeDep node_modules/@tanstack/react-start-router-manifest @tanstack/router-core@1.171.27 OK for: @tanstack/react-start-router-manifest@1.120.19 want: ^1.120.19
2187 silly placeDep node_modules/@tanstack/react-start-server @tanstack/react-router@1.170.32 OK for: @tanstack/react-start-server@1.167.37 want: 1.170.32
2188 silly placeDep node_modules/@tanstack/react-start-server @tanstack/router-core@1.171.27 OK for: @tanstack/react-start-server@1.167.37 want: 1.171.27
2189 silly placeDep ROOT @tanstack/start-server-core@1.169.31 OK for: @tanstack/react-start-server@1.167.37 want: 1.169.31
2190 silly fetch manifest h3-v2@npm:h3@2.0.1-rc.20
2191 silly packumentCache full:https://registry.npmjs.org/h3 cache-hit
2192 silly fetch manifest fetchdts@^0.1.6
2193 silly packumentCache full:https://registry.npmjs.org/fetchdts cache-miss
2194 http fetch GET 200 https://registry.npmjs.org/fetchdts 342ms (cache miss)
2195 silly packumentCache full:https://registry.npmjs.org/fetchdts set size:undefined disposed:false
2196 silly fetch manifest react@^16.8.0 || ^17.0.0 || ^18.0.0 || ^19.0.0
2197 silly packumentCache full:https://registry.npmjs.org/react cache-miss
2198 http cache https://registry.npmjs.org/react 52ms (cache hit)
2199 silly packumentCache full:https://registry.npmjs.org/react set size:6926968 disposed:false
2200 silly placeDep ROOT @tanstack/store@0.7.7 OK for: @tanstack/react-store@0.7.7 want: 0.7.7
2201 silly placeDep ROOT use-sync-external-store@1.6.0 OK for: @tanstack/react-store@0.7.7 want: ^1.5.0
2202 silly placeDep ROOT @babel/types@7.29.8 OK for: @tanstack/router-generator@1.167.33 want: ^7.28.5
2203 silly placeDep node_modules/@tanstack/router-generator @tanstack/router-core@1.171.27 OK for: @tanstack/router-generator@1.167.33 want: 1.171.27
2204 silly placeDep ROOT @tanstack/router-utils@1.162.2 OK for: @tanstack/router-generator@1.167.33 want: 1.162.2
2205 silly placeDep ROOT @tanstack/virtual-file-routes@1.162.0 OK for: @tanstack/router-generator@1.167.33 want: 1.162.0
2206 silly placeDep ROOT prettier@3.9.6 OK for: @tanstack/router-generator@1.167.33 want: ^3.5.0
2207 silly fetch manifest @babel/helper-string-parser@^7.29.7
2208 silly packumentCache full:https://registry.npmjs.org/@babel%2fhelper-string-parser cache-miss
2209 silly fetch manifest @babel/helper-validator-identifier@^7.29.7
2210 silly packumentCache full:https://registry.npmjs.org/@babel%2fhelper-validator-identifier cache-miss
2211 silly fetch manifest diff@^8.0.2
2212 silly packumentCache full:https://registry.npmjs.org/diff cache-miss
2213 http fetch GET 200 https://registry.npmjs.org/@babel%2fhelper-string-parser 205ms (cache miss)
2214 silly packumentCache full:https://registry.npmjs.org/@babel%2fhelper-string-parser set size:undefined disposed:false
2215 silly fetch manifest ansis@^4.1.0
2216 silly packumentCache full:https://registry.npmjs.org/ansis cache-miss
2217 http fetch GET 200 https://registry.npmjs.org/diff 215ms (cache miss)
2218 silly packumentCache full:https://registry.npmjs.org/diff set size:undefined disposed:false
2219 silly fetch manifest tinyglobby@^0.2.15
2220 silly packumentCache full:https://registry.npmjs.org/tinyglobby cache-miss
2221 http fetch GET 200 https://registry.npmjs.org/@babel%2fhelper-validator-identifier 233ms (cache miss)
2222 silly packumentCache full:https://registry.npmjs.org/@babel%2fhelper-validator-identifier set size:undefined disposed:false
2223 silly fetch manifest @babel/parser@^7.28.5
2224 silly packumentCache full:https://registry.npmjs.org/@babel%2fparser cache-miss
2225 http cache https://registry.npmjs.org/tinyglobby 70ms (cache hit)
2226 silly packumentCache full:https://registry.npmjs.org/tinyglobby set size:54291 disposed:false
2227 silly fetch manifest @babel/generator@^7.28.5
2228 silly packumentCache full:https://registry.npmjs.org/@babel%2fgenerator cache-miss
2229 http fetch GET 200 https://registry.npmjs.org/ansis 169ms (cache miss)
2230 silly packumentCache full:https://registry.npmjs.org/ansis set size:undefined disposed:false
2231 silly fetch manifest babel-dead-code-elimination@^1.0.12
2232 silly packumentCache full:https://registry.npmjs.org/babel-dead-code-elimination cache-miss
2233 http cache https://registry.npmjs.org/babel-dead-code-elimination 21ms (cache hit)
2234 silly packumentCache full:https://registry.npmjs.org/babel-dead-code-elimination set size:41610 disposed:false
2235 http fetch GET 200 https://registry.npmjs.org/@babel%2fparser 260ms (cache miss)
2236 silly packumentCache full:https://registry.npmjs.org/@babel%2fparser set size:undefined disposed:false
2237 http fetch GET 200 https://registry.npmjs.org/@babel%2fgenerator 251ms (cache miss)
2238 silly packumentCache full:https://registry.npmjs.org/@babel%2fgenerator set size:undefined disposed:false
2239 silly placeDep ROOT @babel/helper-string-parser@7.29.7 OK for: @babel/types@7.29.8 want: ^7.29.7
2240 silly placeDep ROOT @babel/helper-validator-identifier@7.29.7 OK for: @babel/types@7.29.8 want: ^7.29.7
2241 silly placeDep ROOT @babel/generator@7.29.8 OK for: @tanstack/router-utils@1.162.2 want: ^7.28.5
2242 silly placeDep ROOT @babel/parser@7.29.8 OK for: @tanstack/router-utils@1.162.2 want: ^7.28.5
2243 silly placeDep ROOT ansis@4.3.1 OK for: @tanstack/router-utils@1.162.2 want: ^4.1.0
2244 silly placeDep ROOT babel-dead-code-elimination@1.0.12 OK for: @tanstack/router-utils@1.162.2 want: ^1.0.12
2245 silly placeDep ROOT diff@8.0.4 OK for: @tanstack/router-utils@1.162.2 want: ^8.0.2
2246 silly placeDep ROOT tinyglobby@0.2.17 OK for: @tanstack/router-utils@1.162.2 want: ^0.2.15
2247 silly fetch manifest @babel/parser@^7.29.8
2248 silly packumentCache full:https://registry.npmjs.org/@babel%2fparser cache-miss
2249 silly fetch manifest @babel/core@^7.23.7
2250 silly packumentCache full:https://registry.npmjs.org/@babel%2fcore cache-hit
2251 silly fetch manifest @babel/traverse@^7.23.7
2252 silly packumentCache full:https://registry.npmjs.org/@babel%2ftraverse cache-miss
2253 silly fetch manifest fdir@^6.5.0
2254 silly packumentCache full:https://registry.npmjs.org/fdir cache-miss
2255 http cache https://registry.npmjs.org/@babel%2ftraverse 75ms (cache hit)
2256 silly packumentCache full:https://registry.npmjs.org/@babel%2ftraverse set size:564759 disposed:false
2257 silly fetch manifest picomatch@^4.0.4
2258 silly packumentCache full:https://registry.npmjs.org/picomatch cache-miss
2259 http cache https://registry.npmjs.org/@babel%2fparser 108ms (cache hit)
2260 silly packumentCache full:https://registry.npmjs.org/@babel%2fparser set size:737961 disposed:false
2261 http cache https://registry.npmjs.org/fdir 99ms (cache hit)
2262 silly packumentCache full:https://registry.npmjs.org/fdir set size:136182 disposed:false
2263 http cache https://registry.npmjs.org/picomatch 166ms (cache hit)
2264 silly packumentCache full:https://registry.npmjs.org/picomatch set size:134451 disposed:false
2265 silly fetch manifest vite@>=6.0.0 || >=7.0.0
2266 silly packumentCache full:https://registry.npmjs.org/vite cache-miss
2267 http cache https://registry.npmjs.org/vite 500ms (cache hit)
2268 silly packumentCache full:https://registry.npmjs.org/vite set size:38929639 disposed:false
2269 silly placeDep ROOT @babel/code-frame@7.27.1 OK for: @tanstack/server-functions-plugin@1.142.1 want: 7.27.1
2270 silly placeDep ROOT @babel/core@7.29.7 OK for: @tanstack/server-functions-plugin@1.142.1 want: ^7.27.7
2271 silly placeDep ROOT @babel/plugin-syntax-jsx@7.29.7 OK for: @tanstack/server-functions-plugin@1.142.1 want: ^7.27.1
2272 silly placeDep ROOT @babel/plugin-syntax-typescript@7.29.7 OK for: @tanstack/server-functions-plugin@1.142.1 want: ^7.27.1
2273 silly placeDep ROOT @babel/template@7.29.7 OK for: @tanstack/server-functions-plugin@1.142.1 want: ^7.27.2
2274 silly placeDep ROOT @babel/traverse@7.29.8 OK for: @tanstack/server-functions-plugin@1.142.1 want: ^7.27.7
2275 silly placeDep ROOT @tanstack/directive-functions-plugin@1.142.1 OK for: @tanstack/server-functions-plugin@1.142.1 want: 1.142.1
2276 silly fetch manifest js-tokens@^4.0.0
2277 silly packumentCache full:https://registry.npmjs.org/js-tokens cache-miss
2278 silly fetch manifest debug@^4.1.0
2279 silly packumentCache full:https://registry.npmjs.org/debug cache-miss
2280 silly fetch manifest json5@^2.2.3
2281 silly packumentCache full:https://registry.npmjs.org/json5 cache-miss
2282 http cache https://registry.npmjs.org/debug 271ms (cache hit)
2283 silly packumentCache full:https://registry.npmjs.org/debug set size:195840 disposed:false
2284 silly fetch manifest semver@^6.3.1
2285 silly packumentCache full:https://registry.npmjs.org/semver cache-miss
2286 http fetch GET 200 https://registry.npmjs.org/js-tokens 299ms (cache miss)
2287 silly packumentCache full:https://registry.npmjs.org/js-tokens set size:undefined disposed:false
2288 silly fetch manifest gensync@^1.0.0-beta.2
2289 silly packumentCache full:https://registry.npmjs.org/gensync cache-miss
2290 http fetch GET 200 https://registry.npmjs.org/json5 364ms (cache miss)
2291 silly packumentCache full:https://registry.npmjs.org/json5 set size:undefined disposed:false
2292 silly fetch manifest @babel/helpers@^7.29.7
2293 silly packumentCache full:https://registry.npmjs.org/@babel%2fhelpers cache-miss
2294 http cache https://registry.npmjs.org/semver 133ms (cache hit)
2295 silly packumentCache full:https://registry.npmjs.org/semver set size:246069 disposed:false
2296 silly fetch manifest @babel/template@^7.29.7
2297 silly packumentCache full:https://registry.npmjs.org/@babel%2ftemplate cache-miss
2298 http cache https://registry.npmjs.org/@babel%2ftemplate 24ms (cache hit)
2299 silly packumentCache full:https://registry.npmjs.org/@babel%2ftemplate set size:237074 disposed:false
2300 silly fetch manifest @babel/traverse@^7.29.7
2301 silly packumentCache full:https://registry.npmjs.org/@babel%2ftraverse cache-hit
2302 silly fetch manifest @babel/code-frame@^7.29.7
2303 silly packumentCache full:https://registry.npmjs.org/@babel%2fcode-frame cache-hit
2304 silly fetch manifest convert-source-map@^2.0.0
2305 silly packumentCache full:https://registry.npmjs.org/convert-source-map cache-miss
2306 http fetch GET 200 https://registry.npmjs.org/gensync 244ms (cache miss)
2307 silly packumentCache full:https://registry.npmjs.org/gensync set size:undefined disposed:false
2308 silly fetch manifest @babel/helper-module-transforms@^7.29.7
2309 silly packumentCache full:https://registry.npmjs.org/@babel%2fhelper-module-transforms cache-miss
2310 http fetch GET 200 https://registry.npmjs.org/@babel%2fhelpers 213ms (cache miss)
2311 silly packumentCache full:https://registry.npmjs.org/@babel%2fhelpers set size:undefined disposed:false
2312 silly fetch manifest @babel/helper-compilation-targets@^7.29.7
2313 silly packumentCache full:https://registry.npmjs.org/@babel%2fhelper-compilation-targets cache-miss
2314 http fetch GET 200 https://registry.npmjs.org/convert-source-map 365ms (cache miss)
2315 silly packumentCache full:https://registry.npmjs.org/convert-source-map set size:undefined disposed:false
2316 silly fetch manifest @babel/helper-plugin-utils@^7.29.7
2317 silly packumentCache full:https://registry.npmjs.org/@babel%2fhelper-plugin-utils cache-miss
2318 http fetch GET 200 https://registry.npmjs.org/@babel%2fhelper-compilation-targets 289ms (cache miss)
2319 silly packumentCache full:https://registry.npmjs.org/@babel%2fhelper-compilation-targets set size:undefined disposed:false
2320 silly fetch manifest @babel/helper-plugin-utils@^7.29.7
2321 silly packumentCache full:https://registry.npmjs.org/@babel%2fhelper-plugin-utils cache-miss
2322 http fetch GET 200 https://registry.npmjs.org/@babel%2fhelper-module-transforms 371ms (cache miss)
2323 silly packumentCache full:https://registry.npmjs.org/@babel%2fhelper-module-transforms set size:undefined disposed:false
2324 silly fetch manifest debug@^4.3.1
2325 silly packumentCache full:https://registry.npmjs.org/debug cache-hit
2326 silly fetch manifest @babel/helper-globals@^7.29.7
2327 silly packumentCache full:https://registry.npmjs.org/@babel%2fhelper-globals cache-miss
2328 http fetch GET 200 https://registry.npmjs.org/@babel%2fhelper-plugin-utils 187ms (cache miss)
2329 silly packumentCache full:https://registry.npmjs.org/@babel%2fhelper-plugin-utils set size:undefined disposed:false
2330 silly fetch manifest @tanstack/router-utils@1.141.0
2331 silly packumentCache full:https://registry.npmjs.org/@tanstack%2frouter-utils cache-hit
2332 http fetch GET 200 https://registry.npmjs.org/@babel%2fhelper-globals 233ms (cache miss)
2333 silly packumentCache full:https://registry.npmjs.org/@babel%2fhelper-globals set size:undefined disposed:false
2334 http fetch GET 200 https://registry.npmjs.org/@babel%2fhelper-plugin-utils 296ms (cache miss)
2335 silly packumentCache full:https://registry.npmjs.org/@babel%2fhelper-plugin-utils set size:undefined disposed:false
2336 silly placeDep ROOT js-tokens@4.0.0 OK for: @babel/code-frame@7.27.1 want: ^4.0.0
2337 silly placeDep ROOT picocolors@1.1.1 OK for: @babel/code-frame@7.27.1 want: ^1.1.1
2338 silly fetch manifest @babel/core@^7.0.0
2339 silly packumentCache full:https://registry.npmjs.org/@babel%2fcore cache-hit
2340 silly placeDep node_modules/@babel/core @babel/code-frame@7.29.7 OK for: @babel/core@7.29.7 want: ^7.29.7
2341 silly placeDep ROOT @babel/helper-compilation-targets@7.29.7 OK for: @babel/core@7.29.7 want: ^7.29.7
2342 silly placeDep ROOT @babel/helper-module-transforms@7.29.7 OK for: @babel/core@7.29.7 want: ^7.29.7
2343 silly placeDep ROOT @babel/helpers@7.29.7 OK for: @babel/core@7.29.7 want: ^7.29.7
2344 silly placeDep ROOT convert-source-map@2.0.0 OK for: @babel/core@7.29.7 want: ^2.0.0
2345 silly placeDep ROOT debug@4.4.3 OK for: @babel/core@7.29.7 want: ^4.1.0
2346 silly placeDep ROOT gensync@1.0.0-beta.2 OK for: @babel/core@7.29.7 want: ^1.0.0-beta.2
2347 silly placeDep ROOT json5@2.2.3 OK for: @babel/core@7.29.7 want: ^2.2.3
2348 silly placeDep ROOT semver@6.3.1 OK for: @babel/core@7.29.7 want: ^6.3.1
2349 silly fetch manifest lru-cache@^5.1.1
2350 silly packumentCache full:https://registry.npmjs.org/lru-cache cache-miss
2351 silly fetch manifest browserslist@^4.24.0
2352 silly packumentCache full:https://registry.npmjs.org/browserslist cache-miss
2353 silly fetch manifest @babel/compat-data@^7.29.7
2354 silly packumentCache full:https://registry.npmjs.org/@babel%2fcompat-data cache-miss
2355 http cache https://registry.npmjs.org/browserslist 33ms (cache hit)
2356 silly packumentCache full:https://registry.npmjs.org/browserslist set size:518659 disposed:false
2357 silly fetch manifest @babel/helper-validator-option@^7.29.7
2358 silly packumentCache full:https://registry.npmjs.org/@babel%2fhelper-validator-option cache-miss
2359 http fetch GET 200 https://registry.npmjs.org/@babel%2fcompat-data 215ms (cache miss)
2360 silly packumentCache full:https://registry.npmjs.org/@babel%2fcompat-data set size:undefined disposed:false
2361 silly fetch manifest @babel/helper-module-imports@^7.29.7
2362 silly packumentCache full:https://registry.npmjs.org/@babel%2fhelper-module-imports cache-miss
2363 http fetch GET 200 https://registry.npmjs.org/lru-cache 261ms (cache miss)
2364 silly packumentCache full:https://registry.npmjs.org/lru-cache set size:undefined disposed:false
2365 silly fetch manifest ms@^2.1.3
2366 silly packumentCache full:https://registry.npmjs.org/ms cache-miss
2367 http fetch GET 200 https://registry.npmjs.org/@babel%2fhelper-validator-option 253ms (cache miss)
2368 silly packumentCache full:https://registry.npmjs.org/@babel%2fhelper-validator-option set size:undefined disposed:false
2369 http fetch GET 200 https://registry.npmjs.org/@babel%2fhelper-module-imports 184ms (cache miss)
2370 silly packumentCache full:https://registry.npmjs.org/@babel%2fhelper-module-imports set size:undefined disposed:false
2371 http fetch GET 200 https://registry.npmjs.org/ms 185ms (cache miss)
2372 silly packumentCache full:https://registry.npmjs.org/ms set size:undefined disposed:false
2373 silly placeDep ROOT @babel/compat-data@7.29.7 OK for: @babel/helper-compilation-targets@7.29.7 want: ^7.29.7
2374 silly placeDep ROOT @babel/helper-validator-option@7.29.7 OK for: @babel/helper-compilation-targets@7.29.7 want: ^7.29.7
2375 silly placeDep ROOT browserslist@4.28.8 OK for: @babel/helper-compilation-targets@7.29.7 want: ^4.24.0
2376 silly placeDep ROOT lru-cache@5.1.1 OK for: @babel/helper-compilation-targets@7.29.7 want: ^5.1.1
2377 silly fetch manifest caniuse-lite@^1.0.30001809
2378 silly packumentCache full:https://registry.npmjs.org/caniuse-lite cache-miss
2379 silly fetch manifest node-releases@^2.0.53
2380 silly packumentCache full:https://registry.npmjs.org/node-releases cache-miss
2381 silly fetch manifest electron-to-chromium@^1.5.402
2382 silly packumentCache full:https://registry.npmjs.org/electron-to-chromium cache-miss
2383 http cache https://registry.npmjs.org/caniuse-lite 93ms (cache hit)
2384 silly packumentCache full:https://registry.npmjs.org/caniuse-lite set size:2313344 disposed:false
2385 silly fetch manifest update-browserslist-db@^1.3.0
2386 silly packumentCache full:https://registry.npmjs.org/update-browserslist-db cache-miss
2387 http fetch GET 200 https://registry.npmjs.org/update-browserslist-db 274ms (cache miss)
2388 silly packumentCache full:https://registry.npmjs.org/update-browserslist-db set size:undefined disposed:false
2389 silly fetch manifest baseline-browser-mapping@^2.11.12
2390 silly packumentCache full:https://registry.npmjs.org/baseline-browser-mapping cache-miss
2391 http fetch GET 200 https://registry.npmjs.org/node-releases 602ms (cache miss)
2392 silly packumentCache full:https://registry.npmjs.org/node-releases set size:undefined disposed:false
2393 silly fetch manifest yallist@^3.0.2
2394 silly packumentCache full:https://registry.npmjs.org/yallist cache-miss
2395 http fetch GET 200 https://registry.npmjs.org/electron-to-chromium 950ms (cache miss)
2396 silly packumentCache full:https://registry.npmjs.org/electron-to-chromium set size:undefined disposed:false
2397 http fetch GET 200 https://registry.npmjs.org/yallist 448ms (cache miss)
2398 silly packumentCache full:https://registry.npmjs.org/yallist set size:undefined disposed:false
2399 http fetch GET 200 https://registry.npmjs.org/baseline-browser-mapping 674ms (cache miss)
2400 silly packumentCache full:https://registry.npmjs.org/baseline-browser-mapping set size:undefined disposed:false
2401 silly placeDep ROOT @babel/helper-module-imports@7.29.7 OK for: @babel/helper-module-transforms@7.29.7 want: ^7.29.7
2402 silly placeDep ROOT @babel/helper-plugin-utils@7.29.7 OK for: @babel/plugin-syntax-jsx@7.29.7 want: ^7.29.7
2403 silly placeDep node_modules/@babel/template @babel/code-frame@7.29.7 OK for: @babel/template@7.29.7 want: ^7.29.7
2404 silly placeDep node_modules/@babel/traverse @babel/code-frame@7.29.7 OK for: @babel/traverse@7.29.8 want: ^7.29.7
2405 silly placeDep ROOT @babel/helper-globals@7.29.7 OK for: @babel/traverse@7.29.8 want: ^7.29.7
2406 silly placeDep node_modules/@tanstack/directive-functions-plugin @tanstack/router-utils@1.141.0 OK for: @tanstack/directive-functions-plugin@1.142.1 want: 1.141.0
2407 silly fetch manifest @babel/preset-typescript@^7.27.1
2408 silly packumentCache full:https://registry.npmjs.org/@babel%2fpreset-typescript cache-miss
2409 http fetch GET 200 https://registry.npmjs.org/@babel%2fpreset-typescript 187ms (cache miss)
2410 silly packumentCache full:https://registry.npmjs.org/@babel%2fpreset-typescript set size:undefined disposed:false
2411 silly placeDep node_modules/@tanstack/start-api-routes @tanstack/router-core@1.171.27 OK for: @tanstack/start-api-routes@1.120.19 want: ^1.120.19
2412 silly placeDep node_modules/@tanstack/start-client-core @tanstack/router-core@1.171.27 OK for: @tanstack/start-client-core@1.170.27 want: 1.171.27
2413 silly placeDep ROOT @tanstack/start-fn-stubs@1.162.0 OK for: @tanstack/start-client-core@1.170.27 want: 1.162.0
2414 silly placeDep ROOT @tanstack/start-storage-context@1.167.29 OK for: @tanstack/start-client-core@1.170.27 want: 1.167.29
2415 silly placeDep ROOT seroval@1.6.4 OK for: @tanstack/start-client-core@1.170.27 want: ^1.6.2
2416 silly fetch manifest @rsbuild/core@>=1.0.2
2417 silly packumentCache full:https://registry.npmjs.org/@rsbuild%2fcore cache-miss
2418 http cache https://registry.npmjs.org/@rsbuild%2fcore 507ms (cache hit)
2419 silly packumentCache full:https://registry.npmjs.org/@rsbuild%2fcore set size:1465652 disposed:false
2420 silly fetch manifest @tanstack/react-router@^1.131.50
2421 silly packumentCache full:https://registry.npmjs.org/@tanstack%2freact-router cache-miss
2422 http fetch GET 200 https://registry.npmjs.org/@tanstack%2freact-router 500ms (cache revalidated)
2423 silly packumentCache full:https://registry.npmjs.org/@tanstack%2freact-router set size:3687605 disposed:false
2424 silly fetch manifest vite-plugin-solid@^2.11.2
2425 silly packumentCache full:https://registry.npmjs.org/vite-plugin-solid cache-miss
2426 http cache https://registry.npmjs.org/vite-plugin-solid 161ms (cache hit)
2427 silly packumentCache full:https://registry.npmjs.org/vite-plugin-solid set size:429860 disposed:false
2428 silly placeDep node_modules/@tanstack/start-plugin-core @babel/code-frame@7.26.2 OK for: @tanstack/start-plugin-core@1.131.50 want: 7.26.2
2429 silly placeDep node_modules/@tanstack/start-plugin-core @tanstack/router-core@1.131.50 OK for: @tanstack/start-plugin-core@1.131.50 want: 1.131.50
2430 silly placeDep node_modules/@tanstack/start-plugin-core @tanstack/router-generator@1.131.50 OK for: @tanstack/start-plugin-core@1.131.50 want: 1.131.50
2431 silly placeDep node_modules/@tanstack/start-plugin-core @tanstack/router-plugin@1.131.50 OK for: @tanstack/start-plugin-core@1.131.50 want: 1.131.50
2432 silly placeDep node_modules/@tanstack/start-plugin-core @tanstack/react-router@1.170.32 OK for: @tanstack/router-plugin@1.131.50 want: ^1.131.50
2433 silly placeDep node_modules/@tanstack/start-plugin-core @tanstack/router-utils@1.131.2 OK for: @tanstack/start-plugin-core@1.131.50 want: 1.131.2
2434 silly placeDep node_modules/@tanstack/start-plugin-core @tanstack/server-functions-plugin@1.131.2 OK for: @tanstack/start-plugin-core@1.131.50 want: 1.131.2
2435 silly placeDep node_modules/@tanstack/start-plugin-core @tanstack/start-server-core@1.131.50 OK for: @tanstack/start-plugin-core@1.131.50 want: 1.131.50
2436 silly placeDep ROOT @types/babel__code-frame@7.27.0 OK for: @tanstack/start-plugin-core@1.131.50 want: ^7.0.6
2437 silly placeDep ROOT @types/babel__core@7.20.5 OK for: @tanstack/start-plugin-core@1.131.50 want: ^7.20.5
2438 silly placeDep ROOT cheerio@1.2.0 OK for: @tanstack/start-plugin-core@1.131.50 want: ^1.0.0
2439 silly placeDep ROOT h3@1.13.0 OK for: @tanstack/start-plugin-core@1.131.50 want: 1.13.0
2440 silly placeDep ROOT ufo@1.6.4 OK for: @tanstack/start-plugin-core@1.131.50 want: ^1.5.4
2441 silly placeDep ROOT vitefu@1.1.3 OK for: @tanstack/start-plugin-core@1.131.50 want: ^1.1.1
2442 silly placeDep ROOT xmlbuilder2@3.1.1 OK for: @tanstack/start-plugin-core@1.131.50 want: ^3.1.1
2443 silly placeDep node_modules/@tanstack/start-plugin-core zod@3.25.76 OK for: @tanstack/start-plugin-core@1.131.50 want: ^3.24.2
2444 silly fetch manifest cookie-es@^1.2.2
2445 silly packumentCache full:https://registry.npmjs.org/cookie-es cache-hit
2446 silly fetch manifest seroval-plugins@^1.3.2
2447 silly packumentCache full:https://registry.npmjs.org/seroval-plugins cache-miss
2448 silly fetch manifest @tanstack/history@1.131.2
2449 silly packumentCache full:https://registry.npmjs.org/@tanstack%2fhistory cache-hit
2450 silly fetch manifest recast@^0.23.11
2451 silly packumentCache full:https://registry.npmjs.org/recast cache-miss
2452 silly fetch manifest source-map@^0.7.4
2453 silly packumentCache full:https://registry.npmjs.org/source-map cache-miss
2454 http cache https://registry.npmjs.org/seroval-plugins 34ms (cache hit)
2455 silly packumentCache full:https://registry.npmjs.org/seroval-plugins set size:74735 disposed:false
2456 silly fetch manifest @tanstack/virtual-file-routes@1.131.2
2457 silly packumentCache full:https://registry.npmjs.org/@tanstack%2fvirtual-file-routes cache-miss
2458 http cache https://registry.npmjs.org/source-map 285ms (cache hit)
2459 silly packumentCache full:https://registry.npmjs.org/source-map set size:231637 disposed:false
2460 silly fetch manifest chokidar@^3.6.0
2461 silly packumentCache full:https://registry.npmjs.org/chokidar cache-hit
2462 silly fetch manifest unplugin@^2.1.2
2463 silly packumentCache full:https://registry.npmjs.org/unplugin cache-miss
2464 http cache https://registry.npmjs.org/@tanstack%2fvirtual-file-routes 516ms (cache hit)
2465 silly packumentCache full:https://registry.npmjs.org/@tanstack%2fvirtual-file-routes set size:122608 disposed:false
2466 silly fetch manifest @tanstack/directive-functions-plugin@1.131.2
2467 silly packumentCache full:https://registry.npmjs.org/@tanstack%2fdirective-functions-plugin cache-miss
2468 http cache https://registry.npmjs.org/unplugin 625ms (cache hit)
2469 silly packumentCache full:https://registry.npmjs.org/unplugin set size:411824 disposed:false
2470 silly fetch manifest unctx@^2.4.1
2471 silly packumentCache full:https://registry.npmjs.org/unctx cache-hit
2472 silly fetch manifest @tanstack/start-client-core@1.131.50
2473 silly packumentCache full:https://registry.npmjs.org/@tanstack%2fstart-client-core cache-miss
2474 http cache https://registry.npmjs.org/@tanstack%2fdirective-functions-plugin 561ms (cache hit)
2475 silly packumentCache full:https://registry.npmjs.org/@tanstack%2fdirective-functions-plugin set size:221345 disposed:false
2476 silly fetch manifest @tanstack/start-storage-context@1.131.50
2477 silly packumentCache full:https://registry.npmjs.org/@tanstack%2fstart-storage-context cache-miss
2478 http cache https://registry.npmjs.org/@tanstack%2fstart-client-core 280ms (cache hit)
2479 silly packumentCache full:https://registry.npmjs.org/@tanstack%2fstart-client-core set size:1299845 disposed:false
2480 silly fetch manifest @types/babel__template@*
2481 silly packumentCache full:https://registry.npmjs.org/@types%2fbabel__template cache-miss
2482 http fetch GET 200 https://registry.npmjs.org/recast 1683ms (cache miss)
2483 silly packumentCache full:https://registry.npmjs.org/recast set size:undefined disposed:false
2484 silly fetch manifest @types/babel__traverse@*
2485 silly packumentCache full:https://registry.npmjs.org/@types%2fbabel__traverse cache-miss
2486 http cache https://registry.npmjs.org/@tanstack%2fstart-storage-context 740ms (cache hit)
2487 silly packumentCache full:https://registry.npmjs.org/@tanstack%2fstart-storage-context set size:833601 disposed:false
2488 silly fetch manifest @types/babel__generator@*
2489 silly packumentCache full:https://registry.npmjs.org/@types%2fbabel__generator cache-miss
2490 http fetch GET 200 https://registry.npmjs.org/@types%2fbabel__template 730ms (cache miss)
2491 silly packumentCache full:https://registry.npmjs.org/@types%2fbabel__template set size:undefined disposed:false
2492 silly fetch manifest parse5@^7.3.0
2493 silly packumentCache full:https://registry.npmjs.org/parse5 cache-miss
2494 http fetch GET 200 https://registry.npmjs.org/@types%2fbabel__traverse 371ms (cache miss)
2495 silly packumentCache full:https://registry.npmjs.org/@types%2fbabel__traverse set size:undefined disposed:false
2496 silly fetch manifest undici@^7.19.0
2497 silly packumentCache full:https://registry.npmjs.org/undici cache-miss
2498 http fetch GET 200 https://registry.npmjs.org/@types%2fbabel__generator 222ms (cache miss)
2499 silly packumentCache full:https://registry.npmjs.org/@types%2fbabel__generator set size:undefined disposed:false
2500 silly fetch manifest domutils@^3.2.2
2501 silly packumentCache full:https://registry.npmjs.org/domutils cache-miss
2502 http fetch GET 200 https://registry.npmjs.org/parse5 273ms (cache miss)
2503 silly packumentCache full:https://registry.npmjs.org/parse5 set size:undefined disposed:false
2504 silly fetch manifest domhandler@^5.0.3
2505 silly packumentCache full:https://registry.npmjs.org/domhandler cache-miss
2506 http fetch GET 200 https://registry.npmjs.org/domutils 174ms (cache miss)
2507 silly packumentCache full:https://registry.npmjs.org/domutils set size:undefined disposed:false
2508 silly fetch manifest htmlparser2@^10.1.0
2509 silly packumentCache full:https://registry.npmjs.org/htmlparser2 cache-miss
2510 http fetch GET 200 https://registry.npmjs.org/undici 267ms (cache miss)
2511 silly packumentCache full:https://registry.npmjs.org/undici set size:undefined disposed:false
2512 silly fetch manifest cheerio-select@^2.1.0
2513 silly packumentCache full:https://registry.npmjs.org/cheerio-select cache-miss
2514 http fetch GET 200 https://registry.npmjs.org/domhandler 459ms (cache miss)
2515 silly packumentCache full:https://registry.npmjs.org/domhandler set size:undefined disposed:false
2516 silly fetch manifest dom-serializer@^2.0.0
2517 silly packumentCache full:https://registry.npmjs.org/dom-serializer cache-miss
2518 http fetch GET 200 https://registry.npmjs.org/htmlparser2 399ms (cache miss)
2519 silly packumentCache full:https://registry.npmjs.org/htmlparser2 set size:undefined disposed:false
2520 silly fetch manifest whatwg-mimetype@^4.0.0
2521 silly packumentCache full:https://registry.npmjs.org/whatwg-mimetype cache-miss
2522 http fetch GET 200 https://registry.npmjs.org/cheerio-select 400ms (cache miss)
2523 silly packumentCache full:https://registry.npmjs.org/cheerio-select set size:undefined disposed:false
2524 silly fetch manifest encoding-sniffer@^0.2.1
2525 silly packumentCache full:https://registry.npmjs.org/encoding-sniffer cache-miss
2526 http fetch GET 200 https://registry.npmjs.org/dom-serializer 177ms (cache miss)
2527 silly packumentCache full:https://registry.npmjs.org/dom-serializer set size:undefined disposed:false
2528 silly fetch manifest parse5-parser-stream@^7.1.2
2529 silly packumentCache full:https://registry.npmjs.org/parse5-parser-stream cache-miss
2530 http fetch GET 200 https://registry.npmjs.org/whatwg-mimetype 164ms (cache miss)
2531 silly packumentCache full:https://registry.npmjs.org/whatwg-mimetype set size:undefined disposed:false
2532 silly fetch manifest parse5-htmlparser2-tree-adapter@^7.1.0
2533 silly packumentCache full:https://registry.npmjs.org/parse5-htmlparser2-tree-adapter cache-miss
2534 http fetch GET 200 https://registry.npmjs.org/encoding-sniffer 349ms (cache miss)
2535 silly packumentCache full:https://registry.npmjs.org/encoding-sniffer set size:undefined disposed:false
2536 silly fetch manifest defu@^6.1.4
2537 silly packumentCache full:https://registry.npmjs.org/defu cache-hit
2538 silly fetch manifest destr@^2.0.3
2539 silly packumentCache full:https://registry.npmjs.org/destr cache-miss
2540 http cache https://registry.npmjs.org/destr 20ms (cache hit)
2541 silly packumentCache full:https://registry.npmjs.org/destr set size:65344 disposed:false
2542 silly fetch manifest ohash@^1.1.4
2543 silly packumentCache full:https://registry.npmjs.org/ohash cache-miss
2544 http fetch GET 200 https://registry.npmjs.org/parse5-parser-stream 339ms (cache miss)
2545 silly packumentCache full:https://registry.npmjs.org/parse5-parser-stream set size:undefined disposed:false
2546 silly fetch manifest unenv@^1.10.0
2547 silly packumentCache full:https://registry.npmjs.org/unenv cache-hit
2548 silly fetch manifest crossws@>=0.2.0 <0.4.0
2549 silly packumentCache full:https://registry.npmjs.org/crossws cache-hit
2550 silly fetch manifest iron-webcrypto@^1.2.1
2551 silly packumentCache full:https://registry.npmjs.org/iron-webcrypto cache-miss
2552 http cache https://registry.npmjs.org/ohash 43ms (cache hit)
2553 silly packumentCache full:https://registry.npmjs.org/ohash set size:71846 disposed:false
2554 silly fetch manifest js-yaml@3.14.1
2555 silly packumentCache full:https://registry.npmjs.org/js-yaml cache-miss
2556 http fetch GET 200 https://registry.npmjs.org/parse5-htmlparser2-tree-adapter 412ms (cache miss)
2557 silly packumentCache full:https://registry.npmjs.org/parse5-htmlparser2-tree-adapter set size:undefined disposed:false
2558 silly fetch manifest @oozcitak/dom@1.15.10
2559 silly packumentCache full:https://registry.npmjs.org/@oozcitak%2fdom cache-miss
2560 http fetch GET 200 https://registry.npmjs.org/iron-webcrypto 166ms (cache miss)
2561 silly packumentCache full:https://registry.npmjs.org/iron-webcrypto set size:undefined disposed:false
2562 silly fetch manifest @oozcitak/util@8.3.8
2563 silly packumentCache full:https://registry.npmjs.org/@oozcitak%2futil cache-miss
2564 http fetch GET 200 https://registry.npmjs.org/js-yaml 196ms (cache miss)
2565 silly packumentCache full:https://registry.npmjs.org/js-yaml set size:undefined disposed:false
2566 silly fetch manifest @oozcitak/infra@1.0.8
2567 silly packumentCache full:https://registry.npmjs.org/@oozcitak%2finfra cache-miss
2568 http fetch GET 200 https://registry.npmjs.org/@oozcitak%2futil 1158ms (cache miss)
2569 silly packumentCache full:https://registry.npmjs.org/@oozcitak%2futil set size:undefined disposed:false
2570 http fetch GET 200 https://registry.npmjs.org/@oozcitak%2finfra 1113ms (cache miss)
2571 silly packumentCache full:https://registry.npmjs.org/@oozcitak%2finfra set size:undefined disposed:false
2572 http fetch GET 200 https://registry.npmjs.org/@oozcitak%2fdom 1239ms (cache miss)
2573 silly packumentCache full:https://registry.npmjs.org/@oozcitak%2fdom set size:undefined disposed:false
2574 silly fetch manifest crossws@^0.4.1
2575 silly packumentCache full:https://registry.npmjs.org/crossws cache-hit
2576 silly fetch manifest srvx@>=0.11.5
2577 silly packumentCache full:https://registry.npmjs.org/srvx cache-miss
2578 http fetch GET 200 https://registry.npmjs.org/srvx 173ms (cache miss)
2579 silly packumentCache full:https://registry.npmjs.org/srvx set size:undefined disposed:false
2580 silly placeDep node_modules/@tanstack/start-server-core @tanstack/history@1.162.1 OK for: @tanstack/start-server-core@1.169.31 want: 1.162.1
2581 silly placeDep node_modules/@tanstack/start-server-core @tanstack/router-core@1.171.27 OK for: @tanstack/start-server-core@1.169.31 want: 1.171.27
2582 silly placeDep ROOT fetchdts@0.1.7 OK for: @tanstack/start-server-core@1.169.31 want: ^0.1.6
2583 silly placeDep ROOT h3-v2@2.0.1-rc.20 OK for: @tanstack/start-server-core@1.169.31 want: npm:h3@2.0.1-rc.20
2584 silly fetch manifest rou3@^0.8.1
2585 silly packumentCache full:https://registry.npmjs.org/rou3 cache-miss
2586 silly fetch manifest srvx@^0.11.13
2587 silly packumentCache full:https://registry.npmjs.org/srvx cache-miss
2588 http cache https://registry.npmjs.org/srvx 17ms (cache hit)
2589 silly packumentCache full:https://registry.npmjs.org/srvx set size:302464 disposed:false
2590 http fetch GET 200 https://registry.npmjs.org/rou3 177ms (cache miss)
2591 silly packumentCache full:https://registry.npmjs.org/rou3 set size:undefined disposed:false
2592 silly placeDep node_modules/@tanstack/start-server-functions-client @tanstack/server-functions-plugin@1.131.2 OK for: @tanstack/start-server-functions-client@1.131.50 want: 1.131.2
2593 silly placeDep ROOT @tanstack/start-server-functions-fetcher@1.131.50 OK for: @tanstack/start-server-functions-client@1.131.50 want: 1.131.50
2594 silly placeDep node_modules/@tanstack/start-server-functions-fetcher @tanstack/router-core@1.131.50 OK for: @tanstack/start-server-functions-fetcher@1.131.50 want: 1.131.50
2595 silly placeDep node_modules/@tanstack/start-server-functions-fetcher @tanstack/start-client-core@1.131.50 OK for: @tanstack/start-server-functions-fetcher@1.131.50 want: 1.131.50
2596 silly placeDep node_modules/@tanstack/start-server-functions-handler @tanstack/router-core@1.171.27 OK for: @tanstack/start-server-functions-handler@1.120.19 want: ^1.120.19
2597 silly placeDep node_modules/@tanstack/start-server-functions-server @tanstack/server-functions-plugin@1.131.2 OK for: @tanstack/start-server-functions-server@1.131.2 want: 1.131.2
2598 silly placeDep node_modules/@tanstack/start-storage-context @tanstack/router-core@1.171.27 OK for: @tanstack/start-storage-context@1.167.29 want: 1.171.27
2599 silly placeDep ROOT @types/babel__generator@7.27.0 OK for: @types/babel__core@7.20.5 want: *
2600 silly placeDep ROOT @types/babel__template@7.4.4 OK for: @types/babel__core@7.20.5 want: *
2601 silly placeDep ROOT @types/babel__traverse@7.28.0 OK for: @types/babel__core@7.20.5 want: *
2602 silly placeDep ROOT @types/body-parser@1.19.6 OK for: @types/express@4.17.25 want: *
2603 silly placeDep ROOT @types/express-serve-static-core@4.19.9 OK for: @types/express@4.17.25 want: ^4.17.33
2604 silly placeDep ROOT @types/qs@6.15.1 OK for: @types/express@4.17.25 want: *
2605 silly placeDep ROOT @types/serve-static@1.15.10 OK for: @types/express@4.17.25 want: ^1
2606 silly fetch manifest @types/connect@*
2607 silly packumentCache full:https://registry.npmjs.org/@types%2fconnect cache-miss
2608 silly fetch manifest @types/send@*
2609 silly packumentCache full:https://registry.npmjs.org/@types%2fsend cache-miss
2610 silly fetch manifest @types/range-parser@*
2611 silly packumentCache full:https://registry.npmjs.org/@types%2frange-parser cache-miss
2612 http fetch GET 200 https://registry.npmjs.org/@types%2fsend 727ms (cache miss)
2613 silly packumentCache full:https://registry.npmjs.org/@types%2fsend set size:undefined disposed:false
2614 silly fetch manifest @types/send@<1
2615 silly packumentCache full:https://registry.npmjs.org/@types%2fsend cache-miss
2616 http fetch GET 200 https://registry.npmjs.org/@types%2frange-parser 744ms (cache miss)
2617 silly packumentCache full:https://registry.npmjs.org/@types%2frange-parser set size:undefined disposed:false
2618 silly fetch manifest @types/http-errors@*
2619 silly packumentCache full:https://registry.npmjs.org/@types%2fhttp-errors cache-miss
2620 http fetch GET 200 https://registry.npmjs.org/@types%2fconnect 751ms (cache miss)
2621 silly packumentCache full:https://registry.npmjs.org/@types%2fconnect set size:undefined disposed:false
2622 http cache https://registry.npmjs.org/@types%2fsend 52ms (cache hit)
2623 silly packumentCache full:https://registry.npmjs.org/@types%2fsend set size:29985 disposed:false
2624 http fetch GET 200 https://registry.npmjs.org/@types%2fhttp-errors 383ms (cache miss)
2625 silly packumentCache full:https://registry.npmjs.org/@types%2fhttp-errors set size:undefined disposed:false
2626 silly placeDep ROOT @types/connect@3.4.38 OK for: @types/body-parser@1.19.6 want: *
2627 silly placeDep ROOT @types/range-parser@1.2.7 OK for: @types/express-serve-static-core@4.19.9 want: *
2628 silly placeDep ROOT @types/send@1.2.1 OK for: @types/express-serve-static-core@4.19.9 want: *
2629 silly placeDep ROOT undici-types@6.21.0 OK for: @types/node@22.20.1 want: ~6.21.0
2630 silly placeDep ROOT @types/http-errors@2.0.5 OK for: @types/serve-static@1.15.10 want: *
2631 silly placeDep node_modules/@types/serve-static @types/send@0.17.6 OK for: @types/serve-static@1.15.10 want: <1
2632 silly fetch manifest @types/mime@^1
2633 silly packumentCache full:https://registry.npmjs.org/@types%2fmime cache-miss
2634 http fetch GET 200 https://registry.npmjs.org/@types%2fmime 329ms (cache miss)
2635 silly packumentCache full:https://registry.npmjs.org/@types%2fmime set size:undefined disposed:false
2636 silly placeDep ROOT @babel/plugin-transform-react-jsx-self@7.29.7 OK for: @vitejs/plugin-react@5.2.0 want: ^7.27.1
2637 silly placeDep ROOT @babel/plugin-transform-react-jsx-source@7.29.7 OK for: @vitejs/plugin-react@5.2.0 want: ^7.27.1
2638 silly placeDep ROOT @rolldown/pluginutils@1.0.0-rc.3 OK for: @vitejs/plugin-react@5.2.0 want: 1.0.0-rc.3
2639 silly placeDep ROOT react-refresh@0.18.0 OK for: @vitejs/plugin-react@5.2.0 want: ^0.18.0
2640 silly placeDep ROOT caniuse-lite@1.0.30001810 OK for: autoprefixer@10.5.4 want: ^1.0.30001806
2641 silly placeDep ROOT fraction.js@5.3.4 OK for: autoprefixer@10.5.4 want: ^5.3.4
2642 silly placeDep ROOT postcss-value-parser@4.2.0 OK for: autoprefixer@10.5.4 want: ^4.2.0
2643 silly placeDep ROOT follow-redirects@1.16.0 OK for: axios@1.20.0 want: ^1.16.0
2644 silly placeDep ROOT form-data@4.0.6 OK for: axios@1.20.0 want: ^4.0.6
2645 silly placeDep ROOT https-proxy-agent@5.0.1 OK for: axios@1.20.0 want: ^5.0.1
2646 silly placeDep ROOT proxy-from-env@2.1.0 OK for: axios@1.20.0 want: ^2.1.0
2647 silly fetch manifest hasown@^2.0.4
2648 silly packumentCache full:https://registry.npmjs.org/hasown cache-miss
2649 silly fetch manifest asynckit@^0.4.0
2650 silly packumentCache full:https://registry.npmjs.org/asynckit cache-miss
2651 silly fetch manifest mime-types@^2.1.35
2652 silly packumentCache full:https://registry.npmjs.org/mime-types cache-miss
2653 http fetch GET 200 https://registry.npmjs.org/hasown 165ms (cache miss)
2654 silly packumentCache full:https://registry.npmjs.org/hasown set size:undefined disposed:false
2655 silly fetch manifest combined-stream@^1.0.8
2656 silly packumentCache full:https://registry.npmjs.org/combined-stream cache-miss
2657 http fetch GET 200 https://registry.npmjs.org/asynckit 190ms (cache miss)
2658 silly packumentCache full:https://registry.npmjs.org/asynckit set size:undefined disposed:false
2659 silly fetch manifest es-set-tostringtag@^2.1.0
2660 silly packumentCache full:https://registry.npmjs.org/es-set-tostringtag cache-miss
2661 http fetch GET 200 https://registry.npmjs.org/mime-types 318ms (cache miss)
2662 silly packumentCache full:https://registry.npmjs.org/mime-types set size:undefined disposed:false
2663 silly fetch manifest agent-base@6
2664 silly packumentCache full:https://registry.npmjs.org/agent-base cache-miss
2665 http fetch GET 200 https://registry.npmjs.org/combined-stream 213ms (cache miss)
2666 silly packumentCache full:https://registry.npmjs.org/combined-stream set size:undefined disposed:false
2667 http fetch GET 200 https://registry.npmjs.org/es-set-tostringtag 188ms (cache miss)
2668 silly packumentCache full:https://registry.npmjs.org/es-set-tostringtag set size:undefined disposed:false
2669 http fetch GET 200 https://registry.npmjs.org/agent-base 167ms (cache miss)
2670 silly packumentCache full:https://registry.npmjs.org/agent-base set size:undefined disposed:false
2671 silly fetch manifest browserslist@>= 4.21.0
2672 silly packumentCache full:https://registry.npmjs.org/browserslist cache-hit
2673 silly placeDep ROOT baseline-browser-mapping@2.11.20 OK for: browserslist@4.28.8 want: ^2.11.12
2674 silly placeDep ROOT electron-to-chromium@1.5.416 OK for: browserslist@4.28.8 want: ^1.5.402
2675 silly placeDep ROOT node-releases@2.0.54 OK for: browserslist@4.28.8 want: ^2.0.53
2676 silly placeDep ROOT update-browserslist-db@1.3.2 OK for: browserslist@4.28.8 want: ^1.3.0
2677 silly fetch manifest escalade@^3.2.0
2678 silly packumentCache full:https://registry.npmjs.org/escalade cache-miss
2679 http fetch GET 200 https://registry.npmjs.org/escalade 210ms (cache miss)
2680 silly packumentCache full:https://registry.npmjs.org/escalade set size:undefined disposed:false
2681 silly placeDep ROOT cheerio-select@2.1.0 OK for: cheerio@1.2.0 want: ^2.1.0
2682 silly placeDep ROOT dom-serializer@2.0.0 OK for: cheerio@1.2.0 want: ^2.0.0
2683 silly placeDep ROOT domhandler@5.0.3 OK for: cheerio@1.2.0 want: ^5.0.3
2684 silly placeDep ROOT domutils@3.2.2 OK for: cheerio@1.2.0 want: ^3.2.2
2685 silly placeDep ROOT encoding-sniffer@0.2.1 OK for: cheerio@1.2.0 want: ^0.2.1
2686 silly placeDep ROOT htmlparser2@10.1.0 OK for: cheerio@1.2.0 want: ^10.1.0
2687 silly placeDep ROOT parse5@7.3.0 OK for: cheerio@1.2.0 want: ^7.3.0
2688 silly placeDep ROOT parse5-htmlparser2-tree-adapter@7.1.0 OK for: cheerio@1.2.0 want: ^7.1.0
2689 silly placeDep ROOT parse5-parser-stream@7.1.2 OK for: cheerio@1.2.0 want: ^7.1.2
2690 silly placeDep ROOT undici@7.29.0 OK for: cheerio@1.2.0 want: ^7.19.0
2691 silly placeDep ROOT whatwg-mimetype@4.0.0 OK for: cheerio@1.2.0 want: ^4.0.0
2692 silly fetch manifest boolbase@^1.0.0
2693 silly packumentCache full:https://registry.npmjs.org/boolbase cache-miss
2694 silly fetch manifest css-what@^6.1.0
2695 silly packumentCache full:https://registry.npmjs.org/css-what cache-miss
2696 silly fetch manifest domutils@^3.0.1
2697 silly packumentCache full:https://registry.npmjs.org/domutils cache-miss
2698 http fetch GET 200 https://registry.npmjs.org/boolbase 520ms (cache miss)
2699 silly packumentCache full:https://registry.npmjs.org/boolbase set size:undefined disposed:false
2700 silly fetch manifest css-select@^5.1.0
2701 silly packumentCache full:https://registry.npmjs.org/css-select cache-miss
2702 http fetch GET 200 https://registry.npmjs.org/css-what 544ms (cache miss)
2703 silly packumentCache full:https://registry.npmjs.org/css-what set size:undefined disposed:false
2704 silly fetch manifest domelementtype@^2.3.0
2705 silly packumentCache full:https://registry.npmjs.org/domelementtype cache-miss
2706 http fetch GET 200 https://registry.npmjs.org/css-select 167ms (cache miss)
2707 silly packumentCache full:https://registry.npmjs.org/css-select set size:undefined disposed:false
2708 silly fetch manifest entities@^4.2.0
2709 silly packumentCache full:https://registry.npmjs.org/entities cache-miss
2710 http cache https://registry.npmjs.org/domutils 986ms (cache hit)
2711 silly packumentCache full:https://registry.npmjs.org/domutils set size:110068 disposed:false
2712 silly fetch manifest domhandler@^5.0.2
2713 silly packumentCache full:https://registry.npmjs.org/domhandler cache-miss
2714 http fetch GET 200 https://registry.npmjs.org/domelementtype 618ms (cache miss)
2715 silly packumentCache full:https://registry.npmjs.org/domelementtype set size:undefined disposed:false
2716 silly fetch manifest iconv-lite@^0.6.3
2717 silly packumentCache full:https://registry.npmjs.org/iconv-lite cache-miss
2718 http fetch GET 200 https://registry.npmjs.org/entities 529ms (cache miss)
2719 silly packumentCache full:https://registry.npmjs.org/entities set size:undefined disposed:false
2720 silly fetch manifest whatwg-encoding@^3.1.1
2721 silly packumentCache full:https://registry.npmjs.org/whatwg-encoding cache-miss
2722 http cache https://registry.npmjs.org/domhandler 404ms (cache hit)
2723 silly packumentCache full:https://registry.npmjs.org/domhandler set size:78187 disposed:false
2724 silly fetch manifest entities@^7.0.1
2725 silly packumentCache full:https://registry.npmjs.org/entities cache-miss
2726 http cache https://registry.npmjs.org/entities 40ms (cache hit)
2727 silly packumentCache full:https://registry.npmjs.org/entities set size:101550 disposed:false
2728 silly fetch manifest entities@^6.0.0
2729 silly packumentCache full:https://registry.npmjs.org/entities cache-hit
2730 http fetch GET 200 https://registry.npmjs.org/iconv-lite 3279ms (cache miss)
2731 silly packumentCache full:https://registry.npmjs.org/iconv-lite set size:undefined disposed:false
2732 http fetch GET 200 https://registry.npmjs.org/whatwg-encoding 3259ms (cache miss)
2733 silly packumentCache full:https://registry.npmjs.org/whatwg-encoding set size:undefined disposed:false
2734 silly placeDep ROOT boolbase@1.0.0 OK for: cheerio-select@2.1.0 want: ^1.0.0
2735 silly placeDep ROOT css-select@5.2.2 OK for: cheerio-select@2.1.0 want: ^5.1.0
2736 silly placeDep ROOT css-what@6.2.2 OK for: cheerio-select@2.1.0 want: ^6.1.0
2737 silly placeDep ROOT domelementtype@2.3.0 OK for: cheerio-select@2.1.0 want: ^2.3.0
2738 silly fetch manifest nth-check@^2.0.1
2739 silly packumentCache full:https://registry.npmjs.org/nth-check cache-miss
2740 http fetch GET 200 https://registry.npmjs.org/nth-check 176ms (cache miss)
2741 silly packumentCache full:https://registry.npmjs.org/nth-check set size:undefined disposed:false
2742 silly placeDep ROOT nth-check@2.1.1 OK for: css-select@5.2.2 want: ^2.0.1
2743 silly placeDep ROOT ms@2.1.3 OK for: debug@4.4.3 want: ^2.1.3
2744 silly placeDep ROOT entities@4.5.0 OK for: dom-serializer@2.0.0 want: ^4.2.0
2745 silly placeDep ROOT iconv-lite@0.6.3 OK for: encoding-sniffer@0.2.1 want: ^0.6.3
2746 silly placeDep ROOT whatwg-encoding@3.1.1 OK for: encoding-sniffer@0.2.1 want: ^3.1.1
2747 silly fetch manifest safer-buffer@>= 2.1.2 < 3.0.0
2748 silly packumentCache full:https://registry.npmjs.org/safer-buffer cache-miss
2749 http fetch GET 200 https://registry.npmjs.org/safer-buffer 161ms (cache miss)
2750 silly packumentCache full:https://registry.npmjs.org/safer-buffer set size:undefined disposed:false
2751 silly placeDep ROOT graceful-fs@4.2.11 OK for: enhanced-resolve@5.24.5 want: ^4.2.4
2752 silly placeDep ROOT tapable@2.3.3 OK for: enhanced-resolve@5.24.5 want: ^2.3.3
2753 silly placeDep ROOT @esbuild/aix-ppc64@0.25.12 OK for: esbuild@0.25.12 want: 0.25.12
2754 silly placeDep ROOT @esbuild/android-arm@0.25.12 OK for: esbuild@0.25.12 want: 0.25.12
2755 silly placeDep ROOT @esbuild/android-arm64@0.25.12 OK for: esbuild@0.25.12 want: 0.25.12
2756 silly placeDep ROOT @esbuild/android-x64@0.25.12 OK for: esbuild@0.25.12 want: 0.25.12
2757 silly placeDep ROOT @esbuild/darwin-arm64@0.25.12 OK for: esbuild@0.25.12 want: 0.25.12
2758 silly placeDep ROOT @esbuild/darwin-x64@0.25.12 OK for: esbuild@0.25.12 want: 0.25.12
2759 silly placeDep ROOT @esbuild/freebsd-arm64@0.25.12 OK for: esbuild@0.25.12 want: 0.25.12
2760 silly placeDep ROOT @esbuild/freebsd-x64@0.25.12 OK for: esbuild@0.25.12 want: 0.25.12
2761 silly placeDep ROOT @esbuild/linux-arm@0.25.12 OK for: esbuild@0.25.12 want: 0.25.12
2762 silly placeDep ROOT @esbuild/linux-arm64@0.25.12 OK for: esbuild@0.25.12 want: 0.25.12
2763 silly placeDep ROOT @esbuild/linux-ia32@0.25.12 OK for: esbuild@0.25.12 want: 0.25.12
2764 silly placeDep ROOT @esbuild/linux-loong64@0.25.12 OK for: esbuild@0.25.12 want: 0.25.12
2765 silly placeDep ROOT @esbuild/linux-mips64el@0.25.12 OK for: esbuild@0.25.12 want: 0.25.12
2766 silly placeDep ROOT @esbuild/linux-ppc64@0.25.12 OK for: esbuild@0.25.12 want: 0.25.12
2767 silly placeDep ROOT @esbuild/linux-riscv64@0.25.12 OK for: esbuild@0.25.12 want: 0.25.12
2768 silly placeDep ROOT @esbuild/linux-s390x@0.25.12 OK for: esbuild@0.25.12 want: 0.25.12
2769 silly placeDep ROOT @esbuild/linux-x64@0.25.12 OK for: esbuild@0.25.12 want: 0.25.12
2770 silly placeDep ROOT @esbuild/netbsd-arm64@0.25.12 OK for: esbuild@0.25.12 want: 0.25.12
2771 silly placeDep ROOT @esbuild/netbsd-x64@0.25.12 OK for: esbuild@0.25.12 want: 0.25.12
2772 silly placeDep ROOT @esbuild/openbsd-arm64@0.25.12 OK for: esbuild@0.25.12 want: 0.25.12
2773 silly placeDep ROOT @esbuild/openbsd-x64@0.25.12 OK for: esbuild@0.25.12 want: 0.25.12
2774 silly placeDep ROOT @esbuild/openharmony-arm64@0.25.12 OK for: esbuild@0.25.12 want: 0.25.12
2775 silly placeDep ROOT @esbuild/sunos-x64@0.25.12 OK for: esbuild@0.25.12 want: 0.25.12
2776 silly placeDep ROOT @esbuild/win32-arm64@0.25.12 OK for: esbuild@0.25.12 want: 0.25.12
2777 silly placeDep ROOT @esbuild/win32-ia32@0.25.12 OK for: esbuild@0.25.12 want: 0.25.12
2778 silly placeDep ROOT @esbuild/win32-x64@0.25.12 OK for: esbuild@0.25.12 want: 0.25.12
2779 silly placeDep ROOT accepts@1.3.8 OK for: express@4.22.2 want: ~1.3.8
2780 silly placeDep ROOT array-flatten@1.1.1 OK for: express@4.22.2 want: 1.1.1
2781 silly placeDep ROOT body-parser@1.20.6 OK for: express@4.22.2 want: ~1.20.5
2782 silly placeDep ROOT content-disposition@0.5.4 OK for: express@4.22.2 want: ~0.5.4
2783 silly placeDep ROOT content-type@1.0.5 OK for: express@4.22.2 want: ~1.0.4
2784 silly placeDep ROOT cookie@0.7.2 OK for: express@4.22.2 want: ~0.7.1
2785 silly placeDep ROOT cookie-signature@1.0.7 OK for: express@4.22.2 want: ~1.0.6
2786 silly placeDep node_modules/express debug@2.6.9 OK for: express@4.22.2 want: 2.6.9
2787 silly placeDep ROOT depd@2.0.0 OK for: express@4.22.2 want: 2.0.0
2788 silly placeDep ROOT encodeurl@2.0.0 OK for: express@4.22.2 want: ~2.0.0
2789 silly placeDep ROOT escape-html@1.0.3 OK for: express@4.22.2 want: ~1.0.3
2790 silly placeDep ROOT etag@1.8.1 OK for: express@4.22.2 want: ~1.8.1
2791 silly placeDep ROOT finalhandler@1.3.2 OK for: express@4.22.2 want: ~1.3.1
2792 silly placeDep ROOT fresh@0.5.2 OK for: express@4.22.2 want: ~0.5.2
2793 silly placeDep ROOT http-errors@2.0.1 OK for: express@4.22.2 want: ~2.0.0
2794 silly placeDep ROOT merge-descriptors@1.0.3 OK for: express@4.22.2 want: 1.0.3
2795 silly placeDep ROOT methods@1.1.2 OK for: express@4.22.2 want: ~1.1.2
2796 silly placeDep ROOT on-finished@2.4.1 OK for: express@4.22.2 want: ~2.4.1
2797 silly placeDep ROOT parseurl@1.3.3 OK for: express@4.22.2 want: ~1.3.3
2798 silly placeDep ROOT path-to-regexp@0.1.13 OK for: express@4.22.2 want: ~0.1.12
2799 silly placeDep ROOT proxy-addr@2.0.7 OK for: express@4.22.2 want: ~2.0.7
2800 silly placeDep ROOT qs@6.15.3 OK for: express@4.22.2 want: ~6.15.1
2801 silly placeDep ROOT range-parser@1.2.1 OK for: express@4.22.2 want: ~1.2.1
2802 silly placeDep ROOT safe-buffer@5.2.1 OK for: express@4.22.2 want: 5.2.1
2803 silly placeDep ROOT send@0.19.2 OK for: express@4.22.2 want: ~0.19.0
2804 silly placeDep ROOT serve-static@1.16.3 OK for: express@4.22.2 want: ~1.16.2
2805 silly placeDep ROOT setprototypeof@1.2.0 OK for: express@4.22.2 want: 1.2.0
2806 silly placeDep ROOT statuses@2.0.2 OK for: express@4.22.2 want: ~2.0.1
2807 silly placeDep ROOT type-is@1.6.18 OK for: express@4.22.2 want: ~1.6.18
2808 silly placeDep ROOT utils-merge@1.0.1 OK for: express@4.22.2 want: 1.0.1
2809 silly placeDep ROOT vary@1.1.2 OK for: express@4.22.2 want: ~1.1.2
2810 silly fetch manifest mime-types@~2.1.34
2811 silly packumentCache full:https://registry.npmjs.org/mime-types cache-miss
2812 silly fetch manifest negotiator@0.6.3
2813 silly packumentCache full:https://registry.npmjs.org/negotiator cache-miss
2814 silly fetch manifest bytes@~3.1.2
2815 silly packumentCache full:https://registry.npmjs.org/bytes cache-miss
2816 http cache https://registry.npmjs.org/mime-types 34ms (cache hit)
2817 silly packumentCache full:https://registry.npmjs.org/mime-types set size:139110 disposed:false
2818 silly fetch manifest unpipe@~1.0.0
2819 silly packumentCache full:https://registry.npmjs.org/unpipe cache-miss
2820 http fetch GET 200 https://registry.npmjs.org/bytes 331ms (cache miss)
2821 silly packumentCache full:https://registry.npmjs.org/bytes set size:undefined disposed:false
2822 silly fetch manifest destroy@~1.2.0
2823 silly packumentCache full:https://registry.npmjs.org/destroy cache-miss
2824 http fetch GET 200 https://registry.npmjs.org/negotiator 356ms (cache miss)
2825 silly packumentCache full:https://registry.npmjs.org/negotiator set size:undefined disposed:false
2826 silly fetch manifest raw-body@~2.5.3
2827 silly packumentCache full:https://registry.npmjs.org/raw-body cache-miss
2828 http fetch GET 200 https://registry.npmjs.org/unpipe 341ms (cache miss)
2829 silly packumentCache full:https://registry.npmjs.org/unpipe set size:undefined disposed:false
2830 silly fetch manifest iconv-lite@~0.4.24
2831 silly packumentCache full:https://registry.npmjs.org/iconv-lite cache-miss
2832 http cache https://registry.npmjs.org/iconv-lite 46ms (cache hit)
2833 silly packumentCache full:https://registry.npmjs.org/iconv-lite set size:126462 disposed:false
2834 silly fetch manifest http-errors@~2.0.1
2835 silly packumentCache full:https://registry.npmjs.org/http-errors cache-miss
2836 http cache https://registry.npmjs.org/http-errors 37ms (cache hit)
2837 silly packumentCache full:https://registry.npmjs.org/http-errors set size:71987 disposed:false
2838 silly fetch manifest content-type@~1.0.5
2839 silly packumentCache full:https://registry.npmjs.org/content-type cache-miss
2840 http cache https://registry.npmjs.org/content-type 12ms (cache hit)
2841 silly packumentCache full:https://registry.npmjs.org/content-type set size:23936 disposed:false
2842 silly fetch manifest ms@2.0.0
2843 silly packumentCache full:https://registry.npmjs.org/ms cache-miss
2844 http cache https://registry.npmjs.org/ms 80ms (cache hit)
2845 silly packumentCache full:https://registry.npmjs.org/ms set size:92208 disposed:false
2846 silly fetch manifest statuses@~2.0.2
2847 silly packumentCache full:https://registry.npmjs.org/statuses cache-miss
2848 http fetch GET 200 https://registry.npmjs.org/destroy 250ms (cache miss)
2849 silly packumentCache full:https://registry.npmjs.org/destroy set size:undefined disposed:false
2850 silly fetch manifest inherits@~2.0.4
2851 silly packumentCache full:https://registry.npmjs.org/inherits cache-miss
2852 http fetch GET 200 https://registry.npmjs.org/raw-body 261ms (cache miss)
2853 silly packumentCache full:https://registry.npmjs.org/raw-body set size:undefined disposed:false
2854 silly fetch manifest setprototypeof@~1.2.0
2855 silly packumentCache full:https://registry.npmjs.org/setprototypeof cache-miss
2856 http cache https://registry.npmjs.org/statuses 63ms (cache hit)
2857 silly packumentCache full:https://registry.npmjs.org/statuses set size:37117 disposed:false
2858 silly fetch manifest toidentifier@~1.0.1
2859 silly packumentCache full:https://registry.npmjs.org/toidentifier cache-miss
2860 http cache https://registry.npmjs.org/setprototypeof 29ms (cache hit)
2861 silly packumentCache full:https://registry.npmjs.org/setprototypeof set size:14532 disposed:false
2862 silly fetch manifest ee-first@1.1.1
2863 silly packumentCache full:https://registry.npmjs.org/ee-first cache-miss
2864 http fetch GET 200 https://registry.npmjs.org/inherits 161ms (cache miss)
2865 silly packumentCache full:https://registry.npmjs.org/inherits set size:undefined disposed:false
2866 silly fetch manifest forwarded@0.2.0
2867 silly packumentCache full:https://registry.npmjs.org/forwarded cache-miss
2868 http fetch GET 200 https://registry.npmjs.org/toidentifier 165ms (cache miss)
2869 silly packumentCache full:https://registry.npmjs.org/toidentifier set size:undefined disposed:false
2870 silly fetch manifest ipaddr.js@1.9.1
2871 silly packumentCache full:https://registry.npmjs.org/ipaddr.js cache-miss
2872 http fetch GET 200 https://registry.npmjs.org/ee-first 168ms (cache miss)
2873 silly packumentCache full:https://registry.npmjs.org/ee-first set size:undefined disposed:false
2874 silly fetch manifest side-channel@^1.1.1
2875 silly packumentCache full:https://registry.npmjs.org/side-channel cache-miss
2876 http fetch GET 200 https://registry.npmjs.org/forwarded 150ms (cache miss)
2877 silly packumentCache full:https://registry.npmjs.org/forwarded set size:undefined disposed:false
2878 silly fetch manifest es-define-property@^1.0.1
2879 silly packumentCache full:https://registry.npmjs.org/es-define-property cache-miss
2880 http fetch GET 200 https://registry.npmjs.org/side-channel 163ms (cache miss)
2881 silly packumentCache full:https://registry.npmjs.org/side-channel set size:undefined disposed:false
2882 silly fetch manifest mime@1.6.0
2883 silly packumentCache full:https://registry.npmjs.org/mime cache-miss
2884 http cache https://registry.npmjs.org/mime 17ms (cache hit)
2885 silly packumentCache full:https://registry.npmjs.org/mime set size:119236 disposed:false
2886 silly fetch manifest destroy@1.2.0
2887 silly packumentCache full:https://registry.npmjs.org/destroy cache-miss
2888 http cache https://registry.npmjs.org/destroy 312ms (cache hit)
2889 silly packumentCache full:https://registry.npmjs.org/destroy set size:15738 disposed:false
2890 silly fetch manifest mime-types@~2.1.24
2891 silly packumentCache full:https://registry.npmjs.org/mime-types cache-hit
2892 silly fetch manifest media-typer@0.3.0
2893 silly packumentCache full:https://registry.npmjs.org/media-typer cache-miss
2894 http fetch GET 200 https://registry.npmjs.org/es-define-property 1022ms (cache miss)
2895 silly packumentCache full:https://registry.npmjs.org/es-define-property set size:undefined disposed:false
2896 http fetch GET 200 https://registry.npmjs.org/ipaddr.js 1187ms (cache miss)
2897 silly packumentCache full:https://registry.npmjs.org/ipaddr.js set size:undefined disposed:false
2898 http fetch GET 200 https://registry.npmjs.org/media-typer 654ms (cache miss)
2899 silly packumentCache full:https://registry.npmjs.org/media-typer set size:undefined disposed:false
2900 silly placeDep ROOT mime-types@2.1.35 OK for: accepts@1.3.8 want: ~2.1.34
2901 silly placeDep ROOT negotiator@0.6.3 OK for: accepts@1.3.8 want: 0.6.3
2902 silly fetch manifest mime-db@1.52.0
2903 silly packumentCache full:https://registry.npmjs.org/mime-db cache-miss
2904 http fetch GET 200 https://registry.npmjs.org/mime-db 203ms (cache miss)
2905 silly packumentCache full:https://registry.npmjs.org/mime-db set size:undefined disposed:false
2906 silly placeDep ROOT bytes@3.1.2 OK for: body-parser@1.20.6 want: ~3.1.2
2907 silly placeDep node_modules/body-parser debug@2.6.9 OK for: body-parser@1.20.6 want: 2.6.9
2908 silly placeDep ROOT destroy@1.2.0 OK for: body-parser@1.20.6 want: ~1.2.0
2909 silly placeDep node_modules/body-parser iconv-lite@0.4.24 OK for: body-parser@1.20.6 want: ~0.4.24
2910 silly placeDep ROOT raw-body@2.5.3 OK for: body-parser@1.20.6 want: ~2.5.3
2911 silly placeDep ROOT unpipe@1.0.0 OK for: body-parser@1.20.6 want: ~1.0.0
2912 silly fetch manifest safer-buffer@>= 2.1.2 < 3
2913 silly packumentCache full:https://registry.npmjs.org/safer-buffer cache-miss
2914 http cache https://registry.npmjs.org/safer-buffer 23ms (cache hit)
2915 silly packumentCache full:https://registry.npmjs.org/safer-buffer set size:18521 disposed:false
2916 silly placeDep node_modules/finalhandler debug@2.6.9 OK for: finalhandler@1.3.2 want: 2.6.9
2917 silly placeDep ROOT asynckit@0.4.0 OK for: form-data@4.0.6 want: ^0.4.0
2918 silly placeDep ROOT combined-stream@1.0.8 OK for: form-data@4.0.6 want: ^1.0.8
2919 silly placeDep ROOT es-set-tostringtag@2.1.0 OK for: form-data@4.0.6 want: ^2.1.0
2920 silly placeDep ROOT hasown@2.0.4 OK for: form-data@4.0.6 want: ^2.0.4
2921 silly fetch manifest delayed-stream@~1.0.0
2922 silly packumentCache full:https://registry.npmjs.org/delayed-stream cache-miss
2923 silly fetch manifest es-errors@^1.3.0
2924 silly packumentCache full:https://registry.npmjs.org/es-errors cache-miss
2925 silly fetch manifest get-intrinsic@^1.2.6
2926 silly packumentCache full:https://registry.npmjs.org/get-intrinsic cache-miss
2927 http fetch GET 200 https://registry.npmjs.org/es-errors 202ms (cache miss)
2928 silly packumentCache full:https://registry.npmjs.org/es-errors set size:undefined disposed:false
2929 silly fetch manifest has-tostringtag@^1.0.2
2930 silly packumentCache full:https://registry.npmjs.org/has-tostringtag cache-miss
2931 http fetch GET 200 https://registry.npmjs.org/delayed-stream 224ms (cache miss)
2932 silly packumentCache full:https://registry.npmjs.org/delayed-stream set size:undefined disposed:false
2933 silly fetch manifest hasown@^2.0.2
2934 silly packumentCache full:https://registry.npmjs.org/hasown cache-miss
2935 http cache https://registry.npmjs.org/hasown 19ms (cache hit)
2936 silly packumentCache full:https://registry.npmjs.org/hasown set size:18361 disposed:false
2937 silly fetch manifest function-bind@^1.1.2
2938 silly packumentCache full:https://registry.npmjs.org/function-bind cache-miss
2939 http fetch GET 200 https://registry.npmjs.org/has-tostringtag 211ms (cache miss)
2940 silly packumentCache full:https://registry.npmjs.org/has-tostringtag set size:undefined disposed:false
2941 http fetch GET 200 https://registry.npmjs.org/get-intrinsic 424ms (cache miss)
2942 silly packumentCache full:https://registry.npmjs.org/get-intrinsic set size:undefined disposed:false
2943 http fetch GET 200 https://registry.npmjs.org/function-bind 194ms (cache miss)
2944 silly packumentCache full:https://registry.npmjs.org/function-bind set size:undefined disposed:false
2945 silly placeDep ROOT delayed-stream@1.0.0 OK for: combined-stream@1.0.8 want: ~1.0.0
2946 silly placeDep ROOT es-errors@1.3.0 OK for: es-set-tostringtag@2.1.0 want: ^1.3.0
2947 silly placeDep ROOT get-intrinsic@1.3.0 OK for: es-set-tostringtag@2.1.0 want: ^1.2.6
2948 silly placeDep ROOT has-tostringtag@1.0.2 OK for: es-set-tostringtag@2.1.0 want: ^1.0.2
2949 silly fetch manifest gopd@^1.2.0
2950 silly packumentCache full:https://registry.npmjs.org/gopd cache-miss
2951 silly fetch manifest get-proto@^1.0.1
2952 silly packumentCache full:https://registry.npmjs.org/get-proto cache-miss
2953 silly fetch manifest has-symbols@^1.1.0
2954 silly packumentCache full:https://registry.npmjs.org/has-symbols cache-miss
2955 http fetch GET 200 https://registry.npmjs.org/gopd 151ms (cache miss)
2956 silly packumentCache full:https://registry.npmjs.org/gopd set size:undefined disposed:false
2957 silly fetch manifest es-object-atoms@^1.1.1
2958 silly packumentCache full:https://registry.npmjs.org/es-object-atoms cache-miss
2959 http fetch GET 200 https://registry.npmjs.org/get-proto 172ms (cache miss)
2960 silly packumentCache full:https://registry.npmjs.org/get-proto set size:undefined disposed:false
2961 silly fetch manifest math-intrinsics@^1.1.0
2962 silly packumentCache full:https://registry.npmjs.org/math-intrinsics cache-miss
2963 http fetch GET 200 https://registry.npmjs.org/has-symbols 198ms (cache miss)
2964 silly packumentCache full:https://registry.npmjs.org/has-symbols set size:undefined disposed:false
2965 silly fetch manifest call-bind-apply-helpers@^1.0.2
2966 silly packumentCache full:https://registry.npmjs.org/call-bind-apply-helpers cache-miss
2967 http fetch GET 200 https://registry.npmjs.org/es-object-atoms 154ms (cache miss)
2968 silly packumentCache full:https://registry.npmjs.org/es-object-atoms set size:undefined disposed:false
2969 silly fetch manifest has-symbols@^1.0.3
2970 silly packumentCache full:https://registry.npmjs.org/has-symbols cache-miss
2971 http fetch GET 200 https://registry.npmjs.org/math-intrinsics 165ms (cache miss)
2972 silly packumentCache full:https://registry.npmjs.org/math-intrinsics set size:undefined disposed:false
2973 http cache https://registry.npmjs.org/has-symbols 39ms (cache hit)
2974 silly packumentCache full:https://registry.npmjs.org/has-symbols set size:21550 disposed:false
2975 http fetch GET 200 https://registry.npmjs.org/call-bind-apply-helpers 185ms (cache miss)
2976 silly packumentCache full:https://registry.npmjs.org/call-bind-apply-helpers set size:undefined disposed:false
2977 silly placeDep ROOT call-bind-apply-helpers@1.0.2 OK for: get-intrinsic@1.3.0 want: ^1.0.2
2978 silly placeDep ROOT es-define-property@1.0.1 OK for: get-intrinsic@1.3.0 want: ^1.0.1
2979 silly placeDep ROOT es-object-atoms@1.1.2 OK for: get-intrinsic@1.3.0 want: ^1.1.1
2980 silly placeDep ROOT function-bind@1.1.2 OK for: get-intrinsic@1.3.0 want: ^1.1.2
2981 silly placeDep ROOT get-proto@1.0.1 OK for: get-intrinsic@1.3.0 want: ^1.0.1
2982 silly placeDep ROOT gopd@1.2.0 OK for: get-intrinsic@1.3.0 want: ^1.2.0
2983 silly placeDep ROOT has-symbols@1.1.0 OK for: get-intrinsic@1.3.0 want: ^1.1.0
2984 silly placeDep ROOT math-intrinsics@1.1.0 OK for: get-intrinsic@1.3.0 want: ^1.1.0
2985 silly fetch manifest dunder-proto@^1.0.1
2986 silly packumentCache full:https://registry.npmjs.org/dunder-proto cache-miss
2987 http fetch GET 200 https://registry.npmjs.org/dunder-proto 222ms (cache miss)
2988 silly packumentCache full:https://registry.npmjs.org/dunder-proto set size:undefined disposed:false
2989 silly placeDep ROOT dunder-proto@1.0.1 OK for: get-proto@1.0.1 want: ^1.0.1
2990 silly placeDep ROOT base64-js@1.5.1 OK for: google-auth-library@10.9.1 want: ^1.3.0
2991 silly placeDep ROOT ecdsa-sig-formatter@1.0.11 OK for: google-auth-library@10.9.1 want: ^1.0.11
2992 silly placeDep ROOT gaxios@7.3.1 OK for: google-auth-library@10.9.1 want: ^7.1.4
2993 silly placeDep ROOT gcp-metadata@8.1.2 OK for: google-auth-library@10.9.1 want: 8.1.2
2994 silly placeDep ROOT google-logging-utils@1.1.3 OK for: google-auth-library@10.9.1 want: 1.1.3
2995 silly placeDep ROOT jws@4.0.1 OK for: google-auth-library@10.9.1 want: ^4.0.0
2996 silly fetch manifest extend@^3.0.2
2997 silly packumentCache full:https://registry.npmjs.org/extend cache-miss
2998 silly fetch manifest node-fetch@^3.3.2
2999 silly packumentCache full:https://registry.npmjs.org/node-fetch cache-miss
3000 silly fetch manifest https-proxy-agent@^7.0.1
3001 silly packumentCache full:https://registry.npmjs.org/https-proxy-agent cache-miss
3002 http cache https://registry.npmjs.org/https-proxy-agent 207ms (cache hit)
3003 silly packumentCache full:https://registry.npmjs.org/https-proxy-agent set size:83792 disposed:false
3004 silly fetch manifest json-bigint@^1.0.0
3005 silly packumentCache full:https://registry.npmjs.org/json-bigint cache-miss
3006 http fetch GET 200 https://registry.npmjs.org/extend 396ms (cache miss)
3007 silly packumentCache full:https://registry.npmjs.org/extend set size:undefined disposed:false
3008 silly fetch manifest google-logging-utils@^1.0.0
3009 silly packumentCache full:https://registry.npmjs.org/google-logging-utils cache-miss
3010 http fetch GET 200 https://registry.npmjs.org/json-bigint 192ms (cache miss)
3011 silly packumentCache full:https://registry.npmjs.org/json-bigint set size:undefined disposed:false
3012 silly fetch manifest jwa@^2.0.1
3013 silly packumentCache full:https://registry.npmjs.org/jwa cache-miss
3014 http cache https://registry.npmjs.org/google-logging-utils 41ms (cache hit)
3015 silly packumentCache full:https://registry.npmjs.org/google-logging-utils set size:31146 disposed:false
3016 http fetch GET 200 https://registry.npmjs.org/node-fetch 568ms (cache miss)
3017 silly packumentCache full:https://registry.npmjs.org/node-fetch set size:undefined disposed:false
3018 http fetch GET 200 https://registry.npmjs.org/jwa 323ms (cache miss)
3019 silly packumentCache full:https://registry.npmjs.org/jwa set size:undefined disposed:false
3020 silly placeDep ROOT extend@3.0.2 OK for: gaxios@7.3.1 want: ^3.0.2
3021 silly placeDep node_modules/gaxios https-proxy-agent@7.0.6 OK for: gaxios@7.3.1 want: ^7.0.1
3022 silly placeDep ROOT node-fetch@3.3.2 OK for: gaxios@7.3.1 want: ^3.3.2
3023 silly fetch manifest agent-base@^7.1.2
3024 silly packumentCache full:https://registry.npmjs.org/agent-base cache-miss
3025 silly fetch manifest data-uri-to-buffer@^4.0.0
3026 silly packumentCache full:https://registry.npmjs.org/data-uri-to-buffer cache-miss
3027 silly fetch manifest fetch-blob@^3.1.4
3028 silly packumentCache full:https://registry.npmjs.org/fetch-blob cache-miss
3029 http cache https://registry.npmjs.org/agent-base 519ms (cache hit)
3030 silly packumentCache full:https://registry.npmjs.org/agent-base set size:72085 disposed:false
3031 silly fetch manifest formdata-polyfill@^4.0.10
3032 silly packumentCache full:https://registry.npmjs.org/formdata-polyfill cache-miss
3033 http fetch GET 200 https://registry.npmjs.org/fetch-blob 1083ms (cache miss)
3034 silly packumentCache full:https://registry.npmjs.org/fetch-blob set size:undefined disposed:false
3035 http fetch GET 200 https://registry.npmjs.org/formdata-polyfill 212ms (cache miss)
3036 silly packumentCache full:https://registry.npmjs.org/formdata-polyfill set size:undefined disposed:false
3037 http fetch GET 200 https://registry.npmjs.org/data-uri-to-buffer 1192ms (cache miss)
3038 silly packumentCache full:https://registry.npmjs.org/data-uri-to-buffer set size:undefined disposed:false
3039 silly placeDep ROOT json-bigint@1.0.0 OK for: gcp-metadata@8.1.2 want: ^1.0.0
3040 silly fetch manifest bignumber.js@^9.0.0
3041 silly packumentCache full:https://registry.npmjs.org/bignumber.js cache-miss
3042 http fetch GET 200 https://registry.npmjs.org/bignumber.js 2485ms (cache miss)
3043 silly packumentCache full:https://registry.npmjs.org/bignumber.js set size:undefined disposed:false
3044 silly placeDep ROOT cookie-es@1.2.3 OK for: h3@1.13.0 want: ^1.2.2
3045 silly placeDep ROOT crossws@0.3.5 OK for: h3@1.13.0 want: >=0.2.0 <0.4.0
3046 silly placeDep ROOT defu@6.1.7 OK for: h3@1.13.0 want: ^6.1.4
3047 silly placeDep ROOT destr@2.0.5 OK for: h3@1.13.0 want: ^2.0.3
3048 silly placeDep ROOT iron-webcrypto@1.2.1 OK for: h3@1.13.0 want: ^1.2.1
3049 silly placeDep ROOT ohash@1.1.6 OK for: h3@1.13.0 want: ^1.1.4
3050 silly placeDep ROOT radix3@1.1.2 OK for: h3@1.13.0 want: ^1.1.2
3051 silly placeDep ROOT uncrypto@0.1.3 OK for: h3@1.13.0 want: ^0.1.3
3052 silly placeDep ROOT unenv@1.10.0 OK for: h3@1.13.0 want: ^1.10.0
3053 silly fetch manifest mime@^3.0.0
3054 silly packumentCache full:https://registry.npmjs.org/mime cache-hit
3055 silly fetch manifest pathe@^1.1.2
3056 silly packumentCache full:https://registry.npmjs.org/pathe cache-hit
3057 silly fetch manifest node-fetch-native@^1.6.4
3058 silly packumentCache full:https://registry.npmjs.org/node-fetch-native cache-hit
3059 silly placeDep ROOT crossws@0.4.12 REPLACE for: h3@2.0.1-rc.20 want: ^0.4.1
3060 silly placeDep ROOT rou3@0.8.1 OK for: h3@2.0.1-rc.20 want: ^0.8.1
3061 silly placeDep ROOT srvx@0.11.22 OK for: h3@2.0.1-rc.20 want: ^0.11.13
3062 silly placeDep node_modules/h3 crossws@0.3.5 OK for: h3@1.13.0 want: >=0.2.0 <0.4.0
3063 silly placeDep node_modules/htmlparser2 entities@7.0.1 OK for: htmlparser2@10.1.0 want: ^7.0.1
3064 silly placeDep ROOT inherits@2.0.4 OK for: http-errors@2.0.1 want: ~2.0.4
3065 silly placeDep ROOT toidentifier@1.0.1 OK for: http-errors@2.0.1 want: ~1.0.1
3066 silly placeDep ROOT agent-base@6.0.2 OK for: https-proxy-agent@5.0.1 want: 6
3067 silly placeDep ROOT safer-buffer@2.1.2 OK for: iconv-lite@0.6.3 want: >= 2.1.2 < 3.0.0
3068 silly placeDep ROOT bignumber.js@9.3.1 OK for: json-bigint@1.0.0 want: ^9.0.0
3069 silly placeDep ROOT jwa@2.0.1 OK for: jws@4.0.1 want: ^2.0.1
3070 silly fetch manifest buffer-equal-constant-time@^1.0.1
3071 silly packumentCache full:https://registry.npmjs.org/buffer-equal-constant-time cache-miss
3072 http fetch GET 200 https://registry.npmjs.org/buffer-equal-constant-time 227ms (cache miss)
3073 silly packumentCache full:https://registry.npmjs.org/buffer-equal-constant-time set size:undefined disposed:false
3074 silly placeDep ROOT buffer-equal-constant-time@1.0.1 OK for: jwa@2.0.1 want: ^1.0.1
3075 silly placeDep ROOT detect-libc@2.1.2 OK for: lightningcss@1.32.0 want: ^2.0.3
3076 silly placeDep ROOT lightningcss-android-arm64@1.32.0 OK for: lightningcss@1.32.0 want: 1.32.0
3077 silly placeDep ROOT lightningcss-darwin-arm64@1.32.0 OK for: lightningcss@1.32.0 want: 1.32.0
3078 silly placeDep ROOT lightningcss-darwin-x64@1.32.0 OK for: lightningcss@1.32.0 want: 1.32.0
3079 silly placeDep ROOT lightningcss-freebsd-x64@1.32.0 OK for: lightningcss@1.32.0 want: 1.32.0
3080 silly placeDep ROOT lightningcss-linux-arm-gnueabihf@1.32.0 OK for: lightningcss@1.32.0 want: 1.32.0
3081 silly placeDep ROOT lightningcss-linux-arm64-gnu@1.32.0 OK for: lightningcss@1.32.0 want: 1.32.0
3082 silly placeDep ROOT lightningcss-linux-arm64-musl@1.32.0 OK for: lightningcss@1.32.0 want: 1.32.0
3083 silly placeDep ROOT lightningcss-linux-x64-gnu@1.32.0 OK for: lightningcss@1.32.0 want: 1.32.0
3084 silly placeDep ROOT lightningcss-linux-x64-musl@1.32.0 OK for: lightningcss@1.32.0 want: 1.32.0
3085 silly placeDep ROOT lightningcss-win32-arm64-msvc@1.32.0 OK for: lightningcss@1.32.0 want: 1.32.0
3086 silly placeDep ROOT lightningcss-win32-x64-msvc@1.32.0 OK for: lightningcss@1.32.0 want: 1.32.0
3087 silly placeDep ROOT yallist@3.1.1 OK for: lru-cache@5.1.1 want: ^3.0.2
3088 silly placeDep ROOT mime-db@1.52.0 OK for: mime-types@2.1.35 want: 1.52.0
3089 silly fetch manifest react@^18.0.0 || ^19.0.0
3090 silly packumentCache full:https://registry.npmjs.org/react cache-miss
3091 http cache https://registry.npmjs.org/react 119ms (cache hit)
3092 silly packumentCache full:https://registry.npmjs.org/react set size:6926968 disposed:false
3093 silly fetch manifest react-dom@^18.0.0 || ^19.0.0
3094 silly packumentCache full:https://registry.npmjs.org/react-dom cache-miss
3095 http fetch GET 200 https://registry.npmjs.org/react-dom 937ms (cache revalidated)
3096 silly packumentCache full:https://registry.npmjs.org/react-dom set size:9313795 disposed:false
3097 silly placeDep ROOT framer-motion@12.43.0 OK for: motion@12.43.0 want: ^12.43.0
3098 silly fetch manifest motion-dom@^12.43.0
3099 silly packumentCache full:https://registry.npmjs.org/motion-dom cache-miss
3100 silly fetch manifest motion-utils@^12.39.0
3101 silly packumentCache full:https://registry.npmjs.org/motion-utils cache-miss
3102 http fetch GET 200 https://registry.npmjs.org/motion-utils 266ms (cache miss)
3103 silly packumentCache full:https://registry.npmjs.org/motion-utils set size:undefined disposed:false
3104 http fetch GET 200 https://registry.npmjs.org/motion-dom 299ms (cache miss)
3105 silly packumentCache full:https://registry.npmjs.org/motion-dom set size:undefined disposed:false
3106 silly placeDep ROOT motion-dom@12.43.0 OK for: framer-motion@12.43.0 want: ^12.43.0
3107 silly placeDep ROOT motion-utils@12.39.0 OK for: framer-motion@12.43.0 want: ^12.39.0
3108 silly fetch manifest @electric-sql/pglite@*
3109 silly packumentCache full:https://registry.npmjs.org/@electric-sql%2fpglite cache-miss
3110 http fetch GET 200 https://registry.npmjs.org/@electric-sql%2fpglite 209ms (cache miss)
3111 silly packumentCache full:https://registry.npmjs.org/@electric-sql%2fpglite set size:undefined disposed:false
3112 silly fetch manifest @libsql/client@*
3113 silly packumentCache full:https://registry.npmjs.org/@libsql%2fclient cache-miss
3114 http fetch GET 200 https://registry.npmjs.org/@libsql%2fclient 242ms (cache miss)
3115 silly packumentCache full:https://registry.npmjs.org/@libsql%2fclient set size:undefined disposed:false
3116 silly fetch manifest better-sqlite3@*
3117 silly packumentCache full:https://registry.npmjs.org/better-sqlite3 cache-miss
3118 http fetch GET 200 https://registry.npmjs.org/better-sqlite3 229ms (cache miss)
3119 silly packumentCache full:https://registry.npmjs.org/better-sqlite3 set size:undefined disposed:false
3120 silly fetch manifest drizzle-orm@*
3121 silly packumentCache full:https://registry.npmjs.org/drizzle-orm cache-miss
3122 http fetch GET 200 https://registry.npmjs.org/drizzle-orm 14731ms (cache miss)
3123 silly packumentCache full:https://registry.npmjs.org/drizzle-orm set size:undefined disposed:false
3124 silly fetch manifest @aws-sdk/client-rds-data@>=3
3125 silly packumentCache full:https://registry.npmjs.org/@aws-sdk%2fclient-rds-data cache-miss
3126 http fetch GET 200 https://registry.npmjs.org/@aws-sdk%2fclient-rds-data 509ms (cache miss)
3127 silly packumentCache full:https://registry.npmjs.org/@aws-sdk%2fclient-rds-data set size:undefined disposed:false
3128 silly fetch manifest @cloudflare/workers-types@>=4
3129 silly packumentCache full:https://registry.npmjs.org/@cloudflare%2fworkers-types cache-miss
3130 http fetch GET 200 https://registry.npmjs.org/@cloudflare%2fworkers-types 274ms (cache miss)
3131 silly packumentCache full:https://registry.npmjs.org/@cloudflare%2fworkers-types set size:undefined disposed:false
3132 silly fetch manifest @libsql/client-wasm@>=0.10.0
3133 silly packumentCache full:https://registry.npmjs.org/@libsql%2fclient-wasm cache-miss
3134 http fetch GET 200 https://registry.npmjs.org/@libsql%2fclient-wasm 4568ms (cache miss)
3135 silly packumentCache full:https://registry.npmjs.org/@libsql%2fclient-wasm set size:undefined disposed:false
3136 silly fetch manifest @neondatabase/serverless@>=0.10.0
3137 silly packumentCache full:https://registry.npmjs.org/@neondatabase%2fserverless cache-miss
3138 http fetch GET 200 https://registry.npmjs.org/@neondatabase%2fserverless 441ms (cache miss)
3139 silly packumentCache full:https://registry.npmjs.org/@neondatabase%2fserverless set size:undefined disposed:false
3140 silly fetch manifest @op-engineering/op-sqlite@>=2
3141 silly packumentCache full:https://registry.npmjs.org/@op-engineering%2fop-sqlite cache-miss
3142 http fetch GET 200 https://registry.npmjs.org/@op-engineering%2fop-sqlite 586ms (cache miss)
3143 silly packumentCache full:https://registry.npmjs.org/@op-engineering%2fop-sqlite set size:undefined disposed:false
3144 silly fetch manifest @sqlite.org/sqlite-wasm@*
3145 silly packumentCache full:https://registry.npmjs.org/@sqlite.org%2fsqlite-wasm cache-miss
3146 http fetch GET 200 https://registry.npmjs.org/@sqlite.org%2fsqlite-wasm 1275ms (cache miss)
3147 silly packumentCache full:https://registry.npmjs.org/@sqlite.org%2fsqlite-wasm set size:undefined disposed:false
3148 silly fetch manifest react@*
3149 silly packumentCache full:https://registry.npmjs.org/react cache-miss
3150 http cache https://registry.npmjs.org/react 203ms (cache hit)
3151 silly packumentCache full:https://registry.npmjs.org/react set size:6926968 disposed:false
3152 silly fetch manifest react-native@*
3153 silly packumentCache full:https://registry.npmjs.org/react-native cache-miss
3154 http fetch GET 200 https://registry.npmjs.org/react-native 704ms (cache miss)
3155 silly packumentCache full:https://registry.npmjs.org/react-native set size:undefined disposed:false
3156 silly fetch manifest @types/react@^19.1.1
3157 silly packumentCache full:https://registry.npmjs.org/@types%2freact cache-miss
3158 http fetch GET 200 https://registry.npmjs.org/@types%2freact 1390ms (cache revalidated)
3159 silly packumentCache full:https://registry.npmjs.org/@types%2freact set size:2637439 disposed:false
3160 silly fetch manifest @opentelemetry/api@^1.4.1
3161 silly packumentCache full:https://registry.npmjs.org/@opentelemetry%2fapi cache-hit
3162 silly fetch manifest @planetscale/database@>=1.13
3163 silly packumentCache full:https://registry.npmjs.org/@planetscale%2fdatabase cache-miss
3164 http fetch GET 200 https://registry.npmjs.org/@planetscale%2fdatabase 672ms (cache miss)
3165 silly packumentCache full:https://registry.npmjs.org/@planetscale%2fdatabase set size:undefined disposed:false
3166 silly fetch manifest @prisma/client@*
3167 silly packumentCache full:https://registry.npmjs.org/@prisma%2fclient cache-miss
3168 http fetch GET 200 https://registry.npmjs.org/@prisma%2fclient 6344ms (cache miss)
3169 silly packumentCache full:https://registry.npmjs.org/@prisma%2fclient set size:undefined disposed:false
3170 silly fetch manifest prisma@*
3171 silly packumentCache full:https://registry.npmjs.org/prisma cache-miss
3172 http fetch GET 200 https://registry.npmjs.org/prisma 1687ms (cache miss)
3173 silly packumentCache full:https://registry.npmjs.org/prisma set size:undefined disposed:false
3174 silly fetch manifest typescript@>=5.4.0
3175 silly packumentCache full:https://registry.npmjs.org/typescript cache-miss
3176 http fetch GET 200 https://registry.npmjs.org/typescript 1633ms (cache revalidated)
3177 silly packumentCache full:https://registry.npmjs.org/typescript set size:15614421 disposed:false
3178 silly fetch manifest @tidbcloud/serverless@*
3179 silly packumentCache full:https://registry.npmjs.org/@tidbcloud%2fserverless cache-miss
3180 http fetch GET 200 https://registry.npmjs.org/@tidbcloud%2fserverless 427ms (cache miss)
3181 silly packumentCache full:https://registry.npmjs.org/@tidbcloud%2fserverless set size:undefined disposed:false
3182 silly fetch manifest @types/better-sqlite3@*
3183 silly packumentCache full:https://registry.npmjs.org/@types%2fbetter-sqlite3 cache-miss
3184 http fetch GET 200 https://registry.npmjs.org/@types%2fbetter-sqlite3 275ms (cache miss)
3185 silly packumentCache full:https://registry.npmjs.org/@types%2fbetter-sqlite3 set size:undefined disposed:false
3186 silly fetch manifest @types/pg@*
3187 silly packumentCache full:https://registry.npmjs.org/@types%2fpg cache-miss
3188 http fetch GET 200 https://registry.npmjs.org/@types%2fpg 395ms (cache miss)
3189 silly packumentCache full:https://registry.npmjs.org/@types%2fpg set size:undefined disposed:false
3190 silly fetch manifest @types/sql.js@*
3191 silly packumentCache full:https://registry.npmjs.org/@types%2fsql.js cache-miss
3192 http fetch GET 200 https://registry.npmjs.org/@types%2fsql.js 502ms (cache miss)
3193 silly packumentCache full:https://registry.npmjs.org/@types%2fsql.js set size:undefined disposed:false
3194 silly fetch manifest @upstash/redis@>=1.34.7
3195 silly packumentCache full:https://registry.npmjs.org/@upstash%2fredis cache-miss
3196 http fetch GET 200 https://registry.npmjs.org/@upstash%2fredis 514ms (cache miss)
3197 silly packumentCache full:https://registry.npmjs.org/@upstash%2fredis set size:undefined disposed:false
3198 silly fetch manifest @vercel/postgres@>=0.8.0
3199 silly packumentCache full:https://registry.npmjs.org/@vercel%2fpostgres cache-miss
3200 http fetch GET 200 https://registry.npmjs.org/@vercel%2fpostgres 467ms (cache miss)
3201 silly packumentCache full:https://registry.npmjs.org/@vercel%2fpostgres set size:undefined disposed:false
3202 silly fetch manifest @xata.io/client@*
3203 silly packumentCache full:https://registry.npmjs.org/@xata.io%2fclient cache-miss
3204 http fetch GET 200 https://registry.npmjs.org/@xata.io%2fclient 2343ms (cache miss)
3205 silly packumentCache full:https://registry.npmjs.org/@xata.io%2fclient set size:undefined disposed:false
3206 silly fetch manifest bun-types@*
3207 silly packumentCache full:https://registry.npmjs.org/bun-types cache-miss
3208 http fetch GET 200 https://registry.npmjs.org/bun-types 469ms (cache miss)
3209 silly packumentCache full:https://registry.npmjs.org/bun-types set size:undefined disposed:false
3210 silly fetch manifest expo-sqlite@>=14.0.0
3211 silly packumentCache full:https://registry.npmjs.org/expo-sqlite cache-miss
3212 http fetch GET 200 https://registry.npmjs.org/expo-sqlite 210ms (cache miss)
3213 silly packumentCache full:https://registry.npmjs.org/expo-sqlite set size:undefined disposed:false
3214 silly fetch manifest expo@*
3215 silly packumentCache full:https://registry.npmjs.org/expo cache-miss
3216 http fetch GET 200 https://registry.npmjs.org/expo 538ms (cache miss)
3217 silly packumentCache full:https://registry.npmjs.org/expo set size:undefined disposed:false
3218 silly fetch manifest @expo/metro-runtime@*
3219 silly packumentCache full:https://registry.npmjs.org/@expo%2fmetro-runtime cache-miss
3220 http fetch GET 200 https://registry.npmjs.org/@expo%2fmetro-runtime 435ms (cache miss)
3221 silly packumentCache full:https://registry.npmjs.org/@expo%2fmetro-runtime set size:undefined disposed:false
3222 silly fetch manifest react-dom@*
3223 silly packumentCache full:https://registry.npmjs.org/react-dom cache-miss
3224 http cache https://registry.npmjs.org/react-dom 109ms (cache hit)
3225 silly packumentCache full:https://registry.npmjs.org/react-dom set size:9313795 disposed:false
3226 silly fetch manifest react-native-web@*
3227 silly packumentCache full:https://registry.npmjs.org/react-native-web cache-miss
3228 http fetch GET 200 https://registry.npmjs.org/react-native-web 262ms (cache miss)
3229 silly packumentCache full:https://registry.npmjs.org/react-native-web set size:undefined disposed:false
3230 silly fetch manifest react-native-webview@*
3231 silly packumentCache full:https://registry.npmjs.org/react-native-webview cache-miss
3232 http fetch GET 200 https://registry.npmjs.org/react-native-webview 257ms (cache miss)
3233 silly packumentCache full:https://registry.npmjs.org/react-native-webview set size:undefined disposed:false
3234 silly fetch manifest gel@>=2
3235 silly packumentCache full:https://registry.npmjs.org/gel cache-miss
3236 http fetch GET 200 https://registry.npmjs.org/gel 362ms (cache miss)
3237 silly packumentCache full:https://registry.npmjs.org/gel set size:undefined disposed:false
3238 silly fetch manifest knex@*
3239 silly packumentCache full:https://registry.npmjs.org/knex cache-miss
3240 http fetch GET 200 https://registry.npmjs.org/knex 403ms (cache miss)
3241 silly packumentCache full:https://registry.npmjs.org/knex set size:undefined disposed:false
3242 silly fetch manifest pg-query-stream@^4.14.0
3243 silly packumentCache full:https://registry.npmjs.org/pg-query-stream cache-miss
3244 http fetch GET 200 https://registry.npmjs.org/pg-query-stream 340ms (cache miss)
3245 silly packumentCache full:https://registry.npmjs.org/pg-query-stream set size:undefined disposed:false
3246 silly fetch manifest pg@^8
3247 silly packumentCache full:https://registry.npmjs.org/pg cache-miss
3248 http fetch GET 200 https://registry.npmjs.org/pg 1730ms (cache miss)
3249 silly packumentCache full:https://registry.npmjs.org/pg set size:undefined disposed:false
3250 silly fetch manifest pg-native@>=3.0.1
3251 silly packumentCache full:https://registry.npmjs.org/pg-native cache-miss
3252 http fetch GET 200 https://registry.npmjs.org/pg-native 399ms (cache miss)
3253 silly packumentCache full:https://registry.npmjs.org/pg-native set size:undefined disposed:false
3254 silly fetch manifest kysely@*
3255 silly packumentCache full:https://registry.npmjs.org/kysely cache-miss
3256 http fetch GET 200 https://registry.npmjs.org/kysely 320ms (cache miss)
3257 silly packumentCache full:https://registry.npmjs.org/kysely set size:undefined disposed:false
3258 silly fetch manifest mysql2@>=2
3259 silly packumentCache full:https://registry.npmjs.org/mysql2 cache-miss
3260 http fetch GET 200 https://registry.npmjs.org/mysql2 199ms (cache miss)
3261 silly packumentCache full:https://registry.npmjs.org/mysql2 set size:undefined disposed:false
3262 silly fetch manifest @types/node@>= 8
3263 silly packumentCache full:https://registry.npmjs.org/@types%2fnode cache-miss
3264 http cache https://registry.npmjs.org/@types%2fnode 73ms (cache hit)
3265 silly packumentCache full:https://registry.npmjs.org/@types%2fnode set size:11096266 disposed:false
3266 silly fetch manifest postgres@>=3
3267 silly packumentCache full:https://registry.npmjs.org/postgres cache-miss
3268 http fetch GET 200 https://registry.npmjs.org/postgres 189ms (cache miss)
3269 silly packumentCache full:https://registry.npmjs.org/postgres set size:undefined disposed:false
3270 silly fetch manifest sql.js@>=1
3271 silly packumentCache full:https://registry.npmjs.org/sql.js cache-miss
3272 http fetch GET 200 https://registry.npmjs.org/sql.js 346ms (cache miss)
3273 silly packumentCache full:https://registry.npmjs.org/sql.js set size:undefined disposed:false
3274 silly fetch manifest sqlite3@>=5
3275 silly packumentCache full:https://registry.npmjs.org/sqlite3 cache-miss
3276 http fetch GET 200 https://registry.npmjs.org/sqlite3 354ms (cache miss)
3277 silly packumentCache full:https://registry.npmjs.org/sqlite3 set size:undefined disposed:false
3278 silly fetch manifest @parcel/watcher@^2.5.6
3279 silly packumentCache full:https://registry.npmjs.org/@parcel%2fwatcher cache-miss
3280 http fetch GET 200 https://registry.npmjs.org/@parcel%2fwatcher 370ms (cache miss)
3281 silly packumentCache full:https://registry.npmjs.org/@parcel%2fwatcher set size:undefined disposed:false
3282 silly fetch manifest rolldown@1.x || ^1.0.0-beta || ^1.0.0-rc
3283 silly packumentCache full:https://registry.npmjs.org/rolldown cache-miss
3284 http fetch GET 200 https://registry.npmjs.org/rolldown 576ms (cache miss)
3285 silly packumentCache full:https://registry.npmjs.org/rolldown set size:undefined disposed:false
3286 silly fetch manifest oxc-parser@*
3287 silly packumentCache full:https://registry.npmjs.org/oxc-parser cache-miss
3288 http fetch GET 200 https://registry.npmjs.org/oxc-parser 218ms (cache miss)
3289 silly packumentCache full:https://registry.npmjs.org/oxc-parser set size:undefined disposed:false
3290 silly fetch manifest rolldown@^1.0.0
3291 silly packumentCache full:https://registry.npmjs.org/rolldown cache-miss
3292 http cache https://registry.npmjs.org/rolldown 34ms (cache hit)
3293 silly packumentCache full:https://registry.npmjs.org/rolldown set size:3801673 disposed:false
3294 silly fetch manifest @azure/app-configuration@^1.8.0
3295 silly packumentCache full:https://registry.npmjs.org/@azure%2fapp-configuration cache-miss
3296 http fetch GET 200 https://registry.npmjs.org/@azure%2fapp-configuration 1271ms (cache miss)
3297 silly packumentCache full:https://registry.npmjs.org/@azure%2fapp-configuration set size:undefined disposed:false
3298 silly fetch manifest @azure/cosmos@^4.2.0
3299 silly packumentCache full:https://registry.npmjs.org/@azure%2fcosmos cache-miss
3300 http fetch GET 200 https://registry.npmjs.org/@azure%2fcosmos 565ms (cache miss)
3301 silly packumentCache full:https://registry.npmjs.org/@azure%2fcosmos set size:undefined disposed:false
3302 silly fetch manifest @azure/data-tables@^13.3.0
3303 silly packumentCache full:https://registry.npmjs.org/@azure%2fdata-tables cache-miss
3304 http fetch GET 200 https://registry.npmjs.org/@azure%2fdata-tables 1075ms (cache miss)
3305 silly packumentCache full:https://registry.npmjs.org/@azure%2fdata-tables set size:undefined disposed:false
3306 silly fetch manifest @azure/identity@^4.6.0
3307 silly packumentCache full:https://registry.npmjs.org/@azure%2fidentity cache-miss
3308 http fetch GET 200 https://registry.npmjs.org/@azure%2fidentity 517ms (cache miss)
3309 silly packumentCache full:https://registry.npmjs.org/@azure%2fidentity set size:undefined disposed:false
3310 silly fetch manifest @azure/keyvault-secrets@^4.9.0
3311 silly packumentCache full:https://registry.npmjs.org/@azure%2fkeyvault-secrets cache-miss
3312 http fetch GET 200 https://registry.npmjs.org/@azure%2fkeyvault-secrets 431ms (cache miss)
3313 silly packumentCache full:https://registry.npmjs.org/@azure%2fkeyvault-secrets set size:undefined disposed:false
3314 silly fetch manifest @azure/storage-blob@^12.26.0
3315 silly packumentCache full:https://registry.npmjs.org/@azure%2fstorage-blob cache-miss
3316 http fetch GET 200 https://registry.npmjs.org/@azure%2fstorage-blob 507ms (cache miss)
3317 silly packumentCache full:https://registry.npmjs.org/@azure%2fstorage-blob set size:undefined disposed:false
3318 silly fetch manifest @capacitor/preferences@^6 || ^7 || ^8
3319 silly packumentCache full:https://registry.npmjs.org/@capacitor%2fpreferences cache-miss
3320 http fetch GET 200 https://registry.npmjs.org/@capacitor%2fpreferences 596ms (cache miss)
3321 silly packumentCache full:https://registry.npmjs.org/@capacitor%2fpreferences set size:undefined disposed:false
3322 silly fetch manifest @capacitor/core@>=8.0.0
3323 silly packumentCache full:https://registry.npmjs.org/@capacitor%2fcore cache-miss
3324 http fetch GET 200 https://registry.npmjs.org/@capacitor%2fcore 3292ms (cache miss)
3325 silly packumentCache full:https://registry.npmjs.org/@capacitor%2fcore set size:undefined disposed:false
3326 silly fetch manifest @deno/kv@>=0.9.0
3327 silly packumentCache full:https://registry.npmjs.org/@deno%2fkv cache-miss
3328 http fetch GET 200 https://registry.npmjs.org/@deno%2fkv 439ms (cache miss)
3329 silly packumentCache full:https://registry.npmjs.org/@deno%2fkv set size:undefined disposed:false
3330 silly fetch manifest @netlify/blobs@^6.5.0 || ^7.0.0 || ^8.1.0 || ^9.0.0 || ^10.0.0
3331 silly packumentCache full:https://registry.npmjs.org/@netlify%2fblobs cache-miss
3332 http fetch GET 200 https://registry.npmjs.org/@netlify%2fblobs 422ms (cache miss)
3333 silly packumentCache full:https://registry.npmjs.org/@netlify%2fblobs set size:undefined disposed:false
3334 silly fetch manifest @planetscale/database@^1.19.0
3335 silly packumentCache full:https://registry.npmjs.org/@planetscale%2fdatabase cache-miss
3336 http cache https://registry.npmjs.org/@planetscale%2fdatabase 15ms (cache hit)
3337 silly packumentCache full:https://registry.npmjs.org/@planetscale%2fdatabase set size:131439 disposed:false
3338 silly fetch manifest @upstash/redis@^1.34.3
3339 silly packumentCache full:https://registry.npmjs.org/@upstash%2fredis cache-miss
3340 http cache https://registry.npmjs.org/@upstash%2fredis 67ms (cache hit)
3341 silly packumentCache full:https://registry.npmjs.org/@upstash%2fredis set size:3915847 disposed:false
3342 silly fetch manifest @vercel/blob@>=0.27.1
3343 silly packumentCache full:https://registry.npmjs.org/@vercel%2fblob cache-miss
3344 http fetch GET 200 https://registry.npmjs.org/@vercel%2fblob 826ms (cache miss)
3345 silly packumentCache full:https://registry.npmjs.org/@vercel%2fblob set size:undefined disposed:false
3346 silly fetch manifest @vercel/functions@^2.2.12 || ^3.0.0
3347 silly packumentCache full:https://registry.npmjs.org/@vercel%2ffunctions cache-miss
3348 http fetch GET 200 https://registry.npmjs.org/@vercel%2ffunctions 424ms (cache miss)
3349 silly packumentCache full:https://registry.npmjs.org/@vercel%2ffunctions set size:undefined disposed:false
3350 silly fetch manifest @aws-sdk/credential-provider-web-identity@*
3351 silly packumentCache full:https://registry.npmjs.org/@aws-sdk%2fcredential-provider-web-identity cache-miss
3352 http fetch GET 200 https://registry.npmjs.org/@aws-sdk%2fcredential-provider-web-identity 390ms (cache miss)
3353 silly packumentCache full:https://registry.npmjs.org/@aws-sdk%2fcredential-provider-web-identity set size:undefined disposed:false
3354 silly fetch manifest ws@>=8
3355 silly packumentCache full:https://registry.npmjs.org/ws cache-miss
3356 http cache https://registry.npmjs.org/ws 71ms (cache hit)
3357 silly packumentCache full:https://registry.npmjs.org/ws set size:447661 disposed:false
3358 silly fetch manifest @vercel/kv@^1 || ^2 || ^3
3359 silly packumentCache full:https://registry.npmjs.org/@vercel%2fkv cache-miss
3360 http fetch GET 200 https://registry.npmjs.org/@vercel%2fkv 225ms (cache miss)
3361 silly packumentCache full:https://registry.npmjs.org/@vercel%2fkv set size:undefined disposed:false
3362 silly fetch manifest aws4fetch@^1.0.20
3363 silly packumentCache full:https://registry.npmjs.org/aws4fetch cache-miss
3364 http fetch GET 200 https://registry.npmjs.org/aws4fetch 335ms (cache miss)
3365 silly packumentCache full:https://registry.npmjs.org/aws4fetch set size:undefined disposed:false
3366 silly fetch manifest idb-keyval@^6.2.1
3367 silly packumentCache full:https://registry.npmjs.org/idb-keyval cache-miss
3368 http fetch GET 200 https://registry.npmjs.org/idb-keyval 742ms (cache miss)
3369 silly packumentCache full:https://registry.npmjs.org/idb-keyval set size:undefined disposed:false
3370 silly fetch manifest uploadthing@^7.4.4
3371 silly packumentCache full:https://registry.npmjs.org/uploadthing cache-miss
3372 http fetch GET 200 https://registry.npmjs.org/uploadthing 346ms (cache miss)
3373 silly packumentCache full:https://registry.npmjs.org/uploadthing set size:undefined disposed:false
3374 silly fetch manifest express@*
3375 silly packumentCache full:https://registry.npmjs.org/express cache-miss
3376 http fetch GET 200 https://registry.npmjs.org/express 176ms (cache revalidated)
3377 silly packumentCache full:https://registry.npmjs.org/express set size:804975 disposed:false
3378 silly fetch manifest tailwindcss@^3.0.0 || ^4.0.0-beta.0
3379 silly packumentCache full:https://registry.npmjs.org/tailwindcss cache-miss
3380 http fetch GET 200 https://registry.npmjs.org/tailwindcss 1100ms (cache miss)
3381 silly packumentCache full:https://registry.npmjs.org/tailwindcss set size:undefined disposed:false
3382 silly placeDep ROOT @cloudflare/kv-asset-handler@0.4.2 OK for: nitropack@2.13.4 want: ^0.4.2
3383 silly placeDep ROOT @rollup/plugin-alias@6.0.0 OK for: nitropack@2.13.4 want: ^6.0.0
3384 silly placeDep ROOT @rollup/plugin-commonjs@29.0.3 OK for: nitropack@2.13.4 want: ^29.0.2
3385 silly placeDep ROOT @rollup/plugin-inject@5.0.5 OK for: nitropack@2.13.4 want: ^5.0.5
3386 silly placeDep ROOT @rollup/plugin-json@6.1.0 OK for: nitropack@2.13.4 want: ^6.1.0
3387 silly placeDep ROOT @rollup/plugin-node-resolve@16.0.3 OK for: nitropack@2.13.4 want: ^16.0.3
3388 silly placeDep ROOT @rollup/plugin-replace@6.0.3 OK for: nitropack@2.13.4 want: ^6.0.3
3389 silly placeDep ROOT @rollup/plugin-terser@1.0.0 OK for: nitropack@2.13.4 want: ^1.0.0
3390 silly placeDep ROOT @vercel/nft@1.11.0 OK for: nitropack@2.13.4 want: ^1.5.0
3391 silly placeDep ROOT archiver@7.0.1 OK for: nitropack@2.13.4 want: ^7.0.1
3392 silly placeDep ROOT c12@3.3.4 OK for: nitropack@2.13.4 want: ^3.3.4
3393 silly placeDep ROOT chokidar@5.0.0 OK for: nitropack@2.13.4 want: ^5.0.0
3394 silly placeDep ROOT citty@0.2.2 OK for: nitropack@2.13.4 want: ^0.2.2
3395 silly placeDep ROOT compatx@0.2.0 OK for: nitropack@2.13.4 want: ^0.2.0
3396 silly placeDep ROOT confbox@0.2.4 OK for: nitropack@2.13.4 want: ^0.2.4
3397 silly placeDep ROOT consola@3.4.2 OK for: nitropack@2.13.4 want: ^3.4.2
3398 silly placeDep node_modules/nitropack cookie-es@2.0.1 OK for: nitropack@2.13.4 want: ^2.0.1
3399 silly placeDep ROOT croner@10.0.1 OK for: nitropack@2.13.4 want: ^10.0.1
3400 silly placeDep node_modules/nitropack crossws@0.3.5 OK for: nitropack@2.13.4 want: ^0.3.5
3401 silly placeDep ROOT db0@0.3.4 OK for: nitropack@2.13.4 want: ^0.3.4
3402 silly placeDep ROOT dot-prop@10.2.0 OK for: nitropack@2.13.4 want: ^10.1.0
3403 silly placeDep node_modules/nitropack esbuild@0.28.2 OK for: nitropack@2.13.4 want: ^0.28.0
3404 silly placeDep ROOT escape-string-regexp@5.0.0 OK for: nitropack@2.13.4 want: ^5.0.0
3405 silly placeDep ROOT exsolve@1.1.1 OK for: nitropack@2.13.4 want: ^1.0.8
3406 silly placeDep ROOT globby@16.2.4 OK for: nitropack@2.13.4 want: ^16.2.0
3407 silly placeDep ROOT gzip-size@7.0.0 OK for: nitropack@2.13.4 want: ^7.0.0
3408 silly placeDep node_modules/nitropack h3@1.15.11 OK for: nitropack@2.13.4 want: ^1.15.11
3409 silly placeDep ROOT hookable@5.5.3 OK for: nitropack@2.13.4 want: ^5.5.3
3410 silly placeDep ROOT httpxy@0.5.5 OK for: nitropack@2.13.4 want: ^0.5.1
3411 silly placeDep ROOT ioredis@5.11.1 OK for: nitropack@2.13.4 want: ^5.10.1
3412 silly placeDep ROOT klona@2.0.6 OK for: nitropack@2.13.4 want: ^2.0.6
3413 silly placeDep ROOT knitwork@1.3.0 OK for: nitropack@2.13.4 want: ^1.3.0
3414 silly placeDep ROOT listhen@1.10.1 OK for: nitropack@2.13.4 want: ^1.9.1
3415 silly placeDep ROOT magicast@0.5.4 OK for: nitropack@2.13.4 want: ^0.5.2
3416 silly placeDep ROOT mime@4.1.0 OK for: nitropack@2.13.4 want: ^4.1.0
3417 silly placeDep ROOT mlly@1.8.2 OK for: nitropack@2.13.4 want: ^1.8.2
3418 silly placeDep ROOT node-fetch-native@1.6.7 OK for: nitropack@2.13.4 want: ^1.6.7
3419 silly placeDep ROOT node-mock-http@1.0.5 OK for: nitropack@2.13.4 want: ^1.0.4
3420 silly placeDep node_modules/nitropack ohash@2.0.12 OK for: nitropack@2.13.4 want: ^2.0.11
3421 silly placeDep ROOT perfect-debounce@2.1.0 OK for: nitropack@2.13.4 want: ^2.1.0
3422 silly placeDep ROOT pkg-types@2.3.1 OK for: nitropack@2.13.4 want: ^2.3.1
3423 silly placeDep ROOT pretty-bytes@7.1.2 OK for: nitropack@2.13.4 want: ^7.1.0
3424 silly placeDep ROOT rollup@4.63.1 OK for: nitropack@2.13.4 want: ^4.60.2
3425 silly placeDep ROOT rollup-plugin-visualizer@7.1.1 OK for: nitropack@2.13.4 want: ^7.0.1
3426 silly placeDep ROOT scule@1.3.0 OK for: nitropack@2.13.4 want: ^1.3.0
3427 silly placeDep node_modules/nitropack semver@7.8.5 OK for: nitropack@2.13.4 want: ^7.7.4
3428 silly placeDep ROOT serve-placeholder@2.0.2 OK for: nitropack@2.13.4 want: ^2.0.2
3429 silly placeDep node_modules/nitropack serve-static@2.2.1 OK for: nitropack@2.13.4 want: ^2.2.1
3430 silly placeDep ROOT source-map@0.7.6 OK for: nitropack@2.13.4 want: ^0.7.6
3431 silly placeDep ROOT std-env@4.2.0 OK for: nitropack@2.13.4 want: ^4.1.0
3432 silly placeDep ROOT ultrahtml@1.7.0 OK for: nitropack@2.13.4 want: ^1.6.0
3433 silly placeDep ROOT unctx@2.5.0 OK for: nitropack@2.13.4 want: ^2.5.0
3434 silly placeDep node_modules/nitropack unenv@2.0.0-rc.24 OK for: nitropack@2.13.4 want: 2.0.0-rc.24
3435 silly placeDep ROOT unimport@6.4.0 OK for: nitropack@2.13.4 want: ^6.2.0
3436 silly placeDep ROOT unplugin-utils@0.3.2 OK for: nitropack@2.13.4 want: ^0.3.1
3437 silly placeDep node_modules/nitropack unstorage@1.17.5 OK for: nitropack@2.13.4 want: ^1.17.5
3438 silly placeDep ROOT untyped@2.0.0 OK for: nitropack@2.13.4 want: ^2.0.0
3439 silly placeDep ROOT unwasm@0.5.3 OK for: nitropack@2.13.4 want: ^0.5.3
3440 silly placeDep ROOT youch@4.1.1 OK for: nitropack@2.13.4 want: ^4.1.1
3441 silly placeDep ROOT youch-core@0.3.3 OK for: nitropack@2.13.4 want: ^0.3.3
3442 silly fetch manifest @rollup/pluginutils@^5.0.1
3443 silly packumentCache full:https://registry.npmjs.org/@rollup%2fpluginutils cache-miss
3444 silly fetch manifest commondir@^1.0.1
3445 silly packumentCache full:https://registry.npmjs.org/commondir cache-miss
3446 silly fetch manifest estree-walker@^2.0.2
3447 silly packumentCache full:https://registry.npmjs.org/estree-walker cache-miss
3448 http fetch GET 200 https://registry.npmjs.org/@rollup%2fpluginutils 446ms (cache miss)
3449 silly packumentCache full:https://registry.npmjs.org/@rollup%2fpluginutils set size:undefined disposed:false
3450 silly fetch manifest fdir@^6.2.0
3451 silly packumentCache full:https://registry.npmjs.org/fdir cache-hit
3452 silly fetch manifest is-reference@1.2.1
3453 silly packumentCache full:https://registry.npmjs.org/is-reference cache-miss
3454 http fetch GET 200 https://registry.npmjs.org/estree-walker 477ms (cache miss)
3455 silly packumentCache full:https://registry.npmjs.org/estree-walker set size:undefined disposed:false
3456 silly fetch manifest @rollup/pluginutils@^5.1.0
3457 silly packumentCache full:https://registry.npmjs.org/@rollup%2fpluginutils cache-miss
3458 http fetch GET 200 https://registry.npmjs.org/commondir 492ms (cache miss)
3459 silly packumentCache full:https://registry.npmjs.org/commondir set size:undefined disposed:false
3460 silly fetch manifest @types/resolve@1.20.2
3461 silly packumentCache full:https://registry.npmjs.org/@types%2fresolve cache-miss
3462 http cache https://registry.npmjs.org/@rollup%2fpluginutils 27ms (cache hit)
3463 silly packumentCache full:https://registry.npmjs.org/@rollup%2fpluginutils set size:121958 disposed:false
3464 silly fetch manifest deepmerge@^4.2.2
3465 silly packumentCache full:https://registry.npmjs.org/deepmerge cache-miss
3466 http fetch GET 200 https://registry.npmjs.org/deepmerge 166ms (cache miss)
3467 silly packumentCache full:https://registry.npmjs.org/deepmerge set size:undefined disposed:false
3468 silly fetch manifest is-module@^1.0.0
3469 silly packumentCache full:https://registry.npmjs.org/is-module cache-miss
3470 http fetch GET 200 https://registry.npmjs.org/is-reference 349ms (cache miss)
3471 silly packumentCache full:https://registry.npmjs.org/is-reference set size:undefined disposed:false
3472 silly fetch manifest resolve@^1.22.1
3473 silly packumentCache full:https://registry.npmjs.org/resolve cache-miss
3474 http cache https://registry.npmjs.org/resolve 107ms (cache hit)
3475 silly packumentCache full:https://registry.npmjs.org/resolve set size:244568 disposed:false
3476 silly fetch manifest serialize-javascript@^7.0.3
3477 silly packumentCache full:https://registry.npmjs.org/serialize-javascript cache-miss
3478 http fetch GET 200 https://registry.npmjs.org/@types%2fresolve 477ms (cache miss)
3479 silly packumentCache full:https://registry.npmjs.org/@types%2fresolve set size:undefined disposed:false
3480 silly fetch manifest smob@^1.0.0
3481 silly packumentCache full:https://registry.npmjs.org/smob cache-miss
3482 http fetch GET 200 https://registry.npmjs.org/is-module 370ms (cache miss)
3483 silly packumentCache full:https://registry.npmjs.org/is-module set size:undefined disposed:false
3484 silly fetch manifest terser@^5.17.4
3485 silly packumentCache full:https://registry.npmjs.org/terser cache-miss
3486 http fetch GET 200 https://registry.npmjs.org/serialize-javascript 186ms (cache miss)
3487 silly packumentCache full:https://registry.npmjs.org/serialize-javascript set size:undefined disposed:false
3488 silly fetch manifest glob@^13.0.0
3489 silly packumentCache full:https://registry.npmjs.org/glob cache-miss
3490 http fetch GET 200 https://registry.npmjs.org/terser 159ms (cache revalidated)
3491 silly packumentCache full:https://registry.npmjs.org/terser set size:827672 disposed:false
3492 silly fetch manifest acorn@^8.6.0
3493 silly packumentCache full:https://registry.npmjs.org/acorn cache-miss
3494 http fetch GET 200 https://registry.npmjs.org/smob 332ms (cache miss)
3495 silly packumentCache full:https://registry.npmjs.org/smob set size:undefined disposed:false
3496 silly fetch manifest bindings@^1.4.0
3497 silly packumentCache full:https://registry.npmjs.org/bindings cache-miss
3498 http fetch GET 200 https://registry.npmjs.org/glob 239ms (cache miss)
3499 silly packumentCache full:https://registry.npmjs.org/glob set size:undefined disposed:false
3500 silly fetch manifest async-sema@^3.1.1
3501 silly packumentCache full:https://registry.npmjs.org/async-sema cache-miss
3502 http fetch GET 200 https://registry.npmjs.org/acorn 166ms (cache miss)
3503 silly packumentCache full:https://registry.npmjs.org/acorn set size:undefined disposed:false
3504 silly fetch manifest resolve-from@^5.0.0
3505 silly packumentCache full:https://registry.npmjs.org/resolve-from cache-miss
3506 http fetch GET 200 https://registry.npmjs.org/bindings 167ms (cache miss)
3507 silly packumentCache full:https://registry.npmjs.org/bindings set size:undefined disposed:false
3508 silly fetch manifest estree-walker@2.0.2
3509 silly packumentCache full:https://registry.npmjs.org/estree-walker cache-miss
3510 http cache https://registry.npmjs.org/estree-walker 32ms (cache hit)
3511 silly packumentCache full:https://registry.npmjs.org/estree-walker set size:60887 disposed:false
3512 silly fetch manifest node-gyp-build@^4.2.2
3513 silly packumentCache full:https://registry.npmjs.org/node-gyp-build cache-miss
3514 http fetch GET 200 https://registry.npmjs.org/resolve-from 211ms (cache miss)
3515 silly packumentCache full:https://registry.npmjs.org/resolve-from set size:undefined disposed:false
3516 silly fetch manifest @rollup/pluginutils@^5.1.3
3517 silly packumentCache full:https://registry.npmjs.org/@rollup%2fpluginutils cache-hit
3518 silly fetch manifest @mapbox/node-pre-gyp@^2.0.0
3519 silly packumentCache full:https://registry.npmjs.org/@mapbox%2fnode-pre-gyp cache-miss
3520 http fetch GET 200 https://registry.npmjs.org/async-sema 274ms (cache miss)
3521 silly packumentCache full:https://registry.npmjs.org/async-sema set size:undefined disposed:false
3522 silly fetch manifest acorn-import-attributes@^1.9.5
3523 silly packumentCache full:https://registry.npmjs.org/acorn-import-attributes cache-miss
3524 http fetch GET 200 https://registry.npmjs.org/node-gyp-build 177ms (cache miss)
3525 silly packumentCache full:https://registry.npmjs.org/node-gyp-build set size:undefined disposed:false
3526 silly fetch manifest async@^3.2.4
3527 silly packumentCache full:https://registry.npmjs.org/async cache-miss
3528 http fetch GET 200 https://registry.npmjs.org/acorn-import-attributes 153ms (cache miss)
3529 silly packumentCache full:https://registry.npmjs.org/acorn-import-attributes set size:undefined disposed:false
3530 silly fetch manifest tar-stream@^3.0.0
3531 silly packumentCache full:https://registry.npmjs.org/tar-stream cache-miss
3532 http fetch GET 200 https://registry.npmjs.org/@mapbox%2fnode-pre-gyp 172ms (cache miss)
3533 silly packumentCache full:https://registry.npmjs.org/@mapbox%2fnode-pre-gyp set size:undefined disposed:false
3534 silly fetch manifest zip-stream@^6.0.1
3535 silly packumentCache full:https://registry.npmjs.org/zip-stream cache-miss
3536 http fetch GET 200 https://registry.npmjs.org/async 223ms (cache miss)
3537 silly packumentCache full:https://registry.npmjs.org/async set size:undefined disposed:false
3538 silly fetch manifest buffer-crc32@^1.0.0
3539 silly packumentCache full:https://registry.npmjs.org/buffer-crc32 cache-miss
3540 http fetch GET 200 https://registry.npmjs.org/tar-stream 164ms (cache miss)
3541 silly packumentCache full:https://registry.npmjs.org/tar-stream set size:undefined disposed:false
3542 silly fetch manifest readdir-glob@^1.1.2
3543 silly packumentCache full:https://registry.npmjs.org/readdir-glob cache-miss
3544 http fetch GET 200 https://registry.npmjs.org/zip-stream 206ms (cache miss)
3545 silly packumentCache full:https://registry.npmjs.org/zip-stream set size:undefined disposed:false
3546 silly fetch manifest archiver-utils@^5.0.2
3547 silly packumentCache full:https://registry.npmjs.org/archiver-utils cache-miss
3548 http fetch GET 200 https://registry.npmjs.org/archiver-utils 186ms (cache miss)
3549 silly packumentCache full:https://registry.npmjs.org/archiver-utils set size:undefined disposed:false
3550 silly fetch manifest readable-stream@^4.0.0
3551 silly packumentCache full:https://registry.npmjs.org/readable-stream cache-miss
3552 http fetch GET 200 https://registry.npmjs.org/buffer-crc32 358ms (cache miss)
3553 silly packumentCache full:https://registry.npmjs.org/buffer-crc32 set size:undefined disposed:false
3554 silly fetch manifest rc9@^3.0.1
3555 silly packumentCache full:https://registry.npmjs.org/rc9 cache-miss
3556 http fetch GET 200 https://registry.npmjs.org/readdir-glob 380ms (cache miss)
3557 silly packumentCache full:https://registry.npmjs.org/readdir-glob set size:undefined disposed:false
3558 silly fetch manifest giget@^3.2.0
3559 silly packumentCache full:https://registry.npmjs.org/giget cache-miss
3560 http fetch GET 200 https://registry.npmjs.org/readable-stream 251ms (cache miss)
3561 silly packumentCache full:https://registry.npmjs.org/readable-stream set size:undefined disposed:false
3562 silly fetch manifest pkg-types@^2.3.0
3563 silly packumentCache full:https://registry.npmjs.org/pkg-types cache-miss
3564 http fetch GET 200 https://registry.npmjs.org/rc9 187ms (cache miss)
3565 silly packumentCache full:https://registry.npmjs.org/rc9 set size:undefined disposed:false
3566 silly fetch manifest readdirp@^5.0.0
3567 silly packumentCache full:https://registry.npmjs.org/readdirp cache-miss
3568 http cache https://registry.npmjs.org/pkg-types 21ms (cache hit)
3569 silly packumentCache full:https://registry.npmjs.org/pkg-types set size:90685 disposed:false
3570 silly fetch manifest type-fest@^5.0.0
3571 silly packumentCache full:https://registry.npmjs.org/type-fest cache-miss
3572 http fetch GET 200 https://registry.npmjs.org/giget 194ms (cache miss)
3573 silly packumentCache full:https://registry.npmjs.org/giget set size:undefined disposed:false
3574 silly fetch manifest @esbuild/aix-ppc64@0.28.2
3575 silly packumentCache full:https://registry.npmjs.org/@esbuild%2faix-ppc64 cache-miss
3576 http cache https://registry.npmjs.org/@esbuild%2faix-ppc64 12ms (cache hit)
3577 silly packumentCache full:https://registry.npmjs.org/@esbuild%2faix-ppc64 set size:67797 disposed:false
3578 silly fetch manifest @esbuild/linux-arm@0.28.2
3579 silly packumentCache full:https://registry.npmjs.org/@esbuild%2flinux-arm cache-miss
3580 http cache https://registry.npmjs.org/@esbuild%2flinux-arm 13ms (cache hit)
3581 silly packumentCache full:https://registry.npmjs.org/@esbuild%2flinux-arm set size:198596 disposed:false
3582 silly fetch manifest @esbuild/linux-x64@0.28.2
3583 silly packumentCache full:https://registry.npmjs.org/@esbuild%2flinux-x64 cache-miss
3584 http cache https://registry.npmjs.org/@esbuild%2flinux-x64 111ms (cache hit)
3585 silly packumentCache full:https://registry.npmjs.org/@esbuild%2flinux-x64 set size:198942 disposed:false
3586 silly fetch manifest @esbuild/sunos-x64@0.28.2
3587 silly packumentCache full:https://registry.npmjs.org/@esbuild%2fsunos-x64 cache-miss
3588 http cache https://registry.npmjs.org/@esbuild%2fsunos-x64 174ms (cache hit)
3589 silly packumentCache full:https://registry.npmjs.org/@esbuild%2fsunos-x64 set size:199187 disposed:false
3590 silly fetch manifest @esbuild/win32-x64@0.28.2
3591 silly packumentCache full:https://registry.npmjs.org/@esbuild%2fwin32-x64 cache-miss
3592 http fetch GET 200 https://registry.npmjs.org/readdirp 392ms (cache miss)
3593 silly packumentCache full:https://registry.npmjs.org/readdirp set size:undefined disposed:false
3594 silly fetch manifest @esbuild/darwin-x64@0.28.2
3595 silly packumentCache full:https://registry.npmjs.org/@esbuild%2fdarwin-x64 cache-miss
3596 http fetch GET 200 https://registry.npmjs.org/type-fest 370ms (cache miss)
3597 silly packumentCache full:https://registry.npmjs.org/type-fest set size:undefined disposed:false
3598 silly fetch manifest @esbuild/linux-ia32@0.28.2
3599 silly packumentCache full:https://registry.npmjs.org/@esbuild%2flinux-ia32 cache-miss
3600 http cache https://registry.npmjs.org/@esbuild%2fdarwin-x64 43ms (cache hit)
3601 silly packumentCache full:https://registry.npmjs.org/@esbuild%2fdarwin-x64 set size:199670 disposed:false
3602 silly fetch manifest @esbuild/netbsd-x64@0.28.2
3603 silly packumentCache full:https://registry.npmjs.org/@esbuild%2fnetbsd-x64 cache-miss
3604 http cache https://registry.npmjs.org/@esbuild%2fwin32-x64 65ms (cache hit)
3605 silly packumentCache full:https://registry.npmjs.org/@esbuild%2fwin32-x64 set size:197540 disposed:false
3606 silly fetch manifest @esbuild/win32-ia32@0.28.2
3607 silly packumentCache full:https://registry.npmjs.org/@esbuild%2fwin32-ia32 cache-miss
3608 http cache https://registry.npmjs.org/@esbuild%2flinux-ia32 39ms (cache hit)
3609 silly packumentCache full:https://registry.npmjs.org/@esbuild%2flinux-ia32 set size:199625 disposed:false
3610 silly fetch manifest @esbuild/android-arm@0.28.2
3611 silly packumentCache full:https://registry.npmjs.org/@esbuild%2fandroid-arm cache-miss
3612 http cache https://registry.npmjs.org/@esbuild%2fnetbsd-x64 115ms (cache hit)
3613 silly packumentCache full:https://registry.npmjs.org/@esbuild%2fnetbsd-x64 set size:197314 disposed:false
3614 silly fetch manifest @esbuild/android-x64@0.28.2
3615 silly packumentCache full:https://registry.npmjs.org/@esbuild%2fandroid-x64 cache-miss
3616 http cache https://registry.npmjs.org/@esbuild%2fwin32-ia32 251ms (cache hit)
3617 silly packumentCache full:https://registry.npmjs.org/@esbuild%2fwin32-ia32 set size:199854 disposed:false
3618 silly fetch manifest @esbuild/freebsd-x64@0.28.2
3619 silly packumentCache full:https://registry.npmjs.org/@esbuild%2ffreebsd-x64 cache-miss
3620 http cache https://registry.npmjs.org/@esbuild%2fandroid-arm 257ms (cache hit)
3621 silly packumentCache full:https://registry.npmjs.org/@esbuild%2fandroid-arm set size:225217 disposed:false
3622 silly fetch manifest @esbuild/linux-arm64@0.28.2
3623 silly packumentCache full:https://registry.npmjs.org/@esbuild%2flinux-arm64 cache-miss
3624 http cache https://registry.npmjs.org/@esbuild%2ffreebsd-x64 139ms (cache hit)
3625 silly packumentCache full:https://registry.npmjs.org/@esbuild%2ffreebsd-x64 set size:200565 disposed:false
3626 silly fetch manifest @esbuild/linux-ppc64@0.28.2
3627 silly packumentCache full:https://registry.npmjs.org/@esbuild%2flinux-ppc64 cache-miss
3628 http cache https://registry.npmjs.org/@esbuild%2fandroid-x64 296ms (cache hit)
3629 silly packumentCache full:https://registry.npmjs.org/@esbuild%2fandroid-x64 set size:199017 disposed:false
3630 silly fetch manifest @esbuild/linux-s390x@0.28.2
3631 silly packumentCache full:https://registry.npmjs.org/@esbuild%2flinux-s390x cache-miss
3632 http cache https://registry.npmjs.org/@esbuild%2flinux-arm64 130ms (cache hit)
3633 silly packumentCache full:https://registry.npmjs.org/@esbuild%2flinux-arm64 set size:200773 disposed:false
3634 silly fetch manifest @esbuild/openbsd-x64@0.28.2
3635 silly packumentCache full:https://registry.npmjs.org/@esbuild%2fopenbsd-x64 cache-miss
3636 http cache https://registry.npmjs.org/@esbuild%2flinux-ppc64 54ms (cache hit)
3637 silly packumentCache full:https://registry.npmjs.org/@esbuild%2flinux-ppc64 set size:202845 disposed:false
3638 silly fetch manifest @esbuild/win32-arm64@0.28.2
3639 silly packumentCache full:https://registry.npmjs.org/@esbuild%2fwin32-arm64 cache-miss
3640 http cache https://registry.npmjs.org/@esbuild%2flinux-s390x 64ms (cache hit)
3641 silly packumentCache full:https://registry.npmjs.org/@esbuild%2flinux-s390x set size:202310 disposed:false
3642 silly fetch manifest @esbuild/darwin-arm64@0.28.2
3643 silly packumentCache full:https://registry.npmjs.org/@esbuild%2fdarwin-arm64 cache-miss
3644 http cache https://registry.npmjs.org/@esbuild%2fopenbsd-x64 71ms (cache hit)
3645 silly packumentCache full:https://registry.npmjs.org/@esbuild%2fopenbsd-x64 set size:200576 disposed:false
3646 silly fetch manifest @esbuild/netbsd-arm64@0.28.2
3647 silly packumentCache full:https://registry.npmjs.org/@esbuild%2fnetbsd-arm64 cache-miss
3648 http cache https://registry.npmjs.org/@esbuild%2fwin32-arm64 73ms (cache hit)
3649 silly packumentCache full:https://registry.npmjs.org/@esbuild%2fwin32-arm64 set size:201005 disposed:false
3650 silly fetch manifest @esbuild/android-arm64@0.28.2
3651 silly packumentCache full:https://registry.npmjs.org/@esbuild%2fandroid-arm64 cache-miss
3652 http cache https://registry.npmjs.org/@esbuild%2fdarwin-arm64 76ms (cache hit)
3653 silly packumentCache full:https://registry.npmjs.org/@esbuild%2fdarwin-arm64 set size:201471 disposed:false
3654 silly fetch manifest @esbuild/freebsd-arm64@0.28.2
3655 silly packumentCache full:https://registry.npmjs.org/@esbuild%2ffreebsd-arm64 cache-miss
3656 http cache https://registry.npmjs.org/@esbuild%2fnetbsd-arm64 70ms (cache hit)
3657 silly packumentCache full:https://registry.npmjs.org/@esbuild%2fnetbsd-arm64 set size:44308 disposed:false
3658 silly fetch manifest @esbuild/linux-loong64@0.28.2
3659 silly packumentCache full:https://registry.npmjs.org/@esbuild%2flinux-loong64 cache-miss
3660 http cache https://registry.npmjs.org/@esbuild%2fandroid-arm64 85ms (cache hit)
3661 silly packumentCache full:https://registry.npmjs.org/@esbuild%2fandroid-arm64 set size:204216 disposed:false
3662 silly fetch manifest @esbuild/linux-riscv64@0.28.2
3663 silly packumentCache full:https://registry.npmjs.org/@esbuild%2flinux-riscv64 cache-miss
3664 http cache https://registry.npmjs.org/@esbuild%2ffreebsd-arm64 75ms (cache hit)
3665 silly packumentCache full:https://registry.npmjs.org/@esbuild%2ffreebsd-arm64 set size:202383 disposed:false
3666 silly fetch manifest @esbuild/openbsd-arm64@0.28.2
3667 silly packumentCache full:https://registry.npmjs.org/@esbuild%2fopenbsd-arm64 cache-miss
3668 http cache https://registry.npmjs.org/@esbuild%2flinux-loong64 73ms (cache hit)
3669 silly packumentCache full:https://registry.npmjs.org/@esbuild%2flinux-loong64 set size:255749 disposed:false
3670 silly fetch manifest @esbuild/linux-mips64el@0.28.2
3671 silly packumentCache full:https://registry.npmjs.org/@esbuild%2flinux-mips64el cache-miss
3672 http cache https://registry.npmjs.org/@esbuild%2flinux-riscv64 53ms (cache hit)
3673 silly packumentCache full:https://registry.npmjs.org/@esbuild%2flinux-riscv64 set size:202512 disposed:false
3674 silly fetch manifest @esbuild/openharmony-arm64@0.28.2
3675 silly packumentCache full:https://registry.npmjs.org/@esbuild%2fopenharmony-arm64 cache-miss
3676 http cache https://registry.npmjs.org/@esbuild%2fopenbsd-arm64 60ms (cache hit)
3677 silly packumentCache full:https://registry.npmjs.org/@esbuild%2fopenbsd-arm64 set size:49642 disposed:false
3678 silly fetch manifest slash@^5.1.0
3679 silly packumentCache full:https://registry.npmjs.org/slash cache-miss
3680 http cache https://registry.npmjs.org/@esbuild%2flinux-mips64el 65ms (cache hit)
3681 silly packumentCache full:https://registry.npmjs.org/@esbuild%2flinux-mips64el set size:204633 disposed:false
3682 silly fetch manifest ignore@^7.0.5
3683 silly packumentCache full:https://registry.npmjs.org/ignore cache-miss
3684 http cache https://registry.npmjs.org/@esbuild%2fopenharmony-arm64 67ms (cache hit)
3685 silly packumentCache full:https://registry.npmjs.org/@esbuild%2fopenharmony-arm64 set size:33054 disposed:false
3686 silly fetch manifest fast-glob@^3.3.3
3687 silly packumentCache full:https://registry.npmjs.org/fast-glob cache-miss
3688 http cache https://registry.npmjs.org/fast-glob 28ms (cache hit)
3689 silly packumentCache full:https://registry.npmjs.org/fast-glob set size:220556 disposed:false
3690 silly fetch manifest micromatch@^4.0.8
3691 silly packumentCache full:https://registry.npmjs.org/micromatch cache-miss
3692 http cache https://registry.npmjs.org/micromatch 36ms (cache hit)
3693 silly packumentCache full:https://registry.npmjs.org/micromatch set size:240630 disposed:false
3694 silly fetch manifest unicorn-magic@^0.4.0
3695 silly packumentCache full:https://registry.npmjs.org/unicorn-magic cache-miss
3696 http fetch GET 200 https://registry.npmjs.org/slash 160ms (cache miss)
3697 silly packumentCache full:https://registry.npmjs.org/slash set size:undefined disposed:false
3698 silly fetch manifest is-path-inside@^4.0.0
3699 silly packumentCache full:https://registry.npmjs.org/is-path-inside cache-miss
3700 http fetch GET 200 https://registry.npmjs.org/ignore 237ms (cache miss)
3701 silly packumentCache full:https://registry.npmjs.org/ignore set size:undefined disposed:false
3702 silly fetch manifest @sindresorhus/merge-streams@^4.0.0
3703 silly packumentCache full:https://registry.npmjs.org/@sindresorhus%2fmerge-streams cache-miss
3704 http fetch GET 200 https://registry.npmjs.org/unicorn-magic 196ms (cache miss)
3705 silly packumentCache full:https://registry.npmjs.org/unicorn-magic set size:undefined disposed:false
3706 silly fetch manifest duplexer@^0.1.2
3707 silly packumentCache full:https://registry.npmjs.org/duplexer cache-miss
3708 http fetch GET 200 https://registry.npmjs.org/is-path-inside 214ms (cache miss)
3709 silly packumentCache full:https://registry.npmjs.org/is-path-inside set size:undefined disposed:false
3710 silly fetch manifest cookie-es@^1.2.3
3711 silly packumentCache full:https://registry.npmjs.org/cookie-es cache-hit
3712 silly fetch manifest denque@2.1.0
3713 silly packumentCache full:https://registry.npmjs.org/denque cache-miss
3714 http fetch GET 200 https://registry.npmjs.org/@sindresorhus%2fmerge-streams 397ms (cache miss)
3715 silly packumentCache full:https://registry.npmjs.org/@sindresorhus%2fmerge-streams set size:undefined disposed:false
3716 silly fetch manifest redis-errors@1.2.0
3717 silly packumentCache full:https://registry.npmjs.org/redis-errors cache-miss
3718 http fetch GET 200 https://registry.npmjs.org/duplexer 465ms (cache miss)
3719 silly packumentCache full:https://registry.npmjs.org/duplexer set size:undefined disposed:false
3720 silly fetch manifest redis-parser@3.0.0
3721 silly packumentCache full:https://registry.npmjs.org/redis-parser cache-miss
3722 http fetch GET 200 https://registry.npmjs.org/denque 440ms (cache miss)
3723 silly packumentCache full:https://registry.npmjs.org/denque set size:undefined disposed:false
3724 silly fetch manifest cluster-key-slot@1.1.1
3725 silly packumentCache full:https://registry.npmjs.org/cluster-key-slot cache-miss
3726 http fetch GET 200 https://registry.npmjs.org/redis-errors 266ms (cache miss)
3727 silly packumentCache full:https://registry.npmjs.org/redis-errors set size:undefined disposed:false
3728 silly fetch manifest @ioredis/commands@1.10.0
3729 silly packumentCache full:https://registry.npmjs.org/@ioredis%2fcommands cache-miss
3730 http fetch GET 200 https://registry.npmjs.org/cluster-key-slot 227ms (cache miss)
3731 silly packumentCache full:https://registry.npmjs.org/cluster-key-slot set size:undefined disposed:false
3732 silly fetch manifest standard-as-callback@2.1.0
3733 silly packumentCache full:https://registry.npmjs.org/standard-as-callback cache-miss
3734 http fetch GET 200 https://registry.npmjs.org/redis-parser 347ms (cache miss)
3735 silly packumentCache full:https://registry.npmjs.org/redis-parser set size:undefined disposed:false
3736 silly fetch manifest @parcel/watcher-wasm@^2.5.6
3737 silly packumentCache full:https://registry.npmjs.org/@parcel%2fwatcher-wasm cache-miss
3738 http fetch GET 200 https://registry.npmjs.org/standard-as-callback 159ms (cache miss)
3739 silly packumentCache full:https://registry.npmjs.org/standard-as-callback set size:undefined disposed:false
3740 silly fetch manifest get-port-please@^3.2.0
3741 silly packumentCache full:https://registry.npmjs.org/get-port-please cache-miss
3742 http cache https://registry.npmjs.org/get-port-please 13ms (cache hit)
3743 silly packumentCache full:https://registry.npmjs.org/get-port-please set size:58285 disposed:false
3744 silly fetch manifest http-shutdown@^1.2.2
3745 silly packumentCache full:https://registry.npmjs.org/http-shutdown cache-miss
3746 http fetch GET 200 https://registry.npmjs.org/@ioredis%2fcommands 411ms (cache miss)
3747 silly packumentCache full:https://registry.npmjs.org/@ioredis%2fcommands set size:undefined disposed:false
3748 silly fetch manifest node-forge@^1.4.0
3749 silly packumentCache full:https://registry.npmjs.org/node-forge cache-miss
3750 http fetch GET 200 https://registry.npmjs.org/http-shutdown 215ms (cache miss)
3751 silly packumentCache full:https://registry.npmjs.org/http-shutdown set size:undefined disposed:false
3752 silly fetch manifest std-env@^4.2.0
3753 silly packumentCache full:https://registry.npmjs.org/std-env cache-miss
3754 http cache https://registry.npmjs.org/std-env 10ms (cache hit)
3755 silly packumentCache full:https://registry.npmjs.org/std-env set size:90491 disposed:false
3756 silly fetch manifest tinyclip@^0.1.15
3757 silly packumentCache full:https://registry.npmjs.org/tinyclip cache-miss
3758 http fetch GET 200 https://registry.npmjs.org/@parcel%2fwatcher-wasm 498ms (cache miss)
3759 silly packumentCache full:https://registry.npmjs.org/@parcel%2fwatcher-wasm set size:undefined disposed:false
3760 silly fetch manifest untun@^0.2.2
3761 silly packumentCache full:https://registry.npmjs.org/untun cache-miss
3762 http fetch GET 200 https://registry.npmjs.org/tinyclip 215ms (cache miss)
3763 silly packumentCache full:https://registry.npmjs.org/tinyclip set size:undefined disposed:false
3764 silly fetch manifest uqr@^0.1.3
3765 silly packumentCache full:https://registry.npmjs.org/uqr cache-miss
3766 http fetch GET 200 https://registry.npmjs.org/node-forge 328ms (cache miss)
3767 silly packumentCache full:https://registry.npmjs.org/node-forge set size:undefined disposed:false
3768 silly fetch manifest acorn@^8.16.0
3769 silly packumentCache full:https://registry.npmjs.org/acorn cache-miss
3770 http cache https://registry.npmjs.org/acorn 15ms (cache hit)
3771 silly packumentCache full:https://registry.npmjs.org/acorn set size:383439 disposed:false
3772 silly fetch manifest pkg-types@^1.3.1
3773 silly packumentCache full:https://registry.npmjs.org/pkg-types cache-hit
3774 silly fetch manifest @types/estree@1.0.9
3775 silly packumentCache full:https://registry.npmjs.org/@types%2festree cache-miss
3776 http fetch GET 200 https://registry.npmjs.org/uqr 182ms (cache miss)
3777 silly packumentCache full:https://registry.npmjs.org/uqr set size:undefined disposed:false
3778 silly fetch manifest fsevents@~2.3.2
3779 silly packumentCache full:https://registry.npmjs.org/fsevents cache-miss
3780 http fetch GET 200 https://registry.npmjs.org/untun 193ms (cache miss)
3781 silly packumentCache full:https://registry.npmjs.org/untun set size:undefined disposed:false
3782 silly fetch manifest @rollup/rollup-darwin-x64@4.63.1
3783 silly packumentCache full:https://registry.npmjs.org/@rollup%2frollup-darwin-x64 cache-miss
3784 http cache https://registry.npmjs.org/fsevents 27ms (cache hit)
3785 silly packumentCache full:https://registry.npmjs.org/fsevents set size:182472 disposed:false
3786 silly fetch manifest @rollup/rollup-freebsd-x64@4.63.1
3787 silly packumentCache full:https://registry.npmjs.org/@rollup%2frollup-freebsd-x64 cache-miss
3788 http fetch GET 200 https://registry.npmjs.org/@types%2festree 274ms (cache miss)
3789 silly packumentCache full:https://registry.npmjs.org/@types%2festree set size:undefined disposed:false
3790 silly fetch manifest @rollup/rollup-openbsd-x64@4.63.1
3791 silly packumentCache full:https://registry.npmjs.org/@rollup%2frollup-openbsd-x64 cache-miss
3792 http fetch GET 200 https://registry.npmjs.org/@rollup%2frollup-darwin-x64 178ms (cache miss)
3793 silly packumentCache full:https://registry.npmjs.org/@rollup%2frollup-darwin-x64 set size:undefined disposed:false
3794 silly fetch manifest @napi-rs/lzma-linux-x64-gnu@1.5.1
3795 silly packumentCache full:https://registry.npmjs.org/@napi-rs%2flzma-linux-x64-gnu cache-miss
3796 http fetch GET 200 https://registry.npmjs.org/@rollup%2frollup-freebsd-x64 244ms (cache miss)
3797 silly packumentCache full:https://registry.npmjs.org/@rollup%2frollup-freebsd-x64 set size:undefined disposed:false
3798 silly fetch manifest @rollup/rollup-darwin-arm64@4.63.1
3799 silly packumentCache full:https://registry.npmjs.org/@rollup%2frollup-darwin-arm64 cache-miss
3800 http fetch GET 200 https://registry.npmjs.org/@napi-rs%2flzma-linux-x64-gnu 169ms (cache miss)
3801 silly packumentCache full:https://registry.npmjs.org/@napi-rs%2flzma-linux-x64-gnu set size:undefined disposed:false
3802 silly fetch manifest @rollup/rollup-android-arm64@4.63.1
3803 silly packumentCache full:https://registry.npmjs.org/@rollup%2frollup-android-arm64 cache-miss
3804 http fetch GET 200 https://registry.npmjs.org/@rollup%2frollup-darwin-arm64 200ms (cache miss)
3805 silly packumentCache full:https://registry.npmjs.org/@rollup%2frollup-darwin-arm64 set size:undefined disposed:false
3806 silly fetch manifest @rollup/rollup-freebsd-arm64@4.63.1
3807 silly packumentCache full:https://registry.npmjs.org/@rollup%2frollup-freebsd-arm64 cache-miss
3808 http fetch GET 200 https://registry.npmjs.org/@rollup%2frollup-openbsd-x64 384ms (cache miss)
3809 silly packumentCache full:https://registry.npmjs.org/@rollup%2frollup-openbsd-x64 set size:undefined disposed:false
3810 silly fetch manifest @rollup/rollup-linux-x64-gnu@4.63.1
3811 silly packumentCache full:https://registry.npmjs.org/@rollup%2frollup-linux-x64-gnu cache-miss
3812 http fetch GET 200 https://registry.npmjs.org/@rollup%2frollup-android-arm64 189ms (cache miss)
3813 silly packumentCache full:https://registry.npmjs.org/@rollup%2frollup-android-arm64 set size:undefined disposed:false
3814 silly fetch manifest @rollup/rollup-win32-x64-gnu@4.63.1
3815 silly packumentCache full:https://registry.npmjs.org/@rollup%2frollup-win32-x64-gnu cache-miss
3816 http fetch GET 200 https://registry.npmjs.org/@rollup%2frollup-win32-x64-gnu 219ms (cache miss)
3817 silly packumentCache full:https://registry.npmjs.org/@rollup%2frollup-win32-x64-gnu set size:undefined disposed:false
3818 silly fetch manifest @rollup/rollup-linux-x64-musl@4.63.1
3819 silly packumentCache full:https://registry.npmjs.org/@rollup%2frollup-linux-x64-musl cache-miss
3820 http fetch GET 200 https://registry.npmjs.org/@rollup%2frollup-freebsd-arm64 314ms (cache miss)
3821 silly packumentCache full:https://registry.npmjs.org/@rollup%2frollup-freebsd-arm64 set size:undefined disposed:false
3822 silly fetch manifest @rollup/rollup-win32-x64-msvc@4.63.1
3823 silly packumentCache full:https://registry.npmjs.org/@rollup%2frollup-win32-x64-msvc cache-miss
3824 http fetch GET 200 https://registry.npmjs.org/@rollup%2frollup-linux-x64-gnu 358ms (cache miss)
3825 silly packumentCache full:https://registry.npmjs.org/@rollup%2frollup-linux-x64-gnu set size:undefined disposed:false
3826 silly fetch manifest @rollup/rollup-linux-arm64-gnu@4.63.1
3827 silly packumentCache full:https://registry.npmjs.org/@rollup%2frollup-linux-arm64-gnu cache-miss
3828 http fetch GET 200 https://registry.npmjs.org/@rollup%2frollup-linux-x64-musl 224ms (cache miss)
3829 silly packumentCache full:https://registry.npmjs.org/@rollup%2frollup-linux-x64-musl set size:undefined disposed:false
3830 silly fetch manifest @rollup/rollup-linux-ppc64-gnu@4.63.1
3831 silly packumentCache full:https://registry.npmjs.org/@rollup%2frollup-linux-ppc64-gnu cache-miss
3832 http fetch GET 200 https://registry.npmjs.org/@rollup%2frollup-win32-x64-msvc 340ms (cache miss)
3833 silly packumentCache full:https://registry.npmjs.org/@rollup%2frollup-win32-x64-msvc set size:undefined disposed:false
3834 silly fetch manifest @rollup/rollup-linux-s390x-gnu@4.63.1
3835 silly packumentCache full:https://registry.npmjs.org/@rollup%2frollup-linux-s390x-gnu cache-miss
3836 http fetch GET 200 https://registry.npmjs.org/@rollup%2frollup-linux-arm64-gnu 402ms (cache miss)
3837 silly packumentCache full:https://registry.npmjs.org/@rollup%2frollup-linux-arm64-gnu set size:undefined disposed:false
3838 silly fetch manifest @rollup/rollup-win32-ia32-msvc@4.63.1
3839 silly packumentCache full:https://registry.npmjs.org/@rollup%2frollup-win32-ia32-msvc cache-miss
3840 http fetch GET 200 https://registry.npmjs.org/@rollup%2frollup-linux-ppc64-gnu 384ms (cache miss)
3841 silly packumentCache full:https://registry.npmjs.org/@rollup%2frollup-linux-ppc64-gnu set size:undefined disposed:false
3842 silly fetch manifest @rollup/rollup-android-arm-eabi@4.63.1
3843 silly packumentCache full:https://registry.npmjs.org/@rollup%2frollup-android-arm-eabi cache-miss
3844 http fetch GET 200 https://registry.npmjs.org/@rollup%2frollup-linux-s390x-gnu 346ms (cache miss)
3845 silly packumentCache full:https://registry.npmjs.org/@rollup%2frollup-linux-s390x-gnu set size:undefined disposed:false
3846 silly fetch manifest @rollup/rollup-linux-arm64-musl@4.63.1
3847 silly packumentCache full:https://registry.npmjs.org/@rollup%2frollup-linux-arm64-musl cache-miss
3848 http fetch GET 200 https://registry.npmjs.org/@rollup%2frollup-win32-ia32-msvc 238ms (cache miss)
3849 silly packumentCache full:https://registry.npmjs.org/@rollup%2frollup-win32-ia32-msvc set size:undefined disposed:false
3850 silly fetch manifest @rollup/rollup-linux-ppc64-musl@4.63.1
3851 silly packumentCache full:https://registry.npmjs.org/@rollup%2frollup-linux-ppc64-musl cache-miss
3852 http fetch GET 200 https://registry.npmjs.org/@rollup%2frollup-linux-ppc64-musl 205ms (cache miss)
3853 silly packumentCache full:https://registry.npmjs.org/@rollup%2frollup-linux-ppc64-musl set size:undefined disposed:false
3854 silly fetch manifest @rollup/rollup-win32-arm64-msvc@4.63.1
3855 silly packumentCache full:https://registry.npmjs.org/@rollup%2frollup-win32-arm64-msvc cache-miss
3856 http fetch GET 200 https://registry.npmjs.org/@rollup%2frollup-linux-arm64-musl 348ms (cache miss)
3857 silly packumentCache full:https://registry.npmjs.org/@rollup%2frollup-linux-arm64-musl set size:undefined disposed:false
3858 silly fetch manifest @rollup/rollup-linux-loong64-gnu@4.63.1
3859 silly packumentCache full:https://registry.npmjs.org/@rollup%2frollup-linux-loong64-gnu cache-miss
3860 http fetch GET 200 https://registry.npmjs.org/@rollup%2frollup-linux-loong64-gnu 368ms (cache miss)
3861 silly packumentCache full:https://registry.npmjs.org/@rollup%2frollup-linux-loong64-gnu set size:undefined disposed:false
3862 silly fetch manifest @rollup/rollup-linux-riscv64-gnu@4.63.1
3863 silly packumentCache full:https://registry.npmjs.org/@rollup%2frollup-linux-riscv64-gnu cache-miss
3864 http fetch GET 200 https://registry.npmjs.org/@rollup%2frollup-win32-arm64-msvc 493ms (cache miss)
3865 silly packumentCache full:https://registry.npmjs.org/@rollup%2frollup-win32-arm64-msvc set size:undefined disposed:false
3866 silly fetch manifest @rollup/rollup-openharmony-arm64@4.63.1
3867 silly packumentCache full:https://registry.npmjs.org/@rollup%2frollup-openharmony-arm64 cache-miss
3868 http fetch GET 200 https://registry.npmjs.org/@rollup%2frollup-android-arm-eabi 969ms (cache miss)
3869 silly packumentCache full:https://registry.npmjs.org/@rollup%2frollup-android-arm-eabi set size:undefined disposed:false
3870 silly fetch manifest @rollup/rollup-linux-loong64-musl@4.63.1
3871 silly packumentCache full:https://registry.npmjs.org/@rollup%2frollup-linux-loong64-musl cache-miss
3872 http fetch GET 200 https://registry.npmjs.org/@rollup%2frollup-linux-riscv64-gnu 215ms (cache miss)
3873 silly packumentCache full:https://registry.npmjs.org/@rollup%2frollup-linux-riscv64-gnu set size:undefined disposed:false
3874 silly fetch manifest @rollup/rollup-linux-riscv64-musl@4.63.1
3875 silly packumentCache full:https://registry.npmjs.org/@rollup%2frollup-linux-riscv64-musl cache-miss
3876 http fetch GET 200 https://registry.npmjs.org/@rollup%2frollup-openharmony-arm64 181ms (cache miss)
3877 silly packumentCache full:https://registry.npmjs.org/@rollup%2frollup-openharmony-arm64 set size:undefined disposed:false
3878 silly fetch manifest @rollup/rollup-linux-arm-gnueabihf@4.63.1
3879 silly packumentCache full:https://registry.npmjs.org/@rollup%2frollup-linux-arm-gnueabihf cache-miss
3880 http fetch GET 200 https://registry.npmjs.org/@rollup%2frollup-linux-loong64-musl 176ms (cache miss)
3881 silly packumentCache full:https://registry.npmjs.org/@rollup%2frollup-linux-loong64-musl set size:undefined disposed:false
3882 silly fetch manifest @rollup/rollup-linux-arm-musleabihf@4.63.1
3883 silly packumentCache full:https://registry.npmjs.org/@rollup%2frollup-linux-arm-musleabihf cache-miss
3884 http fetch GET 200 https://registry.npmjs.org/@rollup%2frollup-linux-riscv64-musl 168ms (cache miss)
3885 silly packumentCache full:https://registry.npmjs.org/@rollup%2frollup-linux-riscv64-musl set size:undefined disposed:false
3886 silly fetch manifest open@^11.0.0
3887 silly packumentCache full:https://registry.npmjs.org/open cache-miss
3888 http fetch GET 200 https://registry.npmjs.org/@rollup%2frollup-linux-arm-musleabihf 207ms (cache miss)
3889 silly packumentCache full:https://registry.npmjs.org/@rollup%2frollup-linux-arm-musleabihf set size:undefined disposed:false
3890 silly fetch manifest yargs@^18.1.0
3891 silly packumentCache full:https://registry.npmjs.org/yargs cache-miss
3892 http fetch GET 200 https://registry.npmjs.org/@rollup%2frollup-linux-arm-gnueabihf 274ms (cache miss)
3893 silly packumentCache full:https://registry.npmjs.org/@rollup%2frollup-linux-arm-gnueabihf set size:undefined disposed:false
3894 silly fetch manifest picomatch@^4.0.5
3895 silly packumentCache full:https://registry.npmjs.org/picomatch cache-hit
3896 silly fetch manifest source-map@^0.8.0
3897 silly packumentCache full:https://registry.npmjs.org/source-map cache-hit
3898 silly fetch manifest send@^1.2.0
3899 silly packumentCache full:https://registry.npmjs.org/send cache-miss
3900 http cache https://registry.npmjs.org/send 31ms (cache hit)
3901 silly packumentCache full:https://registry.npmjs.org/send set size:152810 disposed:false
3902 silly fetch manifest acorn@^8.15.0
3903 silly packumentCache full:https://registry.npmjs.org/acorn cache-hit
3904 silly fetch manifest unplugin@^2.3.11
3905 silly packumentCache full:https://registry.npmjs.org/unplugin cache-hit
3906 silly fetch manifest estree-walker@^3.0.3
3907 silly packumentCache full:https://registry.npmjs.org/estree-walker cache-hit
3908 silly fetch manifest acorn@^8.18.0
3909 silly packumentCache full:https://registry.npmjs.org/acorn cache-hit
3910 silly fetch manifest unplugin@^3.3.0
3911 silly packumentCache full:https://registry.npmjs.org/unplugin cache-hit
3912 silly fetch manifest local-pkg@^1.2.1
3913 silly packumentCache full:https://registry.npmjs.org/local-pkg cache-miss
3914 http fetch GET 200 https://registry.npmjs.org/open 246ms (cache miss)
3915 silly packumentCache full:https://registry.npmjs.org/open set size:undefined disposed:false
3916 silly fetch manifest magic-string@^1.1.0
3917 silly packumentCache full:https://registry.npmjs.org/magic-string cache-miss
3918 http cache https://registry.npmjs.org/magic-string 22ms (cache hit)
3919 silly packumentCache full:https://registry.npmjs.org/magic-string set size:352504 disposed:false
3920 silly fetch manifest strip-literal@^4.0.0
3921 silly packumentCache full:https://registry.npmjs.org/strip-literal cache-miss
3922 http fetch GET 200 https://registry.npmjs.org/strip-literal 1141ms (cache miss)
3923 silly packumentCache full:https://registry.npmjs.org/strip-literal set size:undefined disposed:false
3924 silly fetch manifest unplugin-utils@^0.3.2
3925 silly packumentCache full:https://registry.npmjs.org/unplugin-utils cache-miss
3926 http fetch GET 200 https://registry.npmjs.org/local-pkg 1285ms (cache miss)
3927 silly packumentCache full:https://registry.npmjs.org/local-pkg set size:undefined disposed:false
3928 silly fetch manifest anymatch@^3.1.3
3929 silly packumentCache full:https://registry.npmjs.org/anymatch cache-miss
3930 http cache https://registry.npmjs.org/unplugin-utils 162ms (cache hit)
3931 silly packumentCache full:https://registry.npmjs.org/unplugin-utils set size:26075 disposed:false
3932 silly fetch manifest lru-cache@^11.2.7
3933 silly packumentCache full:https://registry.npmjs.org/lru-cache cache-miss
3934 http fetch GET 200 https://registry.npmjs.org/yargs 1582ms (cache miss)
3935 silly packumentCache full:https://registry.npmjs.org/yargs set size:undefined disposed:false
3936 silly fetch manifest citty@^0.1.6
3937 silly packumentCache full:https://registry.npmjs.org/citty cache-hit
3938 silly fetch manifest @poppinss/colors@^4.1.6
3939 silly packumentCache full:https://registry.npmjs.org/@poppinss%2fcolors cache-miss
3940 http fetch GET 200 https://registry.npmjs.org/anymatch 266ms (cache miss)
3941 silly packumentCache full:https://registry.npmjs.org/anymatch set size:undefined disposed:false
3942 silly fetch manifest @poppinss/dumper@^0.7.0
3943 silly packumentCache full:https://registry.npmjs.org/@poppinss%2fdumper cache-miss
3944 http cache https://registry.npmjs.org/lru-cache 121ms (cache hit)
3945 silly packumentCache full:https://registry.npmjs.org/lru-cache set size:460407 disposed:false
3946 silly fetch manifest @speed-highlight/core@^1.2.14
3947 silly packumentCache full:https://registry.npmjs.org/@speed-highlight%2fcore cache-miss
3948 http fetch GET 200 https://registry.npmjs.org/@poppinss%2fdumper 176ms (cache miss)
3949 silly packumentCache full:https://registry.npmjs.org/@poppinss%2fdumper set size:undefined disposed:false
3950 silly fetch manifest cookie-es@^3.0.1
3951 silly packumentCache full:https://registry.npmjs.org/cookie-es cache-hit
3952 silly fetch manifest @poppinss/exception@^1.2.2
3953 silly packumentCache full:https://registry.npmjs.org/@poppinss%2fexception cache-miss
3954 http fetch GET 200 https://registry.npmjs.org/@poppinss%2fcolors 223ms (cache miss)
3955 silly packumentCache full:https://registry.npmjs.org/@poppinss%2fcolors set size:undefined disposed:false
3956 silly fetch manifest error-stack-parser-es@^1.0.5
3957 silly packumentCache full:https://registry.npmjs.org/error-stack-parser-es cache-miss
3958 http fetch GET 200 https://registry.npmjs.org/@speed-highlight%2fcore 264ms (cache miss)
3959 silly packumentCache full:https://registry.npmjs.org/@speed-highlight%2fcore set size:undefined disposed:false
3960 http fetch GET 200 https://registry.npmjs.org/@poppinss%2fexception 179ms (cache miss)
3961 silly packumentCache full:https://registry.npmjs.org/@poppinss%2fexception set size:undefined disposed:false
3962 http fetch GET 200 https://registry.npmjs.org/error-stack-parser-es 209ms (cache miss)
3963 silly packumentCache full:https://registry.npmjs.org/error-stack-parser-es set size:undefined disposed:false
3964 silly fetch manifest rollup@^2.68.0||^3.0.0||^4.0.0
3965 silly packumentCache full:https://registry.npmjs.org/rollup cache-miss
3966 http cache https://registry.npmjs.org/rollup 46ms (cache hit)
3967 silly packumentCache full:https://registry.npmjs.org/rollup set size:6315915 disposed:false
3968 silly placeDep ROOT @rollup/pluginutils@5.4.0 OK for: @rollup/plugin-commonjs@29.0.3 want: ^5.0.1
3969 silly placeDep ROOT commondir@1.0.1 OK for: @rollup/plugin-commonjs@29.0.3 want: ^1.0.1
3970 silly placeDep ROOT estree-walker@2.0.2 OK for: @rollup/plugin-commonjs@29.0.3 want: ^2.0.2
3971 silly placeDep ROOT fdir@6.5.0 OK for: @rollup/plugin-commonjs@29.0.3 want: ^6.2.0
3972 silly placeDep ROOT is-reference@1.2.1 OK for: @rollup/plugin-commonjs@29.0.3 want: 1.2.1
3973 silly placeDep ROOT picomatch@4.0.7 OK for: @rollup/plugin-commonjs@29.0.3 want: ^4.0.2
3974 silly fetch manifest @types/estree@^1.0.0
3975 silly packumentCache full:https://registry.npmjs.org/@types%2festree cache-miss
3976 silly fetch manifest @types/estree@*
3977 silly packumentCache full:https://registry.npmjs.org/@types%2festree cache-miss
3978 http cache https://registry.npmjs.org/@types%2festree 353ms (cache hit)
3979 silly packumentCache full:https://registry.npmjs.org/@types%2festree set size:76072 disposed:false
3980 http cache https://registry.npmjs.org/@types%2festree 354ms (cache hit)
3981 silly packumentCache full:https://registry.npmjs.org/@types%2festree set size:76072 disposed:false
3982 silly packumentCache full:https://registry.npmjs.org/@types%2festree dispose
3983 silly placeDep ROOT @types/resolve@1.20.2 OK for: @rollup/plugin-node-resolve@16.0.3 want: 1.20.2
3984 silly placeDep ROOT deepmerge@4.3.1 OK for: @rollup/plugin-node-resolve@16.0.3 want: ^4.2.2
3985 silly placeDep ROOT is-module@1.0.0 OK for: @rollup/plugin-node-resolve@16.0.3 want: ^1.0.0
3986 silly placeDep ROOT resolve@1.22.12 OK for: @rollup/plugin-node-resolve@16.0.3 want: ^1.22.1
3987 silly fetch manifest path-parse@^1.0.7
3988 silly packumentCache full:https://registry.npmjs.org/path-parse cache-miss
3989 silly fetch manifest is-core-module@^2.16.1
3990 silly packumentCache full:https://registry.npmjs.org/is-core-module cache-miss
3991 silly fetch manifest supports-preserve-symlinks-flag@^1.0.0
3992 silly packumentCache full:https://registry.npmjs.org/supports-preserve-symlinks-flag cache-miss
3993 http fetch GET 200 https://registry.npmjs.org/path-parse 184ms (cache miss)
3994 silly packumentCache full:https://registry.npmjs.org/path-parse set size:undefined disposed:false
3995 http fetch GET 200 https://registry.npmjs.org/supports-preserve-symlinks-flag 197ms (cache miss)
3996 silly packumentCache full:https://registry.npmjs.org/supports-preserve-symlinks-flag set size:undefined disposed:false
3997 http fetch GET 200 https://registry.npmjs.org/is-core-module 207ms (cache miss)
3998 silly packumentCache full:https://registry.npmjs.org/is-core-module set size:undefined disposed:false
3999 silly placeDep ROOT serialize-javascript@7.1.1 OK for: @rollup/plugin-terser@1.0.0 want: ^7.0.3
4000 silly placeDep ROOT smob@1.6.2 OK for: @rollup/plugin-terser@1.0.0 want: ^1.0.0
4001 silly placeDep ROOT terser@5.51.2 OK for: @rollup/plugin-terser@1.0.0 want: ^5.17.4
4002 silly fetch manifest commander@^2.20.0
4003 silly packumentCache full:https://registry.npmjs.org/commander cache-miss
4004 silly fetch manifest source-map-support@~0.5.20
4005 silly packumentCache full:https://registry.npmjs.org/source-map-support cache-miss
4006 silly fetch manifest @jridgewell/source-map@^0.3.3
4007 silly packumentCache full:https://registry.npmjs.org/@jridgewell%2fsource-map cache-miss
4008 http fetch GET 200 https://registry.npmjs.org/@jridgewell%2fsource-map 320ms (cache miss)
4009 silly packumentCache full:https://registry.npmjs.org/@jridgewell%2fsource-map set size:undefined disposed:false
4010 http fetch GET 200 https://registry.npmjs.org/source-map-support 347ms (cache miss)
4011 silly packumentCache full:https://registry.npmjs.org/source-map-support set size:undefined disposed:false
4012 http fetch GET 200 https://registry.npmjs.org/commander 421ms (cache miss)
4013 silly packumentCache full:https://registry.npmjs.org/commander set size:undefined disposed:false
4014 silly placeDep ROOT @types/estree@1.0.9 OK for: @rollup/pluginutils@5.4.0 want: ^1.0.0
4015 silly placeDep ROOT @mapbox/node-pre-gyp@2.0.3 OK for: @vercel/nft@1.11.0 want: ^2.0.0
4016 silly placeDep ROOT acorn@8.18.0 OK for: @vercel/nft@1.11.0 want: ^8.6.0
4017 silly placeDep ROOT acorn-import-attributes@1.9.5 OK for: @vercel/nft@1.11.0 want: ^1.9.5
4018 silly placeDep ROOT async-sema@3.1.1 OK for: @vercel/nft@1.11.0 want: ^3.1.1
4019 silly placeDep ROOT bindings@1.5.0 OK for: @vercel/nft@1.11.0 want: ^1.4.0
4020 silly placeDep ROOT glob@13.0.6 OK for: @vercel/nft@1.11.0 want: ^13.0.0
4021 silly placeDep ROOT node-gyp-build@4.8.4 OK for: @vercel/nft@1.11.0 want: ^4.2.2
4022 silly placeDep ROOT resolve-from@5.0.0 OK for: @vercel/nft@1.11.0 want: ^5.0.0
4023 silly fetch manifest tar@^7.4.0
4024 silly packumentCache full:https://registry.npmjs.org/tar cache-miss
4025 silly fetch manifest nopt@^8.0.0
4026 silly packumentCache full:https://registry.npmjs.org/nopt cache-miss
4027 silly fetch manifest semver@^7.5.3
4028 silly packumentCache full:https://registry.npmjs.org/semver cache-hit
4029 silly fetch manifest node-fetch@^2.6.7
4030 silly packumentCache full:https://registry.npmjs.org/node-fetch cache-miss
4031 http cache https://registry.npmjs.org/node-fetch 85ms (cache hit)
4032 silly packumentCache full:https://registry.npmjs.org/node-fetch set size:896010 disposed:false
4033 silly fetch manifest https-proxy-agent@^7.0.5
4034 silly packumentCache full:https://registry.npmjs.org/https-proxy-agent cache-hit
4035 silly fetch manifest file-uri-to-path@1.0.0
4036 silly packumentCache full:https://registry.npmjs.org/file-uri-to-path cache-miss
4037 http fetch GET 200 https://registry.npmjs.org/tar 377ms (cache miss)
4038 silly packumentCache full:https://registry.npmjs.org/tar set size:undefined disposed:false
4039 silly fetch manifest minimatch@^10.2.2
4040 silly packumentCache full:https://registry.npmjs.org/minimatch cache-miss
4041 http fetch GET 200 https://registry.npmjs.org/file-uri-to-path 363ms (cache miss)
4042 silly packumentCache full:https://registry.npmjs.org/file-uri-to-path set size:undefined disposed:false
4043 silly fetch manifest minipass@^7.1.3
4044 silly packumentCache full:https://registry.npmjs.org/minipass cache-miss
4045 http fetch GET 200 https://registry.npmjs.org/nopt 1341ms (cache miss)
4046 silly packumentCache full:https://registry.npmjs.org/nopt set size:undefined disposed:false
4047 silly fetch manifest path-scurry@^2.0.2
4048 silly packumentCache full:https://registry.npmjs.org/path-scurry cache-miss
4049 http fetch GET 200 https://registry.npmjs.org/minimatch 3060ms (cache miss)
4050 silly packumentCache full:https://registry.npmjs.org/minimatch set size:undefined disposed:false
4051 http fetch GET 200 https://registry.npmjs.org/minipass 3088ms (cache miss)
4052 silly packumentCache full:https://registry.npmjs.org/minipass set size:undefined disposed:false
4053 http fetch GET 200 https://registry.npmjs.org/path-scurry 3360ms (cache miss)
4054 silly packumentCache full:https://registry.npmjs.org/path-scurry set size:undefined disposed:false
4055 silly fetch manifest encoding@^0.1.0
4056 silly packumentCache full:https://registry.npmjs.org/encoding cache-miss
4057 http fetch GET 200 https://registry.npmjs.org/encoding 374ms (cache miss)
4058 silly packumentCache full:https://registry.npmjs.org/encoding set size:undefined disposed:false
4059 silly placeDep node_modules/@mapbox/node-pre-gyp https-proxy-agent@7.0.6 OK for: @mapbox/node-pre-gyp@2.0.3 want: ^7.0.5
4060 silly placeDep node_modules/@mapbox/node-pre-gyp node-fetch@2.7.0 OK for: @mapbox/node-pre-gyp@2.0.3 want: ^2.6.7
4061 silly placeDep ROOT nopt@8.1.0 OK for: @mapbox/node-pre-gyp@2.0.3 want: ^8.0.0
4062 silly placeDep node_modules/@mapbox/node-pre-gyp semver@7.8.5 OK for: @mapbox/node-pre-gyp@2.0.3 want: ^7.5.3
4063 silly placeDep ROOT tar@7.5.22 OK for: @mapbox/node-pre-gyp@2.0.3 want: ^7.4.0
4064 silly fetch manifest whatwg-url@^5.0.0
4065 silly packumentCache full:https://registry.npmjs.org/whatwg-url cache-miss
4066 silly fetch manifest abbrev@^3.0.0
4067 silly packumentCache full:https://registry.npmjs.org/abbrev cache-miss
4068 silly fetch manifest chownr@^3.0.0
4069 silly packumentCache full:https://registry.npmjs.org/chownr cache-miss
4070 http fetch GET 200 https://registry.npmjs.org/whatwg-url 193ms (cache miss)
4071 silly packumentCache full:https://registry.npmjs.org/whatwg-url set size:undefined disposed:false
4072 silly fetch manifest yallist@^5.0.0
4073 silly packumentCache full:https://registry.npmjs.org/yallist cache-miss
4074 http fetch GET 200 https://registry.npmjs.org/abbrev 219ms (cache miss)
4075 silly packumentCache full:https://registry.npmjs.org/abbrev set size:undefined disposed:false
4076 silly fetch manifest minipass@^7.1.2
4077 silly packumentCache full:https://registry.npmjs.org/minipass cache-miss
4078 http fetch GET 200 https://registry.npmjs.org/chownr 234ms (cache miss)
4079 silly packumentCache full:https://registry.npmjs.org/chownr set size:undefined disposed:false
4080 silly fetch manifest minizlib@^3.1.0
4081 silly packumentCache full:https://registry.npmjs.org/minizlib cache-miss
4082 http cache https://registry.npmjs.org/yallist 247ms (cache hit)
4083 silly packumentCache full:https://registry.npmjs.org/yallist set size:34610 disposed:false
4084 silly fetch manifest @isaacs/fs-minipass@^4.0.0
4085 silly packumentCache full:https://registry.npmjs.org/@isaacs%2ffs-minipass cache-miss
4086 http cache https://registry.npmjs.org/minipass 232ms (cache hit)
4087 silly packumentCache full:https://registry.npmjs.org/minipass set size:276925 disposed:false
4088 http fetch GET 200 https://registry.npmjs.org/minizlib 289ms (cache miss)
4089 silly packumentCache full:https://registry.npmjs.org/minizlib set size:undefined disposed:false
4090 http fetch GET 200 https://registry.npmjs.org/@isaacs%2ffs-minipass 347ms (cache miss)
4091 silly packumentCache full:https://registry.npmjs.org/@isaacs%2ffs-minipass set size:undefined disposed:false
4092 silly placeDep ROOT archiver-utils@5.0.2 OK for: archiver@7.0.1 want: ^5.0.2
4093 silly placeDep ROOT async@3.2.6 OK for: archiver@7.0.1 want: ^3.2.4
4094 silly placeDep ROOT buffer-crc32@1.0.0 OK for: archiver@7.0.1 want: ^1.0.0
4095 silly placeDep ROOT readable-stream@4.7.0 OK for: archiver@7.0.1 want: ^4.0.0
4096 silly placeDep ROOT readdir-glob@1.1.3 OK for: archiver@7.0.1 want: ^1.1.2
4097 silly placeDep ROOT tar-stream@3.2.1 OK for: archiver@7.0.1 want: ^3.0.0
4098 silly placeDep ROOT zip-stream@6.0.1 OK for: archiver@7.0.1 want: ^6.0.1
4099 silly fetch manifest glob@^10.0.0
4100 silly packumentCache full:https://registry.npmjs.org/glob cache-miss
4101 silly fetch manifest is-stream@^2.0.1
4102 silly packumentCache full:https://registry.npmjs.org/is-stream cache-miss
4103 silly fetch manifest lazystream@^1.0.0
4104 silly packumentCache full:https://registry.npmjs.org/lazystream cache-miss
4105 http cache https://registry.npmjs.org/glob 389ms (cache hit)
4106 silly packumentCache full:https://registry.npmjs.org/glob set size:469465 disposed:false
4107 silly fetch manifest lodash@^4.17.15
4108 silly packumentCache full:https://registry.npmjs.org/lodash cache-miss
4109 http fetch GET 200 https://registry.npmjs.org/is-stream 456ms (cache miss)
4110 silly packumentCache full:https://registry.npmjs.org/is-stream set size:undefined disposed:false
4111 silly fetch manifest normalize-path@^3.0.0
4112 silly packumentCache full:https://registry.npmjs.org/normalize-path cache-miss
4113 http fetch GET 200 https://registry.npmjs.org/lazystream 486ms (cache miss)
4114 silly packumentCache full:https://registry.npmjs.org/lazystream set size:undefined disposed:false
4115 silly fetch manifest abort-controller@^3.0.0
4116 silly packumentCache full:https://registry.npmjs.org/abort-controller cache-miss
4117 http fetch GET 200 https://registry.npmjs.org/normalize-path 851ms (cache miss)
4118 silly packumentCache full:https://registry.npmjs.org/normalize-path set size:undefined disposed:false
4119 silly fetch manifest buffer@^6.0.3
4120 silly packumentCache full:https://registry.npmjs.org/buffer cache-miss
4121 http fetch GET 200 https://registry.npmjs.org/abort-controller 851ms (cache miss)
4122 silly packumentCache full:https://registry.npmjs.org/abort-controller set size:undefined disposed:false
4123 silly fetch manifest events@^3.3.0
4124 silly packumentCache full:https://registry.npmjs.org/events cache-miss
4125 http fetch GET 200 https://registry.npmjs.org/lodash 1082ms (cache miss)
4126 silly packumentCache full:https://registry.npmjs.org/lodash set size:undefined disposed:false
4127 silly fetch manifest process@^0.11.10
4128 silly packumentCache full:https://registry.npmjs.org/process cache-miss
4129 http fetch GET 200 https://registry.npmjs.org/events 178ms (cache miss)
4130 silly packumentCache full:https://registry.npmjs.org/events set size:undefined disposed:false
4131 silly fetch manifest string_decoder@^1.3.0
4132 silly packumentCache full:https://registry.npmjs.org/string_decoder cache-miss
4133 http fetch GET 200 https://registry.npmjs.org/buffer 201ms (cache miss)
4134 silly packumentCache full:https://registry.npmjs.org/buffer set size:undefined disposed:false
4135 silly fetch manifest minimatch@^5.1.0
4136 silly packumentCache full:https://registry.npmjs.org/minimatch cache-miss
4137 http cache https://registry.npmjs.org/minimatch 18ms (cache hit)
4138 silly packumentCache full:https://registry.npmjs.org/minimatch set size:377924 disposed:false
4139 silly fetch manifest b4a@^1.6.4
4140 silly packumentCache full:https://registry.npmjs.org/b4a cache-miss
4141 http fetch GET 200 https://registry.npmjs.org/string_decoder 170ms (cache miss)
4142 silly packumentCache full:https://registry.npmjs.org/string_decoder set size:undefined disposed:false
4143 silly fetch manifest bare-fs@^4.5.5
4144 silly packumentCache full:https://registry.npmjs.org/bare-fs cache-miss
4145 http fetch GET 200 https://registry.npmjs.org/b4a 157ms (cache miss)
4146 silly packumentCache full:https://registry.npmjs.org/b4a set size:undefined disposed:false
4147 silly fetch manifest streamx@^2.15.0
4148 silly packumentCache full:https://registry.npmjs.org/streamx cache-miss
4149 http fetch GET 200 https://registry.npmjs.org/process 347ms (cache miss)
4150 silly packumentCache full:https://registry.npmjs.org/process set size:undefined disposed:false
4151 silly fetch manifest fast-fifo@^1.2.0
4152 silly packumentCache full:https://registry.npmjs.org/fast-fifo cache-miss
4153 http fetch GET 200 https://registry.npmjs.org/bare-fs 165ms (cache miss)
4154 silly packumentCache full:https://registry.npmjs.org/bare-fs set size:undefined disposed:false
4155 silly fetch manifest compress-commons@^6.0.2
4156 silly packumentCache full:https://registry.npmjs.org/compress-commons cache-miss
4157 http fetch GET 200 https://registry.npmjs.org/streamx 162ms (cache miss)
4158 silly packumentCache full:https://registry.npmjs.org/streamx set size:undefined disposed:false
4159 http fetch GET 200 https://registry.npmjs.org/fast-fifo 427ms (cache miss)
4160 silly packumentCache full:https://registry.npmjs.org/fast-fifo set size:undefined disposed:false
4161 http fetch GET 200 https://registry.npmjs.org/compress-commons 433ms (cache miss)
4162 silly packumentCache full:https://registry.npmjs.org/compress-commons set size:undefined disposed:false
4163 silly placeDep node_modules/archiver-utils glob@10.5.0 OK for: archiver-utils@5.0.2 want: ^10.0.0
4164 silly placeDep ROOT is-stream@2.0.1 OK for: archiver-utils@5.0.2 want: ^2.0.1
4165 silly placeDep ROOT lazystream@1.0.1 OK for: archiver-utils@5.0.2 want: ^1.0.0
4166 silly placeDep ROOT lodash@4.18.1 OK for: archiver-utils@5.0.2 want: ^4.17.15
4167 silly placeDep ROOT normalize-path@3.0.0 OK for: archiver-utils@5.0.2 want: ^3.0.0
4168 silly fetch manifest jackspeak@^3.1.2
4169 silly packumentCache full:https://registry.npmjs.org/jackspeak cache-miss
4170 silly fetch manifest minimatch@^9.0.4
4171 silly packumentCache full:https://registry.npmjs.org/minimatch cache-hit
4172 silly fetch manifest path-scurry@^1.11.1
4173 silly packumentCache full:https://registry.npmjs.org/path-scurry cache-miss
4174 silly fetch manifest foreground-child@^3.1.0
4175 silly packumentCache full:https://registry.npmjs.org/foreground-child cache-miss
4176 http cache https://registry.npmjs.org/path-scurry 82ms (cache hit)
4177 silly packumentCache full:https://registry.npmjs.org/path-scurry set size:117612 disposed:false
4178 silly fetch manifest package-json-from-dist@^1.0.0
4179 silly packumentCache full:https://registry.npmjs.org/package-json-from-dist cache-miss
4180 http fetch GET 200 https://registry.npmjs.org/package-json-from-dist 430ms (cache miss)
4181 silly packumentCache full:https://registry.npmjs.org/package-json-from-dist set size:undefined disposed:false
4182 silly fetch manifest readable-stream@^2.0.5
4183 silly packumentCache full:https://registry.npmjs.org/readable-stream cache-miss
4184 http fetch GET 200 https://registry.npmjs.org/foreground-child 517ms (cache miss)
4185 silly packumentCache full:https://registry.npmjs.org/foreground-child set size:undefined disposed:false
4186 http fetch GET 200 https://registry.npmjs.org/jackspeak 554ms (cache miss)
4187 silly packumentCache full:https://registry.npmjs.org/jackspeak set size:undefined disposed:false
4188 http cache https://registry.npmjs.org/readable-stream 44ms (cache hit)
4189 silly packumentCache full:https://registry.npmjs.org/readable-stream set size:261096 disposed:false
4190 silly placeDep ROOT file-uri-to-path@1.0.0 OK for: bindings@1.5.0 want: 1.0.0
4191 silly placeDep ROOT giget@3.3.1 OK for: c12@3.3.4 want: ^3.2.0
4192 silly placeDep node_modules/c12 ohash@2.0.12 OK for: c12@3.3.4 want: ^2.0.11
4193 silly placeDep ROOT rc9@3.0.1 OK for: c12@3.3.4 want: ^3.0.1
4194 silly placeDep ROOT readdirp@5.1.1 OK for: chokidar@5.0.0 want: ^5.0.0
4195 silly placeDep ROOT type-fest@5.8.0 OK for: dot-prop@10.2.0 want: ^5.0.0
4196 silly fetch manifest tagged-tag@^1.0.0
4197 silly packumentCache full:https://registry.npmjs.org/tagged-tag cache-miss
4198 http fetch GET 200 https://registry.npmjs.org/tagged-tag 741ms (cache miss)
4199 silly packumentCache full:https://registry.npmjs.org/tagged-tag set size:undefined disposed:false
4200 silly placeDep ROOT minimatch@10.2.6 OK for: glob@13.0.6 want: ^10.2.2
4201 silly placeDep ROOT minipass@7.1.3 OK for: glob@13.0.6 want: ^7.1.3
4202 silly placeDep ROOT path-scurry@2.0.2 OK for: glob@13.0.6 want: ^2.0.2
4203 silly fetch manifest brace-expansion@^5.0.8
4204 silly packumentCache full:https://registry.npmjs.org/brace-expansion cache-miss
4205 silly fetch manifest lru-cache@^11.0.0
4206 silly packumentCache full:https://registry.npmjs.org/lru-cache cache-hit
4207 http fetch GET 200 https://registry.npmjs.org/brace-expansion 572ms (cache miss)
4208 silly packumentCache full:https://registry.npmjs.org/brace-expansion set size:undefined disposed:false
4209 silly placeDep ROOT @sindresorhus/merge-streams@4.0.0 OK for: globby@16.2.4 want: ^4.0.0
4210 silly placeDep ROOT fast-glob@3.3.3 OK for: globby@16.2.4 want: ^3.3.3
4211 silly placeDep ROOT ignore@7.0.7 OK for: globby@16.2.4 want: ^7.0.5
4212 silly placeDep ROOT is-path-inside@4.0.0 OK for: globby@16.2.4 want: ^4.0.0
4213 silly placeDep ROOT micromatch@4.0.8 OK for: globby@16.2.4 want: ^4.0.8
4214 silly placeDep ROOT slash@5.1.0 OK for: globby@16.2.4 want: ^5.1.0
4215 silly placeDep ROOT unicorn-magic@0.4.0 OK for: globby@16.2.4 want: ^0.4.0
4216 silly fetch manifest @nodelib/fs.stat@^2.0.2
4217 silly packumentCache full:https://registry.npmjs.org/@nodelib%2ffs.stat cache-miss
4218 silly fetch manifest @nodelib/fs.walk@^1.2.3
4219 silly packumentCache full:https://registry.npmjs.org/@nodelib%2ffs.walk cache-miss
4220 silly fetch manifest glob-parent@^5.1.2
4221 silly packumentCache full:https://registry.npmjs.org/glob-parent cache-miss
4222 http fetch GET 200 https://registry.npmjs.org/@nodelib%2ffs.walk 817ms (cache miss)
4223 silly packumentCache full:https://registry.npmjs.org/@nodelib%2ffs.walk set size:undefined disposed:false
4224 silly fetch manifest merge2@^1.3.0
4225 silly packumentCache full:https://registry.npmjs.org/merge2 cache-miss
4226 http fetch GET 200 https://registry.npmjs.org/@nodelib%2ffs.stat 838ms (cache miss)
4227 silly packumentCache full:https://registry.npmjs.org/@nodelib%2ffs.stat set size:undefined disposed:false
4228 silly fetch manifest braces@^3.0.3
4229 silly packumentCache full:https://registry.npmjs.org/braces cache-miss
4230 http fetch GET 200 https://registry.npmjs.org/glob-parent 1309ms (cache miss)
4231 silly packumentCache full:https://registry.npmjs.org/glob-parent set size:undefined disposed:false
4232 silly fetch manifest picomatch@^2.3.1
4233 silly packumentCache full:https://registry.npmjs.org/picomatch cache-hit
4234 http fetch GET 200 https://registry.npmjs.org/merge2 530ms (cache miss)
4235 silly packumentCache full:https://registry.npmjs.org/merge2 set size:undefined disposed:false
4236 http fetch GET 200 https://registry.npmjs.org/braces 569ms (cache miss)
4237 silly packumentCache full:https://registry.npmjs.org/braces set size:undefined disposed:false
4238 silly placeDep ROOT @nodelib/fs.stat@2.0.5 OK for: fast-glob@3.3.3 want: ^2.0.2
4239 silly placeDep ROOT @nodelib/fs.walk@1.2.8 OK for: fast-glob@3.3.3 want: ^1.2.3
4240 silly placeDep ROOT glob-parent@5.1.2 OK for: fast-glob@3.3.3 want: ^5.1.2
4241 silly placeDep ROOT merge2@1.4.1 OK for: fast-glob@3.3.3 want: ^1.3.0
4242 silly fetch manifest fastq@^1.6.0
4243 silly packumentCache full:https://registry.npmjs.org/fastq cache-miss
4244 silly fetch manifest @nodelib/fs.scandir@2.1.5
4245 silly packumentCache full:https://registry.npmjs.org/@nodelib%2ffs.scandir cache-miss
4246 silly fetch manifest is-glob@^4.0.1
4247 silly packumentCache full:https://registry.npmjs.org/is-glob cache-miss
4248 http fetch GET 200 https://registry.npmjs.org/is-glob 829ms (cache miss)
4249 silly packumentCache full:https://registry.npmjs.org/is-glob set size:undefined disposed:false
4250 http fetch GET 200 https://registry.npmjs.org/fastq 842ms (cache miss)
4251 silly packumentCache full:https://registry.npmjs.org/fastq set size:undefined disposed:false
4252 http fetch GET 200 https://registry.npmjs.org/@nodelib%2ffs.scandir 846ms (cache miss)
4253 silly packumentCache full:https://registry.npmjs.org/@nodelib%2ffs.scandir set size:undefined disposed:false
4254 silly placeDep ROOT @nodelib/fs.scandir@2.1.5 OK for: @nodelib/fs.walk@1.2.8 want: 2.1.5
4255 silly placeDep ROOT fastq@1.20.3 OK for: @nodelib/fs.walk@1.2.8 want: ^1.6.0
4256 silly fetch manifest run-parallel@^1.1.9
4257 silly packumentCache full:https://registry.npmjs.org/run-parallel cache-miss
4258 silly fetch manifest reusify@^1.0.4
4259 silly packumentCache full:https://registry.npmjs.org/reusify cache-miss
4260 http fetch GET 200 https://registry.npmjs.org/reusify 236ms (cache miss)
4261 silly packumentCache full:https://registry.npmjs.org/reusify set size:undefined disposed:false
4262 http fetch GET 200 https://registry.npmjs.org/run-parallel 493ms (cache miss)
4263 silly packumentCache full:https://registry.npmjs.org/run-parallel set size:undefined disposed:false
4264 silly placeDep ROOT run-parallel@1.2.0 OK for: @nodelib/fs.scandir@2.1.5 want: ^1.1.9
4265 silly fetch manifest queue-microtask@^1.2.2
4266 silly packumentCache full:https://registry.npmjs.org/queue-microtask cache-miss
4267 http fetch GET 200 https://registry.npmjs.org/queue-microtask 209ms (cache miss)
4268 silly packumentCache full:https://registry.npmjs.org/queue-microtask set size:undefined disposed:false
4269 silly placeDep ROOT reusify@1.1.0 OK for: fastq@1.20.3 want: ^1.0.4
4270 silly placeDep ROOT is-glob@4.0.3 OK for: glob-parent@5.1.2 want: ^4.0.1
4271 silly fetch manifest is-extglob@^2.1.1
4272 silly packumentCache full:https://registry.npmjs.org/is-extglob cache-miss
4273 http fetch GET 200 https://registry.npmjs.org/is-extglob 164ms (cache miss)
4274 silly packumentCache full:https://registry.npmjs.org/is-extglob set size:undefined disposed:false
4275 silly placeDep ROOT duplexer@0.1.2 OK for: gzip-size@7.0.0 want: ^0.1.2
4276 silly placeDep ROOT @ioredis/commands@1.10.0 OK for: ioredis@5.11.1 want: 1.10.0
4277 silly placeDep ROOT cluster-key-slot@1.1.1 OK for: ioredis@5.11.1 want: 1.1.1
4278 silly placeDep ROOT denque@2.1.0 OK for: ioredis@5.11.1 want: 2.1.0
4279 silly placeDep ROOT redis-errors@1.2.0 OK for: ioredis@5.11.1 want: 1.2.0
4280 silly placeDep ROOT redis-parser@3.0.0 OK for: ioredis@5.11.1 want: 3.0.0
4281 silly placeDep ROOT standard-as-callback@2.1.0 OK for: ioredis@5.11.1 want: 2.1.0
4282 silly placeDep ROOT is-extglob@2.1.1 OK for: is-glob@4.0.3 want: ^2.1.1
4283 silly placeDep node_modules/lazystream readable-stream@2.3.8 OK for: lazystream@1.0.1 want: ^2.0.5
4284 silly fetch manifest isarray@~1.0.0
4285 silly packumentCache full:https://registry.npmjs.org/isarray cache-miss
4286 silly fetch manifest safe-buffer@~5.1.1
4287 silly packumentCache full:https://registry.npmjs.org/safe-buffer cache-miss
4288 silly fetch manifest core-util-is@~1.0.0
4289 silly packumentCache full:https://registry.npmjs.org/core-util-is cache-miss
4290 http cache https://registry.npmjs.org/safe-buffer 28ms (cache hit)
4291 silly packumentCache full:https://registry.npmjs.org/safe-buffer set size:41183 disposed:false
4292 silly fetch manifest string_decoder@~1.1.1
4293 silly packumentCache full:https://registry.npmjs.org/string_decoder cache-miss
4294 http cache https://registry.npmjs.org/string_decoder 20ms (cache hit)
4295 silly packumentCache full:https://registry.npmjs.org/string_decoder set size:28441 disposed:false
4296 silly fetch manifest util-deprecate@~1.0.1
4297 silly packumentCache full:https://registry.npmjs.org/util-deprecate cache-miss
4298 http fetch GET 200 https://registry.npmjs.org/core-util-is 474ms (cache miss)
4299 silly packumentCache full:https://registry.npmjs.org/core-util-is set size:undefined disposed:false
4300 silly fetch manifest process-nextick-args@~2.0.0
4301 silly packumentCache full:https://registry.npmjs.org/process-nextick-args cache-miss
4302 http fetch GET 200 https://registry.npmjs.org/util-deprecate 723ms (cache miss)
4303 silly packumentCache full:https://registry.npmjs.org/util-deprecate set size:undefined disposed:false
4304 http fetch GET 200 https://registry.npmjs.org/isarray 791ms (cache miss)
4305 silly packumentCache full:https://registry.npmjs.org/isarray set size:undefined disposed:false
4306 http fetch GET 200 https://registry.npmjs.org/process-nextick-args 777ms (cache miss)
4307 silly packumentCache full:https://registry.npmjs.org/process-nextick-args set size:undefined disposed:false
4308 silly placeDep ROOT @parcel/watcher-wasm@2.6.0 OK for: listhen@1.10.1 want: ^2.5.6
4309 silly placeDep ROOT get-port-please@3.2.0 OK for: listhen@1.10.1 want: ^3.2.0
4310 silly placeDep node_modules/listhen h3@1.15.11 OK for: listhen@1.10.1 want: ^1.15.11
4311 silly placeDep ROOT http-shutdown@1.2.2 OK for: listhen@1.10.1 want: ^1.2.2
4312 silly placeDep ROOT node-forge@1.4.0 OK for: listhen@1.10.1 want: ^1.4.0
4313 silly placeDep ROOT tinyclip@0.1.15 OK for: listhen@1.10.1 want: ^0.1.15
4314 silly placeDep ROOT untun@0.2.2 OK for: listhen@1.10.1 want: ^0.2.2
4315 silly placeDep ROOT uqr@0.1.3 OK for: listhen@1.10.1 want: ^0.1.3
4316 silly placeDep ROOT braces@3.0.3 OK for: micromatch@4.0.8 want: ^3.0.3
4317 silly placeDep node_modules/micromatch picomatch@2.3.2 OK for: micromatch@4.0.8 want: ^2.3.1
4318 silly fetch manifest fill-range@^7.1.1
4319 silly packumentCache full:https://registry.npmjs.org/fill-range cache-miss
4320 http fetch GET 200 https://registry.npmjs.org/fill-range 933ms (cache miss)
4321 silly packumentCache full:https://registry.npmjs.org/fill-range set size:undefined disposed:false
4322 silly placeDep ROOT fill-range@7.1.1 OK for: braces@3.0.3 want: ^7.1.1
4323 silly fetch manifest to-regex-range@^5.0.1
4324 silly packumentCache full:https://registry.npmjs.org/to-regex-range cache-miss
4325 http fetch GET 200 https://registry.npmjs.org/to-regex-range 169ms (cache miss)
4326 silly packumentCache full:https://registry.npmjs.org/to-regex-range set size:undefined disposed:false
4327 silly placeDep ROOT to-regex-range@5.0.1 OK for: fill-range@7.1.1 want: ^5.0.1
4328 silly fetch manifest is-number@^7.0.0
4329 silly packumentCache full:https://registry.npmjs.org/is-number cache-miss
4330 http fetch GET 200 https://registry.npmjs.org/is-number 302ms (cache miss)
4331 silly packumentCache full:https://registry.npmjs.org/is-number set size:undefined disposed:false
4332 silly placeDep ROOT brace-expansion@5.0.9 OK for: minimatch@10.2.6 want: ^5.0.8
4333 silly fetch manifest balanced-match@^4.0.2
4334 silly packumentCache full:https://registry.npmjs.org/balanced-match cache-miss
4335 http fetch GET 200 https://registry.npmjs.org/balanced-match 165ms (cache miss)
4336 silly packumentCache full:https://registry.npmjs.org/balanced-match set size:undefined disposed:false
4337 silly placeDep ROOT balanced-match@4.0.4 OK for: brace-expansion@5.0.9 want: ^4.0.2
4338 silly placeDep node_modules/mlly pkg-types@1.3.1 OK for: mlly@1.8.2 want: ^1.3.1
4339 silly fetch manifest confbox@^0.1.8
4340 silly packumentCache full:https://registry.npmjs.org/confbox cache-miss
4341 http cache https://registry.npmjs.org/confbox 16ms (cache hit)
4342 silly packumentCache full:https://registry.npmjs.org/confbox set size:44789 disposed:false
4343 silly placeDep ROOT data-uri-to-buffer@4.0.1 OK for: node-fetch@3.3.2 want: ^4.0.0
4344 silly placeDep ROOT fetch-blob@3.2.0 OK for: node-fetch@3.3.2 want: ^3.1.4
4345 silly placeDep ROOT formdata-polyfill@4.0.10 OK for: node-fetch@3.3.2 want: ^4.0.10
4346 silly fetch manifest node-domexception@^1.0.0
4347 silly packumentCache full:https://registry.npmjs.org/node-domexception cache-miss
4348 silly fetch manifest web-streams-polyfill@^3.0.3
4349 silly packumentCache full:https://registry.npmjs.org/web-streams-polyfill cache-miss
4350 http fetch GET 200 https://registry.npmjs.org/node-domexception 168ms (cache miss)
4351 silly packumentCache full:https://registry.npmjs.org/node-domexception set size:undefined disposed:false
4352 http fetch GET 200 https://registry.npmjs.org/web-streams-polyfill 173ms (cache miss)
4353 silly packumentCache full:https://registry.npmjs.org/web-streams-polyfill set size:undefined disposed:false
4354 silly placeDep ROOT node-domexception@1.0.0 OK for: fetch-blob@3.2.0 want: ^1.0.0
4355 silly placeDep ROOT web-streams-polyfill@3.3.3 OK for: fetch-blob@3.2.0 want: ^3.0.3
4356 silly placeDep ROOT abbrev@3.0.1 OK for: nopt@8.1.0 want: ^3.0.0
4357 silly placeDep ROOT ee-first@1.1.1 OK for: on-finished@2.4.1 want: 1.1.1
4358 silly placeDep ROOT @types/retry@0.12.0 OK for: p-retry@4.6.2 want: 0.12.0
4359 silly placeDep ROOT retry@0.13.1 OK for: p-retry@4.6.2 want: ^0.13.1
4360 silly placeDep node_modules/parse5 entities@6.0.1 OK for: parse5@7.3.0 want: ^6.0.0
4361 silly placeDep node_modules/path-scurry lru-cache@11.5.2 OK for: path-scurry@2.0.2 want: ^11.0.0
4362 silly placeDep ROOT @pdf-lib/standard-fonts@1.0.0 OK for: pdf-lib@1.17.1 want: ^1.0.0
4363 silly placeDep ROOT @pdf-lib/upng@1.0.1 OK for: pdf-lib@1.17.1 want: ^1.0.1
4364 silly placeDep ROOT pako@1.0.11 OK for: pdf-lib@1.17.1 want: ^1.0.11
4365 silly placeDep node_modules/pdf-lib tslib@1.14.1 OK for: pdf-lib@1.17.1 want: ^1.11.1
4366 silly fetch manifest pako@^1.0.6
4367 silly packumentCache full:https://registry.npmjs.org/pako cache-miss
4368 silly fetch manifest pako@^1.0.10
4369 silly packumentCache full:https://registry.npmjs.org/pako cache-miss
4370 http cache https://registry.npmjs.org/pako 302ms (cache hit)
4371 silly packumentCache full:https://registry.npmjs.org/pako set size:82149 disposed:false
4372 http cache https://registry.npmjs.org/pako 307ms (cache hit)
4373 silly packumentCache full:https://registry.npmjs.org/pako set size:82149 disposed:false
4374 silly packumentCache full:https://registry.npmjs.org/pako dispose
4375 silly placeDep ROOT nanoid@3.3.18 OK for: postcss@8.5.26 want: ^3.3.17
4376 silly placeDep ROOT @protobufjs/aspromise@1.1.2 OK for: protobufjs@7.6.6 want: ^1.1.2
4377 silly placeDep ROOT @protobufjs/base64@1.1.2 OK for: protobufjs@7.6.6 want: ^1.1.2
4378 silly placeDep ROOT @protobufjs/codegen@2.0.5 OK for: protobufjs@7.6.6 want: ^2.0.5
4379 silly placeDep ROOT @protobufjs/eventemitter@1.1.1 OK for: protobufjs@7.6.6 want: ^1.1.1
4380 silly placeDep ROOT @protobufjs/fetch@1.1.1 OK for: protobufjs@7.6.6 want: ^1.1.1
4381 silly placeDep ROOT @protobufjs/float@1.0.2 OK for: protobufjs@7.6.6 want: ^1.0.2
4382 silly placeDep ROOT @protobufjs/path@1.1.2 OK for: protobufjs@7.6.6 want: ^1.1.2
4383 silly placeDep ROOT @protobufjs/pool@1.1.0 OK for: protobufjs@7.6.6 want: ^1.1.0
4384 silly placeDep ROOT @protobufjs/utf8@1.1.2 OK for: protobufjs@7.6.6 want: ^1.1.1
4385 silly placeDep ROOT long@5.3.2 OK for: protobufjs@7.6.6 want: ^5.3.2
4386 silly placeDep ROOT forwarded@0.2.0 OK for: proxy-addr@2.0.7 want: 0.2.0
4387 silly placeDep ROOT ipaddr.js@1.9.1 OK for: proxy-addr@2.0.7 want: 1.9.1
4388 silly placeDep ROOT side-channel@1.1.1 OK for: qs@6.15.3 want: ^1.1.1
4389 silly fetch manifest object-inspect@^1.13.4
4390 silly packumentCache full:https://registry.npmjs.org/object-inspect cache-miss
4391 silly fetch manifest side-channel-list@^1.0.1
4392 silly packumentCache full:https://registry.npmjs.org/side-channel-list cache-miss
4393 silly fetch manifest side-channel-map@^1.0.1
4394 silly packumentCache full:https://registry.npmjs.org/side-channel-map cache-miss
4395 http fetch GET 200 https://registry.npmjs.org/side-channel-list 268ms (cache miss)
4396 silly packumentCache full:https://registry.npmjs.org/side-channel-list set size:undefined disposed:false
4397 silly fetch manifest side-channel-weakmap@^1.0.2
4398 silly packumentCache full:https://registry.npmjs.org/side-channel-weakmap cache-miss
4399 http fetch GET 200 https://registry.npmjs.org/side-channel-map 275ms (cache miss)
4400 silly packumentCache full:https://registry.npmjs.org/side-channel-map set size:undefined disposed:false
4401 http fetch GET 200 https://registry.npmjs.org/object-inspect 286ms (cache miss)
4402 silly packumentCache full:https://registry.npmjs.org/object-inspect set size:undefined disposed:false
4403 http fetch GET 200 https://registry.npmjs.org/side-channel-weakmap 153ms (cache miss)
4404 silly packumentCache full:https://registry.npmjs.org/side-channel-weakmap set size:undefined disposed:false
4405 silly placeDep node_modules/raw-body iconv-lite@0.4.24 OK for: raw-body@2.5.3 want: ~0.4.24
4406 silly placeDep ROOT scheduler@0.27.0 OK for: react-dom@19.2.8 want: ^0.27.0
4407 silly placeDep ROOT abort-controller@3.0.0 OK for: readable-stream@4.7.0 want: ^3.0.0
4408 silly placeDep ROOT buffer@6.0.3 OK for: readable-stream@4.7.0 want: ^6.0.3
4409 silly placeDep ROOT events@3.3.0 OK for: readable-stream@4.7.0 want: ^3.3.0
4410 silly placeDep ROOT process@0.11.10 OK for: readable-stream@4.7.0 want: ^0.11.10
4411 silly placeDep ROOT string_decoder@1.3.0 OK for: readable-stream@4.7.0 want: ^1.3.0
4412 silly fetch manifest event-target-shim@^5.0.0
4413 silly packumentCache full:https://registry.npmjs.org/event-target-shim cache-miss
4414 silly fetch manifest ieee754@^1.2.1
4415 silly packumentCache full:https://registry.npmjs.org/ieee754 cache-miss
4416 http fetch GET 200 https://registry.npmjs.org/event-target-shim 163ms (cache miss)
4417 silly packumentCache full:https://registry.npmjs.org/event-target-shim set size:undefined disposed:false
4418 http fetch GET 200 https://registry.npmjs.org/ieee754 181ms (cache miss)
4419 silly packumentCache full:https://registry.npmjs.org/ieee754 set size:undefined disposed:false
4420 silly placeDep ROOT event-target-shim@5.0.1 OK for: abort-controller@3.0.0 want: ^5.0.0
4421 silly placeDep ROOT ieee754@1.2.1 OK for: buffer@6.0.3 want: ^1.2.1
4422 silly placeDep node_modules/readdir-glob minimatch@5.1.9 OK for: readdir-glob@1.1.3 want: ^5.1.0
4423 silly fetch manifest brace-expansion@^2.0.1
4424 silly packumentCache full:https://registry.npmjs.org/brace-expansion cache-miss
4425 http cache https://registry.npmjs.org/brace-expansion 16ms (cache hit)
4426 silly packumentCache full:https://registry.npmjs.org/brace-expansion set size:101024 disposed:false
4427 silly fetch manifest @types/react@^18.2.25 || ^19
4428 silly packumentCache full:https://registry.npmjs.org/@types%2freact cache-miss
4429 http cache https://registry.npmjs.org/@types%2freact 38ms (cache hit)
4430 silly packumentCache full:https://registry.npmjs.org/@types%2freact set size:2637439 disposed:false
4431 silly fetch manifest redux@^5.0.0
4432 silly packumentCache full:https://registry.npmjs.org/redux cache-miss
4433 http fetch GET 200 https://registry.npmjs.org/redux 185ms (cache miss)
4434 silly packumentCache full:https://registry.npmjs.org/redux set size:undefined disposed:false
4435 silly placeDep ROOT @reduxjs/toolkit@2.12.0 OK for: recharts@3.10.1 want: ^1.9.0 || 2.x.x
4436 silly placeDep ROOT decimal.js-light@2.5.1 OK for: recharts@3.10.1 want: ^2.5.1
4437 silly placeDep ROOT es-toolkit@1.52.0 OK for: recharts@3.10.1 want: ^1.39.3
4438 silly placeDep ROOT eventemitter3@5.0.4 OK for: recharts@3.10.1 want: ^5.0.1
4439 silly placeDep ROOT immer@11.1.18 OK for: recharts@3.10.1 want: ^11.1.8
4440 silly placeDep ROOT react-redux@9.3.0 OK for: recharts@3.10.1 want: 8.x.x || 9.x.x
4441 silly placeDep ROOT reselect@5.2.0 OK for: recharts@3.10.1 want: 5.2.0
4442 silly placeDep ROOT victory-vendor@37.3.6 OK for: recharts@3.10.1 want: ^37.0.2
4443 silly fetch manifest immer@^11.0.0
4444 silly packumentCache full:https://registry.npmjs.org/immer cache-hit
4445 silly fetch manifest redux@^5.0.1
4446 silly packumentCache full:https://registry.npmjs.org/redux cache-miss
4447 silly fetch manifest redux-thunk@^3.1.0
4448 silly packumentCache full:https://registry.npmjs.org/redux-thunk cache-miss
4449 silly fetch manifest reselect@^5.1.0
4450 silly packumentCache full:https://registry.npmjs.org/reselect cache-miss
4451 http cache https://registry.npmjs.org/redux 95ms (cache hit)
4452 silly packumentCache full:https://registry.npmjs.org/redux set size:553833 disposed:false
4453 silly fetch manifest @types/use-sync-external-store@^0.0.6
4454 silly packumentCache full:https://registry.npmjs.org/@types%2fuse-sync-external-store cache-miss
4455 http cache https://registry.npmjs.org/reselect 112ms (cache hit)
4456 silly packumentCache full:https://registry.npmjs.org/reselect set size:361939 disposed:false
4457 silly fetch manifest d3-ease@^3.0.1
4458 silly packumentCache full:https://registry.npmjs.org/d3-ease cache-miss
4459 http fetch GET 200 https://registry.npmjs.org/redux-thunk 166ms (cache miss)
4460 silly packumentCache full:https://registry.npmjs.org/redux-thunk set size:undefined disposed:false
4461 silly fetch manifest d3-time@^3.0.0
4462 silly packumentCache full:https://registry.npmjs.org/d3-time cache-miss
4463 http fetch GET 200 https://registry.npmjs.org/d3-ease 471ms (cache miss)
4464 silly packumentCache full:https://registry.npmjs.org/d3-ease set size:undefined disposed:false
4465 silly fetch manifest d3-array@^3.1.6
4466 silly packumentCache full:https://registry.npmjs.org/d3-array cache-miss
4467 http fetch GET 200 https://registry.npmjs.org/@types%2fuse-sync-external-store 509ms (cache miss)
4468 silly packumentCache full:https://registry.npmjs.org/@types%2fuse-sync-external-store set size:undefined disposed:false
4469 silly fetch manifest d3-scale@^4.0.2
4470 silly packumentCache full:https://registry.npmjs.org/d3-scale cache-miss
4471 http fetch GET 200 https://registry.npmjs.org/d3-time 454ms (cache miss)
4472 silly packumentCache full:https://registry.npmjs.org/d3-time set size:undefined disposed:false
4473 silly fetch manifest d3-shape@^3.1.0
4474 silly packumentCache full:https://registry.npmjs.org/d3-shape cache-miss
4475 http fetch GET 200 https://registry.npmjs.org/d3-array 259ms (cache miss)
4476 silly packumentCache full:https://registry.npmjs.org/d3-array set size:undefined disposed:false
4477 silly fetch manifest d3-timer@^3.0.1
4478 silly packumentCache full:https://registry.npmjs.org/d3-timer cache-miss
4479 http fetch GET 200 https://registry.npmjs.org/d3-scale 263ms (cache miss)
4480 silly packumentCache full:https://registry.npmjs.org/d3-scale set size:undefined disposed:false
4481 silly fetch manifest @types/d3-ease@^3.0.0
4482 silly packumentCache full:https://registry.npmjs.org/@types%2fd3-ease cache-miss
4483 http fetch GET 200 https://registry.npmjs.org/d3-shape 295ms (cache miss)
4484 silly packumentCache full:https://registry.npmjs.org/d3-shape set size:undefined disposed:false
4485 silly fetch manifest @types/d3-time@^3.0.0
4486 silly packumentCache full:https://registry.npmjs.org/@types%2fd3-time cache-miss
4487 http fetch GET 200 https://registry.npmjs.org/@types%2fd3-time 426ms (cache miss)
4488 silly packumentCache full:https://registry.npmjs.org/@types%2fd3-time set size:undefined disposed:false
4489 silly fetch manifest d3-interpolate@^3.0.1
4490 silly packumentCache full:https://registry.npmjs.org/d3-interpolate cache-miss
4491 http fetch GET 200 https://registry.npmjs.org/@types%2fd3-ease 479ms (cache miss)
4492 silly packumentCache full:https://registry.npmjs.org/@types%2fd3-ease set size:undefined disposed:false
4493 silly fetch manifest @types/d3-array@^3.0.3
4494 silly packumentCache full:https://registry.npmjs.org/@types%2fd3-array cache-miss
4495 http fetch GET 200 https://registry.npmjs.org/d3-timer 501ms (cache miss)
4496 silly packumentCache full:https://registry.npmjs.org/d3-timer set size:undefined disposed:false
4497 silly fetch manifest @types/d3-scale@^4.0.2
4498 silly packumentCache full:https://registry.npmjs.org/@types%2fd3-scale cache-miss
4499 http fetch GET 200 https://registry.npmjs.org/d3-interpolate 226ms (cache miss)
4500 silly packumentCache full:https://registry.npmjs.org/d3-interpolate set size:undefined disposed:false
4501 silly fetch manifest @types/d3-shape@^3.1.0
4502 silly packumentCache full:https://registry.npmjs.org/@types%2fd3-shape cache-miss
4503 http fetch GET 200 https://registry.npmjs.org/@types%2fd3-scale 227ms (cache miss)
4504 silly packumentCache full:https://registry.npmjs.org/@types%2fd3-scale set size:undefined disposed:false
4505 silly fetch manifest @types/d3-timer@^3.0.0
4506 silly packumentCache full:https://registry.npmjs.org/@types%2fd3-timer cache-miss
4507 http fetch GET 200 https://registry.npmjs.org/@types%2fd3-array 243ms (cache miss)
4508 silly packumentCache full:https://registry.npmjs.org/@types%2fd3-array set size:undefined disposed:false
4509 silly fetch manifest @types/d3-interpolate@^3.0.1
4510 silly packumentCache full:https://registry.npmjs.org/@types%2fd3-interpolate cache-miss
4511 http fetch GET 200 https://registry.npmjs.org/@types%2fd3-shape 206ms (cache miss)
4512 silly packumentCache full:https://registry.npmjs.org/@types%2fd3-shape set size:undefined disposed:false
4513 http fetch GET 200 https://registry.npmjs.org/@types%2fd3-interpolate 1027ms (cache miss)
4514 silly packumentCache full:https://registry.npmjs.org/@types%2fd3-interpolate set size:undefined disposed:false
4515 http fetch GET 200 https://registry.npmjs.org/@types%2fd3-timer 1038ms (cache miss)
4516 silly packumentCache full:https://registry.npmjs.org/@types%2fd3-timer set size:undefined disposed:false
4517 silly placeDep ROOT @standard-schema/spec@1.1.0 OK for: @reduxjs/toolkit@2.12.0 want: ^1.0.0
4518 silly placeDep ROOT redux@5.0.1 OK for: @reduxjs/toolkit@2.12.0 want: ^5.0.1
4519 silly placeDep ROOT redux-thunk@3.1.0 OK for: @reduxjs/toolkit@2.12.0 want: ^3.1.0
4520 silly placeDep ROOT @types/use-sync-external-store@0.0.6 OK for: react-redux@9.3.0 want: ^0.0.6
4521 silly placeDep ROOT is-core-module@2.16.2 OK for: resolve@1.22.12 want: ^2.16.1
4522 silly placeDep ROOT path-parse@1.0.7 OK for: resolve@1.22.12 want: ^1.0.7
4523 silly placeDep ROOT supports-preserve-symlinks-flag@1.0.0 OK for: resolve@1.22.12 want: ^1.0.0
4524 silly placeDep ROOT @napi-rs/lzma-linux-x64-gnu@1.5.1 OK for: rollup@4.63.1 want: 1.5.1
4525 silly placeDep ROOT @rollup/rollup-android-arm-eabi@4.63.1 OK for: rollup@4.63.1 want: 4.63.1
4526 silly placeDep ROOT @rollup/rollup-android-arm64@4.63.1 OK for: rollup@4.63.1 want: 4.63.1
4527 silly placeDep ROOT @rollup/rollup-darwin-arm64@4.63.1 OK for: rollup@4.63.1 want: 4.63.1
4528 silly placeDep ROOT @rollup/rollup-darwin-x64@4.63.1 OK for: rollup@4.63.1 want: 4.63.1
4529 silly placeDep ROOT @rollup/rollup-freebsd-arm64@4.63.1 OK for: rollup@4.63.1 want: 4.63.1
4530 silly placeDep ROOT @rollup/rollup-freebsd-x64@4.63.1 OK for: rollup@4.63.1 want: 4.63.1
4531 silly placeDep ROOT @rollup/rollup-linux-arm-gnueabihf@4.63.1 OK for: rollup@4.63.1 want: 4.63.1
4532 silly placeDep ROOT @rollup/rollup-linux-arm-musleabihf@4.63.1 OK for: rollup@4.63.1 want: 4.63.1
4533 silly placeDep ROOT @rollup/rollup-linux-arm64-gnu@4.63.1 OK for: rollup@4.63.1 want: 4.63.1
4534 silly placeDep ROOT @rollup/rollup-linux-arm64-musl@4.63.1 OK for: rollup@4.63.1 want: 4.63.1
4535 silly placeDep ROOT @rollup/rollup-linux-loong64-gnu@4.63.1 OK for: rollup@4.63.1 want: 4.63.1
4536 silly placeDep ROOT @rollup/rollup-linux-loong64-musl@4.63.1 OK for: rollup@4.63.1 want: 4.63.1
4537 silly placeDep ROOT @rollup/rollup-linux-ppc64-gnu@4.63.1 OK for: rollup@4.63.1 want: 4.63.1
4538 silly placeDep ROOT @rollup/rollup-linux-ppc64-musl@4.63.1 OK for: rollup@4.63.1 want: 4.63.1
4539 silly placeDep ROOT @rollup/rollup-linux-riscv64-gnu@4.63.1 OK for: rollup@4.63.1 want: 4.63.1
4540 silly placeDep ROOT @rollup/rollup-linux-riscv64-musl@4.63.1 OK for: rollup@4.63.1 want: 4.63.1
4541 silly placeDep ROOT @rollup/rollup-linux-s390x-gnu@4.63.1 OK for: rollup@4.63.1 want: 4.63.1
4542 silly placeDep ROOT @rollup/rollup-linux-x64-gnu@4.63.1 OK for: rollup@4.63.1 want: 4.63.1
4543 silly placeDep ROOT @rollup/rollup-linux-x64-musl@4.63.1 OK for: rollup@4.63.1 want: 4.63.1
4544 silly placeDep ROOT @rollup/rollup-openbsd-x64@4.63.1 OK for: rollup@4.63.1 want: 4.63.1
4545 silly placeDep ROOT @rollup/rollup-openharmony-arm64@4.63.1 OK for: rollup@4.63.1 want: 4.63.1
4546 silly placeDep ROOT @rollup/rollup-win32-arm64-msvc@4.63.1 OK for: rollup@4.63.1 want: 4.63.1
4547 silly placeDep ROOT @rollup/rollup-win32-ia32-msvc@4.63.1 OK for: rollup@4.63.1 want: 4.63.1
4548 silly placeDep ROOT @rollup/rollup-win32-x64-gnu@4.63.1 OK for: rollup@4.63.1 want: 4.63.1
4549 silly placeDep ROOT @rollup/rollup-win32-x64-msvc@4.63.1 OK for: rollup@4.63.1 want: 4.63.1
4550 silly placeDep ROOT fsevents@2.3.3 OK for: rollup@4.63.1 want: ~2.3.2
4551 silly placeDep ROOT open@11.0.2 OK for: rollup-plugin-visualizer@7.1.1 want: ^11.0.0
4552 silly placeDep node_modules/rollup-plugin-visualizer source-map@0.8.0 OK for: rollup-plugin-visualizer@7.1.1 want: ^0.8.0
4553 silly placeDep ROOT yargs@18.1.0 OK for: rollup-plugin-visualizer@7.1.1 want: ^18.1.0
4554 silly fetch manifest is-in-ssh@^1.0.0
4555 silly packumentCache full:https://registry.npmjs.org/is-in-ssh cache-miss
4556 silly fetch manifest wsl-utils@^1.0.0
4557 silly packumentCache full:https://registry.npmjs.org/wsl-utils cache-miss
4558 silly fetch manifest default-browser@^5.5.1
4559 silly packumentCache full:https://registry.npmjs.org/default-browser cache-miss
4560 http fetch GET 200 https://registry.npmjs.org/wsl-utils 196ms (cache miss)
4561 silly packumentCache full:https://registry.npmjs.org/wsl-utils set size:undefined disposed:false
4562 silly fetch manifest define-lazy-prop@^3.0.0
4563 silly packumentCache full:https://registry.npmjs.org/define-lazy-prop cache-miss
4564 http fetch GET 200 https://registry.npmjs.org/default-browser 201ms (cache miss)
4565 silly packumentCache full:https://registry.npmjs.org/default-browser set size:undefined disposed:false
4566 silly fetch manifest powershell-utils@^0.2.1
4567 silly packumentCache full:https://registry.npmjs.org/powershell-utils cache-miss
4568 http fetch GET 200 https://registry.npmjs.org/is-in-ssh 546ms (cache miss)
4569 silly packumentCache full:https://registry.npmjs.org/is-in-ssh set size:undefined disposed:false
4570 silly fetch manifest is-inside-container@^1.0.0
4571 silly packumentCache full:https://registry.npmjs.org/is-inside-container cache-miss
4572 http fetch GET 200 https://registry.npmjs.org/powershell-utils 590ms (cache miss)
4573 silly packumentCache full:https://registry.npmjs.org/powershell-utils set size:undefined disposed:false
4574 silly fetch manifest y18n@^5.0.5
4575 silly packumentCache full:https://registry.npmjs.org/y18n cache-miss
4576 http fetch GET 200 https://registry.npmjs.org/is-inside-container 250ms (cache miss)
4577 silly packumentCache full:https://registry.npmjs.org/is-inside-container set size:undefined disposed:false
4578 silly fetch manifest cliui@^9.0.1
4579 silly packumentCache full:https://registry.npmjs.org/cliui cache-miss
4580 http fetch GET 200 https://registry.npmjs.org/define-lazy-prop 944ms (cache miss)
4581 silly packumentCache full:https://registry.npmjs.org/define-lazy-prop set size:undefined disposed:false
4582 silly fetch manifest escalade@^3.1.1
4583 silly packumentCache full:https://registry.npmjs.org/escalade cache-miss
4584 http cache https://registry.npmjs.org/escalade 94ms (cache hit)
4585 silly packumentCache full:https://registry.npmjs.org/escalade set size:33724 disposed:false
4586 silly fetch manifest string-width@^8.2.1
4587 silly packumentCache full:https://registry.npmjs.org/string-width cache-miss
4588 http fetch GET 200 https://registry.npmjs.org/y18n 602ms (cache miss)
4589 silly packumentCache full:https://registry.npmjs.org/y18n set size:undefined disposed:false
4590 silly fetch manifest yargs-parser@^22.0.0
4591 silly packumentCache full:https://registry.npmjs.org/yargs-parser cache-miss
4592 http fetch GET 200 https://registry.npmjs.org/cliui 904ms (cache miss)
4593 silly packumentCache full:https://registry.npmjs.org/cliui set size:undefined disposed:false
4594 silly fetch manifest get-caller-file@^2.0.5
4595 silly packumentCache full:https://registry.npmjs.org/get-caller-file cache-miss
4596 http fetch GET 200 https://registry.npmjs.org/yargs-parser 5900ms (cache miss)
4597 silly packumentCache full:https://registry.npmjs.org/yargs-parser set size:undefined disposed:false
4598 http fetch GET 200 https://registry.npmjs.org/string-width 6078ms (cache miss)
4599 silly packumentCache full:https://registry.npmjs.org/string-width set size:undefined disposed:false
4600 http fetch GET 200 https://registry.npmjs.org/get-caller-file 5626ms (cache miss)
4601 silly packumentCache full:https://registry.npmjs.org/get-caller-file set size:undefined disposed:false
4602 silly placeDep ROOT default-browser@5.5.1 OK for: open@11.0.2 want: ^5.5.1
4603 silly placeDep ROOT define-lazy-prop@3.0.0 OK for: open@11.0.2 want: ^3.0.0
4604 silly placeDep ROOT is-in-ssh@1.0.0 OK for: open@11.0.2 want: ^1.0.0
4605 silly placeDep ROOT is-inside-container@1.0.0 OK for: open@11.0.2 want: ^1.0.0
4606 silly placeDep ROOT powershell-utils@0.2.1 OK for: open@11.0.2 want: ^0.2.1
4607 silly placeDep ROOT wsl-utils@1.0.0 OK for: open@11.0.2 want: ^1.0.0
4608 silly fetch manifest bundle-name@^4.1.0
4609 silly packumentCache full:https://registry.npmjs.org/bundle-name cache-miss
4610 silly fetch manifest default-browser-id@^5.0.0
4611 silly packumentCache full:https://registry.npmjs.org/default-browser-id cache-miss
4612 silly fetch manifest is-docker@^3.0.0
4613 silly packumentCache full:https://registry.npmjs.org/is-docker cache-miss
4614 http fetch GET 200 https://registry.npmjs.org/default-browser-id 371ms (cache miss)
4615 silly packumentCache full:https://registry.npmjs.org/default-browser-id set size:undefined disposed:false
4616 silly fetch manifest is-wsl@^3.1.0
4617 silly packumentCache full:https://registry.npmjs.org/is-wsl cache-miss
4618 http fetch GET 200 https://registry.npmjs.org/is-docker 379ms (cache miss)
4619 silly packumentCache full:https://registry.npmjs.org/is-docker set size:undefined disposed:false
4620 silly fetch manifest powershell-utils@^0.1.0
4621 silly packumentCache full:https://registry.npmjs.org/powershell-utils cache-miss
4622 http fetch GET 200 https://registry.npmjs.org/bundle-name 402ms (cache miss)
4623 silly packumentCache full:https://registry.npmjs.org/bundle-name set size:undefined disposed:false
4624 http cache https://registry.npmjs.org/powershell-utils 28ms (cache hit)
4625 silly packumentCache full:https://registry.npmjs.org/powershell-utils set size:12045 disposed:false
4626 http fetch GET 200 https://registry.npmjs.org/is-wsl 195ms (cache miss)
4627 silly packumentCache full:https://registry.npmjs.org/is-wsl set size:undefined disposed:false
4628 silly placeDep ROOT bundle-name@4.1.0 OK for: default-browser@5.5.1 want: ^4.1.0
4629 silly placeDep ROOT default-browser-id@5.0.1 OK for: default-browser@5.5.1 want: ^5.0.0
4630 silly fetch manifest run-applescript@^7.0.0
4631 silly packumentCache full:https://registry.npmjs.org/run-applescript cache-miss
4632 http fetch GET 200 https://registry.npmjs.org/run-applescript 1839ms (cache miss)
4633 silly packumentCache full:https://registry.npmjs.org/run-applescript set size:undefined disposed:false
4634 silly placeDep ROOT run-applescript@7.1.0 OK for: bundle-name@4.1.0 want: ^7.0.0
4635 silly placeDep ROOT is-docker@3.0.0 OK for: is-inside-container@1.0.0 want: ^3.0.0
4636 silly placeDep ROOT queue-microtask@1.2.3 OK for: run-parallel@1.2.0 want: ^1.2.2
4637 silly placeDep node_modules/send debug@2.6.9 OK for: send@0.19.2 want: 2.6.9
4638 silly placeDep node_modules/send mime@1.6.0 OK for: send@0.19.2 want: 1.6.0
4639 silly placeDep ROOT object-inspect@1.13.4 OK for: side-channel@1.1.1 want: ^1.13.4
4640 silly placeDep ROOT side-channel-list@1.0.1 OK for: side-channel@1.1.1 want: ^1.0.1
4641 silly placeDep ROOT side-channel-map@1.0.1 OK for: side-channel@1.1.1 want: ^1.0.1
4642 silly placeDep ROOT side-channel-weakmap@1.0.2 OK for: side-channel@1.1.1 want: ^1.0.2
4643 silly fetch manifest call-bound@^1.0.2
4644 silly packumentCache full:https://registry.npmjs.org/call-bound cache-miss
4645 silly fetch manifest call-bound@^1.0.2
4646 silly packumentCache full:https://registry.npmjs.org/call-bound cache-miss
4647 http fetch GET 200 https://registry.npmjs.org/call-bound 346ms (cache miss)
4648 silly packumentCache full:https://registry.npmjs.org/call-bound set size:undefined disposed:false
4649 http fetch GET 200 https://registry.npmjs.org/call-bound 355ms (cache miss)
4650 silly packumentCache full:https://registry.npmjs.org/call-bound set size:undefined disposed:false
4651 silly placeDep ROOT call-bound@1.0.4 OK for: side-channel-map@1.0.1 want: ^1.0.2
4652 silly placeDep ROOT @supabase/cli-darwin-arm64@2.116.0 OK for: supabase@2.116.0 want: 2.116.0
4653 silly placeDep ROOT @supabase/cli-darwin-x64@2.116.0 OK for: supabase@2.116.0 want: 2.116.0
4654 silly placeDep ROOT @supabase/cli-linux-arm64@2.116.0 OK for: supabase@2.116.0 want: 2.116.0
4655 silly placeDep ROOT @supabase/cli-linux-arm64-musl@2.116.0 OK for: supabase@2.116.0 want: 2.116.0
4656 silly placeDep ROOT @supabase/cli-linux-x64@2.116.0 OK for: supabase@2.116.0 want: 2.116.0
4657 silly placeDep ROOT @supabase/cli-linux-x64-musl@2.116.0 OK for: supabase@2.116.0 want: 2.116.0
4658 silly placeDep ROOT @supabase/cli-windows-arm64@2.116.0 OK for: supabase@2.116.0 want: 2.116.0
4659 silly placeDep ROOT @supabase/cli-windows-x64@2.116.0 OK for: supabase@2.116.0 want: 2.116.0
4660 silly placeDep ROOT eciesjs@0.5.0 OK for: supabase@2.116.0 want: ^0.5.0
4661 silly placeDep ROOT jose@6.2.10 OK for: supabase@2.116.0 want: ^6.2.9
4662 silly fetch manifest @ecies/ciphers@^0.2.6
4663 silly packumentCache full:https://registry.npmjs.org/@ecies%2fciphers cache-miss
4664 silly fetch manifest @noble/ciphers@^1.3.0
4665 silly packumentCache full:https://registry.npmjs.org/@noble%2fciphers cache-miss
4666 silly fetch manifest @noble/curves@^1.9.7
4667 silly packumentCache full:https://registry.npmjs.org/@noble%2fcurves cache-miss
4668 http fetch GET 200 https://registry.npmjs.org/@noble%2fciphers 192ms (cache miss)
4669 silly packumentCache full:https://registry.npmjs.org/@noble%2fciphers set size:undefined disposed:false
4670 silly fetch manifest @noble/hashes@^1.8.0
4671 silly packumentCache full:https://registry.npmjs.org/@noble%2fhashes cache-miss
4672 http fetch GET 200 https://registry.npmjs.org/@noble%2fhashes 1013ms (cache miss)
4673 silly packumentCache full:https://registry.npmjs.org/@noble%2fhashes set size:undefined disposed:false
4674 http fetch GET 200 https://registry.npmjs.org/@ecies%2fciphers 1451ms (cache miss)
4675 silly packumentCache full:https://registry.npmjs.org/@ecies%2fciphers set size:undefined disposed:false
4676 http fetch GET 200 https://registry.npmjs.org/@noble%2fcurves 1540ms (cache miss)
4677 silly packumentCache full:https://registry.npmjs.org/@noble%2fcurves set size:undefined disposed:false
4678 silly placeDep ROOT @ecies/ciphers@0.2.6 OK for: eciesjs@0.5.0 want: ^0.2.6
4679 silly placeDep ROOT @noble/ciphers@1.3.0 OK for: @ecies/ciphers@0.2.6 want: ^1.0.0
4680 silly placeDep ROOT @noble/curves@1.9.7 OK for: eciesjs@0.5.0 want: ^1.9.7
4681 silly placeDep ROOT @noble/hashes@1.8.0 OK for: eciesjs@0.5.0 want: ^1.8.0
4682 silly fetch manifest @noble/hashes@1.8.0
4683 silly packumentCache full:https://registry.npmjs.org/@noble%2fhashes cache-miss
4684 http cache https://registry.npmjs.org/@noble%2fhashes 294ms (cache hit)
4685 silly packumentCache full:https://registry.npmjs.org/@noble%2fhashes set size:220000 disposed:false
4686 silly placeDep ROOT @isaacs/fs-minipass@4.0.1 OK for: tar@7.5.22 want: ^4.0.0
4687 silly placeDep ROOT chownr@3.0.0 OK for: tar@7.5.22 want: ^3.0.0
4688 silly placeDep ROOT minizlib@3.1.0 OK for: tar@7.5.22 want: ^3.1.0
4689 silly placeDep node_modules/tar yallist@5.0.0 OK for: tar@7.5.22 want: ^5.0.0
4690 silly fetch manifest react-native-b4a@*
4691 silly packumentCache full:https://registry.npmjs.org/react-native-b4a cache-miss
4692 http fetch GET 200 https://registry.npmjs.org/react-native-b4a 299ms (cache miss)
4693 silly packumentCache full:https://registry.npmjs.org/react-native-b4a set size:undefined disposed:false
4694 silly fetch manifest bare-buffer@*
4695 silly packumentCache full:https://registry.npmjs.org/bare-buffer cache-miss
4696 http fetch GET 200 https://registry.npmjs.org/bare-buffer 222ms (cache miss)
4697 silly packumentCache full:https://registry.npmjs.org/bare-buffer set size:undefined disposed:false
4698 silly placeDep ROOT b4a@1.8.1 OK for: tar-stream@3.2.1 want: ^1.6.4
4699 silly placeDep ROOT bare-fs@4.8.1 OK for: tar-stream@3.2.1 want: ^4.5.5
4700 silly placeDep ROOT fast-fifo@1.3.2 OK for: tar-stream@3.2.1 want: ^1.2.0
4701 silly placeDep ROOT streamx@2.28.1 OK for: tar-stream@3.2.1 want: ^2.15.0
4702 silly fetch manifest bare-url@^2.2.2
4703 silly packumentCache full:https://registry.npmjs.org/bare-url cache-miss
4704 silly fetch manifest bare-path@^3.0.0
4705 silly packumentCache full:https://registry.npmjs.org/bare-path cache-miss
4706 silly fetch manifest fast-fifo@^1.3.2
4707 silly packumentCache full:https://registry.npmjs.org/fast-fifo cache-miss
4708 http fetch GET 200 https://registry.npmjs.org/bare-path 622ms (cache miss)
4709 silly packumentCache full:https://registry.npmjs.org/bare-path set size:undefined disposed:false
4710 silly fetch manifest bare-events@^2.5.4
4711 silly packumentCache full:https://registry.npmjs.org/bare-events cache-miss
4712 http cache https://registry.npmjs.org/fast-fifo 631ms (cache hit)
4713 silly packumentCache full:https://registry.npmjs.org/fast-fifo set size:13855 disposed:false
4714 silly fetch manifest bare-stream@^2.6.4
4715 silly packumentCache full:https://registry.npmjs.org/bare-stream cache-miss
4716 http fetch GET 200 https://registry.npmjs.org/bare-url 650ms (cache miss)
4717 silly packumentCache full:https://registry.npmjs.org/bare-url set size:undefined disposed:false
4718 silly fetch manifest text-decoder@^1.1.0
4719 silly packumentCache full:https://registry.npmjs.org/text-decoder cache-miss
4720 http fetch GET 200 https://registry.npmjs.org/text-decoder 202ms (cache miss)
4721 silly packumentCache full:https://registry.npmjs.org/text-decoder set size:undefined disposed:false
4722 silly fetch manifest events-universal@^1.0.0
4723 silly packumentCache full:https://registry.npmjs.org/events-universal cache-miss
4724 http fetch GET 200 https://registry.npmjs.org/bare-stream 230ms (cache miss)
4725 silly packumentCache full:https://registry.npmjs.org/bare-stream set size:undefined disposed:false
4726 http fetch GET 200 https://registry.npmjs.org/bare-events 283ms (cache miss)
4727 silly packumentCache full:https://registry.npmjs.org/bare-events set size:undefined disposed:false
4728 http fetch GET 200 https://registry.npmjs.org/events-universal 239ms (cache miss)
4729 silly packumentCache full:https://registry.npmjs.org/events-universal set size:undefined disposed:false
4730 silly fetch manifest bare-abort-controller@*
4731 silly packumentCache full:https://registry.npmjs.org/bare-abort-controller cache-miss
4732 http fetch GET 200 https://registry.npmjs.org/bare-abort-controller 664ms (cache miss)
4733 silly packumentCache full:https://registry.npmjs.org/bare-abort-controller set size:undefined disposed:false
4734 silly placeDep ROOT bare-events@2.9.2 OK for: bare-fs@4.8.1 want: ^2.5.4
4735 silly placeDep ROOT bare-path@3.1.1 OK for: bare-fs@4.8.1 want: ^3.0.0
4736 silly placeDep ROOT bare-stream@2.13.4 OK for: bare-fs@4.8.1 want: ^2.6.4
4737 silly placeDep ROOT bare-url@2.5.2 OK for: bare-fs@4.8.1 want: ^2.2.2
4738 silly fetch manifest teex@^1.0.1
4739 silly packumentCache full:https://registry.npmjs.org/teex cache-miss
4740 http fetch GET 200 https://registry.npmjs.org/teex 634ms (cache miss)
4741 silly packumentCache full:https://registry.npmjs.org/teex set size:undefined disposed:false
4742 silly placeDep ROOT teex@1.0.1 OK for: bare-stream@2.13.4 want: ^1.0.1
4743 silly placeDep ROOT events-universal@1.0.1 OK for: streamx@2.28.1 want: ^1.0.0
4744 silly placeDep ROOT text-decoder@1.2.7 OK for: streamx@2.28.1 want: ^1.1.0
4745 silly placeDep ROOT @jridgewell/source-map@0.3.11 OK for: terser@5.51.2 want: ^0.3.3
4746 silly placeDep ROOT commander@2.20.3 OK for: terser@5.51.2 want: ^2.20.0
4747 silly placeDep ROOT source-map-support@0.5.21 OK for: terser@5.51.2 want: ~0.5.20
4748 silly fetch manifest buffer-from@^1.0.0
4749 silly packumentCache full:https://registry.npmjs.org/buffer-from cache-miss
4750 silly fetch manifest source-map@^0.6.0
4751 silly packumentCache full:https://registry.npmjs.org/source-map cache-hit
4752 http fetch GET 200 https://registry.npmjs.org/buffer-from 168ms (cache miss)
4753 silly packumentCache full:https://registry.npmjs.org/buffer-from set size:undefined disposed:false
4754 silly placeDep ROOT buffer-from@1.1.2 OK for: source-map-support@0.5.21 want: ^1.0.0
4755 silly placeDep node_modules/source-map-support source-map@0.6.1 OK for: source-map-support@0.5.21 want: ^0.6.0
4756 silly placeDep ROOT is-number@7.0.0 OK for: to-regex-range@5.0.1 want: ^7.0.0
4757 silly placeDep node_modules/tsx esbuild@0.28.2 OK for: tsx@4.23.13 want: ~0.28.0
4758 silly placeDep ROOT tagged-tag@1.0.0 OK for: type-fest@5.8.0 want: ^1.0.0
4759 silly placeDep ROOT media-typer@0.3.0 OK for: type-is@1.6.18 want: 0.3.0
4760 silly placeDep node_modules/unctx estree-walker@3.0.3 OK for: unctx@2.5.0 want: ^3.0.3
4761 silly placeDep ROOT unplugin@2.3.11 OK for: unctx@2.5.0 want: ^2.3.11
4762 silly fetch manifest webpack-virtual-modules@^0.6.2
4763 silly packumentCache full:https://registry.npmjs.org/webpack-virtual-modules cache-miss
4764 http fetch GET 200 https://registry.npmjs.org/webpack-virtual-modules 158ms (cache miss)
4765 silly packumentCache full:https://registry.npmjs.org/webpack-virtual-modules set size:undefined disposed:false
4766 silly placeDep node_modules/unenv mime@3.0.0 OK for: unenv@1.10.0 want: ^3.0.0
4767 silly placeDep node_modules/unenv pathe@1.1.2 OK for: unenv@1.10.0 want: ^1.1.2
4768 silly fetch manifest @farmfe/core@*
4769 silly packumentCache full:https://registry.npmjs.org/@farmfe%2fcore cache-miss
4770 http fetch GET 200 https://registry.npmjs.org/@farmfe%2fcore 399ms (cache miss)
4771 silly packumentCache full:https://registry.npmjs.org/@farmfe%2fcore set size:undefined disposed:false
4772 silly fetch manifest @rspack/core@*
4773 silly packumentCache full:https://registry.npmjs.org/@rspack%2fcore cache-miss
4774 http fetch GET 200 https://registry.npmjs.org/@rspack%2fcore 333ms (cache miss)
4775 silly packumentCache full:https://registry.npmjs.org/@rspack%2fcore set size:undefined disposed:false
4776 silly fetch manifest @module-federation/runtime-tools@^0.24.1 || ^2.0.0
4777 silly packumentCache full:https://registry.npmjs.org/@module-federation%2fruntime-tools cache-miss
4778 http fetch GET 200 https://registry.npmjs.org/@module-federation%2fruntime-tools 445ms (cache miss)
4779 silly packumentCache full:https://registry.npmjs.org/@module-federation%2fruntime-tools set size:undefined disposed:false
4780 silly fetch manifest @swc/helpers@^0.5.23
4781 silly packumentCache full:https://registry.npmjs.org/@swc%2fhelpers cache-miss
4782 http fetch GET 200 https://registry.npmjs.org/@swc%2fhelpers 239ms (cache miss)
4783 silly packumentCache full:https://registry.npmjs.org/@swc%2fhelpers set size:undefined disposed:false
4784 silly fetch manifest bun-types-no-globals@*
4785 silly packumentCache full:https://registry.npmjs.org/bun-types-no-globals cache-miss
4786 http fetch GET 200 https://registry.npmjs.org/bun-types-no-globals 185ms (cache miss)
4787 silly packumentCache full:https://registry.npmjs.org/bun-types-no-globals set size:undefined disposed:false
4788 silly fetch manifest esbuild@*
4789 silly packumentCache full:https://registry.npmjs.org/esbuild cache-miss
4790 http fetch GET 200 https://registry.npmjs.org/esbuild 159ms (cache revalidated)
4791 silly packumentCache full:https://registry.npmjs.org/esbuild set size:1264676 disposed:false
4792 silly fetch manifest rollup@*
4793 silly packumentCache full:https://registry.npmjs.org/rollup cache-miss
4794 http cache https://registry.npmjs.org/rollup 43ms (cache hit)
4795 silly packumentCache full:https://registry.npmjs.org/rollup set size:6315915 disposed:false
4796 silly fetch manifest unloader@*
4797 silly packumentCache full:https://registry.npmjs.org/unloader cache-miss
4798 http fetch GET 200 https://registry.npmjs.org/unloader 169ms (cache miss)
4799 silly packumentCache full:https://registry.npmjs.org/unloader set size:undefined disposed:false
4800 silly fetch manifest vite@*
4801 silly packumentCache full:https://registry.npmjs.org/vite cache-miss
4802 http cache https://registry.npmjs.org/vite 289ms (cache hit)
4803 silly packumentCache full:https://registry.npmjs.org/vite set size:38929639 disposed:false
4804 silly fetch manifest webpack@*
4805 silly packumentCache full:https://registry.npmjs.org/webpack cache-miss
4806 http cache https://registry.npmjs.org/webpack 44ms (cache hit)
4807 silly packumentCache full:https://registry.npmjs.org/webpack set size:5150427 disposed:false
4808 silly placeDep node_modules/unimport estree-walker@3.0.3 OK for: unimport@6.4.0 want: ^3.0.3
4809 silly placeDep ROOT local-pkg@1.2.1 OK for: unimport@6.4.0 want: ^1.2.1
4810 silly placeDep node_modules/unimport magic-string@1.2.3 OK for: unimport@6.4.0 want: ^1.1.0
4811 silly placeDep ROOT strip-literal@4.0.0 OK for: unimport@6.4.0 want: ^4.0.0
4812 silly placeDep node_modules/unimport unplugin@3.3.0 OK for: unimport@6.4.0 want: ^3.3.0
4813 silly fetch manifest quansync@^0.2.11
4814 silly packumentCache full:https://registry.npmjs.org/quansync cache-miss
4815 silly fetch manifest js-tokens@^10.0.0
4816 silly packumentCache full:https://registry.npmjs.org/js-tokens cache-miss
4817 http cache https://registry.npmjs.org/js-tokens 67ms (cache hit)
4818 silly packumentCache full:https://registry.npmjs.org/js-tokens set size:41947 disposed:false
4819 http fetch GET 200 https://registry.npmjs.org/quansync 336ms (cache miss)
4820 silly packumentCache full:https://registry.npmjs.org/quansync set size:undefined disposed:false
4821 silly placeDep ROOT quansync@0.2.11 OK for: local-pkg@1.2.1 want: ^0.2.11
4822 silly placeDep node_modules/strip-literal js-tokens@10.0.0 OK for: strip-literal@4.0.0 want: ^10.0.0
4823 silly placeDep ROOT webpack-virtual-modules@0.6.2 OK for: unplugin@2.3.11 want: ^0.6.2
4824 silly placeDep node_modules/untyped citty@0.1.6 OK for: untyped@2.0.0 want: ^0.1.6
4825 silly placeDep ROOT escalade@3.2.0 OK for: update-browserslist-db@1.3.2 want: ^3.2.0
4826 silly placeDep ROOT @types/d3-array@3.2.2 OK for: victory-vendor@37.3.6 want: ^3.0.3
4827 silly placeDep ROOT @types/d3-ease@3.0.2 OK for: victory-vendor@37.3.6 want: ^3.0.0
4828 silly placeDep ROOT @types/d3-interpolate@3.0.4 OK for: victory-vendor@37.3.6 want: ^3.0.1
4829 silly placeDep ROOT @types/d3-scale@4.0.9 OK for: victory-vendor@37.3.6 want: ^4.0.2
4830 silly placeDep ROOT @types/d3-shape@3.2.0 OK for: victory-vendor@37.3.6 want: ^3.1.0
4831 silly placeDep ROOT @types/d3-time@3.0.4 OK for: victory-vendor@37.3.6 want: ^3.0.0
4832 silly placeDep ROOT @types/d3-timer@3.0.2 OK for: victory-vendor@37.3.6 want: ^3.0.0
4833 silly placeDep ROOT d3-array@3.2.4 OK for: victory-vendor@37.3.6 want: ^3.1.6
4834 silly placeDep ROOT d3-ease@3.0.1 OK for: victory-vendor@37.3.6 want: ^3.0.1
4835 silly placeDep ROOT d3-interpolate@3.0.1 OK for: victory-vendor@37.3.6 want: ^3.0.1
4836 silly placeDep ROOT d3-scale@4.0.2 OK for: victory-vendor@37.3.6 want: ^4.0.2
4837 silly placeDep ROOT d3-shape@3.2.0 OK for: victory-vendor@37.3.6 want: ^3.1.0
4838 silly placeDep ROOT d3-time@3.1.0 OK for: victory-vendor@37.3.6 want: ^3.0.0
4839 silly placeDep ROOT d3-timer@3.0.1 OK for: victory-vendor@37.3.6 want: ^3.0.1
4840 silly fetch manifest @types/d3-color@*
4841 silly packumentCache full:https://registry.npmjs.org/@types%2fd3-color cache-miss
4842 silly fetch manifest @types/d3-time@*
4843 silly packumentCache full:https://registry.npmjs.org/@types%2fd3-time cache-miss
4844 silly fetch manifest @types/d3-path@*
4845 silly packumentCache full:https://registry.npmjs.org/@types%2fd3-path cache-miss
4846 http cache https://registry.npmjs.org/@types%2fd3-time 19ms (cache hit)
4847 silly packumentCache full:https://registry.npmjs.org/@types%2fd3-time set size:52652 disposed:false
4848 silly fetch manifest internmap@1 - 2
4849 silly packumentCache full:https://registry.npmjs.org/internmap cache-miss
4850 http fetch GET 200 https://registry.npmjs.org/@types%2fd3-path 171ms (cache miss)
4851 silly packumentCache full:https://registry.npmjs.org/@types%2fd3-path set size:undefined disposed:false
4852 silly fetch manifest d3-color@1 - 3
4853 silly packumentCache full:https://registry.npmjs.org/d3-color cache-miss
4854 http fetch GET 200 https://registry.npmjs.org/@types%2fd3-color 189ms (cache miss)
4855 silly packumentCache full:https://registry.npmjs.org/@types%2fd3-color set size:undefined disposed:false
4856 silly fetch manifest d3-format@1 - 3
4857 silly packumentCache full:https://registry.npmjs.org/d3-format cache-miss
4858 http fetch GET 200 https://registry.npmjs.org/internmap 216ms (cache miss)
4859 silly packumentCache full:https://registry.npmjs.org/internmap set size:undefined disposed:false
4860 silly fetch manifest d3-time@2.1.1 - 3
4861 silly packumentCache full:https://registry.npmjs.org/d3-time cache-miss
4862 http cache https://registry.npmjs.org/d3-time 14ms (cache hit)
4863 silly packumentCache full:https://registry.npmjs.org/d3-time set size:150406 disposed:false
4864 silly fetch manifest d3-time-format@2 - 4
4865 silly packumentCache full:https://registry.npmjs.org/d3-time-format cache-miss
4866 http fetch GET 200 https://registry.npmjs.org/d3-color 167ms (cache miss)
4867 silly packumentCache full:https://registry.npmjs.org/d3-color set size:undefined disposed:false
4868 silly fetch manifest d3-path@^3.1.0
4869 silly packumentCache full:https://registry.npmjs.org/d3-path cache-miss
4870 http fetch GET 200 https://registry.npmjs.org/d3-format 168ms (cache miss)
4871 silly packumentCache full:https://registry.npmjs.org/d3-format set size:undefined disposed:false
4872 http fetch GET 200 https://registry.npmjs.org/d3-time-format 200ms (cache miss)
4873 silly packumentCache full:https://registry.npmjs.org/d3-time-format set size:undefined disposed:false
4874 http fetch GET 200 https://registry.npmjs.org/d3-path 406ms (cache miss)
4875 silly packumentCache full:https://registry.npmjs.org/d3-path set size:undefined disposed:false
4876 silly placeDep ROOT @types/d3-color@3.1.3 OK for: @types/d3-interpolate@3.0.4 want: *
4877 silly placeDep ROOT @types/d3-path@3.1.1 OK for: @types/d3-shape@3.2.0 want: *
4878 silly placeDep ROOT internmap@2.0.3 OK for: d3-array@3.2.4 want: 1 - 2
4879 silly placeDep ROOT d3-color@3.1.0 OK for: d3-interpolate@3.0.1 want: 1 - 3
4880 silly placeDep ROOT d3-format@3.1.2 OK for: d3-scale@4.0.2 want: 1 - 3
4881 silly placeDep ROOT d3-time-format@4.1.0 OK for: d3-scale@4.0.2 want: 2 - 4
4882 silly placeDep ROOT d3-path@3.1.0 OK for: d3-shape@3.2.0 want: ^3.1.0
4883 silly fetch manifest db0@>=0.2.1
4884 silly packumentCache full:https://registry.npmjs.org/db0 cache-miss
4885 http cache https://registry.npmjs.org/db0 15ms (cache hit)
4886 silly packumentCache full:https://registry.npmjs.org/db0 set size:74374 disposed:false
4887 silly fetch manifest ioredis@^5.4.2
4888 silly packumentCache full:https://registry.npmjs.org/ioredis cache-miss
4889 http cache https://registry.npmjs.org/ioredis 71ms (cache hit)
4890 silly packumentCache full:https://registry.npmjs.org/ioredis set size:859203 disposed:false
4891 silly placeDep ROOT @types/micromatch@4.0.10 OK for: vinxi@0.5.3 want: ^4.0.2
4892 silly placeDep ROOT @vinxi/listhen@1.5.6 OK for: vinxi@0.5.3 want: ^1.5.6
4893 silly placeDep ROOT boxen@7.1.1 OK for: vinxi@0.5.3 want: ^7.1.1
4894 silly placeDep node_modules/vinxi chokidar@3.6.0 OK for: vinxi@0.5.3 want: ^3.5.3
4895 silly placeDep node_modules/vinxi citty@0.1.6 OK for: vinxi@0.5.3 want: ^0.1.4
4896 silly placeDep node_modules/vinxi crossws@0.3.5 OK for: vinxi@0.5.3 want: ^0.3.1
4897 silly placeDep ROOT dax-sh@0.39.2 OK for: vinxi@0.5.3 want: ^0.39.1
4898 silly placeDep ROOT es-module-lexer@1.7.0 OK for: vinxi@0.5.3 want: ^1.3.0
4899 silly placeDep node_modules/vinxi esbuild@0.20.2 OK for: vinxi@0.5.3 want: ^0.20.2
4900 silly placeDep ROOT http-proxy@1.18.1 OK for: vinxi@0.5.3 want: ^1.18.1
4901 silly placeDep node_modules/vinxi path-to-regexp@6.3.0 OK for: vinxi@0.5.3 want: ^6.2.1
4902 silly placeDep node_modules/vinxi pathe@1.1.2 OK for: vinxi@0.5.3 want: ^1.1.1
4903 silly placeDep node_modules/vinxi unstorage@1.17.5 OK for: vinxi@0.5.3 want: ^1.13.1
4904 silly placeDep node_modules/vinxi zod@3.25.76 OK for: vinxi@0.5.3 want: ^3.22.2
4905 silly fetch manifest @types/braces@*
4906 silly packumentCache full:https://registry.npmjs.org/@types%2fbraces cache-miss
4907 silly fetch manifest @parcel/watcher@^2.3.0
4908 silly packumentCache full:https://registry.npmjs.org/@parcel%2fwatcher cache-miss
4909 silly fetch manifest @parcel/watcher-wasm@2.3.0
4910 silly packumentCache full:https://registry.npmjs.org/@parcel%2fwatcher-wasm cache-miss
4911 http cache https://registry.npmjs.org/@parcel%2fwatcher-wasm 84ms (cache hit)
4912 silly packumentCache full:https://registry.npmjs.org/@parcel%2fwatcher-wasm set size:31369 disposed:false
4913 silly fetch manifest citty@^0.1.5
4914 silly packumentCache full:https://registry.npmjs.org/citty cache-hit
4915 silly fetch manifest clipboardy@^4.0.0
4916 silly packumentCache full:https://registry.npmjs.org/clipboardy cache-miss
4917 http cache https://registry.npmjs.org/@parcel%2fwatcher 95ms (cache hit)
4918 silly packumentCache full:https://registry.npmjs.org/@parcel%2fwatcher set size:124080 disposed:false
4919 silly fetch manifest jiti@^1.21.0
4920 silly packumentCache full:https://registry.npmjs.org/jiti cache-hit
4921 silly fetch manifest std-env@^3.7.0
4922 silly packumentCache full:https://registry.npmjs.org/std-env cache-hit
4923 silly fetch manifest untun@^0.1.3
4924 silly packumentCache full:https://registry.npmjs.org/untun cache-miss
4925 http cache https://registry.npmjs.org/untun 23ms (cache hit)
4926 silly packumentCache full:https://registry.npmjs.org/untun set size:20868 disposed:false
4927 silly fetch manifest chalk@^5.2.0
4928 silly packumentCache full:https://registry.npmjs.org/chalk cache-miss
4929 http fetch GET 200 https://registry.npmjs.org/chalk 152ms (cache miss)
4930 silly packumentCache full:https://registry.npmjs.org/chalk set size:undefined disposed:false
4931 silly fetch manifest camelcase@^7.0.1
4932 silly packumentCache full:https://registry.npmjs.org/camelcase cache-miss
4933 http fetch GET 200 https://registry.npmjs.org/camelcase 170ms (cache miss)
4934 silly packumentCache full:https://registry.npmjs.org/camelcase set size:undefined disposed:false
4935 silly fetch manifest cli-boxes@^3.0.0
4936 silly packumentCache full:https://registry.npmjs.org/cli-boxes cache-miss
4937 http fetch GET 200 https://registry.npmjs.org/clipboardy 407ms (cache miss)
4938 silly packumentCache full:https://registry.npmjs.org/clipboardy set size:undefined disposed:false
4939 silly fetch manifest type-fest@^2.13.0
4940 silly packumentCache full:https://registry.npmjs.org/type-fest cache-miss
4941 http cache https://registry.npmjs.org/type-fest 60ms (cache hit)
4942 silly packumentCache full:https://registry.npmjs.org/type-fest set size:566201 disposed:false
4943 silly fetch manifest wrap-ansi@^8.1.0
4944 silly packumentCache full:https://registry.npmjs.org/wrap-ansi cache-miss
4945 http fetch GET 200 https://registry.npmjs.org/@types%2fbraces 722ms (cache miss)
4946 silly packumentCache full:https://registry.npmjs.org/@types%2fbraces set size:undefined disposed:false
4947 silly fetch manifest ansi-align@^3.0.1
4948 silly packumentCache full:https://registry.npmjs.org/ansi-align cache-miss
4949 http fetch GET 200 https://registry.npmjs.org/wrap-ansi 165ms (cache miss)
4950 silly packumentCache full:https://registry.npmjs.org/wrap-ansi set size:undefined disposed:false
4951 silly fetch manifest widest-line@^4.0.1
4952 silly packumentCache full:https://registry.npmjs.org/widest-line cache-miss
4953 http fetch GET 200 https://registry.npmjs.org/cli-boxes 416ms (cache miss)
4954 silly packumentCache full:https://registry.npmjs.org/cli-boxes set size:undefined disposed:false
4955 silly fetch manifest string-width@^5.1.2
4956 silly packumentCache full:https://registry.npmjs.org/string-width cache-miss
4957 http fetch GET 200 https://registry.npmjs.org/ansi-align 247ms (cache miss)
4958 silly packumentCache full:https://registry.npmjs.org/ansi-align set size:undefined disposed:false
4959 silly fetch manifest anymatch@~3.1.2
4960 silly packumentCache full:https://registry.npmjs.org/anymatch cache-miss
4961 http fetch GET 200 https://registry.npmjs.org/widest-line 290ms (cache miss)
4962 silly packumentCache full:https://registry.npmjs.org/widest-line set size:undefined disposed:false
4963 silly fetch manifest readdirp@~3.6.0
4964 silly packumentCache full:https://registry.npmjs.org/readdirp cache-miss
4965 http cache https://registry.npmjs.org/string-width 258ms (cache hit)
4966 silly packumentCache full:https://registry.npmjs.org/string-width set size:72458 disposed:false
4967 silly fetch manifest is-binary-path@~2.1.0
4968 silly packumentCache full:https://registry.npmjs.org/is-binary-path cache-miss
4969 http cache https://registry.npmjs.org/anymatch 190ms (cache hit)
4970 silly packumentCache full:https://registry.npmjs.org/anymatch set size:42974 disposed:false
4971 silly fetch manifest undici-types@^5.26
4972 silly packumentCache full:https://registry.npmjs.org/undici-types cache-miss
4973 http cache https://registry.npmjs.org/readdirp 186ms (cache hit)
4974 silly packumentCache full:https://registry.npmjs.org/readdirp set size:110119 disposed:false
4975 silly fetch manifest @deno/shim-deno@~0.19.0
4976 silly packumentCache full:https://registry.npmjs.org/@deno%2fshim-deno cache-miss
4977 http fetch GET 200 https://registry.npmjs.org/is-binary-path 176ms (cache miss)
4978 silly packumentCache full:https://registry.npmjs.org/is-binary-path set size:undefined disposed:false
4979 silly fetch manifest @esbuild/aix-ppc64@0.20.2
4980 silly packumentCache full:https://registry.npmjs.org/@esbuild%2faix-ppc64 cache-hit
4981 silly fetch manifest @esbuild/linux-arm@0.20.2
4982 silly packumentCache full:https://registry.npmjs.org/@esbuild%2flinux-arm cache-hit
4983 silly fetch manifest @esbuild/linux-x64@0.20.2
4984 silly packumentCache full:https://registry.npmjs.org/@esbuild%2flinux-x64 cache-hit
4985 silly fetch manifest @esbuild/sunos-x64@0.20.2
4986 silly packumentCache full:https://registry.npmjs.org/@esbuild%2fsunos-x64 cache-hit
4987 silly fetch manifest @esbuild/win32-x64@0.20.2
4988 silly packumentCache full:https://registry.npmjs.org/@esbuild%2fwin32-x64 cache-hit
4989 silly fetch manifest @esbuild/darwin-x64@0.20.2
4990 silly packumentCache full:https://registry.npmjs.org/@esbuild%2fdarwin-x64 cache-hit
4991 silly fetch manifest @esbuild/linux-ia32@0.20.2
4992 silly packumentCache full:https://registry.npmjs.org/@esbuild%2flinux-ia32 cache-hit
4993 silly fetch manifest @esbuild/netbsd-x64@0.20.2
4994 silly packumentCache full:https://registry.npmjs.org/@esbuild%2fnetbsd-x64 cache-hit
4995 silly fetch manifest @esbuild/win32-ia32@0.20.2
4996 silly packumentCache full:https://registry.npmjs.org/@esbuild%2fwin32-ia32 cache-hit
4997 silly fetch manifest @esbuild/android-arm@0.20.2
4998 silly packumentCache full:https://registry.npmjs.org/@esbuild%2fandroid-arm cache-hit
4999 silly fetch manifest @esbuild/android-x64@0.20.2
5000 silly packumentCache full:https://registry.npmjs.org/@esbuild%2fandroid-x64 cache-hit
5001 silly fetch manifest @esbuild/freebsd-x64@0.20.2
5002 silly packumentCache full:https://registry.npmjs.org/@esbuild%2ffreebsd-x64 cache-hit
5003 silly fetch manifest @esbuild/linux-arm64@0.20.2
5004 silly packumentCache full:https://registry.npmjs.org/@esbuild%2flinux-arm64 cache-hit
5005 silly fetch manifest @esbuild/linux-ppc64@0.20.2
5006 silly packumentCache full:https://registry.npmjs.org/@esbuild%2flinux-ppc64 cache-hit
5007 silly fetch manifest @esbuild/linux-s390x@0.20.2
5008 silly packumentCache full:https://registry.npmjs.org/@esbuild%2flinux-s390x cache-hit
5009 silly fetch manifest @esbuild/openbsd-x64@0.20.2
5010 silly packumentCache full:https://registry.npmjs.org/@esbuild%2fopenbsd-x64 cache-hit
5011 silly fetch manifest @esbuild/win32-arm64@0.20.2
5012 silly packumentCache full:https://registry.npmjs.org/@esbuild%2fwin32-arm64 cache-hit
5013 silly fetch manifest @esbuild/darwin-arm64@0.20.2
5014 silly packumentCache full:https://registry.npmjs.org/@esbuild%2fdarwin-arm64 cache-hit
5015 silly fetch manifest @esbuild/android-arm64@0.20.2
5016 silly packumentCache full:https://registry.npmjs.org/@esbuild%2fandroid-arm64 cache-hit
5017 silly fetch manifest @esbuild/freebsd-arm64@0.20.2
5018 silly packumentCache full:https://registry.npmjs.org/@esbuild%2ffreebsd-arm64 cache-hit
5019 silly fetch manifest @esbuild/linux-loong64@0.20.2
5020 silly packumentCache full:https://registry.npmjs.org/@esbuild%2flinux-loong64 cache-hit
5021 silly fetch manifest @esbuild/linux-riscv64@0.20.2
5022 silly packumentCache full:https://registry.npmjs.org/@esbuild%2flinux-riscv64 cache-hit
5023 silly fetch manifest @esbuild/linux-mips64el@0.20.2
5024 silly packumentCache full:https://registry.npmjs.org/@esbuild%2flinux-mips64el cache-hit
5025 silly fetch manifest eventemitter3@^4.0.0
5026 silly packumentCache full:https://registry.npmjs.org/eventemitter3 cache-miss
5027 http cache https://registry.npmjs.org/undici-types 222ms (cache hit)
5028 silly packumentCache full:https://registry.npmjs.org/undici-types set size:250438 disposed:false
5029 silly fetch manifest requires-port@^1.0.0
5030 silly packumentCache full:https://registry.npmjs.org/requires-port cache-miss
5031 http fetch GET 200 https://registry.npmjs.org/requires-port 244ms (cache miss)
5032 silly packumentCache full:https://registry.npmjs.org/requires-port set size:undefined disposed:false
5033 silly fetch manifest h3@^1.15.10
5034 silly packumentCache full:https://registry.npmjs.org/h3 cache-hit
5035 http cache https://registry.npmjs.org/eventemitter3 349ms (cache hit)
5036 silly packumentCache full:https://registry.npmjs.org/eventemitter3 set size:92292 disposed:false
5037 http fetch GET 200 https://registry.npmjs.org/@deno%2fshim-deno 571ms (cache miss)
5038 silly packumentCache full:https://registry.npmjs.org/@deno%2fshim-deno set size:undefined disposed:false
5039 silly placeDep ROOT @types/braces@3.0.5 OK for: @types/micromatch@4.0.10 want: *
5040 silly placeDep ROOT @parcel/watcher@2.6.0 OK for: @vinxi/listhen@1.5.6 want: ^2.3.0
5041 silly placeDep node_modules/@vinxi/listhen @parcel/watcher-wasm@2.3.0 OK for: @vinxi/listhen@1.5.6 want: 2.3.0
5042 silly placeDep node_modules/@vinxi/listhen citty@0.1.6 OK for: @vinxi/listhen@1.5.6 want: ^0.1.5
5043 silly placeDep ROOT clipboardy@4.0.0 OK for: @vinxi/listhen@1.5.6 want: ^4.0.0
5044 silly placeDep node_modules/@vinxi/listhen jiti@1.21.7 OK for: @vinxi/listhen@1.5.6 want: ^1.21.0
5045 silly placeDep node_modules/@vinxi/listhen pathe@1.1.2 OK for: @vinxi/listhen@1.5.6 want: ^1.1.2
5046 silly placeDep node_modules/@vinxi/listhen std-env@3.10.0 OK for: @vinxi/listhen@1.5.6 want: ^3.7.0
5047 silly placeDep node_modules/@vinxi/listhen untun@0.1.3 OK for: @vinxi/listhen@1.5.6 want: ^0.1.3
5048 silly fetch manifest node-addon-api@^7.0.0
5049 silly packumentCache full:https://registry.npmjs.org/node-addon-api cache-miss
5050 silly fetch manifest @parcel/watcher-darwin-x64@2.6.0
5051 silly packumentCache full:https://registry.npmjs.org/@parcel%2fwatcher-darwin-x64 cache-miss
5052 silly fetch manifest @parcel/watcher-darwin-arm64@2.6.0
5053 silly packumentCache full:https://registry.npmjs.org/@parcel%2fwatcher-darwin-arm64 cache-miss
5054 http fetch GET 200 https://registry.npmjs.org/@parcel%2fwatcher-darwin-x64 770ms (cache miss)
5055 silly packumentCache full:https://registry.npmjs.org/@parcel%2fwatcher-darwin-x64 set size:undefined disposed:false
5056 silly fetch manifest @parcel/watcher-win32-x64@2.6.0
5057 silly packumentCache full:https://registry.npmjs.org/@parcel%2fwatcher-win32-x64 cache-miss
5058 http fetch GET 200 https://registry.npmjs.org/node-addon-api 971ms (cache miss)
5059 silly packumentCache full:https://registry.npmjs.org/node-addon-api set size:undefined disposed:false
5060 silly fetch manifest @parcel/watcher-win32-arm64@2.6.0
5061 silly packumentCache full:https://registry.npmjs.org/@parcel%2fwatcher-win32-arm64 cache-miss
5062 http fetch GET 200 https://registry.npmjs.org/@parcel%2fwatcher-darwin-arm64 1225ms (cache miss)
5063 silly packumentCache full:https://registry.npmjs.org/@parcel%2fwatcher-darwin-arm64 set size:undefined disposed:false
5064 silly fetch manifest @parcel/watcher-linux-x64-glibc@2.6.0
5065 silly packumentCache full:https://registry.npmjs.org/@parcel%2fwatcher-linux-x64-glibc cache-miss
5066 http fetch GET 200 https://registry.npmjs.org/@parcel%2fwatcher-win32-x64 524ms (cache miss)
5067 silly packumentCache full:https://registry.npmjs.org/@parcel%2fwatcher-win32-x64 set size:undefined disposed:false
5068 silly fetch manifest @parcel/watcher-linux-x64-musl@2.6.0
5069 silly packumentCache full:https://registry.npmjs.org/@parcel%2fwatcher-linux-x64-musl cache-miss
5070 http fetch GET 200 https://registry.npmjs.org/@parcel%2fwatcher-win32-arm64 558ms (cache miss)
5071 silly packumentCache full:https://registry.npmjs.org/@parcel%2fwatcher-win32-arm64 set size:undefined disposed:false
5072 silly fetch manifest @parcel/watcher-linux-arm64-glibc@2.6.0
5073 silly packumentCache full:https://registry.npmjs.org/@parcel%2fwatcher-linux-arm64-glibc cache-miss
5074 http fetch GET 200 https://registry.npmjs.org/@parcel%2fwatcher-linux-x64-glibc 416ms (cache miss)
5075 silly packumentCache full:https://registry.npmjs.org/@parcel%2fwatcher-linux-x64-glibc set size:undefined disposed:false
5076 silly fetch manifest @parcel/watcher-linux-arm64-musl@2.6.0
5077 silly packumentCache full:https://registry.npmjs.org/@parcel%2fwatcher-linux-arm64-musl cache-miss
5078 http fetch GET 200 https://registry.npmjs.org/@parcel%2fwatcher-linux-arm64-musl 210ms (cache miss)
5079 silly packumentCache full:https://registry.npmjs.org/@parcel%2fwatcher-linux-arm64-musl set size:undefined disposed:false
5080 silly fetch manifest @parcel/watcher-linux-arm-glibc@2.6.0
5081 silly packumentCache full:https://registry.npmjs.org/@parcel%2fwatcher-linux-arm-glibc cache-miss
5082 http fetch GET 200 https://registry.npmjs.org/@parcel%2fwatcher-linux-x64-musl 750ms (cache miss)
5083 silly packumentCache full:https://registry.npmjs.org/@parcel%2fwatcher-linux-x64-musl set size:undefined disposed:false
5084 silly fetch manifest @parcel/watcher-linux-arm-musl@2.6.0
5085 silly packumentCache full:https://registry.npmjs.org/@parcel%2fwatcher-linux-arm-musl cache-miss
5086 http fetch GET 200 https://registry.npmjs.org/@parcel%2fwatcher-linux-arm64-glibc 585ms (cache miss)
5087 silly packumentCache full:https://registry.npmjs.org/@parcel%2fwatcher-linux-arm64-glibc set size:undefined disposed:false
5088 silly fetch manifest @parcel/watcher-android-arm64@2.6.0
5089 silly packumentCache full:https://registry.npmjs.org/@parcel%2fwatcher-android-arm64 cache-miss
5090 http fetch GET 200 https://registry.npmjs.org/@parcel%2fwatcher-linux-arm-glibc 624ms (cache miss)
5091 silly packumentCache full:https://registry.npmjs.org/@parcel%2fwatcher-linux-arm-glibc set size:undefined disposed:false
5092 silly fetch manifest @parcel/watcher-freebsd-x64@2.6.0
5093 silly packumentCache full:https://registry.npmjs.org/@parcel%2fwatcher-freebsd-x64 cache-miss
5094 http fetch GET 200 https://registry.npmjs.org/@parcel%2fwatcher-android-arm64 387ms (cache miss)
5095 silly packumentCache full:https://registry.npmjs.org/@parcel%2fwatcher-android-arm64 set size:undefined disposed:false
5096 silly fetch manifest execa@^8.0.1
5097 silly packumentCache full:https://registry.npmjs.org/execa cache-miss
5098 http fetch GET 200 https://registry.npmjs.org/@parcel%2fwatcher-linux-arm-musl 567ms (cache miss)
5099 silly packumentCache full:https://registry.npmjs.org/@parcel%2fwatcher-linux-arm-musl set size:undefined disposed:false
5100 silly fetch manifest is64bit@^2.0.0
5101 silly packumentCache full:https://registry.npmjs.org/is64bit cache-miss
5102 http fetch GET 200 https://registry.npmjs.org/execa 165ms (cache miss)
5103 silly packumentCache full:https://registry.npmjs.org/execa set size:undefined disposed:false
5104 http fetch GET 200 https://registry.npmjs.org/@parcel%2fwatcher-freebsd-x64 386ms (cache miss)
5105 silly packumentCache full:https://registry.npmjs.org/@parcel%2fwatcher-freebsd-x64 set size:undefined disposed:false
5106 http fetch GET 200 https://registry.npmjs.org/is64bit 330ms (cache miss)
5107 silly packumentCache full:https://registry.npmjs.org/is64bit set size:undefined disposed:false
5108 silly placeDep ROOT @parcel/watcher-android-arm64@2.6.0 OK for: @parcel/watcher@2.6.0 want: 2.6.0
5109 silly placeDep ROOT @parcel/watcher-darwin-arm64@2.6.0 OK for: @parcel/watcher@2.6.0 want: 2.6.0
5110 silly placeDep ROOT @parcel/watcher-darwin-x64@2.6.0 OK for: @parcel/watcher@2.6.0 want: 2.6.0
5111 silly placeDep ROOT @parcel/watcher-freebsd-x64@2.6.0 OK for: @parcel/watcher@2.6.0 want: 2.6.0
5112 silly placeDep ROOT @parcel/watcher-linux-arm-glibc@2.6.0 OK for: @parcel/watcher@2.6.0 want: 2.6.0
5113 silly placeDep ROOT @parcel/watcher-linux-arm-musl@2.6.0 OK for: @parcel/watcher@2.6.0 want: 2.6.0
5114 silly placeDep ROOT @parcel/watcher-linux-arm64-glibc@2.6.0 OK for: @parcel/watcher@2.6.0 want: 2.6.0
5115 silly placeDep ROOT @parcel/watcher-linux-arm64-musl@2.6.0 OK for: @parcel/watcher@2.6.0 want: 2.6.0
5116 silly placeDep ROOT @parcel/watcher-linux-x64-glibc@2.6.0 OK for: @parcel/watcher@2.6.0 want: 2.6.0
5117 silly placeDep ROOT @parcel/watcher-linux-x64-musl@2.6.0 OK for: @parcel/watcher@2.6.0 want: 2.6.0
5118 silly placeDep ROOT @parcel/watcher-win32-arm64@2.6.0 OK for: @parcel/watcher@2.6.0 want: 2.6.0
5119 silly placeDep ROOT @parcel/watcher-win32-x64@2.6.0 OK for: @parcel/watcher@2.6.0 want: 2.6.0
5120 silly placeDep ROOT node-addon-api@7.1.1 OK for: @parcel/watcher@2.6.0 want: ^7.0.0
5121 silly placeDep ROOT ansi-align@3.0.1 OK for: boxen@7.1.1 want: ^3.0.1
5122 silly placeDep ROOT camelcase@7.0.1 OK for: boxen@7.1.1 want: ^7.0.1
5123 silly placeDep ROOT chalk@5.6.2 OK for: boxen@7.1.1 want: ^5.2.0
5124 silly placeDep ROOT cli-boxes@3.0.0 OK for: boxen@7.1.1 want: ^3.0.0
5125 silly placeDep ROOT string-width@5.1.2 OK for: boxen@7.1.1 want: ^5.1.2
5126 silly placeDep node_modules/boxen type-fest@2.19.0 OK for: boxen@7.1.1 want: ^2.13.0
5127 silly placeDep ROOT widest-line@4.0.1 OK for: boxen@7.1.1 want: ^4.0.1
5128 silly placeDep ROOT wrap-ansi@8.1.0 OK for: boxen@7.1.1 want: ^8.1.0
5129 silly fetch manifest string-width@^4.1.0
5130 silly packumentCache full:https://registry.npmjs.org/string-width cache-hit
5131 silly fetch manifest strip-ansi@^7.0.1
5132 silly packumentCache full:https://registry.npmjs.org/strip-ansi cache-miss
5133 silly fetch manifest emoji-regex@^9.2.2
5134 silly packumentCache full:https://registry.npmjs.org/emoji-regex cache-miss
5135 silly fetch manifest eastasianwidth@^0.2.0
5136 silly packumentCache full:https://registry.npmjs.org/eastasianwidth cache-miss
5137 http fetch GET 200 https://registry.npmjs.org/strip-ansi 163ms (cache miss)
5138 silly packumentCache full:https://registry.npmjs.org/strip-ansi set size:undefined disposed:false
5139 silly fetch manifest ansi-styles@^6.1.0
5140 silly packumentCache full:https://registry.npmjs.org/ansi-styles cache-miss
5141 http fetch GET 200 https://registry.npmjs.org/eastasianwidth 168ms (cache miss)
5142 silly packumentCache full:https://registry.npmjs.org/eastasianwidth set size:undefined disposed:false
5143 http fetch GET 200 https://registry.npmjs.org/emoji-regex 178ms (cache miss)
5144 silly packumentCache full:https://registry.npmjs.org/emoji-regex set size:undefined disposed:false
5145 http fetch GET 200 https://registry.npmjs.org/ansi-styles 158ms (cache miss)
5146 silly packumentCache full:https://registry.npmjs.org/ansi-styles set size:undefined disposed:false
5147 silly placeDep node_modules/ansi-align string-width@4.2.3 OK for: ansi-align@3.0.1 want: ^4.1.0
5148 silly fetch manifest strip-ansi@^6.0.1
5149 silly packumentCache full:https://registry.npmjs.org/strip-ansi cache-miss
5150 silly fetch manifest emoji-regex@^8.0.0
5151 silly packumentCache full:https://registry.npmjs.org/emoji-regex cache-miss
5152 silly fetch manifest is-fullwidth-code-point@^3.0.0
5153 silly packumentCache full:https://registry.npmjs.org/is-fullwidth-code-point cache-miss
5154 http cache https://registry.npmjs.org/strip-ansi 34ms (cache hit)
5155 silly packumentCache full:https://registry.npmjs.org/strip-ansi set size:44998 disposed:false
5156 http cache https://registry.npmjs.org/emoji-regex 44ms (cache hit)
5157 silly packumentCache full:https://registry.npmjs.org/emoji-regex set size:89064 disposed:false
5158 http fetch GET 200 https://registry.npmjs.org/is-fullwidth-code-point 181ms (cache miss)
5159 silly packumentCache full:https://registry.npmjs.org/is-fullwidth-code-point set size:undefined disposed:false
5160 silly placeDep ROOT execa@8.0.1 OK for: clipboardy@4.0.0 want: ^8.0.1
5161 silly placeDep ROOT is-wsl@3.1.1 OK for: clipboardy@4.0.0 want: ^3.1.0
5162 silly placeDep ROOT is64bit@2.0.0 OK for: clipboardy@4.0.0 want: ^2.0.0
5163 silly fetch manifest onetime@^6.0.0
5164 silly packumentCache full:https://registry.npmjs.org/onetime cache-miss
5165 silly fetch manifest is-stream@^3.0.0
5166 silly packumentCache full:https://registry.npmjs.org/is-stream cache-miss
5167 silly fetch manifest get-stream@^8.0.1
5168 silly packumentCache full:https://registry.npmjs.org/get-stream cache-miss
5169 http cache https://registry.npmjs.org/is-stream 88ms (cache hit)
5170 silly packumentCache full:https://registry.npmjs.org/is-stream set size:18582 disposed:false
5171 silly fetch manifest cross-spawn@^7.0.3
5172 silly packumentCache full:https://registry.npmjs.org/cross-spawn cache-miss
5173 http fetch GET 200 https://registry.npmjs.org/onetime 158ms (cache miss)
5174 silly packumentCache full:https://registry.npmjs.org/onetime set size:undefined disposed:false
5175 silly fetch manifest signal-exit@^4.1.0
5176 silly packumentCache full:https://registry.npmjs.org/signal-exit cache-miss
5177 http fetch GET 200 https://registry.npmjs.org/get-stream 182ms (cache miss)
5178 silly packumentCache full:https://registry.npmjs.org/get-stream set size:undefined disposed:false
5179 silly fetch manifest merge-stream@^2.0.0
5180 silly packumentCache full:https://registry.npmjs.org/merge-stream cache-miss
5181 http fetch GET 200 https://registry.npmjs.org/cross-spawn 159ms (cache miss)
5182 silly packumentCache full:https://registry.npmjs.org/cross-spawn set size:undefined disposed:false
5183 silly fetch manifest npm-run-path@^5.1.0
5184 silly packumentCache full:https://registry.npmjs.org/npm-run-path cache-miss
5185 http fetch GET 200 https://registry.npmjs.org/merge-stream 156ms (cache miss)
5186 silly packumentCache full:https://registry.npmjs.org/merge-stream set size:undefined disposed:false
5187 silly fetch manifest human-signals@^5.0.0
5188 silly packumentCache full:https://registry.npmjs.org/human-signals cache-miss
5189 http fetch GET 200 https://registry.npmjs.org/signal-exit 191ms (cache miss)
5190 silly packumentCache full:https://registry.npmjs.org/signal-exit set size:undefined disposed:false
5191 silly fetch manifest strip-final-newline@^3.0.0
5192 silly packumentCache full:https://registry.npmjs.org/strip-final-newline cache-miss
5193 http fetch GET 200 https://registry.npmjs.org/npm-run-path 151ms (cache miss)
5194 silly packumentCache full:https://registry.npmjs.org/npm-run-path set size:undefined disposed:false
5195 silly fetch manifest system-architecture@^0.1.0
5196 silly packumentCache full:https://registry.npmjs.org/system-architecture cache-miss
5197 http fetch GET 200 https://registry.npmjs.org/strip-final-newline 156ms (cache miss)
5198 silly packumentCache full:https://registry.npmjs.org/strip-final-newline set size:undefined disposed:false
5199 http fetch GET 200 https://registry.npmjs.org/human-signals 167ms (cache miss)
5200 silly packumentCache full:https://registry.npmjs.org/human-signals set size:undefined disposed:false
5201 http fetch GET 200 https://registry.npmjs.org/system-architecture 471ms (cache miss)
5202 silly packumentCache full:https://registry.npmjs.org/system-architecture set size:undefined disposed:false
5203 silly placeDep ROOT @deno/shim-deno@0.19.2 OK for: dax-sh@0.39.2 want: ~0.19.0
5204 silly placeDep node_modules/dax-sh undici-types@5.28.4 OK for: dax-sh@0.39.2 want: ^5.26
5205 silly fetch manifest which@^4.0.0
5206 silly packumentCache full:https://registry.npmjs.org/which cache-miss
5207 silly fetch manifest @deno/shim-deno-test@^0.5.0
5208 silly packumentCache full:https://registry.npmjs.org/@deno%2fshim-deno-test cache-miss
5209 http fetch GET 200 https://registry.npmjs.org/which 5008ms (cache miss)
5210 silly packumentCache full:https://registry.npmjs.org/which set size:undefined disposed:false
5211 http fetch GET 200 https://registry.npmjs.org/@deno%2fshim-deno-test 5423ms (cache miss)
5212 silly packumentCache full:https://registry.npmjs.org/@deno%2fshim-deno-test set size:undefined disposed:false
5213 silly placeDep ROOT @deno/shim-deno-test@0.5.0 OK for: @deno/shim-deno@0.19.2 want: ^0.5.0
5214 silly placeDep ROOT which@4.0.0 OK for: @deno/shim-deno@0.19.2 want: ^4.0.0
5215 silly fetch manifest isexe@^3.1.1
5216 silly packumentCache full:https://registry.npmjs.org/isexe cache-miss
5217 http fetch GET 200 https://registry.npmjs.org/isexe 158ms (cache miss)
5218 silly packumentCache full:https://registry.npmjs.org/isexe set size:undefined disposed:false
5219 silly placeDep ROOT cross-spawn@7.0.6 OK for: execa@8.0.1 want: ^7.0.3
5220 silly placeDep ROOT get-stream@8.0.1 OK for: execa@8.0.1 want: ^8.0.1
5221 silly placeDep ROOT human-signals@5.0.0 OK for: execa@8.0.1 want: ^5.0.0
5222 silly placeDep node_modules/execa is-stream@3.0.0 OK for: execa@8.0.1 want: ^3.0.0
5223 silly placeDep ROOT merge-stream@2.0.0 OK for: execa@8.0.1 want: ^2.0.0
5224 silly placeDep ROOT npm-run-path@5.3.0 OK for: execa@8.0.1 want: ^5.1.0
5225 silly placeDep ROOT onetime@6.0.0 OK for: execa@8.0.1 want: ^6.0.0
5226 silly placeDep ROOT signal-exit@4.1.0 OK for: execa@8.0.1 want: ^4.1.0
5227 silly placeDep ROOT strip-final-newline@3.0.0 OK for: execa@8.0.1 want: ^3.0.0
5228 silly fetch manifest which@^2.0.1
5229 silly packumentCache full:https://registry.npmjs.org/which cache-miss
5230 silly fetch manifest path-key@^3.1.0
5231 silly packumentCache full:https://registry.npmjs.org/path-key cache-miss
5232 silly fetch manifest shebang-command@^2.0.0
5233 silly packumentCache full:https://registry.npmjs.org/shebang-command cache-miss
5234 http cache https://registry.npmjs.org/which 17ms (cache hit)
5235 silly packumentCache full:https://registry.npmjs.org/which set size:70087 disposed:false
5236 silly fetch manifest path-key@^4.0.0
5237 silly packumentCache full:https://registry.npmjs.org/path-key cache-miss
5238 http fetch GET 200 https://registry.npmjs.org/shebang-command 162ms (cache miss)
5239 silly packumentCache full:https://registry.npmjs.org/shebang-command set size:undefined disposed:false
5240 silly fetch manifest mimic-fn@^4.0.0
5241 silly packumentCache full:https://registry.npmjs.org/mimic-fn cache-miss
5242 http fetch GET 200 https://registry.npmjs.org/path-key 169ms (cache miss)
5243 silly packumentCache full:https://registry.npmjs.org/path-key set size:undefined disposed:false
5244 http fetch GET 200 https://registry.npmjs.org/path-key 158ms (cache miss)
5245 silly packumentCache full:https://registry.npmjs.org/path-key set size:undefined disposed:false
5246 http fetch GET 200 https://registry.npmjs.org/mimic-fn 149ms (cache miss)
5247 silly packumentCache full:https://registry.npmjs.org/mimic-fn set size:undefined disposed:false
5248 silly placeDep ROOT path-key@3.1.1 OK for: cross-spawn@7.0.6 want: ^3.1.0
5249 silly placeDep ROOT shebang-command@2.0.0 OK for: cross-spawn@7.0.6 want: ^2.0.0
5250 silly placeDep node_modules/cross-spawn which@2.0.2 OK for: cross-spawn@7.0.6 want: ^2.0.1
5251 silly fetch manifest shebang-regex@^3.0.0
5252 silly packumentCache full:https://registry.npmjs.org/shebang-regex cache-miss
5253 silly fetch manifest isexe@^2.0.0
5254 silly packumentCache full:https://registry.npmjs.org/isexe cache-miss
5255 http cache https://registry.npmjs.org/isexe 36ms (cache hit)
5256 silly packumentCache full:https://registry.npmjs.org/isexe set size:31756 disposed:false
5257 http fetch GET 200 https://registry.npmjs.org/shebang-regex 155ms (cache miss)
5258 silly packumentCache full:https://registry.npmjs.org/shebang-regex set size:undefined disposed:false
5259 silly placeDep node_modules/http-proxy eventemitter3@4.0.7 OK for: http-proxy@1.18.1 want: ^4.0.0
5260 silly placeDep ROOT requires-port@1.0.0 OK for: http-proxy@1.18.1 want: ^1.0.0
5261 silly placeDep ROOT system-architecture@0.1.0 OK for: is64bit@2.0.0 want: ^0.1.0
5262 silly placeDep node_modules/npm-run-path path-key@4.0.0 OK for: npm-run-path@5.3.0 want: ^4.0.0
5263 silly placeDep ROOT mimic-fn@4.0.0 OK for: onetime@6.0.0 want: ^4.0.0
5264 silly placeDep ROOT shebang-regex@3.0.0 OK for: shebang-command@2.0.0 want: ^3.0.0
5265 silly placeDep ROOT eastasianwidth@0.2.0 OK for: string-width@5.1.2 want: ^0.2.0
5266 silly placeDep ROOT emoji-regex@9.2.2 OK for: string-width@5.1.2 want: ^9.2.2
5267 silly placeDep ROOT strip-ansi@7.2.0 OK for: string-width@5.1.2 want: ^7.0.1
5268 silly fetch manifest ansi-regex@^6.2.2
5269 silly packumentCache full:https://registry.npmjs.org/ansi-regex cache-miss
5270 http fetch GET 200 https://registry.npmjs.org/ansi-regex 6008ms (cache miss)
5271 silly packumentCache full:https://registry.npmjs.org/ansi-regex set size:undefined disposed:false
5272 silly placeDep ROOT ansi-regex@6.3.0 OK for: strip-ansi@7.2.0 want: ^6.2.2
5273 silly placeDep ROOT isexe@3.1.5 OK for: which@4.0.0 want: ^3.1.1
5274 silly placeDep ROOT ansi-styles@6.2.3 OK for: wrap-ansi@8.1.0 want: ^6.1.0
5275 silly placeDep node_modules/wsl-utils powershell-utils@0.1.0 OK for: wsl-utils@1.0.0 want: ^0.1.0
5276 silly placeDep ROOT @oozcitak/dom@1.15.10 OK for: xmlbuilder2@3.1.1 want: 1.15.10
5277 silly placeDep ROOT @oozcitak/infra@1.0.8 OK for: xmlbuilder2@3.1.1 want: 1.0.8
5278 silly placeDep ROOT @oozcitak/util@8.3.8 OK for: xmlbuilder2@3.1.1 want: 8.3.8
5279 silly placeDep ROOT js-yaml@3.14.1 OK for: xmlbuilder2@3.1.1 want: 3.14.1
5280 silly fetch manifest @oozcitak/url@1.0.4
5281 silly packumentCache full:https://registry.npmjs.org/@oozcitak%2furl cache-miss
5282 silly fetch manifest esprima@^4.0.0
5283 silly packumentCache full:https://registry.npmjs.org/esprima cache-miss
5284 silly fetch manifest argparse@^1.0.7
5285 silly packumentCache full:https://registry.npmjs.org/argparse cache-miss
5286 http fetch GET 200 https://registry.npmjs.org/argparse 181ms (cache miss)
5287 silly packumentCache full:https://registry.npmjs.org/argparse set size:undefined disposed:false
5288 http fetch GET 200 https://registry.npmjs.org/esprima 186ms (cache miss)
5289 silly packumentCache full:https://registry.npmjs.org/esprima set size:undefined disposed:false
5290 http fetch GET 200 https://registry.npmjs.org/@oozcitak%2furl 198ms (cache miss)
5291 silly packumentCache full:https://registry.npmjs.org/@oozcitak%2furl set size:undefined disposed:false
5292 silly placeDep ROOT @oozcitak/url@1.0.4 OK for: @oozcitak/dom@1.15.10 want: 1.0.4
5293 silly placeDep ROOT argparse@1.0.10 OK for: js-yaml@3.14.1 want: ^1.0.7
5294 silly placeDep ROOT esprima@4.0.1 OK for: js-yaml@3.14.1 want: ^4.0.0
5295 silly fetch manifest sprintf-js@~1.0.2
5296 silly packumentCache full:https://registry.npmjs.org/sprintf-js cache-miss
5297 http fetch GET 200 https://registry.npmjs.org/sprintf-js 164ms (cache miss)
5298 silly packumentCache full:https://registry.npmjs.org/sprintf-js set size:undefined disposed:false
5299 silly placeDep ROOT sprintf-js@1.0.3 OK for: argparse@1.0.10 want: ~1.0.2
5300 silly placeDep ROOT cliui@9.0.1 OK for: yargs@18.1.0 want: ^9.0.1
5301 silly placeDep ROOT get-caller-file@2.0.5 OK for: yargs@18.1.0 want: ^2.0.5
5302 silly placeDep node_modules/yargs string-width@8.2.2 OK for: yargs@18.1.0 want: ^8.2.1
5303 silly placeDep ROOT y18n@5.0.8 OK for: yargs@18.1.0 want: ^5.0.5
5304 silly placeDep ROOT yargs-parser@22.0.0 OK for: yargs@18.1.0 want: ^22.0.0
5305 silly fetch manifest string-width@^7.2.0
5306 silly packumentCache full:https://registry.npmjs.org/string-width cache-hit
5307 silly fetch manifest wrap-ansi@^9.0.0
5308 silly packumentCache full:https://registry.npmjs.org/wrap-ansi cache-miss
5309 silly fetch manifest get-east-asian-width@^1.5.0
5310 silly packumentCache full:https://registry.npmjs.org/get-east-asian-width cache-miss
5311 http cache https://registry.npmjs.org/wrap-ansi 16ms (cache hit)
5312 silly packumentCache full:https://registry.npmjs.org/wrap-ansi set size:57461 disposed:false
5313 http fetch GET 200 https://registry.npmjs.org/get-east-asian-width 151ms (cache miss)
5314 silly packumentCache full:https://registry.npmjs.org/get-east-asian-width set size:undefined disposed:false
5315 silly placeDep node_modules/cliui string-width@7.2.0 OK for: cliui@9.0.1 want: ^7.2.0
5316 silly placeDep node_modules/cliui wrap-ansi@9.0.2 OK for: cliui@9.0.1 want: ^9.0.0
5317 silly fetch manifest emoji-regex@^10.3.0
5318 silly packumentCache full:https://registry.npmjs.org/emoji-regex cache-hit
5319 silly fetch manifest get-east-asian-width@^1.0.0
5320 silly packumentCache full:https://registry.npmjs.org/get-east-asian-width cache-miss
5321 http cache https://registry.npmjs.org/get-east-asian-width 16ms (cache hit)
5322 silly packumentCache full:https://registry.npmjs.org/get-east-asian-width set size:20538 disposed:false
5323 silly placeDep ROOT @poppinss/colors@4.1.6 OK for: youch@4.1.1 want: ^4.1.6
5324 silly placeDep ROOT @poppinss/dumper@0.7.0 OK for: youch@4.1.1 want: ^0.7.0
5325 silly placeDep ROOT @speed-highlight/core@1.2.24 OK for: youch@4.1.1 want: ^1.2.14
5326 silly placeDep node_modules/youch cookie-es@3.1.1 OK for: youch@4.1.1 want: ^3.0.1
5327 silly fetch manifest kleur@^4.1.5
5328 silly packumentCache full:https://registry.npmjs.org/kleur cache-miss
5329 silly fetch manifest @sindresorhus/is@^7.0.2
5330 silly packumentCache full:https://registry.npmjs.org/@sindresorhus%2fis cache-miss
5331 silly fetch manifest supports-color@^10.0.0
5332 silly packumentCache full:https://registry.npmjs.org/supports-color cache-miss
5333 http fetch GET 200 https://registry.npmjs.org/kleur 191ms (cache miss)
5334 silly packumentCache full:https://registry.npmjs.org/kleur set size:undefined disposed:false
5335 http fetch GET 200 https://registry.npmjs.org/@sindresorhus%2fis 253ms (cache miss)
5336 silly packumentCache full:https://registry.npmjs.org/@sindresorhus%2fis set size:undefined disposed:false
5337 http fetch GET 200 https://registry.npmjs.org/supports-color 287ms (cache miss)
5338 silly packumentCache full:https://registry.npmjs.org/supports-color set size:undefined disposed:false
5339 silly placeDep ROOT kleur@4.1.5 OK for: @poppinss/colors@4.1.6 want: ^4.1.5
5340 silly placeDep ROOT @sindresorhus/is@7.2.0 OK for: @poppinss/dumper@0.7.0 want: ^7.0.2
5341 silly placeDep ROOT supports-color@10.2.2 OK for: @poppinss/dumper@0.7.0 want: ^10.0.0
5342 silly placeDep ROOT @poppinss/exception@1.2.3 OK for: youch-core@0.3.3 want: ^1.2.2
5343 silly placeDep ROOT error-stack-parser-es@1.0.5 OK for: youch-core@0.3.3 want: ^1.0.5
5344 silly placeDep ROOT compress-commons@6.0.2 OK for: zip-stream@6.0.1 want: ^6.0.2
5345 silly fetch manifest crc-32@^1.2.0
5346 silly packumentCache full:https://registry.npmjs.org/crc-32 cache-miss
5347 silly fetch manifest crc32-stream@^6.0.0
5348 silly packumentCache full:https://registry.npmjs.org/crc32-stream cache-miss
5349 http fetch GET 200 https://registry.npmjs.org/crc-32 179ms (cache miss)
5350 silly packumentCache full:https://registry.npmjs.org/crc-32 set size:undefined disposed:false
5351 http fetch GET 200 https://registry.npmjs.org/crc32-stream 255ms (cache miss)
5352 silly packumentCache full:https://registry.npmjs.org/crc32-stream set size:undefined disposed:false
5353 silly placeDep ROOT crc-32@1.2.2 OK for: compress-commons@6.0.2 want: ^1.2.0
5354 silly placeDep ROOT crc32-stream@6.0.0 OK for: compress-commons@6.0.2 want: ^6.0.0
5355 silly placeDep node_modules/@mapbox/node-pre-gyp agent-base@7.1.4 OK for: https-proxy-agent@7.0.6 want: ^7.1.2
5356 silly placeDep ROOT whatwg-url@5.0.0 OK for: node-fetch@2.7.0 want: ^5.0.0
5357 silly fetch manifest tr46@~0.0.3
5358 silly packumentCache full:https://registry.npmjs.org/tr46 cache-miss
5359 silly fetch manifest webidl-conversions@^3.0.0
5360 silly packumentCache full:https://registry.npmjs.org/webidl-conversions cache-miss
5361 http fetch GET 200 https://registry.npmjs.org/tr46 274ms (cache miss)
5362 silly packumentCache full:https://registry.npmjs.org/tr46 set size:undefined disposed:false
5363 http fetch GET 200 https://registry.npmjs.org/webidl-conversions 369ms (cache miss)
5364 silly packumentCache full:https://registry.npmjs.org/webidl-conversions set size:undefined disposed:false
5365 silly placeDep ROOT tr46@0.0.3 OK for: whatwg-url@5.0.0 want: ~0.0.3
5366 silly placeDep ROOT webidl-conversions@3.0.1 OK for: whatwg-url@5.0.0 want: ^3.0.0
5367 silly fetch manifest @babel/core@^7.27.4
5368 silly packumentCache full:https://registry.npmjs.org/@babel%2fcore cache-hit
5369 silly placeDep ROOT @babel/preset-typescript@7.29.7 OK for: @tanstack/router-utils@1.141.0 want: ^7.27.1
5370 silly fetch manifest @babel/plugin-transform-typescript@^7.29.7
5371 silly packumentCache full:https://registry.npmjs.org/@babel%2fplugin-transform-typescript cache-miss
5372 silly fetch manifest @babel/plugin-transform-modules-commonjs@^7.29.7
5373 silly packumentCache full:https://registry.npmjs.org/@babel%2fplugin-transform-modules-commonjs cache-miss
5374 http fetch GET 200 https://registry.npmjs.org/@babel%2fplugin-transform-modules-commonjs 229ms (cache miss)
5375 silly packumentCache full:https://registry.npmjs.org/@babel%2fplugin-transform-modules-commonjs set size:undefined disposed:false
5376 http fetch GET 200 https://registry.npmjs.org/@babel%2fplugin-transform-typescript 249ms (cache miss)
5377 silly packumentCache full:https://registry.npmjs.org/@babel%2fplugin-transform-typescript set size:undefined disposed:false
5378 silly fetch manifest @babel/core@^7.0.0-0
5379 silly packumentCache full:https://registry.npmjs.org/@babel%2fcore cache-hit
5380 silly placeDep ROOT @babel/plugin-transform-modules-commonjs@7.29.7 OK for: @babel/preset-typescript@7.29.7 want: ^7.29.7
5381 silly placeDep ROOT @babel/plugin-transform-typescript@7.29.7 OK for: @babel/preset-typescript@7.29.7 want: ^7.29.7
5382 silly fetch manifest @babel/helper-annotate-as-pure@^7.29.7
5383 silly packumentCache full:https://registry.npmjs.org/@babel%2fhelper-annotate-as-pure cache-miss
5384 silly fetch manifest @babel/helper-create-class-features-plugin@^7.29.7
5385 silly packumentCache full:https://registry.npmjs.org/@babel%2fhelper-create-class-features-plugin cache-miss
5386 silly fetch manifest @babel/helper-skip-transparent-expression-wrappers@^7.29.7
5387 silly packumentCache full:https://registry.npmjs.org/@babel%2fhelper-skip-transparent-expression-wrappers cache-miss
5388 http fetch GET 200 https://registry.npmjs.org/@babel%2fhelper-skip-transparent-expression-wrappers 417ms (cache miss)
5389 silly packumentCache full:https://registry.npmjs.org/@babel%2fhelper-skip-transparent-expression-wrappers set size:undefined disposed:false
5390 http fetch GET 200 https://registry.npmjs.org/@babel%2fhelper-annotate-as-pure 438ms (cache miss)
5391 silly packumentCache full:https://registry.npmjs.org/@babel%2fhelper-annotate-as-pure set size:undefined disposed:false
5392 http fetch GET 200 https://registry.npmjs.org/@babel%2fhelper-create-class-features-plugin 444ms (cache miss)
5393 silly packumentCache full:https://registry.npmjs.org/@babel%2fhelper-create-class-features-plugin set size:undefined disposed:false
5394 silly placeDep ROOT @babel/helper-annotate-as-pure@7.29.7 OK for: @babel/plugin-transform-typescript@7.29.7 want: ^7.29.7
5395 silly placeDep ROOT @babel/helper-create-class-features-plugin@7.29.7 OK for: @babel/plugin-transform-typescript@7.29.7 want: ^7.29.7
5396 silly placeDep ROOT @babel/helper-skip-transparent-expression-wrappers@7.29.7 OK for: @babel/plugin-transform-typescript@7.29.7 want: ^7.29.7
5397 silly fetch manifest @babel/helper-replace-supers@^7.29.7
5398 silly packumentCache full:https://registry.npmjs.org/@babel%2fhelper-replace-supers cache-miss
5399 silly fetch manifest @babel/helper-optimise-call-expression@^7.29.7
5400 silly packumentCache full:https://registry.npmjs.org/@babel%2fhelper-optimise-call-expression cache-miss
5401 silly fetch manifest @babel/helper-member-expression-to-functions@^7.29.7
5402 silly packumentCache full:https://registry.npmjs.org/@babel%2fhelper-member-expression-to-functions cache-miss
5403 http fetch GET 200 https://registry.npmjs.org/@babel%2fhelper-member-expression-to-functions 501ms (cache miss)
5404 silly packumentCache full:https://registry.npmjs.org/@babel%2fhelper-member-expression-to-functions set size:undefined disposed:false
5405 http fetch GET 200 https://registry.npmjs.org/@babel%2fhelper-replace-supers 518ms (cache miss)
5406 silly packumentCache full:https://registry.npmjs.org/@babel%2fhelper-replace-supers set size:undefined disposed:false
5407 http fetch GET 200 https://registry.npmjs.org/@babel%2fhelper-optimise-call-expression 1261ms (cache miss)
5408 silly packumentCache full:https://registry.npmjs.org/@babel%2fhelper-optimise-call-expression set size:undefined disposed:false
5409 silly placeDep ROOT @babel/helper-member-expression-to-functions@7.29.7 OK for: @babel/helper-create-class-features-plugin@7.29.7 want: ^7.29.7
5410 silly placeDep ROOT @babel/helper-optimise-call-expression@7.29.7 OK for: @babel/helper-create-class-features-plugin@7.29.7 want: ^7.29.7
5411 silly placeDep ROOT @babel/helper-replace-supers@7.29.7 OK for: @babel/helper-create-class-features-plugin@7.29.7 want: ^7.29.7
5412 silly placeDep node_modules/@tanstack/react-start-client @tanstack/history@1.162.1 OK for: @tanstack/react-router@1.170.32 want: 1.162.1
5413 silly placeDep node_modules/@tanstack/react-start-client @tanstack/react-store@0.9.3 OK for: @tanstack/react-router@1.170.32 want: ^0.9.3
5414 silly placeDep ROOT isbot@5.2.2 OK for: @tanstack/react-router@1.170.32 want: ^5.1.22
5415 silly fetch manifest @tanstack/store@0.9.3
5416 silly packumentCache full:https://registry.npmjs.org/@tanstack%2fstore cache-miss
5417 http cache https://registry.npmjs.org/@tanstack%2fstore 75ms (cache hit)
5418 silly packumentCache full:https://registry.npmjs.org/@tanstack%2fstore set size:169429 disposed:false
5419 silly placeDep node_modules/@tanstack/react-start-client @tanstack/store@0.9.3 OK for: @tanstack/react-store@0.9.3 want: 0.9.3
5420 silly placeDep node_modules/@tanstack/react-start-client cookie-es@3.1.1 OK for: @tanstack/router-core@1.171.27 want: ^3.0.0
5421 silly placeDep ROOT seroval-plugins@1.6.4 OK for: @tanstack/router-core@1.171.27 want: ^1.6.2
5422 silly placeDep node_modules/@tanstack/react-start-config @tanstack/history@1.162.1 OK for: @tanstack/react-router@1.170.32 want: 1.162.1
5423 silly placeDep node_modules/@tanstack/react-start-config @tanstack/react-store@0.9.3 OK for: @tanstack/react-router@1.170.32 want: ^0.9.3
5424 silly placeDep node_modules/@tanstack/react-start-config @tanstack/store@0.9.3 OK for: @tanstack/react-store@0.9.3 want: 0.9.3
5425 silly placeDep node_modules/@tanstack/react-start-config cookie-es@3.1.1 OK for: @tanstack/router-core@1.171.27 want: ^3.0.0
5426 silly fetch manifest rolldown@*
5427 silly packumentCache full:https://registry.npmjs.org/rolldown cache-miss
5428 http cache https://registry.npmjs.org/rolldown 54ms (cache hit)
5429 silly packumentCache full:https://registry.npmjs.org/rolldown set size:3801673 disposed:false
5430 silly fetch manifest vite@>=5.0.0 || >=6.0.0 || >=7.0.0 || >=8.0.0
5431 silly packumentCache full:https://registry.npmjs.org/vite cache-miss
5432 http cache https://registry.npmjs.org/vite 493ms (cache hit)
5433 silly packumentCache full:https://registry.npmjs.org/vite set size:38929639 disposed:false
5434 silly placeDep node_modules/@tanstack/react-start-config/node_modules/@tanstack/router-plugin unplugin@3.3.0 CONFLICT for: @tanstack/router-plugin@1.168.35 want: ^3.0.0
5435 silly placeDep node_modules/@tanstack/react-start-config/node_modules/@tanstack/router-plugin zod@4.5.4 OK for: @tanstack/router-plugin@1.168.35 want: ^4.4.3
5436 silly placeDep node_modules/@tanstack/react-start-config @rolldown/pluginutils@1.0.0-beta.27 OK for: @vitejs/plugin-react@4.7.0 want: 1.0.0-beta.27
5437 silly placeDep node_modules/@tanstack/react-start-config react-refresh@0.17.0 OK for: @vitejs/plugin-react@4.7.0 want: ^0.17.0
5438 silly placeDep node_modules/@tanstack/react-start-router-manifest @tanstack/history@1.162.1 OK for: @tanstack/router-core@1.171.27 want: 1.162.1
5439 silly placeDep node_modules/@tanstack/react-start-router-manifest cookie-es@3.1.1 OK for: @tanstack/router-core@1.171.27 want: ^3.0.0
5440 silly placeDep node_modules/@tanstack/react-start-server @tanstack/history@1.162.1 OK for: @tanstack/react-router@1.170.32 want: 1.162.1
5441 silly placeDep node_modules/@tanstack/react-start-server @tanstack/react-store@0.9.3 OK for: @tanstack/react-router@1.170.32 want: ^0.9.3
5442 silly placeDep node_modules/@tanstack/react-start-server @tanstack/store@0.9.3 OK for: @tanstack/react-store@0.9.3 want: 0.9.3
5443 silly placeDep node_modules/@tanstack/react-start-server cookie-es@3.1.1 OK for: @tanstack/router-core@1.171.27 want: ^3.0.0
5444 silly placeDep node_modules/@tanstack/router-generator @tanstack/history@1.162.1 OK for: @tanstack/router-core@1.171.27 want: 1.162.1
5445 silly placeDep node_modules/@tanstack/router-generator cookie-es@3.1.1 OK for: @tanstack/router-core@1.171.27 want: ^3.0.0
5446 silly placeDep node_modules/@tanstack/start-api-routes @tanstack/history@1.162.1 OK for: @tanstack/router-core@1.171.27 want: 1.162.1
5447 silly placeDep node_modules/@tanstack/start-api-routes cookie-es@3.1.1 OK for: @tanstack/router-core@1.171.27 want: ^3.0.0
5448 silly placeDep node_modules/@tanstack/start-client-core @tanstack/history@1.162.1 OK for: @tanstack/router-core@1.171.27 want: 1.162.1
5449 silly placeDep node_modules/@tanstack/start-client-core cookie-es@3.1.1 OK for: @tanstack/router-core@1.171.27 want: ^3.0.0
5450 silly placeDep node_modules/@tanstack/start-plugin-core @tanstack/history@1.162.1 OK for: @tanstack/react-router@1.170.32 want: 1.162.1
5451 silly placeDep node_modules/@tanstack/start-plugin-core @tanstack/react-store@0.9.3 OK for: @tanstack/react-router@1.170.32 want: ^0.9.3
5452 silly placeDep node_modules/@tanstack/start-plugin-core/node_modules/@tanstack/react-router @tanstack/router-core@1.171.27 OK for: @tanstack/react-router@1.170.32 want: 1.171.27
5453 silly placeDep node_modules/@tanstack/start-plugin-core/node_modules/@tanstack/react-store @tanstack/store@0.9.3 OK for: @tanstack/react-store@0.9.3 want: 0.9.3
5454 silly placeDep node_modules/@tanstack/start-plugin-core/node_modules/@tanstack/router-core @tanstack/history@1.131.2 OK for: @tanstack/router-core@1.131.50 want: 1.131.2
5455 silly placeDep node_modules/@tanstack/start-plugin-core @tanstack/virtual-file-routes@1.131.2 OK for: @tanstack/router-generator@1.131.50 want: 1.131.2
5456 silly placeDep ROOT recast@0.23.21 OK for: @tanstack/router-generator@1.131.50 want: ^0.23.11
5457 silly fetch manifest ast-types@^0.16.1
5458 silly packumentCache full:https://registry.npmjs.org/ast-types cache-miss
5459 silly fetch manifest source-map@~0.6.1
5460 silly packumentCache full:https://registry.npmjs.org/source-map cache-hit
5461 http fetch GET 200 https://registry.npmjs.org/ast-types 215ms (cache miss)
5462 silly packumentCache full:https://registry.npmjs.org/ast-types set size:undefined disposed:false
5463 silly placeDep ROOT ast-types@0.16.1 OK for: recast@0.23.21 want: ^0.16.1
5464 silly placeDep node_modules/recast source-map@0.6.1 OK for: recast@0.23.21 want: ~0.6.1
5465 silly placeDep node_modules/@tanstack/start-plugin-core chokidar@3.6.0 OK for: @tanstack/router-plugin@1.131.50 want: ^3.6.0
5466 silly placeDep node_modules/@tanstack/start-plugin-core/node_modules/@tanstack/server-functions-plugin @babel/code-frame@7.27.1 OK for: @tanstack/server-functions-plugin@1.131.2 want: 7.27.1
5467 silly placeDep node_modules/@tanstack/start-plugin-core @tanstack/directive-functions-plugin@1.131.2 OK for: @tanstack/server-functions-plugin@1.131.2 want: 1.131.2
5468 silly placeDep node_modules/@tanstack/start-plugin-core/node_modules/@tanstack/directive-functions-plugin @babel/code-frame@7.27.1 OK for: @tanstack/directive-functions-plugin@1.131.2 want: 7.27.1
5469 silly placeDep node_modules/@tanstack/start-plugin-core/node_modules/@tanstack/start-server-core @tanstack/history@1.131.2 OK for: @tanstack/start-server-core@1.131.50 want: 1.131.2
5470 silly placeDep node_modules/@tanstack/start-plugin-core @tanstack/start-client-core@1.131.50 OK for: @tanstack/start-server-core@1.131.50 want: 1.131.50
5471 silly placeDep node_modules/@tanstack/start-plugin-core @tanstack/start-storage-context@1.131.50 OK for: @tanstack/start-server-core@1.131.50 want: 1.131.50
5472 silly placeDep ROOT anymatch@3.1.3 OK for: chokidar@3.6.0 want: ~3.1.2
5473 silly placeDep ROOT is-binary-path@2.1.0 OK for: chokidar@3.6.0 want: ~2.1.0
5474 silly placeDep node_modules/@tanstack/start-plugin-core readdirp@3.6.0 OK for: chokidar@3.6.0 want: ~3.6.0
5475 silly fetch manifest picomatch@^2.0.4
5476 silly packumentCache full:https://registry.npmjs.org/picomatch cache-hit
5477 silly fetch manifest binary-extensions@^2.0.0
5478 silly packumentCache full:https://registry.npmjs.org/binary-extensions cache-miss
5479 silly fetch manifest picomatch@^2.2.1
5480 silly packumentCache full:https://registry.npmjs.org/picomatch cache-hit
5481 http fetch GET 200 https://registry.npmjs.org/binary-extensions 340ms (cache miss)
5482 silly packumentCache full:https://registry.npmjs.org/binary-extensions set size:undefined disposed:false
5483 silly placeDep node_modules/anymatch picomatch@2.3.2 OK for: anymatch@3.1.3 want: ^2.0.4
5484 silly placeDep ROOT binary-extensions@2.3.0 OK for: is-binary-path@2.1.0 want: ^2.0.0
5485 silly placeDep node_modules/@tanstack/start-plugin-core picomatch@2.3.2 OK for: readdirp@3.6.0 want: ^2.2.1
5486 silly placeDep node_modules/@tanstack/start-server-core cookie-es@3.1.1 OK for: @tanstack/router-core@1.171.27 want: ^3.0.0
5487 silly placeDep node_modules/@tanstack/start-server-functions-client @tanstack/directive-functions-plugin@1.131.2 OK for: @tanstack/server-functions-plugin@1.131.2 want: 1.131.2
5488 silly placeDep node_modules/@tanstack/start-server-functions-client @tanstack/router-utils@1.131.2 OK for: @tanstack/directive-functions-plugin@1.131.2 want: 1.131.2
5489 silly placeDep node_modules/@tanstack/start-server-functions-fetcher @tanstack/history@1.131.2 OK for: @tanstack/router-core@1.131.50 want: 1.131.2
5490 silly placeDep node_modules/@tanstack/start-server-functions-fetcher @tanstack/start-storage-context@1.131.50 OK for: @tanstack/start-client-core@1.131.50 want: 1.131.50
5491 silly placeDep node_modules/@tanstack/start-server-functions-handler @tanstack/history@1.162.1 OK for: @tanstack/router-core@1.171.27 want: 1.162.1
5492 silly placeDep node_modules/@tanstack/start-server-functions-handler cookie-es@3.1.1 OK for: @tanstack/router-core@1.171.27 want: ^3.0.0
5493 silly placeDep node_modules/@tanstack/start-server-functions-server @tanstack/directive-functions-plugin@1.131.2 OK for: @tanstack/server-functions-plugin@1.131.2 want: 1.131.2
5494 silly placeDep node_modules/@tanstack/start-server-functions-server @tanstack/router-utils@1.131.2 OK for: @tanstack/directive-functions-plugin@1.131.2 want: 1.131.2
5495 silly placeDep node_modules/@tanstack/start-storage-context @tanstack/history@1.162.1 OK for: @tanstack/router-core@1.171.27 want: 1.162.1
5496 silly placeDep node_modules/@tanstack/start-storage-context cookie-es@3.1.1 OK for: @tanstack/router-core@1.171.27 want: ^3.0.0
5497 silly placeDep ROOT @types/mime@1.3.5 OK for: @types/send@0.17.6 want: ^1
5498 silly placeDep node_modules/ansi-align emoji-regex@8.0.0 OK for: string-width@4.2.3 want: ^8.0.0
5499 silly placeDep ROOT is-fullwidth-code-point@3.0.0 OK for: string-width@4.2.3 want: ^3.0.0
5500 silly placeDep node_modules/ansi-align strip-ansi@6.0.1 OK for: string-width@4.2.3 want: ^6.0.1
5501 silly fetch manifest ansi-regex@^5.0.1
5502 silly packumentCache full:https://registry.npmjs.org/ansi-regex cache-miss
5503 http cache https://registry.npmjs.org/ansi-regex 69ms (cache hit)
5504 silly packumentCache full:https://registry.npmjs.org/ansi-regex set size:48203 disposed:false
5505 silly placeDep node_modules/ansi-align ansi-regex@5.0.1 OK for: strip-ansi@6.0.1 want: ^5.0.1
5506 silly placeDep ROOT foreground-child@3.3.1 OK for: glob@10.5.0 want: ^3.1.0
5507 silly placeDep ROOT jackspeak@3.4.3 OK for: glob@10.5.0 want: ^3.1.2
5508 silly placeDep node_modules/archiver-utils minimatch@9.0.9 OK for: glob@10.5.0 want: ^9.0.4
5509 silly placeDep ROOT package-json-from-dist@1.0.1 OK for: glob@10.5.0 want: ^1.0.0
5510 silly placeDep node_modules/archiver-utils path-scurry@1.11.1 OK for: glob@10.5.0 want: ^1.11.1
5511 silly fetch manifest @isaacs/cliui@^8.0.2
5512 silly packumentCache full:https://registry.npmjs.org/@isaacs%2fcliui cache-miss
5513 silly fetch manifest @pkgjs/parseargs@^0.11.0
5514 silly packumentCache full:https://registry.npmjs.org/@pkgjs%2fparseargs cache-miss
5515 silly fetch manifest brace-expansion@^2.0.2
5516 silly packumentCache full:https://registry.npmjs.org/brace-expansion cache-hit
5517 silly fetch manifest lru-cache@^10.2.0
5518 silly packumentCache full:https://registry.npmjs.org/lru-cache cache-hit
5519 http fetch GET 200 https://registry.npmjs.org/@isaacs%2fcliui 344ms (cache miss)
5520 silly packumentCache full:https://registry.npmjs.org/@isaacs%2fcliui set size:undefined disposed:false
5521 http fetch GET 200 https://registry.npmjs.org/@pkgjs%2fparseargs 391ms (cache miss)
5522 silly packumentCache full:https://registry.npmjs.org/@pkgjs%2fparseargs set size:undefined disposed:false
5523 silly placeDep ROOT @isaacs/cliui@8.0.2 OK for: jackspeak@3.4.3 want: ^8.0.2
5524 silly placeDep ROOT @pkgjs/parseargs@0.11.0 OK for: jackspeak@3.4.3 want: ^0.11.0
5525 silly fetch manifest wrap-ansi-cjs@npm:wrap-ansi@^7.0.0
5526 silly packumentCache full:https://registry.npmjs.org/wrap-ansi cache-hit
5527 silly fetch manifest strip-ansi-cjs@npm:strip-ansi@^6.0.1
5528 silly packumentCache full:https://registry.npmjs.org/strip-ansi cache-hit
5529 silly fetch manifest string-width-cjs@npm:string-width@^4.2.0
5530 silly packumentCache full:https://registry.npmjs.org/string-width cache-hit
5531 silly placeDep ROOT string-width-cjs@4.2.3 OK for: @isaacs/cliui@8.0.2 want: npm:string-width@^4.2.0
5532 silly placeDep ROOT strip-ansi-cjs@6.0.1 OK for: @isaacs/cliui@8.0.2 want: npm:strip-ansi@^6.0.1
5533 silly placeDep ROOT wrap-ansi-cjs@7.0.0 OK for: @isaacs/cliui@8.0.2 want: npm:wrap-ansi@^7.0.0
5534 silly fetch manifest strip-ansi@^6.0.0
5535 silly packumentCache full:https://registry.npmjs.org/strip-ansi cache-hit
5536 silly fetch manifest ansi-styles@^4.0.0
5537 silly packumentCache full:https://registry.npmjs.org/ansi-styles cache-miss
5538 http cache https://registry.npmjs.org/ansi-styles 13ms (cache hit)
5539 silly packumentCache full:https://registry.npmjs.org/ansi-styles set size:71772 disposed:false
5540 silly placeDep node_modules/string-width-cjs emoji-regex@8.0.0 OK for: string-width@4.2.3 want: ^8.0.0
5541 silly placeDep node_modules/string-width-cjs strip-ansi@6.0.1 OK for: string-width@4.2.3 want: ^6.0.1
5542 silly placeDep node_modules/strip-ansi-cjs ansi-regex@5.0.1 OK for: strip-ansi@6.0.1 want: ^5.0.1
5543 silly placeDep node_modules/wrap-ansi-cjs ansi-styles@4.3.0 OK for: wrap-ansi@7.0.0 want: ^4.0.0
5544 silly placeDep node_modules/wrap-ansi-cjs string-width@4.2.3 OK for: wrap-ansi@7.0.0 want: ^4.1.0
5545 silly placeDep node_modules/wrap-ansi-cjs strip-ansi@6.0.1 OK for: wrap-ansi@7.0.0 want: ^6.0.0
5546 silly fetch manifest color-convert@^2.0.1
5547 silly packumentCache full:https://registry.npmjs.org/color-convert cache-miss
5548 http fetch GET 200 https://registry.npmjs.org/color-convert 168ms (cache miss)
5549 silly packumentCache full:https://registry.npmjs.org/color-convert set size:undefined disposed:false
5550 silly placeDep node_modules/archiver-utils brace-expansion@2.1.4 OK for: minimatch@9.0.9 want: ^2.0.2
5551 silly fetch manifest balanced-match@^1.0.0
5552 silly packumentCache full:https://registry.npmjs.org/balanced-match cache-miss
5553 http cache https://registry.npmjs.org/balanced-match 24ms (cache hit)
5554 silly packumentCache full:https://registry.npmjs.org/balanced-match set size:39082 disposed:false
5555 silly placeDep node_modules/archiver-utils balanced-match@1.0.2 OK for: brace-expansion@2.1.4 want: ^1.0.0
5556 silly placeDep node_modules/archiver-utils lru-cache@10.4.3 OK for: path-scurry@1.11.1 want: ^10.2.0
5557 silly placeDep node_modules/body-parser ms@2.0.0 OK for: debug@2.6.9 want: 2.0.0
5558 silly placeDep node_modules/cliui emoji-regex@10.6.0 OK for: string-width@7.2.0 want: ^10.3.0
5559 silly placeDep ROOT get-east-asian-width@1.6.0 OK for: string-width@7.2.0 want: ^1.0.0
5560 silly placeDep node_modules/cross-spawn isexe@2.0.0 OK for: which@2.0.2 want: ^2.0.0
5561 silly placeDep node_modules/express ms@2.0.0 OK for: debug@2.6.9 want: 2.0.0
5562 silly placeDep node_modules/finalhandler ms@2.0.0 OK for: debug@2.6.9 want: 2.0.0
5563 silly placeDep node_modules/gaxios agent-base@7.1.4 OK for: https-proxy-agent@7.0.6 want: ^7.1.2
5564 silly placeDep ROOT core-util-is@1.0.3 OK for: readable-stream@2.3.8 want: ~1.0.0
5565 silly placeDep ROOT isarray@1.0.0 OK for: readable-stream@2.3.8 want: ~1.0.0
5566 silly placeDep ROOT process-nextick-args@2.0.1 OK for: readable-stream@2.3.8 want: ~2.0.0
5567 silly placeDep node_modules/lazystream safe-buffer@5.1.2 OK for: readable-stream@2.3.8 want: ~5.1.1
5568 silly placeDep node_modules/lazystream string_decoder@1.1.1 OK for: readable-stream@2.3.8 want: ~1.1.1
5569 silly placeDep ROOT util-deprecate@1.0.2 OK for: readable-stream@2.3.8 want: ~1.0.1
5570 silly placeDep node_modules/listhen/node_modules/h3 crossws@0.3.5 OK for: h3@1.15.11 want: ^0.3.5
5571 silly placeDep node_modules/mlly confbox@0.1.8 OK for: pkg-types@1.3.1 want: ^0.1.8
5572 silly placeDep node_modules/nitropack @esbuild/aix-ppc64@0.28.2 OK for: esbuild@0.28.2 want: 0.28.2
5573 silly placeDep node_modules/nitropack @esbuild/android-arm@0.28.2 OK for: esbuild@0.28.2 want: 0.28.2
5574 silly placeDep node_modules/nitropack @esbuild/android-arm64@0.28.2 OK for: esbuild@0.28.2 want: 0.28.2
5575 silly placeDep node_modules/nitropack @esbuild/android-x64@0.28.2 OK for: esbuild@0.28.2 want: 0.28.2
5576 silly placeDep node_modules/nitropack @esbuild/darwin-arm64@0.28.2 OK for: esbuild@0.28.2 want: 0.28.2
5577 silly placeDep node_modules/nitropack @esbuild/darwin-x64@0.28.2 OK for: esbuild@0.28.2 want: 0.28.2
5578 silly placeDep node_modules/nitropack @esbuild/freebsd-arm64@0.28.2 OK for: esbuild@0.28.2 want: 0.28.2
5579 silly placeDep node_modules/nitropack @esbuild/freebsd-x64@0.28.2 OK for: esbuild@0.28.2 want: 0.28.2
5580 silly placeDep node_modules/nitropack @esbuild/linux-arm@0.28.2 OK for: esbuild@0.28.2 want: 0.28.2
5581 silly placeDep node_modules/nitropack @esbuild/linux-arm64@0.28.2 OK for: esbuild@0.28.2 want: 0.28.2
5582 silly placeDep node_modules/nitropack @esbuild/linux-ia32@0.28.2 OK for: esbuild@0.28.2 want: 0.28.2
5583 silly placeDep node_modules/nitropack @esbuild/linux-loong64@0.28.2 OK for: esbuild@0.28.2 want: 0.28.2
5584 silly placeDep node_modules/nitropack @esbuild/linux-mips64el@0.28.2 OK for: esbuild@0.28.2 want: 0.28.2
5585 silly placeDep node_modules/nitropack @esbuild/linux-ppc64@0.28.2 OK for: esbuild@0.28.2 want: 0.28.2
5586 silly placeDep node_modules/nitropack @esbuild/linux-riscv64@0.28.2 OK for: esbuild@0.28.2 want: 0.28.2
5587 silly placeDep node_modules/nitropack @esbuild/linux-s390x@0.28.2 OK for: esbuild@0.28.2 want: 0.28.2
5588 silly placeDep node_modules/nitropack @esbuild/linux-x64@0.28.2 OK for: esbuild@0.28.2 want: 0.28.2
5589 silly placeDep node_modules/nitropack @esbuild/netbsd-arm64@0.28.2 OK for: esbuild@0.28.2 want: 0.28.2
5590 silly placeDep node_modules/nitropack @esbuild/netbsd-x64@0.28.2 OK for: esbuild@0.28.2 want: 0.28.2
5591 silly placeDep node_modules/nitropack @esbuild/openbsd-arm64@0.28.2 OK for: esbuild@0.28.2 want: 0.28.2
5592 silly placeDep node_modules/nitropack @esbuild/openbsd-x64@0.28.2 OK for: esbuild@0.28.2 want: 0.28.2
5593 silly placeDep node_modules/nitropack @esbuild/openharmony-arm64@0.28.2 OK for: esbuild@0.28.2 want: 0.28.2
5594 silly placeDep node_modules/nitropack @esbuild/sunos-x64@0.28.2 OK for: esbuild@0.28.2 want: 0.28.2
5595 silly placeDep node_modules/nitropack @esbuild/win32-arm64@0.28.2 OK for: esbuild@0.28.2 want: 0.28.2
5596 silly placeDep node_modules/nitropack @esbuild/win32-ia32@0.28.2 OK for: esbuild@0.28.2 want: 0.28.2
5597 silly placeDep node_modules/nitropack @esbuild/win32-x64@0.28.2 OK for: esbuild@0.28.2 want: 0.28.2
5598 silly placeDep node_modules/nitropack/node_modules/h3 cookie-es@1.2.3 OK for: h3@1.15.11 want: ^1.2.3
5599 silly placeDep node_modules/nitropack send@1.2.1 OK for: serve-static@2.2.1 want: ^1.2.0
5600 silly fetch manifest fresh@^2.0.0
5601 silly packumentCache full:https://registry.npmjs.org/fresh cache-miss
5602 silly fetch manifest mime-types@^3.0.2
5603 silly packumentCache full:https://registry.npmjs.org/mime-types cache-hit
5604 http cache https://registry.npmjs.org/fresh 410ms (cache hit)
5605 silly packumentCache full:https://registry.npmjs.org/fresh set size:25427 disposed:false
5606 silly placeDep node_modules/nitropack fresh@2.0.0 OK for: send@1.2.1 want: ^2.0.0
5607 silly placeDep node_modules/nitropack mime-types@3.0.2 OK for: send@1.2.1 want: ^3.0.2
5608 silly fetch manifest mime-db@^1.54.0
5609 silly packumentCache full:https://registry.npmjs.org/mime-db cache-miss
5610 http cache https://registry.npmjs.org/mime-db 13ms (cache hit)
5611 silly packumentCache full:https://registry.npmjs.org/mime-db set size:164953 disposed:false
5612 silly placeDep node_modules/nitropack mime-db@1.54.0 OK for: mime-types@3.0.2 want: ^1.54.0
5613 silly placeDep node_modules/nitropack lru-cache@11.5.2 OK for: unstorage@1.17.5 want: ^11.2.7
5614 silly placeDep node_modules/readdir-glob brace-expansion@2.1.4 OK for: minimatch@5.1.9 want: ^2.0.1
5615 silly placeDep node_modules/readdir-glob balanced-match@1.0.2 OK for: brace-expansion@2.1.4 want: ^1.0.0
5616 silly placeDep node_modules/send/node_modules/debug ms@2.0.0 OK for: debug@2.6.9 want: 2.0.0
5617 silly placeDep node_modules/string-width-cjs ansi-regex@5.0.1 OK for: strip-ansi@6.0.1 want: ^5.0.1
5618 silly placeDep node_modules/tsx @esbuild/aix-ppc64@0.28.2 OK for: esbuild@0.28.2 want: 0.28.2
5619 silly placeDep node_modules/tsx @esbuild/android-arm@0.28.2 OK for: esbuild@0.28.2 want: 0.28.2
5620 silly placeDep node_modules/tsx @esbuild/android-arm64@0.28.2 OK for: esbuild@0.28.2 want: 0.28.2
5621 silly placeDep node_modules/tsx @esbuild/android-x64@0.28.2 OK for: esbuild@0.28.2 want: 0.28.2
5622 silly placeDep node_modules/tsx @esbuild/darwin-arm64@0.28.2 OK for: esbuild@0.28.2 want: 0.28.2
5623 silly placeDep node_modules/tsx @esbuild/darwin-x64@0.28.2 OK for: esbuild@0.28.2 want: 0.28.2
5624 silly placeDep node_modules/tsx @esbuild/freebsd-arm64@0.28.2 OK for: esbuild@0.28.2 want: 0.28.2
5625 silly placeDep node_modules/tsx @esbuild/freebsd-x64@0.28.2 OK for: esbuild@0.28.2 want: 0.28.2
5626 silly placeDep node_modules/tsx @esbuild/linux-arm@0.28.2 OK for: esbuild@0.28.2 want: 0.28.2
5627 silly placeDep node_modules/tsx @esbuild/linux-arm64@0.28.2 OK for: esbuild@0.28.2 want: 0.28.2
5628 silly placeDep node_modules/tsx @esbuild/linux-ia32@0.28.2 OK for: esbuild@0.28.2 want: 0.28.2
5629 silly placeDep node_modules/tsx @esbuild/linux-loong64@0.28.2 OK for: esbuild@0.28.2 want: 0.28.2
5630 silly placeDep node_modules/tsx @esbuild/linux-mips64el@0.28.2 OK for: esbuild@0.28.2 want: 0.28.2
5631 silly placeDep node_modules/tsx @esbuild/linux-ppc64@0.28.2 OK for: esbuild@0.28.2 want: 0.28.2
5632 silly placeDep node_modules/tsx @esbuild/linux-riscv64@0.28.2 OK for: esbuild@0.28.2 want: 0.28.2
5633 silly placeDep node_modules/tsx @esbuild/linux-s390x@0.28.2 OK for: esbuild@0.28.2 want: 0.28.2
5634 silly placeDep node_modules/tsx @esbuild/linux-x64@0.28.2 OK for: esbuild@0.28.2 want: 0.28.2
5635 silly placeDep node_modules/tsx @esbuild/netbsd-arm64@0.28.2 OK for: esbuild@0.28.2 want: 0.28.2
5636 silly placeDep node_modules/tsx @esbuild/netbsd-x64@0.28.2 OK for: esbuild@0.28.2 want: 0.28.2
5637 silly placeDep node_modules/tsx @esbuild/openbsd-arm64@0.28.2 OK for: esbuild@0.28.2 want: 0.28.2
5638 silly placeDep node_modules/tsx @esbuild/openbsd-x64@0.28.2 OK for: esbuild@0.28.2 want: 0.28.2
5639 silly placeDep node_modules/tsx @esbuild/openharmony-arm64@0.28.2 OK for: esbuild@0.28.2 want: 0.28.2
5640 silly placeDep node_modules/tsx @esbuild/sunos-x64@0.28.2 OK for: esbuild@0.28.2 want: 0.28.2
5641 silly placeDep node_modules/tsx @esbuild/win32-arm64@0.28.2 OK for: esbuild@0.28.2 want: 0.28.2
5642 silly placeDep node_modules/tsx @esbuild/win32-ia32@0.28.2 OK for: esbuild@0.28.2 want: 0.28.2
5643 silly placeDep node_modules/tsx @esbuild/win32-x64@0.28.2 OK for: esbuild@0.28.2 want: 0.28.2
5644 silly placeDep node_modules/vinxi readdirp@3.6.0 OK for: chokidar@3.6.0 want: ~3.6.0
5645 silly placeDep node_modules/vinxi @esbuild/aix-ppc64@0.20.2 OK for: esbuild@0.20.2 want: 0.20.2
5646 silly placeDep node_modules/vinxi @esbuild/android-arm@0.20.2 OK for: esbuild@0.20.2 want: 0.20.2
5647 silly placeDep node_modules/vinxi @esbuild/android-arm64@0.20.2 OK for: esbuild@0.20.2 want: 0.20.2
5648 silly placeDep node_modules/vinxi @esbuild/android-x64@0.20.2 OK for: esbuild@0.20.2 want: 0.20.2
5649 silly placeDep node_modules/vinxi @esbuild/darwin-arm64@0.20.2 OK for: esbuild@0.20.2 want: 0.20.2
5650 silly placeDep node_modules/vinxi @esbuild/darwin-x64@0.20.2 OK for: esbuild@0.20.2 want: 0.20.2
5651 silly placeDep node_modules/vinxi @esbuild/freebsd-arm64@0.20.2 OK for: esbuild@0.20.2 want: 0.20.2
5652 silly placeDep node_modules/vinxi @esbuild/freebsd-x64@0.20.2 OK for: esbuild@0.20.2 want: 0.20.2
5653 silly placeDep node_modules/vinxi @esbuild/linux-arm@0.20.2 OK for: esbuild@0.20.2 want: 0.20.2
5654 silly placeDep node_modules/vinxi @esbuild/linux-arm64@0.20.2 OK for: esbuild@0.20.2 want: 0.20.2
5655 silly placeDep node_modules/vinxi @esbuild/linux-ia32@0.20.2 OK for: esbuild@0.20.2 want: 0.20.2
5656 silly placeDep node_modules/vinxi @esbuild/linux-loong64@0.20.2 OK for: esbuild@0.20.2 want: 0.20.2
5657 silly placeDep node_modules/vinxi @esbuild/linux-mips64el@0.20.2 OK for: esbuild@0.20.2 want: 0.20.2
5658 silly placeDep node_modules/vinxi @esbuild/linux-ppc64@0.20.2 OK for: esbuild@0.20.2 want: 0.20.2
5659 silly placeDep node_modules/vinxi @esbuild/linux-riscv64@0.20.2 OK for: esbuild@0.20.2 want: 0.20.2
5660 silly placeDep node_modules/vinxi @esbuild/linux-s390x@0.20.2 OK for: esbuild@0.20.2 want: 0.20.2
5661 silly placeDep node_modules/vinxi @esbuild/linux-x64@0.20.2 OK for: esbuild@0.20.2 want: 0.20.2
5662 silly placeDep node_modules/vinxi @esbuild/netbsd-x64@0.20.2 OK for: esbuild@0.20.2 want: 0.20.2
5663 silly placeDep node_modules/vinxi @esbuild/openbsd-x64@0.20.2 OK for: esbuild@0.20.2 want: 0.20.2
5664 silly placeDep node_modules/vinxi @esbuild/sunos-x64@0.20.2 OK for: esbuild@0.20.2 want: 0.20.2
5665 silly placeDep node_modules/vinxi @esbuild/win32-arm64@0.20.2 OK for: esbuild@0.20.2 want: 0.20.2
5666 silly placeDep node_modules/vinxi @esbuild/win32-ia32@0.20.2 OK for: esbuild@0.20.2 want: 0.20.2
5667 silly placeDep node_modules/vinxi @esbuild/win32-x64@0.20.2 OK for: esbuild@0.20.2 want: 0.20.2
5668 silly placeDep node_modules/vinxi picomatch@2.3.2 OK for: readdirp@3.6.0 want: ^2.2.1
5669 silly placeDep node_modules/vinxi/node_modules/unstorage chokidar@5.0.0 OK for: unstorage@1.17.5 want: ^5.0.0
5670 silly placeDep node_modules/vinxi/node_modules/unstorage h3@1.15.11 OK for: unstorage@1.17.5 want: ^1.15.10
5671 silly placeDep node_modules/vinxi lru-cache@11.5.2 OK for: unstorage@1.17.5 want: ^11.2.7
5672 silly placeDep ROOT color-convert@2.0.1 OK for: ansi-styles@4.3.0 want: ^2.0.1
5673 silly fetch manifest color-name@~1.1.4
5674 silly packumentCache full:https://registry.npmjs.org/color-name cache-miss
5675 http fetch GET 200 https://registry.npmjs.org/color-name 893ms (cache miss)
5676 silly packumentCache full:https://registry.npmjs.org/color-name set size:undefined disposed:false
5677 silly placeDep ROOT color-name@1.1.4 OK for: color-convert@2.0.1 want: ~1.1.4
5678 silly placeDep node_modules/wrap-ansi-cjs emoji-regex@8.0.0 OK for: string-width@4.2.3 want: ^8.0.0
5679 silly placeDep node_modules/wrap-ansi-cjs ansi-regex@5.0.1 OK for: strip-ansi@6.0.1 want: ^5.0.1
5680 silly placeDep node_modules/@tanstack/start-plugin-core/node_modules/@tanstack/react-router cookie-es@3.1.1 OK for: @tanstack/router-core@1.171.27 want: ^3.0.0
5681 silly placeDep node_modules/vinxi/node_modules/unstorage readdirp@5.1.1 OK for: chokidar@5.0.0 want: ^5.0.0
5682 verbose type system
5683 verbose stack FetchError: Invalid response body while trying to fetch https://registry.npmjs.org/tailwindcss: read ECONNRESET
5683 verbose stack     at C:\Program Files\nodejs\node_modules\npm\node_modules\minipass-fetch\lib\body.js:174:15
5683 verbose stack     at process.processTicksAndRejections (node:internal/process/task_queues:104:5)
5683 verbose stack     at async Response.json (C:\Program Files\nodejs\node_modules\npm\node_modules\minipass-fetch\lib\body.js:75:17)
5683 verbose stack     at async RegistryFetcher.packument (C:\Program Files\nodejs\node_modules\npm\node_modules\pacote\lib\registry.js:98:25)
5683 verbose stack     at async RegistryFetcher.manifest (C:\Program Files\nodejs\node_modules\npm\node_modules\pacote\lib\registry.js:128:23)
5683 verbose stack     at async #fetchManifest (C:\Program Files\nodejs\node_modules\npm\node_modules\@npmcli\arborist\lib\arborist\build-ideal-tree.js:1299:20)
5683 verbose stack     at async #nodeFromEdge (C:\Program Files\nodejs\node_modules\npm\node_modules\@npmcli\arborist\lib\arborist\build-ideal-tree.js:1134:19)
5683 verbose stack     at async #buildDepStep (C:\Program Files\nodejs\node_modules\npm\node_modules\@npmcli\arborist\lib\arborist\build-ideal-tree.js:978:15)
5683 verbose stack     at async Arborist.buildIdealTree (C:\Program Files\nodejs\node_modules\npm\node_modules\@npmcli\arborist\lib\arborist\build-ideal-tree.js:178:7)
5683 verbose stack     at async Promise.all (index 1)
5684 error code ECONNRESET
5685 error syscall read
5686 error errno ECONNRESET
5687 error network Invalid response body while trying to fetch https://registry.npmjs.org/tailwindcss: read ECONNRESET
5688 error network This is a problem related to network connectivity.
5688 error network In most cases you are behind a proxy or have bad network settings.
5688 error network
5688 error network If you are behind a proxy, please make sure that the 'proxy' config is set properly.  See: 'npm help config'
5689 silly unfinished npm timer reify 1788100459142
5690 silly unfinished npm timer reify:loadTrees 1788100459143
5691 verbose cwd C:\Users\Adetokunbo\Desktop\Pharmatrybe_project\Pharmatrybe
5692 verbose os Windows_NT 10.0.22621
5693 verbose node v24.18.0
5694 verbose npm  v11.16.0
5695 verbose exit 1
5696 verbose code 1
5697 error A complete log of this run can be found in: C:\Users\Adetokunbo\Desktop\Pharmatrybe_project\Pharmatrybe\.npm-local-cache\_logs\2026-08-30T14_34_16_543Z-debug-0.log
