0 verbose cli C:\Program Files\nodejs\node.exe C:\Program Files\nodejs\node_modules\npm\bin\npm-cli.js
1 info using npm@11.16.0
2 info using node@v24.18.0
3 silly config load:file:C:\Program Files\nodejs\node_modules\npm\npmrc
4 silly config load:file:C:\Users\Adetokunbo\Desktop\Pharmatrybe_project\Pharmatrybe\.npmrc
5 silly config load:file:C:\Users\Adetokunbo\.npmrc
6 silly config load:file:C:\Users\Adetokunbo\AppData\Roaming\npm\etc\npmrc
7 verbose title npm install
8 verbose argv "install"
9 verbose logfile logs-max:10 dir:C:\Users\Adetokunbo\Desktop\Pharmatrybe_project\Pharmatrybe\.npm-local-cache\_logs\2026-08-30T14_53_11_556Z-
10 verbose logfile C:\Users\Adetokunbo\Desktop\Pharmatrybe_project\Pharmatrybe\.npm-local-cache\_logs\2026-08-30T14_53_11_556Z-debug-0.log
11 silly logfile start cleaning logs, removing 1 files
12 silly logfile done cleaning log files
13 silly packumentCache heap:2348810240 maxSize:587202560 maxEntrySize:293601280
14 silly idealTree buildDeps
15 silly fetch manifest @google/genai@^2.4.0
16 silly packumentCache full:https://registry.npmjs.org/@google%2fgenai cache-miss
17 http fetch GET 200 https://registry.npmjs.org/@google%2fgenai 1065ms (cache revalidated)
18 silly packumentCache full:https://registry.npmjs.org/@google%2fgenai set size:552329 disposed:false
19 silly fetch manifest @modelcontextprotocol/sdk@^1.25.2
20 silly packumentCache full:https://registry.npmjs.org/@modelcontextprotocol%2fsdk cache-miss
21 http fetch GET 200 https://registry.npmjs.org/@modelcontextprotocol%2fsdk 433ms (cache revalidated)
22 silly packumentCache full:https://registry.npmjs.org/@modelcontextprotocol%2fsdk set size:302290 disposed:false
23 silly fetch manifest @cfworker/json-schema@^4.1.1
24 silly packumentCache full:https://registry.npmjs.org/@cfworker%2fjson-schema cache-miss
25 http fetch GET 200 https://registry.npmjs.org/@cfworker%2fjson-schema 682ms (cache revalidated)
26 silly packumentCache full:https://registry.npmjs.org/@cfworker%2fjson-schema set size:144207 disposed:false
27 silly fetch manifest @hookform/resolvers@^5.8.0
28 silly packumentCache full:https://registry.npmjs.org/@hookform%2fresolvers cache-miss
29 http fetch GET 200 https://registry.npmjs.org/@hookform%2fresolvers 366ms (cache revalidated)
30 silly packumentCache full:https://registry.npmjs.org/@hookform%2fresolvers set size:1104184 disposed:false
31 silly fetch manifest @sinclair/typebox@>=0.25.24
32 silly packumentCache full:https://registry.npmjs.org/@sinclair%2ftypebox cache-miss
33 http fetch GET 200 https://registry.npmjs.org/@sinclair%2ftypebox 272ms (cache revalidated)
34 silly packumentCache full:https://registry.npmjs.org/@sinclair%2ftypebox set size:1212785 disposed:false
35 silly fetch manifest @standard-schema/spec@^1.0.0
36 silly packumentCache full:https://registry.npmjs.org/@standard-schema%2fspec cache-miss
37 http fetch GET 200 https://registry.npmjs.org/@standard-schema%2fspec 202ms (cache revalidated)
38 silly packumentCache full:https://registry.npmjs.org/@standard-schema%2fspec set size:27284 disposed:false
39 silly fetch manifest @typeschema/main@>=0.13.7
40 silly packumentCache full:https://registry.npmjs.org/@typeschema%2fmain cache-miss
41 http fetch GET 200 https://registry.npmjs.org/@typeschema%2fmain 403ms (cache revalidated)
42 silly packumentCache full:https://registry.npmjs.org/@typeschema%2fmain set size:64746 disposed:false
43 silly fetch manifest @typeschema/arktype@0.14.0
44 silly packumentCache full:https://registry.npmjs.org/@typeschema%2farktype cache-miss
45 http fetch GET 200 https://registry.npmjs.org/@typeschema%2farktype 425ms (cache revalidated)
46 silly packumentCache full:https://registry.npmjs.org/@typeschema%2farktype set size:13451 disposed:false
47 silly fetch manifest arktype@^2.0.0-rc.0
48 silly packumentCache full:https://registry.npmjs.org/arktype cache-miss
49 http fetch GET 200 https://registry.npmjs.org/arktype 812ms (cache revalidated)
50 silly packumentCache full:https://registry.npmjs.org/arktype set size:423205 disposed:false
51 silly fetch manifest @typeschema/class-validator@0.3.0
52 silly packumentCache full:https://registry.npmjs.org/@typeschema%2fclass-validator cache-miss
53 http fetch GET 200 https://registry.npmjs.org/@typeschema%2fclass-validator 665ms (cache revalidated)
54 silly packumentCache full:https://registry.npmjs.org/@typeschema%2fclass-validator set size:16735 disposed:false
55 silly fetch manifest class-validator@^0.14.1
56 silly packumentCache full:https://registry.npmjs.org/class-validator cache-miss
57 http fetch GET 200 https://registry.npmjs.org/class-validator 166ms (cache revalidated)
58 silly packumentCache full:https://registry.npmjs.org/class-validator set size:223768 disposed:false
59 silly fetch manifest @typeschema/deepkit@0.14.0
60 silly packumentCache full:https://registry.npmjs.org/@typeschema%2fdeepkit cache-miss
61 http fetch GET 200 https://registry.npmjs.org/@typeschema%2fdeepkit 570ms (cache revalidated)
62 silly packumentCache full:https://registry.npmjs.org/@typeschema%2fdeepkit set size:19158 disposed:false
63 silly fetch manifest @deepkit/type@^1.0.1-alpha.145
64 silly packumentCache full:https://registry.npmjs.org/@deepkit%2ftype cache-miss
65 http fetch GET 200 https://registry.npmjs.org/@deepkit%2ftype 621ms (cache revalidated)
66 silly packumentCache full:https://registry.npmjs.org/@deepkit%2ftype set size:402687 disposed:false
67 silly fetch manifest @deepkit/core@^1.0.1
68 silly packumentCache full:https://registry.npmjs.org/@deepkit%2fcore cache-miss
69 http fetch GET 200 https://registry.npmjs.org/@deepkit%2fcore 595ms (cache revalidated)
70 silly packumentCache full:https://registry.npmjs.org/@deepkit%2fcore set size:237858 disposed:false
71 silly fetch manifest @typeschema/effect@0.14.0
72 silly packumentCache full:https://registry.npmjs.org/@typeschema%2feffect cache-miss
73 http fetch GET 200 https://registry.npmjs.org/@typeschema%2feffect 592ms (cache revalidated)
74 silly packumentCache full:https://registry.npmjs.org/@typeschema%2feffect set size:19715 disposed:false
75 silly fetch manifest @effect/schema@^0.71.1
76 silly packumentCache full:https://registry.npmjs.org/@effect%2fschema cache-miss
77 http fetch GET 200 https://registry.npmjs.org/@effect%2fschema 429ms (cache revalidated)
78 silly packumentCache full:https://registry.npmjs.org/@effect%2fschema set size:1278231 disposed:false
79 silly fetch manifest effect@^3.6.8
80 silly packumentCache full:https://registry.npmjs.org/effect cache-miss
81 http fetch GET 200 https://registry.npmjs.org/effect 210ms (cache revalidated)
82 silly packumentCache full:https://registry.npmjs.org/effect set size:10322885 disposed:false
83 silly fetch manifest @typeschema/fastest-validator@0.2.0
84 silly packumentCache full:https://registry.npmjs.org/@typeschema%2ffastest-validator cache-miss
85 http fetch GET 200 https://registry.npmjs.org/@typeschema%2ffastest-validator 704ms (cache revalidated)
86 silly packumentCache full:https://registry.npmjs.org/@typeschema%2ffastest-validator set size:8241 disposed:false
87 silly fetch manifest fastest-validator@^1.19.0
88 silly packumentCache full:https://registry.npmjs.org/fastest-validator cache-miss
89 http fetch GET 200 https://registry.npmjs.org/fastest-validator 332ms (cache revalidated)
90 silly packumentCache full:https://registry.npmjs.org/fastest-validator set size:240519 disposed:false
91 silly fetch manifest @typeschema/function@0.14.0
92 silly packumentCache full:https://registry.npmjs.org/@typeschema%2ffunction cache-miss
93 http fetch GET 200 https://registry.npmjs.org/@typeschema%2ffunction 809ms (cache revalidated)
94 silly packumentCache full:https://registry.npmjs.org/@typeschema%2ffunction set size:13118 disposed:false
95 silly fetch manifest @typeschema/io-ts@0.14.0
96 silly packumentCache full:https://registry.npmjs.org/@typeschema%2fio-ts cache-miss
97 http fetch GET 200 https://registry.npmjs.org/@typeschema%2fio-ts 632ms (cache revalidated)
98 silly packumentCache full:https://registry.npmjs.org/@typeschema%2fio-ts set size:16584 disposed:false
99 silly fetch manifest fp-ts@^2.16.9
100 silly packumentCache full:https://registry.npmjs.org/fp-ts cache-miss
101 http fetch GET 200 https://registry.npmjs.org/fp-ts 168ms (cache revalidated)
102 silly packumentCache full:https://registry.npmjs.org/fp-ts set size:662771 disposed:false
103 silly fetch manifest io-ts@^2.2.21
104 silly packumentCache full:https://registry.npmjs.org/io-ts cache-miss
105 http fetch GET 200 https://registry.npmjs.org/io-ts 348ms (cache revalidated)
106 silly packumentCache full:https://registry.npmjs.org/io-ts set size:367490 disposed:false
107 silly fetch manifest @typeschema/joi@0.14.0
108 silly packumentCache full:https://registry.npmjs.org/@typeschema%2fjoi cache-miss
109 http fetch GET 200 https://registry.npmjs.org/@typeschema%2fjoi 596ms (cache revalidated)
110 silly packumentCache full:https://registry.npmjs.org/@typeschema%2fjoi set size:16153 disposed:false
111 silly fetch manifest joi@^17.13.3
112 silly packumentCache full:https://registry.npmjs.org/joi cache-miss
113 http fetch GET 200 https://registry.npmjs.org/joi 356ms (cache revalidated)
114 silly packumentCache full:https://registry.npmjs.org/joi set size:533950 disposed:false
115 silly fetch manifest joi-to-json@^4.3.0
116 silly packumentCache full:https://registry.npmjs.org/joi-to-json cache-miss
117 http fetch GET 200 https://registry.npmjs.org/joi-to-json 185ms (cache revalidated)
118 silly packumentCache full:https://registry.npmjs.org/joi-to-json set size:122751 disposed:false
119 silly fetch manifest @typeschema/json@0.14.0
120 silly packumentCache full:https://registry.npmjs.org/@typeschema%2fjson cache-miss
121 http fetch GET 200 https://registry.npmjs.org/@typeschema%2fjson 564ms (cache revalidated)
122 silly packumentCache full:https://registry.npmjs.org/@typeschema%2fjson set size:16546 disposed:false
123 silly fetch manifest ajv@^8.17.1
124 silly packumentCache full:https://registry.npmjs.org/ajv cache-miss
125 http fetch GET 200 https://registry.npmjs.org/ajv 176ms (cache revalidated)
126 silly packumentCache full:https://registry.npmjs.org/ajv set size:1142658 disposed:false
127 silly fetch manifest json-schema-to-ts@^3.1.0
128 silly packumentCache full:https://registry.npmjs.org/json-schema-to-ts cache-miss
129 http fetch GET 200 https://registry.npmjs.org/json-schema-to-ts 184ms (cache revalidated)
130 silly packumentCache full:https://registry.npmjs.org/json-schema-to-ts set size:287972 disposed:false
131 silly fetch manifest @typeschema/ow@0.14.0
132 silly packumentCache full:https://registry.npmjs.org/@typeschema%2fow cache-miss
133 http fetch GET 200 https://registry.npmjs.org/@typeschema%2fow 611ms (cache revalidated)
134 silly packumentCache full:https://registry.npmjs.org/@typeschema%2fow set size:15748 disposed:false
135 silly fetch manifest ow@^0.28.2
136 silly packumentCache full:https://registry.npmjs.org/ow cache-miss
137 http fetch GET 200 https://registry.npmjs.org/ow 395ms (cache revalidated)
138 silly packumentCache full:https://registry.npmjs.org/ow set size:190008 disposed:false
139 silly fetch manifest @typeschema/runtypes@0.14.0
140 silly packumentCache full:https://registry.npmjs.org/@typeschema%2fruntypes cache-miss
141 http fetch GET 200 https://registry.npmjs.org/@typeschema%2fruntypes 588ms (cache revalidated)
142 silly packumentCache full:https://registry.npmjs.org/@typeschema%2fruntypes set size:13458 disposed:false
143 silly fetch manifest runtypes@^6.7.0
144 silly packumentCache full:https://registry.npmjs.org/runtypes cache-miss
145 http fetch GET 200 https://registry.npmjs.org/runtypes 335ms (cache revalidated)
146 silly packumentCache full:https://registry.npmjs.org/runtypes set size:259711 disposed:false
147 silly fetch manifest @typeschema/superstruct@0.14.0
148 silly packumentCache full:https://registry.npmjs.org/@typeschema%2fsuperstruct cache-miss
149 http fetch GET 200 https://registry.npmjs.org/@typeschema%2fsuperstruct 892ms (cache revalidated)
150 silly packumentCache full:https://registry.npmjs.org/@typeschema%2fsuperstruct set size:13577 disposed:false
151 silly fetch manifest superstruct@^2.0.2
152 silly packumentCache full:https://registry.npmjs.org/superstruct cache-miss
153 http fetch GET 200 https://registry.npmjs.org/superstruct 708ms (cache revalidated)
154 silly packumentCache full:https://registry.npmjs.org/superstruct set size:403823 disposed:false
155 silly fetch manifest @typeschema/suretype@0.2.0
156 silly packumentCache full:https://registry.npmjs.org/@typeschema%2fsuretype cache-miss
157 http fetch GET 200 https://registry.npmjs.org/@typeschema%2fsuretype 593ms (cache revalidated)
158 silly packumentCache full:https://registry.npmjs.org/@typeschema%2fsuretype set size:8423 disposed:false
159 silly fetch manifest suretype@^3.3.1
160 silly packumentCache full:https://registry.npmjs.org/suretype cache-miss
161 http fetch GET 200 https://registry.npmjs.org/suretype 562ms (cache revalidated)
162 silly packumentCache full:https://registry.npmjs.org/suretype set size:96800 disposed:false
163 silly fetch manifest @typeschema/typebox@0.14.0
164 silly packumentCache full:https://registry.npmjs.org/@typeschema%2ftypebox cache-miss
165 http fetch GET 200 https://registry.npmjs.org/@typeschema%2ftypebox 668ms (cache revalidated)
166 silly packumentCache full:https://registry.npmjs.org/@typeschema%2ftypebox set size:19229 disposed:false
167 silly fetch manifest @sinclair/typebox@^0.33.7
168 silly packumentCache full:https://registry.npmjs.org/@sinclair%2ftypebox cache-miss
169 http cache https://registry.npmjs.org/@sinclair%2ftypebox 23ms (cache hit)
170 silly packumentCache full:https://registry.npmjs.org/@sinclair%2ftypebox set size:1212785 disposed:false
171 silly fetch manifest @typeschema/valibot@0.14.0
172 silly packumentCache full:https://registry.npmjs.org/@typeschema%2fvalibot cache-miss
173 http fetch GET 200 https://registry.npmjs.org/@typeschema%2fvalibot 386ms (cache revalidated)
174 silly packumentCache full:https://registry.npmjs.org/@typeschema%2fvalibot set size:22952 disposed:false
175 silly fetch manifest @gcornut/valibot-json-schema@^0.37.0
176 silly packumentCache full:https://registry.npmjs.org/@gcornut%2fvalibot-json-schema cache-miss
177 http fetch GET 200 https://registry.npmjs.org/@gcornut%2fvalibot-json-schema 583ms (cache revalidated)
178 silly packumentCache full:https://registry.npmjs.org/@gcornut%2fvalibot-json-schema set size:212480 disposed:false
179 silly fetch manifest valibot@^0.39.0
180 silly packumentCache full:https://registry.npmjs.org/valibot cache-miss
181 http fetch GET 200 https://registry.npmjs.org/valibot 618ms (cache revalidated)
182 silly packumentCache full:https://registry.npmjs.org/valibot set size:258931 disposed:false
183 silly fetch manifest typescript@~5.8.2
184 silly packumentCache full:https://registry.npmjs.org/typescript cache-miss
185 http fetch GET 200 https://registry.npmjs.org/typescript 603ms (cache revalidated)
186 silly packumentCache full:https://registry.npmjs.org/typescript set size:15614421 disposed:false
187 silly fetch manifest @typeschema/valita@0.2.0
188 silly packumentCache full:https://registry.npmjs.org/@typeschema%2fvalita cache-miss
189 http fetch GET 200 https://registry.npmjs.org/@typeschema%2fvalita 663ms (cache revalidated)
190 silly packumentCache full:https://registry.npmjs.org/@typeschema%2fvalita set size:8271 disposed:false
191 silly fetch manifest @badrap/valita@^0.3.9
192 silly packumentCache full:https://registry.npmjs.org/@badrap%2fvalita cache-miss
193 http fetch GET 200 https://registry.npmjs.org/@badrap%2fvalita 584ms (cache revalidated)
194 silly packumentCache full:https://registry.npmjs.org/@badrap%2fvalita set size:259629 disposed:false
195 silly fetch manifest @typeschema/vine@0.2.0
196 silly packumentCache full:https://registry.npmjs.org/@typeschema%2fvine cache-miss
197 http fetch GET 200 https://registry.npmjs.org/@typeschema%2fvine 572ms (cache revalidated)
198 silly packumentCache full:https://registry.npmjs.org/@typeschema%2fvine set size:8211 disposed:false
199 silly fetch manifest @vinejs/vine@^2.1.0
200 silly packumentCache full:https://registry.npmjs.org/@vinejs%2fvine cache-miss
201 http fetch GET 200 https://registry.npmjs.org/@vinejs%2fvine 614ms (cache revalidated)
202 silly packumentCache full:https://registry.npmjs.org/@vinejs%2fvine set size:114849 disposed:false
203 silly fetch manifest @typeschema/yup@0.14.0
204 silly packumentCache full:https://registry.npmjs.org/@typeschema%2fyup cache-miss
205 http fetch GET 200 https://registry.npmjs.org/@typeschema%2fyup 542ms (cache revalidated)
206 silly packumentCache full:https://registry.npmjs.org/@typeschema%2fyup set size:16778 disposed:false
207 silly fetch manifest @sodaru/yup-to-json-schema@^2.0.1
208 silly packumentCache full:https://registry.npmjs.org/@sodaru%2fyup-to-json-schema cache-miss
209 http fetch GET 200 https://registry.npmjs.org/@sodaru%2fyup-to-json-schema 648ms (cache revalidated)
210 silly packumentCache full:https://registry.npmjs.org/@sodaru%2fyup-to-json-schema set size:30812 disposed:false
211 silly fetch manifest yup@^1.4.0
212 silly packumentCache full:https://registry.npmjs.org/yup cache-miss
213 http fetch GET 200 https://registry.npmjs.org/yup 161ms (cache revalidated)
214 silly packumentCache full:https://registry.npmjs.org/yup set size:439032 disposed:false
215 silly fetch manifest @typeschema/zod@0.14.0
216 silly packumentCache full:https://registry.npmjs.org/@typeschema%2fzod cache-miss
217 http fetch GET 200 https://registry.npmjs.org/@typeschema%2fzod 411ms (cache revalidated)
218 silly packumentCache full:https://registry.npmjs.org/@typeschema%2fzod set size:16629 disposed:false
219 silly fetch manifest zod@^4.4.3
220 silly packumentCache full:https://registry.npmjs.org/zod cache-miss
221 http fetch GET 200 https://registry.npmjs.org/zod 184ms (cache revalidated)
222 silly packumentCache full:https://registry.npmjs.org/zod set size:4147901 disposed:false
223 silly fetch manifest zod@^3.23.8
224 silly packumentCache full:https://registry.npmjs.org/zod cache-miss
225 http cache https://registry.npmjs.org/zod 84ms (cache hit)
226 silly packumentCache full:https://registry.npmjs.org/zod set size:4147901 disposed:false
227 silly fetch manifest zod-to-json-schema@^3.23.2
228 silly packumentCache full:https://registry.npmjs.org/zod-to-json-schema cache-miss
229 http fetch GET 200 https://registry.npmjs.org/zod-to-json-schema 224ms (cache revalidated)
230 silly packumentCache full:https://registry.npmjs.org/zod-to-json-schema set size:309584 disposed:false
231 silly fetch manifest ajv-errors@^3.0.0
232 silly packumentCache full:https://registry.npmjs.org/ajv-errors cache-miss
233 http fetch GET 200 https://registry.npmjs.org/ajv-errors 191ms (cache revalidated)
234 silly packumentCache full:https://registry.npmjs.org/ajv-errors set size:52956 disposed:false
235 silly fetch manifest ajv-formats@^2.1.1
236 silly packumentCache full:https://registry.npmjs.org/ajv-formats cache-miss
237 http fetch GET 200 https://registry.npmjs.org/ajv-formats 388ms (cache revalidated)
238 silly packumentCache full:https://registry.npmjs.org/ajv-formats set size:141264 disposed:false
239 silly fetch manifest ata-validator@^1.2.0
240 silly packumentCache full:https://registry.npmjs.org/ata-validator cache-miss
241 http fetch GET 200 https://registry.npmjs.org/ata-validator 568ms (cache revalidated)
242 silly packumentCache full:https://registry.npmjs.org/ata-validator set size:418917 disposed:false
243 silly fetch manifest yaml@^2.0.0
244 silly packumentCache full:https://registry.npmjs.org/yaml cache-miss
245 http fetch GET 200 https://registry.npmjs.org/yaml 499ms (cache revalidated)
246 silly packumentCache full:https://registry.npmjs.org/yaml set size:385754 disposed:false
247 silly fetch manifest class-transformer@>=0.4.0
248 silly packumentCache full:https://registry.npmjs.org/class-transformer cache-miss
249 http fetch GET 200 https://registry.npmjs.org/class-transformer 164ms (cache revalidated)
250 silly packumentCache full:https://registry.npmjs.org/class-transformer set size:106571 disposed:false
251 silly fetch manifest computed-types@^1.0.0
252 silly packumentCache full:https://registry.npmjs.org/computed-types cache-miss
253 http fetch GET 200 https://registry.npmjs.org/computed-types 337ms (cache revalidated)
254 silly packumentCache full:https://registry.npmjs.org/computed-types set size:165470 disposed:false
255 silly fetch manifest fluentvalidation-ts@^3.0.0
256 silly packumentCache full:https://registry.npmjs.org/fluentvalidation-ts cache-miss
257 http fetch GET 200 https://registry.npmjs.org/fluentvalidation-ts 542ms (cache revalidated)
258 silly packumentCache full:https://registry.npmjs.org/fluentvalidation-ts set size:361999 disposed:false
259 silly fetch manifest nope-validator@>=0.12.0
260 silly packumentCache full:https://registry.npmjs.org/nope-validator cache-miss
261 http fetch GET 200 https://registry.npmjs.org/nope-validator 570ms (cache revalidated)
262 silly packumentCache full:https://registry.npmjs.org/nope-validator set size:124638 disposed:false
263 silly fetch manifest react-hook-form@^7.85.0
264 silly packumentCache full:https://registry.npmjs.org/react-hook-form cache-miss
265 http fetch GET 200 https://registry.npmjs.org/react-hook-form 195ms (cache revalidated)
266 silly packumentCache full:https://registry.npmjs.org/react-hook-form set size:5208386 disposed:false
267 silly fetch manifest react@^19.0.1
268 silly packumentCache full:https://registry.npmjs.org/react cache-miss
269 http fetch GET 200 https://registry.npmjs.org/react 215ms (cache revalidated)
270 silly packumentCache full:https://registry.npmjs.org/react set size:6926968 disposed:false
271 silly fetch manifest typanion@^3.3.2
272 silly packumentCache full:https://registry.npmjs.org/typanion cache-miss
273 http fetch GET 200 https://registry.npmjs.org/typanion 406ms (cache revalidated)
274 silly packumentCache full:https://registry.npmjs.org/typanion set size:72113 disposed:false
275 silly fetch manifest vest@>=6.0.0
276 silly packumentCache full:https://registry.npmjs.org/vest cache-miss
277 http fetch GET 200 https://registry.npmjs.org/vest 384ms (cache revalidated)
278 silly packumentCache full:https://registry.npmjs.org/vest set size:3691380 disposed:false
279 silly fetch manifest @supabase/supabase-js@^2.112.3
280 silly packumentCache full:https://registry.npmjs.org/@supabase%2fsupabase-js cache-miss
281 http fetch GET 200 https://registry.npmjs.org/@supabase%2fsupabase-js 478ms (cache revalidated)
282 silly packumentCache full:https://registry.npmjs.org/@supabase%2fsupabase-js set size:3938783 disposed:false
283 silly fetch manifest @opentelemetry/api@>=1.0.0
284 silly packumentCache full:https://registry.npmjs.org/@opentelemetry%2fapi cache-miss
285 http fetch GET 200 https://registry.npmjs.org/@opentelemetry%2fapi 250ms (cache revalidated)
286 silly packumentCache full:https://registry.npmjs.org/@opentelemetry%2fapi set size:272967 disposed:false
287 silly fetch manifest @tailwindcss/vite@^4.1.14
288 silly packumentCache full:https://registry.npmjs.org/@tailwindcss%2fvite cache-miss
289 http fetch GET 200 https://registry.npmjs.org/@tailwindcss%2fvite 204ms (cache revalidated)
290 silly packumentCache full:https://registry.npmjs.org/@tailwindcss%2fvite set size:2309488 disposed:false
291 silly fetch manifest vite@^6.2.3
292 silly packumentCache full:https://registry.npmjs.org/vite cache-miss
293 http fetch GET 200 https://registry.npmjs.org/vite 447ms (cache revalidated)
294 silly packumentCache full:https://registry.npmjs.org/vite set size:38929639 disposed:false
295 silly fetch manifest @types/node@^22.14.0
296 silly packumentCache full:https://registry.npmjs.org/@types%2fnode cache-miss
297 http fetch GET 200 https://registry.npmjs.org/@types%2fnode 242ms (cache revalidated)
298 silly packumentCache full:https://registry.npmjs.org/@types%2fnode set size:11096266 disposed:false
299 silly fetch manifest jiti@>=1.21.0
300 silly packumentCache full:https://registry.npmjs.org/jiti cache-miss
301 http fetch GET 200 https://registry.npmjs.org/jiti 265ms (cache revalidated)
302 silly packumentCache full:https://registry.npmjs.org/jiti set size:387989 disposed:false
303 silly fetch manifest less@*
304 silly packumentCache full:https://registry.npmjs.org/less cache-miss
305 http fetch GET 200 https://registry.npmjs.org/less 173ms (cache revalidated)
306 silly packumentCache full:https://registry.npmjs.org/less set size:500352 disposed:false
307 silly fetch manifest lightningcss@^1.21.0
308 silly packumentCache full:https://registry.npmjs.org/lightningcss cache-miss
309 http fetch GET 200 https://registry.npmjs.org/lightningcss 188ms (cache revalidated)
310 silly packumentCache full:https://registry.npmjs.org/lightningcss set size:191065 disposed:false
311 silly fetch manifest sass@*
312 silly packumentCache full:https://registry.npmjs.org/sass cache-miss
313 http fetch GET 200 https://registry.npmjs.org/sass 165ms (cache revalidated)
314 silly packumentCache full:https://registry.npmjs.org/sass set size:747752 disposed:false
315 silly fetch manifest sass-embedded@*
316 silly packumentCache full:https://registry.npmjs.org/sass-embedded cache-miss
317 http fetch GET 200 https://registry.npmjs.org/sass-embedded 168ms (cache revalidated)
318 silly packumentCache full:https://registry.npmjs.org/sass-embedded set size:428375 disposed:false
319 silly fetch manifest stylus@*
320 silly packumentCache full:https://registry.npmjs.org/stylus cache-miss
321 http fetch GET 200 https://registry.npmjs.org/stylus 157ms (cache revalidated)
322 silly packumentCache full:https://registry.npmjs.org/stylus set size:286766 disposed:false
323 silly fetch manifest sugarss@*
324 silly packumentCache full:https://registry.npmjs.org/sugarss cache-miss
325 http fetch GET 200 https://registry.npmjs.org/sugarss 598ms (cache revalidated)
326 silly packumentCache full:https://registry.npmjs.org/sugarss set size:44975 disposed:false
327 silly fetch manifest postcss@^8.3.3
328 silly packumentCache full:https://registry.npmjs.org/postcss cache-miss
329 http fetch GET 200 https://registry.npmjs.org/postcss 235ms (cache revalidated)
330 silly packumentCache full:https://registry.npmjs.org/postcss set size:760024 disposed:false
331 silly fetch manifest terser@^5.16.0
332 silly packumentCache full:https://registry.npmjs.org/terser cache-miss
333 http fetch GET 200 https://registry.npmjs.org/terser 203ms (cache revalidated)
334 silly packumentCache full:https://registry.npmjs.org/terser set size:827672 disposed:false
335 silly fetch manifest tsx@^4.21.0
336 silly packumentCache full:https://registry.npmjs.org/tsx cache-miss
337 http fetch GET 200 https://registry.npmjs.org/tsx 171ms (cache revalidated)
338 silly packumentCache full:https://registry.npmjs.org/tsx set size:344351 disposed:false
339 silly fetch manifest yaml@^2.4.2
340 silly packumentCache full:https://registry.npmjs.org/yaml cache-hit
341 silly fetch manifest @tanstack/react-query@^5.101.4
342 silly packumentCache full:https://registry.npmjs.org/@tanstack%2freact-query cache-miss
343 http fetch GET 200 https://registry.npmjs.org/@tanstack%2freact-query 240ms (cache revalidated)
344 silly packumentCache full:https://registry.npmjs.org/@tanstack%2freact-query set size:1657982 disposed:false
345 silly fetch manifest @tanstack/react-router@1.120.0
346 silly packumentCache full:https://registry.npmjs.org/@tanstack%2freact-router cache-miss
347 http fetch GET 200 https://registry.npmjs.org/@tanstack%2freact-router 413ms (cache revalidated)
348 silly packumentCache full:https://registry.npmjs.org/@tanstack%2freact-router set size:3687605 disposed:false
349 silly fetch manifest react-dom@^19.0.1
350 silly packumentCache full:https://registry.npmjs.org/react-dom cache-miss
351 http fetch GET 200 https://registry.npmjs.org/react-dom 573ms (cache revalidated)
352 silly packumentCache full:https://registry.npmjs.org/react-dom set size:9313795 disposed:false
353 silly fetch manifest @tanstack/react-start@1.120.0
354 silly packumentCache full:https://registry.npmjs.org/@tanstack%2freact-start cache-miss
355 http fetch GET 200 https://registry.npmjs.org/@tanstack%2freact-start 245ms (cache revalidated)
356 silly packumentCache full:https://registry.npmjs.org/@tanstack%2freact-start set size:3265156 disposed:false
357 silly fetch manifest @vitejs/plugin-react@^5.0.4
358 silly packumentCache full:https://registry.npmjs.org/@vitejs%2fplugin-react cache-miss
359 http fetch GET 200 https://registry.npmjs.org/@vitejs%2fplugin-react 289ms (cache revalidated)
360 silly packumentCache full:https://registry.npmjs.org/@vitejs%2fplugin-react set size:284195 disposed:false
361 silly fetch manifest axios@^1.19.0
362 silly packumentCache full:https://registry.npmjs.org/axios cache-miss
363 http fetch GET 200 https://registry.npmjs.org/axios 177ms (cache revalidated)
364 silly packumentCache full:https://registry.npmjs.org/axios set size:857738 disposed:false
365 silly fetch manifest class-variance-authority@^0.7.1
366 silly packumentCache full:https://registry.npmjs.org/class-variance-authority cache-miss
367 http fetch GET 200 https://registry.npmjs.org/class-variance-authority 165ms (cache revalidated)
368 silly packumentCache full:https://registry.npmjs.org/class-variance-authority set size:96388 disposed:false
369 silly fetch manifest clsx@^2.1.1
370 silly packumentCache full:https://registry.npmjs.org/clsx cache-miss
371 http fetch GET 200 https://registry.npmjs.org/clsx 164ms (cache revalidated)
372 silly packumentCache full:https://registry.npmjs.org/clsx set size:42506 disposed:false
373 silly fetch manifest dotenv@^17.2.3
374 silly packumentCache full:https://registry.npmjs.org/dotenv cache-miss
375 http fetch GET 200 https://registry.npmjs.org/dotenv 165ms (cache revalidated)
376 silly packumentCache full:https://registry.npmjs.org/dotenv set size:277821 disposed:false
377 silly fetch manifest express@^4.21.2
378 silly packumentCache full:https://registry.npmjs.org/express cache-miss
379 http fetch GET 200 https://registry.npmjs.org/express 170ms (cache revalidated)
380 silly packumentCache full:https://registry.npmjs.org/express set size:804975 disposed:false
381 silly fetch manifest lucide-react@^0.546.0
382 silly packumentCache full:https://registry.npmjs.org/lucide-react cache-miss
383 http fetch GET 200 https://registry.npmjs.org/lucide-react 298ms (cache revalidated)
384 silly packumentCache full:https://registry.npmjs.org/lucide-react set size:2331652 disposed:false
385 silly fetch manifest motion@^12.23.24
386 silly packumentCache full:https://registry.npmjs.org/motion cache-miss
387 http fetch GET 200 https://registry.npmjs.org/motion 1086ms (cache revalidated)
388 silly packumentCache full:https://registry.npmjs.org/motion set size:1420580 disposed:false
389 silly fetch manifest @emotion/is-prop-valid@*
390 silly packumentCache full:https://registry.npmjs.org/@emotion%2fis-prop-valid cache-miss
391 http fetch GET 200 https://registry.npmjs.org/@emotion%2fis-prop-valid 203ms (cache revalidated)
392 silly packumentCache full:https://registry.npmjs.org/@emotion%2fis-prop-valid set size:96539 disposed:false
393 silly fetch manifest pdf-lib@^1.17.1
394 silly packumentCache full:https://registry.npmjs.org/pdf-lib cache-miss
395 http fetch GET 200 https://registry.npmjs.org/pdf-lib 360ms (cache revalidated)
396 silly packumentCache full:https://registry.npmjs.org/pdf-lib set size:1129323 disposed:false
397 silly fetch manifest recharts@^3.10.1
398 silly packumentCache full:https://registry.npmjs.org/recharts cache-miss
399 http fetch GET 200 https://registry.npmjs.org/recharts 183ms (cache revalidated)
400 silly packumentCache full:https://registry.npmjs.org/recharts set size:1445457 disposed:false
401 silly fetch manifest react-is@^16.8.0 || ^17.0.0 || ^18.0.0 || ^19.0.0
402 silly packumentCache full:https://registry.npmjs.org/react-is cache-miss
403 http fetch GET 200 https://registry.npmjs.org/react-is 274ms (cache revalidated)
404 silly packumentCache full:https://registry.npmjs.org/react-is set size:5605732 disposed:false
405 silly fetch manifest tailwind-merge@^3.6.0
406 silly packumentCache full:https://registry.npmjs.org/tailwind-merge cache-miss
407 http fetch GET 200 https://registry.npmjs.org/tailwind-merge 226ms (cache revalidated)
408 silly packumentCache full:https://registry.npmjs.org/tailwind-merge set size:1723447 disposed:false
409 silly fetch manifest zustand@^5.0.14
410 silly packumentCache full:https://registry.npmjs.org/zustand cache-miss
411 http fetch GET 200 https://registry.npmjs.org/zustand 214ms (cache revalidated)
412 silly packumentCache full:https://registry.npmjs.org/zustand set size:489641 disposed:false
413 silly fetch manifest @types/react@>=18.0.0
414 silly packumentCache full:https://registry.npmjs.org/@types%2freact cache-miss
415 http fetch GET 200 https://registry.npmjs.org/@types%2freact 174ms (cache revalidated)
416 silly packumentCache full:https://registry.npmjs.org/@types%2freact set size:2637439 disposed:false
417 silly fetch manifest immer@>=9.0.6
418 silly packumentCache full:https://registry.npmjs.org/immer cache-miss
419 http fetch GET 200 https://registry.npmjs.org/immer 244ms (cache revalidated)
420 silly packumentCache full:https://registry.npmjs.org/immer set size:798677 disposed:false
421 silly fetch manifest use-sync-external-store@>=1.2.0
422 silly packumentCache full:https://registry.npmjs.org/use-sync-external-store cache-miss
423 http fetch GET 200 https://registry.npmjs.org/use-sync-external-store 202ms (cache revalidated)
424 silly packumentCache full:https://registry.npmjs.org/use-sync-external-store set size:4968927 disposed:false
425 silly fetch manifest @types/express@^4.17.21
426 silly packumentCache full:https://registry.npmjs.org/@types%2fexpress cache-miss
427 http fetch GET 200 https://registry.npmjs.org/@types%2fexpress 338ms (cache revalidated)
428 silly packumentCache full:https://registry.npmjs.org/@types%2fexpress set size:111364 disposed:false
429 silly fetch manifest autoprefixer@^10.4.21
430 silly packumentCache full:https://registry.npmjs.org/autoprefixer cache-miss
431 http fetch GET 200 https://registry.npmjs.org/autoprefixer 630ms (cache revalidated)
432 silly packumentCache full:https://registry.npmjs.org/autoprefixer set size:1366815 disposed:false
433 silly fetch manifest postcss@^8.1.0
434 silly packumentCache full:https://registry.npmjs.org/postcss cache-hit
435 silly fetch manifest esbuild@^0.25.0
436 silly packumentCache full:https://registry.npmjs.org/esbuild cache-miss
437 http fetch GET 200 https://registry.npmjs.org/esbuild 207ms (cache revalidated)
438 silly packumentCache full:https://registry.npmjs.org/esbuild set size:1264676 disposed:false
439 silly fetch manifest supabase@^2.115.0
440 silly packumentCache full:https://registry.npmjs.org/supabase cache-miss
441 http fetch GET 200 https://registry.npmjs.org/supabase 435ms (cache revalidated)
442 silly packumentCache full:https://registry.npmjs.org/supabase set size:4570813 disposed:false
443 silly fetch manifest tailwindcss@^4.1.14
444 silly packumentCache full:https://registry.npmjs.org/tailwindcss cache-miss
445 http fetch GET 200 https://registry.npmjs.org/tailwindcss 289ms (cache revalidated)
446 silly packumentCache full:https://registry.npmjs.org/tailwindcss set size:10868886 disposed:false
447 silly placeDep ROOT @google/genai@2.19.0 OK for: react-example@0.0.0 want: ^2.4.0
448 silly placeDep ROOT @hookform/resolvers@5.9.1 OK for: react-example@0.0.0 want: ^5.8.0
449 silly placeDep ROOT react-hook-form@7.87.0 OK for: @hookform/resolvers@5.9.1 want: ^7.55.0
450 silly placeDep ROOT react@19.2.8 OK for: react-hook-form@7.87.0 want: ^16.8.0 || ^17 || ^18 || ^19
451 silly placeDep ROOT @supabase/supabase-js@2.112.4 OK for: react-example@0.0.0 want: ^2.112.3
452 silly placeDep ROOT @tailwindcss/vite@4.3.3 OK for: react-example@0.0.0 want: ^4.1.14
453 silly placeDep ROOT vite@6.4.3 OK for: @tailwindcss/vite@4.3.3 want: ^5.2.0 || ^6 || ^7 || ^8
454 silly placeDep ROOT @tanstack/react-query@5.102.8 OK for: react-example@0.0.0 want: ^5.101.4
455 silly placeDep ROOT @tanstack/react-router@1.120.0 OK for: react-example@0.0.0 want: 1.120.0
456 silly placeDep ROOT react-dom@19.2.8 OK for: @tanstack/react-router@1.120.0 want: >=18.0.0 || >=19.0.0
457 silly placeDep ROOT @tanstack/react-start@1.120.0 OK for: react-example@0.0.0 want: 1.120.0
458 silly placeDep ROOT @types/express@4.17.25 OK for: react-example@0.0.0 want: ^4.17.21
459 silly placeDep ROOT @types/node@22.20.1 OK for: react-example@0.0.0 want: ^22.14.0
460 silly placeDep ROOT @vitejs/plugin-react@5.2.0 OK for: react-example@0.0.0 want: ^5.0.4
461 silly placeDep ROOT autoprefixer@10.5.4 OK for: react-example@0.0.0 want: ^10.4.21
462 silly placeDep ROOT postcss@8.5.26 OK for: autoprefixer@10.5.4 want: ^8.1.0
463 silly placeDep ROOT axios@1.20.0 OK for: react-example@0.0.0 want: ^1.19.0
464 silly placeDep ROOT class-variance-authority@0.7.1 OK for: react-example@0.0.0 want: ^0.7.1
465 silly placeDep ROOT clsx@2.1.1 OK for: react-example@0.0.0 want: ^2.1.1
466 silly placeDep ROOT dotenv@17.4.2 OK for: react-example@0.0.0 want: ^17.2.3
467 silly placeDep ROOT esbuild@0.25.12 OK for: react-example@0.0.0 want: ^0.25.0
468 silly placeDep ROOT express@4.22.2 OK for: react-example@0.0.0 want: ^4.21.2
469 silly placeDep ROOT lucide-react@0.546.0 OK for: react-example@0.0.0 want: ^0.546.0
470 silly placeDep ROOT motion@12.43.0 OK for: react-example@0.0.0 want: ^12.23.24
471 silly placeDep ROOT pdf-lib@1.17.1 OK for: react-example@0.0.0 want: ^1.17.1
472 silly placeDep ROOT recharts@3.10.1 OK for: react-example@0.0.0 want: ^3.10.1
473 silly placeDep ROOT react-is@19.2.8 OK for: recharts@3.10.1 want: ^16.8.0 || ^17.0.0 || ^18.0.0 || ^19.0.0
474 silly placeDep ROOT supabase@2.116.0 OK for: react-example@0.0.0 want: ^2.115.0
475 silly placeDep ROOT tailwind-merge@3.6.0 OK for: react-example@0.0.0 want: ^3.6.0
476 silly placeDep ROOT tailwindcss@4.3.3 OK for: react-example@0.0.0 want: ^4.1.14
477 silly placeDep ROOT tsx@4.23.13 OK for: react-example@0.0.0 want: ^4.21.0
478 silly placeDep ROOT typescript@5.8.3 OK for: react-example@0.0.0 want: ~5.8.2
479 silly placeDep ROOT zod@4.5.4 OK for: react-example@0.0.0 want: ^4.4.3
480 silly placeDep ROOT zustand@5.0.15 OK for: react-example@0.0.0 want: ^5.0.14
481 silly fetch manifest ws@^8.18.0
482 silly packumentCache full:https://registry.npmjs.org/ws cache-miss
483 silly fetch manifest p-retry@^4.6.2
484 silly packumentCache full:https://registry.npmjs.org/p-retry cache-miss
485 silly fetch manifest protobufjs@^7.5.4
486 silly packumentCache full:https://registry.npmjs.org/protobufjs cache-miss
487 http fetch GET 200 https://registry.npmjs.org/protobufjs 257ms (cache revalidated)
488 silly packumentCache full:https://registry.npmjs.org/protobufjs set size:760935 disposed:false
489 silly fetch manifest google-auth-library@^10.3.0
490 silly packumentCache full:https://registry.npmjs.org/google-auth-library cache-miss
491 http fetch GET 200 https://registry.npmjs.org/google-auth-library 161ms (cache revalidated)
492 silly packumentCache full:https://registry.npmjs.org/google-auth-library set size:745018 disposed:false
493 silly fetch manifest @standard-schema/utils@^0.3.0
494 silly packumentCache full:https://registry.npmjs.org/@standard-schema%2futils cache-miss
495 http fetch GET 200 https://registry.npmjs.org/@standard-schema%2futils 208ms (cache revalidated)
496 silly packumentCache full:https://registry.npmjs.org/@standard-schema%2futils set size:15545 disposed:false
497 silly fetch manifest @supabase/auth-js@2.112.4
498 silly packumentCache full:https://registry.npmjs.org/@supabase%2fauth-js cache-miss
499 http fetch GET 200 https://registry.npmjs.org/ws 707ms (cache revalidated)
500 silly packumentCache full:https://registry.npmjs.org/ws set size:447661 disposed:false
501 silly fetch manifest @supabase/storage-js@2.112.4
502 silly packumentCache full:https://registry.npmjs.org/@supabase%2fstorage-js cache-miss
503 http fetch GET 200 https://registry.npmjs.org/p-retry 735ms (cache revalidated)
504 silly packumentCache full:https://registry.npmjs.org/p-retry set size:72148 disposed:false
505 silly fetch manifest @supabase/realtime-js@2.112.4
506 silly packumentCache full:https://registry.npmjs.org/@supabase%2frealtime-js cache-miss
507 http fetch GET 200 https://registry.npmjs.org/@supabase%2fstorage-js 218ms (cache revalidated)
508 silly packumentCache full:https://registry.npmjs.org/@supabase%2fstorage-js set size:1610703 disposed:false
509 silly fetch manifest @supabase/functions-js@2.112.4
510 silly packumentCache full:https://registry.npmjs.org/@supabase%2ffunctions-js cache-miss
511 http fetch GET 200 https://registry.npmjs.org/@supabase%2frealtime-js 234ms (cache revalidated)
512 silly packumentCache full:https://registry.npmjs.org/@supabase%2frealtime-js set size:1860308 disposed:false
513 silly fetch manifest @supabase/postgrest-js@2.112.4
514 silly packumentCache full:https://registry.npmjs.org/@supabase%2fpostgrest-js cache-miss
515 http fetch GET 200 https://registry.npmjs.org/@supabase%2fauth-js 433ms (cache revalidated)
516 silly packumentCache full:https://registry.npmjs.org/@supabase%2fauth-js set size:1615582 disposed:false
517 silly fetch manifest tailwindcss@4.3.3
518 silly packumentCache full:https://registry.npmjs.org/tailwindcss cache-miss
519 http cache https://registry.npmjs.org/tailwindcss 83ms (cache hit)
520 silly packumentCache full:https://registry.npmjs.org/tailwindcss set size:10868886 disposed:false
521 silly fetch manifest @tailwindcss/node@4.3.3
522 silly packumentCache full:https://registry.npmjs.org/@tailwindcss%2fnode cache-miss
523 http fetch GET 200 https://registry.npmjs.org/@supabase%2ffunctions-js 688ms (cache revalidated)
524 silly packumentCache full:https://registry.npmjs.org/@supabase%2ffunctions-js set size:1335226 disposed:false
525 silly fetch manifest @tailwindcss/oxide@4.3.3
526 silly packumentCache full:https://registry.npmjs.org/@tailwindcss%2foxide cache-miss
527 http fetch GET 200 https://registry.npmjs.org/@supabase%2fpostgrest-js 1010ms (cache revalidated)
528 silly packumentCache full:https://registry.npmjs.org/@supabase%2fpostgrest-js set size:2061199 disposed:false
529 silly fetch manifest fdir@^6.4.4
530 silly packumentCache full:https://registry.npmjs.org/fdir cache-miss
531 http fetch GET 200 https://registry.npmjs.org/@tailwindcss%2fnode 1006ms (cache revalidated)
532 silly packumentCache full:https://registry.npmjs.org/@tailwindcss%2fnode set size:2361309 disposed:false
533 silly fetch manifest rollup@^4.34.9
534 silly packumentCache full:https://registry.npmjs.org/rollup cache-miss
535 http fetch GET 200 https://registry.npmjs.org/fdir 278ms (cache revalidated)
536 silly packumentCache full:https://registry.npmjs.org/fdir set size:136182 disposed:false
537 silly fetch manifest postcss@^8.5.3
538 silly packumentCache full:https://registry.npmjs.org/postcss cache-hit
539 silly fetch manifest picomatch@^4.0.2
540 silly packumentCache full:https://registry.npmjs.org/picomatch cache-miss
541 http fetch GET 200 https://registry.npmjs.org/@tailwindcss%2foxide 780ms (cache revalidated)
542 silly packumentCache full:https://registry.npmjs.org/@tailwindcss%2foxide set size:4754430 disposed:false
543 silly fetch manifest tinyglobby@^0.2.13
544 silly packumentCache full:https://registry.npmjs.org/tinyglobby cache-miss
545 http fetch GET 200 https://registry.npmjs.org/picomatch 314ms (cache revalidated)
546 silly packumentCache full:https://registry.npmjs.org/picomatch set size:134451 disposed:false
547 silly fetch manifest fsevents@~2.3.3
548 silly packumentCache full:https://registry.npmjs.org/fsevents cache-miss
549 http fetch GET 200 https://registry.npmjs.org/tinyglobby 206ms (cache revalidated)
550 silly packumentCache full:https://registry.npmjs.org/tinyglobby set size:54291 disposed:false
551 silly fetch manifest @tanstack/query-core@5.102.8
552 silly packumentCache full:https://registry.npmjs.org/@tanstack%2fquery-core cache-miss
553 http fetch GET 200 https://registry.npmjs.org/rollup 500ms (cache revalidated)
554 silly packumentCache full:https://registry.npmjs.org/rollup set size:6315915 disposed:false
555 silly fetch manifest jsesc@^3.1.0
556 silly packumentCache full:https://registry.npmjs.org/jsesc cache-miss
557 http fetch GET 200 https://registry.npmjs.org/fsevents 285ms (cache revalidated)
558 silly packumentCache full:https://registry.npmjs.org/fsevents set size:182472 disposed:false
559 silly fetch manifest tiny-warning@^1.0.3
560 silly packumentCache full:https://registry.npmjs.org/tiny-warning cache-miss
561 http fetch GET 200 https://registry.npmjs.org/@tanstack%2fquery-core 300ms (cache revalidated)
562 silly packumentCache full:https://registry.npmjs.org/@tanstack%2fquery-core set size:1141625 disposed:false
563 silly fetch manifest tiny-invariant@^1.3.3
564 silly packumentCache full:https://registry.npmjs.org/tiny-invariant cache-miss
565 http fetch GET 200 https://registry.npmjs.org/jsesc 226ms (cache revalidated)
566 silly packumentCache full:https://registry.npmjs.org/jsesc set size:61512 disposed:false
567 silly fetch manifest @tanstack/history@1.115.0
568 silly packumentCache full:https://registry.npmjs.org/@tanstack%2fhistory cache-miss
569 http fetch GET 200 https://registry.npmjs.org/tiny-invariant 184ms (cache revalidated)
570 silly packumentCache full:https://registry.npmjs.org/tiny-invariant set size:98310 disposed:false
571 silly fetch manifest @tanstack/react-store@^0.7.0
572 silly packumentCache full:https://registry.npmjs.org/@tanstack%2freact-store cache-miss
573 http fetch GET 200 https://registry.npmjs.org/tiny-warning 382ms (cache revalidated)
574 silly packumentCache full:https://registry.npmjs.org/tiny-warning set size:25899 disposed:false
575 silly fetch manifest @tanstack/router-core@1.119.0
576 silly packumentCache full:https://registry.npmjs.org/@tanstack%2frouter-core cache-miss
577 http fetch GET 200 https://registry.npmjs.org/@tanstack%2fhistory 429ms (cache revalidated)
578 silly packumentCache full:https://registry.npmjs.org/@tanstack%2fhistory set size:506537 disposed:false
579 silly fetch manifest scheduler@^0.27.0
580 silly packumentCache full:https://registry.npmjs.org/scheduler cache-miss
581 http fetch GET 200 https://registry.npmjs.org/@tanstack%2freact-store 577ms (cache revalidated)
582 silly packumentCache full:https://registry.npmjs.org/@tanstack%2freact-store set size:213359 disposed:false
583 silly fetch manifest @tanstack/start-api-routes@^1.119.0
584 silly packumentCache full:https://registry.npmjs.org/@tanstack%2fstart-api-routes cache-miss
585 http fetch GET 200 https://registry.npmjs.org/scheduler 333ms (cache revalidated)
586 silly packumentCache full:https://registry.npmjs.org/scheduler set size:5719027 disposed:false
587 silly fetch manifest @tanstack/react-start-client@^1.120.0
588 silly packumentCache full:https://registry.npmjs.org/@tanstack%2freact-start-client cache-miss
589 http fetch GET 200 https://registry.npmjs.org/@tanstack%2frouter-core 701ms (cache revalidated)
590 silly packumentCache full:https://registry.npmjs.org/@tanstack%2frouter-core set size:1688356 disposed:false
591 silly fetch manifest @tanstack/react-start-config@^1.120.0
592 silly packumentCache full:https://registry.npmjs.org/@tanstack%2freact-start-config cache-miss
593 http fetch GET 200 https://registry.npmjs.org/@tanstack%2fstart-api-routes 671ms (cache revalidated)
594 silly packumentCache full:https://registry.npmjs.org/@tanstack%2fstart-api-routes set size:244132 disposed:false
595 silly fetch manifest @tanstack/react-start-server@^1.120.0
596 silly packumentCache full:https://registry.npmjs.org/@tanstack%2freact-start-server cache-miss
597 http fetch GET 200 https://registry.npmjs.org/@tanstack%2freact-start-client 710ms (cache revalidated)
598 silly packumentCache full:https://registry.npmjs.org/@tanstack%2freact-start-client set size:1545767 disposed:false
599 silly fetch manifest @tanstack/start-server-functions-ssr@^1.119.2
600 silly packumentCache full:https://registry.npmjs.org/@tanstack%2fstart-server-functions-ssr cache-miss
601 http fetch GET 200 https://registry.npmjs.org/@tanstack%2freact-start-config 715ms (cache revalidated)
602 silly packumentCache full:https://registry.npmjs.org/@tanstack%2freact-start-config set size:240144 disposed:false
603 silly fetch manifest @tanstack/react-start-router-manifest@^1.119.0
604 silly packumentCache full:https://registry.npmjs.org/@tanstack%2freact-start-router-manifest cache-miss
605 http fetch GET 200 https://registry.npmjs.org/@tanstack%2freact-start-server 788ms (cache revalidated)
606 silly packumentCache full:https://registry.npmjs.org/@tanstack%2freact-start-server set size:1737105 disposed:false
607 silly fetch manifest @tanstack/start-server-functions-client@^1.119.2
608 silly packumentCache full:https://registry.npmjs.org/@tanstack%2fstart-server-functions-client cache-miss
609 http fetch GET 200 https://registry.npmjs.org/@tanstack%2fstart-server-functions-ssr 762ms (cache revalidated)
610 silly packumentCache full:https://registry.npmjs.org/@tanstack%2fstart-server-functions-ssr set size:278039 disposed:false
611 silly fetch manifest @tanstack/start-server-functions-server@^1.119.2
612 silly packumentCache full:https://registry.npmjs.org/@tanstack%2fstart-server-functions-server cache-miss
613 http fetch GET 200 https://registry.npmjs.org/@tanstack%2freact-start-router-manifest 850ms (cache revalidated)
614 silly packumentCache full:https://registry.npmjs.org/@tanstack%2freact-start-router-manifest set size:92490 disposed:false
615 silly fetch manifest @tanstack/start-server-functions-handler@^1.119.0
616 silly packumentCache full:https://registry.npmjs.org/@tanstack%2fstart-server-functions-handler cache-miss
617 http fetch GET 200 https://registry.npmjs.org/@tanstack%2fstart-server-functions-handler 750ms (cache revalidated)
618 silly packumentCache full:https://registry.npmjs.org/@tanstack%2fstart-server-functions-handler set size:258031 disposed:false
619 silly fetch manifest @types/qs@*
620 silly packumentCache full:https://registry.npmjs.org/@types%2fqs cache-miss
621 http fetch GET 200 https://registry.npmjs.org/@tanstack%2fstart-server-functions-server 874ms (cache revalidated)
622 silly packumentCache full:https://registry.npmjs.org/@tanstack%2fstart-server-functions-server set size:176899 disposed:false
623 silly fetch manifest @types/body-parser@*
624 silly packumentCache full:https://registry.npmjs.org/@types%2fbody-parser cache-miss
625 http fetch GET 200 https://registry.npmjs.org/@tanstack%2fstart-server-functions-client 1200ms (cache revalidated)
626 silly packumentCache full:https://registry.npmjs.org/@tanstack%2fstart-server-functions-client set size:599360 disposed:false
627 silly fetch manifest @types/serve-static@^1
628 silly packumentCache full:https://registry.npmjs.org/@types%2fserve-static cache-miss
629 http fetch GET 200 https://registry.npmjs.org/@types%2fqs 1296ms (cache revalidated)
630 silly packumentCache full:https://registry.npmjs.org/@types%2fqs set size:84522 disposed:false
631 silly fetch manifest @types/express-serve-static-core@^4.17.33
632 silly packumentCache full:https://registry.npmjs.org/@types%2fexpress-serve-static-core cache-miss
633 http fetch GET 200 https://registry.npmjs.org/@types%2fbody-parser 1274ms (cache revalidated)
634 silly packumentCache full:https://registry.npmjs.org/@types%2fbody-parser set size:59466 disposed:false
635 silly fetch manifest undici-types@~6.21.0
636 silly packumentCache full:https://registry.npmjs.org/undici-types cache-miss
637 http fetch GET 200 https://registry.npmjs.org/@types%2fserve-static 1298ms (cache revalidated)
638 silly packumentCache full:https://registry.npmjs.org/@types%2fserve-static set size:70859 disposed:false
639 silly fetch manifest @babel/core@^7.29.0
640 silly packumentCache full:https://registry.npmjs.org/@babel%2fcore cache-miss
641 http fetch GET 200 https://registry.npmjs.org/undici-types 183ms (cache revalidated)
642 silly packumentCache full:https://registry.npmjs.org/undici-types set size:250438 disposed:false
643 silly fetch manifest react-refresh@^0.18.0
644 silly packumentCache full:https://registry.npmjs.org/react-refresh cache-miss
645 http fetch GET 200 https://registry.npmjs.org/@types%2fexpress-serve-static-core 355ms (cache revalidated)
646 silly packumentCache full:https://registry.npmjs.org/@types%2fexpress-serve-static-core set size:271755 disposed:false
647 silly fetch manifest @types/babel__core@^7.20.5
648 silly packumentCache full:https://registry.npmjs.org/@types%2fbabel__core cache-miss
649 http fetch GET 200 https://registry.npmjs.org/@babel%2fcore 619ms (cache revalidated)
650 silly packumentCache full:https://registry.npmjs.org/@babel%2fcore set size:788273 disposed:false
651 silly fetch manifest @rolldown/pluginutils@1.0.0-rc.3
652 silly packumentCache full:https://registry.npmjs.org/@rolldown%2fpluginutils cache-miss
653 http fetch GET 200 https://registry.npmjs.org/react-refresh 700ms (cache revalidated)
654 silly packumentCache full:https://registry.npmjs.org/react-refresh set size:6574811 disposed:false
655 silly fetch manifest @babel/plugin-transform-react-jsx-self@^7.27.1
656 silly packumentCache full:https://registry.npmjs.org/@babel%2fplugin-transform-react-jsx-self cache-miss
657 http fetch GET 200 https://registry.npmjs.org/@types%2fbabel__core 822ms (cache revalidated)
658 silly packumentCache full:https://registry.npmjs.org/@types%2fbabel__core set size:88676 disposed:false
659 silly fetch manifest @babel/plugin-transform-react-jsx-source@^7.27.1
660 silly packumentCache full:https://registry.npmjs.org/@babel%2fplugin-transform-react-jsx-source cache-miss
661 http fetch GET 200 https://registry.npmjs.org/@rolldown%2fpluginutils 549ms (cache revalidated)
662 silly packumentCache full:https://registry.npmjs.org/@rolldown%2fpluginutils set size:300388 disposed:false
663 silly fetch manifest picocolors@^1.1.1
664 silly packumentCache full:https://registry.npmjs.org/picocolors cache-miss
665 http fetch GET 200 https://registry.npmjs.org/@babel%2fplugin-transform-react-jsx-self 912ms (cache revalidated)
666 silly packumentCache full:https://registry.npmjs.org/@babel%2fplugin-transform-react-jsx-self set size:200274 disposed:false
667 silly fetch manifest fraction.js@^5.3.4
668 silly packumentCache full:https://registry.npmjs.org/fraction.js cache-miss
669 http fetch GET 200 https://registry.npmjs.org/@babel%2fplugin-transform-react-jsx-source 972ms (cache revalidated)
670 silly packumentCache full:https://registry.npmjs.org/@babel%2fplugin-transform-react-jsx-source set size:205288 disposed:false
671 silly fetch manifest browserslist@^4.28.6
672 silly packumentCache full:https://registry.npmjs.org/browserslist cache-miss
673 http fetch GET 200 https://registry.npmjs.org/picocolors 941ms (cache revalidated)
674 silly packumentCache full:https://registry.npmjs.org/picocolors set size:16648 disposed:false
675 silly fetch manifest caniuse-lite@^1.0.30001806
676 silly packumentCache full:https://registry.npmjs.org/caniuse-lite cache-miss
677 http fetch GET 200 https://registry.npmjs.org/fraction.js 466ms (cache revalidated)
678 silly packumentCache full:https://registry.npmjs.org/fraction.js set size:149386 disposed:false
679 silly fetch manifest postcss-value-parser@^4.2.0
680 silly packumentCache full:https://registry.npmjs.org/postcss-value-parser cache-miss
681 http fetch GET 200 https://registry.npmjs.org/browserslist 281ms (cache revalidated)
682 silly packumentCache full:https://registry.npmjs.org/browserslist set size:518659 disposed:false
683 silly fetch manifest nanoid@^3.3.17
684 silly packumentCache full:https://registry.npmjs.org/nanoid cache-miss
685 http fetch GET 200 https://registry.npmjs.org/postcss-value-parser 453ms (cache revalidated)
686 silly packumentCache full:https://registry.npmjs.org/postcss-value-parser set size:73526 disposed:false
687 silly fetch manifest source-map-js@^1.2.1
688 silly packumentCache full:https://registry.npmjs.org/source-map-js cache-miss
689 http fetch GET 200 https://registry.npmjs.org/nanoid 319ms (cache revalidated)
690 silly packumentCache full:https://registry.npmjs.org/nanoid set size:342705 disposed:false
691 silly fetch manifest form-data@^4.0.6
692 silly packumentCache full:https://registry.npmjs.org/form-data cache-miss
693 http fetch GET 200 https://registry.npmjs.org/caniuse-lite 647ms (cache revalidated)
694 silly packumentCache full:https://registry.npmjs.org/caniuse-lite set size:2313344 disposed:false
695 silly fetch manifest proxy-from-env@^2.1.0
696 silly packumentCache full:https://registry.npmjs.org/proxy-from-env cache-miss
697 http fetch GET 200 https://registry.npmjs.org/source-map-js 253ms (cache revalidated)
698 silly packumentCache full:https://registry.npmjs.org/source-map-js set size:62640 disposed:false
699 silly fetch manifest follow-redirects@^1.16.0
700 silly packumentCache full:https://registry.npmjs.org/follow-redirects cache-miss
701 http fetch GET 200 https://registry.npmjs.org/proxy-from-env 226ms (cache revalidated)
702 silly packumentCache full:https://registry.npmjs.org/proxy-from-env set size:21422 disposed:false
703 silly fetch manifest https-proxy-agent@^5.0.1
704 silly packumentCache full:https://registry.npmjs.org/https-proxy-agent cache-miss
705 http fetch GET 200 https://registry.npmjs.org/form-data 422ms (cache revalidated)
706 silly packumentCache full:https://registry.npmjs.org/form-data set size:153174 disposed:false
707 silly fetch manifest @esbuild/aix-ppc64@0.25.12
708 silly packumentCache full:https://registry.npmjs.org/@esbuild%2faix-ppc64 cache-miss
709 http fetch GET 200 https://registry.npmjs.org/follow-redirects 274ms (cache revalidated)
710 silly packumentCache full:https://registry.npmjs.org/follow-redirects set size:188945 disposed:false
711 silly fetch manifest @esbuild/linux-arm@0.25.12
712 silly packumentCache full:https://registry.npmjs.org/@esbuild%2flinux-arm cache-miss
713 http fetch GET 200 https://registry.npmjs.org/@esbuild%2faix-ppc64 511ms (cache revalidated)
714 silly packumentCache full:https://registry.npmjs.org/@esbuild%2faix-ppc64 set size:67797 disposed:false
715 silly fetch manifest @esbuild/linux-x64@0.25.12
716 silly packumentCache full:https://registry.npmjs.org/@esbuild%2flinux-x64 cache-miss
717 http fetch GET 200 https://registry.npmjs.org/https-proxy-agent 694ms (cache revalidated)
718 silly packumentCache full:https://registry.npmjs.org/https-proxy-agent set size:83792 disposed:false
719 silly fetch manifest @esbuild/sunos-x64@0.25.12
720 silly packumentCache full:https://registry.npmjs.org/@esbuild%2fsunos-x64 cache-miss
721 http fetch GET 200 https://registry.npmjs.org/@esbuild%2flinux-arm 667ms (cache revalidated)
722 silly packumentCache full:https://registry.npmjs.org/@esbuild%2flinux-arm set size:198596 disposed:false
723 silly fetch manifest @esbuild/win32-x64@0.25.12
724 silly packumentCache full:https://registry.npmjs.org/@esbuild%2fwin32-x64 cache-miss
725 http fetch GET 200 https://registry.npmjs.org/@esbuild%2flinux-x64 268ms (cache revalidated)
726 silly packumentCache full:https://registry.npmjs.org/@esbuild%2flinux-x64 set size:198942 disposed:false
727 silly fetch manifest @esbuild/darwin-x64@0.25.12
728 silly packumentCache full:https://registry.npmjs.org/@esbuild%2fdarwin-x64 cache-miss
729 http fetch GET 200 https://registry.npmjs.org/@esbuild%2fwin32-x64 220ms (cache revalidated)
730 silly packumentCache full:https://registry.npmjs.org/@esbuild%2fwin32-x64 set size:197540 disposed:false
731 silly fetch manifest @esbuild/linux-ia32@0.25.12
732 silly packumentCache full:https://registry.npmjs.org/@esbuild%2flinux-ia32 cache-miss
733 http fetch GET 200 https://registry.npmjs.org/@esbuild%2fdarwin-x64 197ms (cache revalidated)
734 silly packumentCache full:https://registry.npmjs.org/@esbuild%2fdarwin-x64 set size:199670 disposed:false
735 silly fetch manifest @esbuild/netbsd-x64@0.25.12
736 silly packumentCache full:https://registry.npmjs.org/@esbuild%2fnetbsd-x64 cache-miss
737 http fetch GET 200 https://registry.npmjs.org/@esbuild%2fsunos-x64 430ms (cache revalidated)
738 silly packumentCache full:https://registry.npmjs.org/@esbuild%2fsunos-x64 set size:199187 disposed:false
739 silly fetch manifest @esbuild/win32-ia32@0.25.12
740 silly packumentCache full:https://registry.npmjs.org/@esbuild%2fwin32-ia32 cache-miss
741 http fetch GET 200 https://registry.npmjs.org/@esbuild%2flinux-ia32 204ms (cache revalidated)
742 silly packumentCache full:https://registry.npmjs.org/@esbuild%2flinux-ia32 set size:199625 disposed:false
743 silly fetch manifest @esbuild/android-arm@0.25.12
744 silly packumentCache full:https://registry.npmjs.org/@esbuild%2fandroid-arm cache-miss
745 http fetch GET 200 https://registry.npmjs.org/@esbuild%2fwin32-ia32 213ms (cache revalidated)
746 silly packumentCache full:https://registry.npmjs.org/@esbuild%2fwin32-ia32 set size:199854 disposed:false
747 silly fetch manifest @esbuild/android-x64@0.25.12
748 silly packumentCache full:https://registry.npmjs.org/@esbuild%2fandroid-x64 cache-miss
749 http fetch GET 200 https://registry.npmjs.org/@esbuild%2fnetbsd-x64 263ms (cache revalidated)
750 silly packumentCache full:https://registry.npmjs.org/@esbuild%2fnetbsd-x64 set size:197314 disposed:false
751 silly fetch manifest @esbuild/freebsd-x64@0.25.12
752 silly packumentCache full:https://registry.npmjs.org/@esbuild%2ffreebsd-x64 cache-miss
753 http fetch GET 200 https://registry.npmjs.org/@esbuild%2fandroid-arm 196ms (cache revalidated)
754 silly packumentCache full:https://registry.npmjs.org/@esbuild%2fandroid-arm set size:225217 disposed:false
755 silly fetch manifest @esbuild/linux-arm64@0.25.12
756 silly packumentCache full:https://registry.npmjs.org/@esbuild%2flinux-arm64 cache-miss
757 http fetch GET 200 https://registry.npmjs.org/@esbuild%2fandroid-x64 196ms (cache revalidated)
758 silly packumentCache full:https://registry.npmjs.org/@esbuild%2fandroid-x64 set size:199017 disposed:false
759 silly fetch manifest @esbuild/linux-ppc64@0.25.12
760 silly packumentCache full:https://registry.npmjs.org/@esbuild%2flinux-ppc64 cache-miss
761 http fetch GET 200 https://registry.npmjs.org/@esbuild%2ffreebsd-x64 197ms (cache revalidated)
762 silly packumentCache full:https://registry.npmjs.org/@esbuild%2ffreebsd-x64 set size:200565 disposed:false
763 silly fetch manifest @esbuild/linux-s390x@0.25.12
764 silly packumentCache full:https://registry.npmjs.org/@esbuild%2flinux-s390x cache-miss
765 http fetch GET 200 https://registry.npmjs.org/@esbuild%2flinux-arm64 192ms (cache revalidated)
766 silly packumentCache full:https://registry.npmjs.org/@esbuild%2flinux-arm64 set size:200773 disposed:false
767 silly fetch manifest @esbuild/openbsd-x64@0.25.12
768 silly packumentCache full:https://registry.npmjs.org/@esbuild%2fopenbsd-x64 cache-miss
769 http fetch GET 200 https://registry.npmjs.org/@esbuild%2flinux-ppc64 174ms (cache revalidated)
770 silly packumentCache full:https://registry.npmjs.org/@esbuild%2flinux-ppc64 set size:202845 disposed:false
771 silly fetch manifest @esbuild/win32-arm64@0.25.12
772 silly packumentCache full:https://registry.npmjs.org/@esbuild%2fwin32-arm64 cache-miss
773 http fetch GET 200 https://registry.npmjs.org/@esbuild%2flinux-s390x 187ms (cache revalidated)
774 silly packumentCache full:https://registry.npmjs.org/@esbuild%2flinux-s390x set size:202310 disposed:false
775 silly fetch manifest @esbuild/darwin-arm64@0.25.12
776 silly packumentCache full:https://registry.npmjs.org/@esbuild%2fdarwin-arm64 cache-miss
777 http fetch GET 200 https://registry.npmjs.org/@esbuild%2fopenbsd-x64 175ms (cache revalidated)
778 silly packumentCache full:https://registry.npmjs.org/@esbuild%2fopenbsd-x64 set size:200576 disposed:false
779 silly fetch manifest @esbuild/netbsd-arm64@0.25.12
780 silly packumentCache full:https://registry.npmjs.org/@esbuild%2fnetbsd-arm64 cache-miss
781 http fetch GET 200 https://registry.npmjs.org/@esbuild%2fwin32-arm64 191ms (cache revalidated)
782 silly packumentCache full:https://registry.npmjs.org/@esbuild%2fwin32-arm64 set size:201005 disposed:false
783 silly fetch manifest @esbuild/android-arm64@0.25.12
784 silly packumentCache full:https://registry.npmjs.org/@esbuild%2fandroid-arm64 cache-miss
785 http fetch GET 200 https://registry.npmjs.org/@esbuild%2fdarwin-arm64 180ms (cache revalidated)
786 silly packumentCache full:https://registry.npmjs.org/@esbuild%2fdarwin-arm64 set size:201471 disposed:false
787 silly fetch manifest @esbuild/freebsd-arm64@0.25.12
788 silly packumentCache full:https://registry.npmjs.org/@esbuild%2ffreebsd-arm64 cache-miss
789 http fetch GET 200 https://registry.npmjs.org/@esbuild%2fnetbsd-arm64 205ms (cache revalidated)
790 silly packumentCache full:https://registry.npmjs.org/@esbuild%2fnetbsd-arm64 set size:44308 disposed:false
791 silly fetch manifest @esbuild/linux-loong64@0.25.12
792 silly packumentCache full:https://registry.npmjs.org/@esbuild%2flinux-loong64 cache-miss
793 http fetch GET 200 https://registry.npmjs.org/@esbuild%2fandroid-arm64 180ms (cache revalidated)
794 silly packumentCache full:https://registry.npmjs.org/@esbuild%2fandroid-arm64 set size:204216 disposed:false
795 silly fetch manifest @esbuild/linux-riscv64@0.25.12
796 silly packumentCache full:https://registry.npmjs.org/@esbuild%2flinux-riscv64 cache-miss
797 http fetch GET 200 https://registry.npmjs.org/@esbuild%2ffreebsd-arm64 237ms (cache revalidated)
798 silly packumentCache full:https://registry.npmjs.org/@esbuild%2ffreebsd-arm64 set size:202383 disposed:false
799 silly fetch manifest @esbuild/openbsd-arm64@0.25.12
800 silly packumentCache full:https://registry.npmjs.org/@esbuild%2fopenbsd-arm64 cache-miss
801 http fetch GET 200 https://registry.npmjs.org/@esbuild%2flinux-loong64 179ms (cache revalidated)
802 silly packumentCache full:https://registry.npmjs.org/@esbuild%2flinux-loong64 set size:255749 disposed:false
803 silly fetch manifest @esbuild/linux-mips64el@0.25.12
804 silly packumentCache full:https://registry.npmjs.org/@esbuild%2flinux-mips64el cache-miss
805 http fetch GET 200 https://registry.npmjs.org/@esbuild%2flinux-riscv64 171ms (cache revalidated)
806 silly packumentCache full:https://registry.npmjs.org/@esbuild%2flinux-riscv64 set size:202512 disposed:false
807 silly fetch manifest @esbuild/openharmony-arm64@0.25.12
808 silly packumentCache full:https://registry.npmjs.org/@esbuild%2fopenharmony-arm64 cache-miss
809 http fetch GET 200 https://registry.npmjs.org/@esbuild%2fopenbsd-arm64 168ms (cache revalidated)
810 silly packumentCache full:https://registry.npmjs.org/@esbuild%2fopenbsd-arm64 set size:49642 disposed:false
811 silly fetch manifest qs@~6.15.1
812 silly packumentCache full:https://registry.npmjs.org/qs cache-miss
813 http fetch GET 200 https://registry.npmjs.org/@esbuild%2fopenharmony-arm64 202ms (cache revalidated)
814 silly packumentCache full:https://registry.npmjs.org/@esbuild%2fopenharmony-arm64 set size:33054 disposed:false
815 silly fetch manifest depd@2.0.0
816 silly packumentCache full:https://registry.npmjs.org/depd cache-miss
817 http fetch GET 200 https://registry.npmjs.org/@esbuild%2flinux-mips64el 237ms (cache revalidated)
818 silly packumentCache full:https://registry.npmjs.org/@esbuild%2flinux-mips64el set size:204633 disposed:false
819 silly fetch manifest etag@~1.8.1
820 silly packumentCache full:https://registry.npmjs.org/etag cache-miss
821 http fetch GET 200 https://registry.npmjs.org/qs 366ms (cache revalidated)
822 silly packumentCache full:https://registry.npmjs.org/qs set size:365613 disposed:false
823 silly fetch manifest send@~0.19.0
824 silly packumentCache full:https://registry.npmjs.org/send cache-miss
825 http fetch GET 200 https://registry.npmjs.org/send 598ms (cache revalidated)
826 silly packumentCache full:https://registry.npmjs.org/send set size:152810 disposed:false
827 silly fetch manifest vary@~1.1.2
828 silly packumentCache full:https://registry.npmjs.org/vary cache-miss
829 http fetch GET 200 https://registry.npmjs.org/etag 1074ms (cache revalidated)
830 silly packumentCache full:https://registry.npmjs.org/etag set size:30032 disposed:false
831 silly fetch manifest debug@2.6.9
832 silly packumentCache full:https://registry.npmjs.org/debug cache-miss
833 http fetch GET 200 https://registry.npmjs.org/depd 1180ms (cache revalidated)
834 silly packumentCache full:https://registry.npmjs.org/depd set size:40182 disposed:false
835 silly fetch manifest fresh@~0.5.2
836 silly packumentCache full:https://registry.npmjs.org/fresh cache-miss
837 http fetch GET 200 https://registry.npmjs.org/fresh 343ms (cache revalidated)
838 silly packumentCache full:https://registry.npmjs.org/fresh set size:25427 disposed:false
839 silly fetch manifest cookie@~0.7.1
840 silly packumentCache full:https://registry.npmjs.org/cookie cache-miss
841 http fetch GET 200 https://registry.npmjs.org/vary 564ms (cache revalidated)
842 silly packumentCache full:https://registry.npmjs.org/vary set size:15994 disposed:false
843 silly fetch manifest accepts@~1.3.8
844 silly packumentCache full:https://registry.npmjs.org/accepts cache-miss
845 http fetch GET 200 https://registry.npmjs.org/debug 624ms (cache revalidated)
846 silly packumentCache full:https://registry.npmjs.org/debug set size:195840 disposed:false
847 silly fetch manifest methods@~1.1.2
848 silly packumentCache full:https://registry.npmjs.org/methods cache-miss
849 http fetch GET 200 https://registry.npmjs.org/cookie 258ms (cache revalidated)
850 silly packumentCache full:https://registry.npmjs.org/cookie set size:78274 disposed:false
851 silly fetch manifest type-is@~1.6.18
852 silly packumentCache full:https://registry.npmjs.org/type-is cache-miss
853 http fetch GET 200 https://registry.npmjs.org/accepts 400ms (cache revalidated)
854 silly packumentCache full:https://registry.npmjs.org/accepts set size:77054 disposed:false
855 silly fetch manifest parseurl@~1.3.3
856 silly packumentCache full:https://registry.npmjs.org/parseurl cache-miss
857 http fetch GET 200 https://registry.npmjs.org/methods 819ms (cache revalidated)
858 silly packumentCache full:https://registry.npmjs.org/methods set size:12600 disposed:false
859 silly fetch manifest statuses@~2.0.1
860 silly packumentCache full:https://registry.npmjs.org/statuses cache-miss
861 http fetch GET 200 https://registry.npmjs.org/type-is 765ms (cache revalidated)
862 silly packumentCache full:https://registry.npmjs.org/type-is set size:88614 disposed:false
863 silly fetch manifest encodeurl@~2.0.0
864 silly packumentCache full:https://registry.npmjs.org/encodeurl cache-miss
865 http fetch GET 200 https://registry.npmjs.org/parseurl 1413ms (cache revalidated)
866 silly packumentCache full:https://registry.npmjs.org/parseurl set size:24148 disposed:false
867 silly fetch manifest proxy-addr@~2.0.7
868 silly packumentCache full:https://registry.npmjs.org/proxy-addr cache-miss
869 http fetch GET 200 https://registry.npmjs.org/encodeurl 882ms (cache revalidated)
870 silly packumentCache full:https://registry.npmjs.org/encodeurl set size:12296 disposed:false
871 silly fetch manifest body-parser@~1.20.5
872 silly packumentCache full:https://registry.npmjs.org/body-parser cache-miss
873 http fetch GET 200 https://registry.npmjs.org/statuses 910ms (cache revalidated)
874 silly packumentCache full:https://registry.npmjs.org/statuses set size:37117 disposed:false
875 silly fetch manifest escape-html@~1.0.3
876 silly packumentCache full:https://registry.npmjs.org/escape-html cache-miss
877 http fetch GET 200 https://registry.npmjs.org/escape-html 228ms (cache revalidated)
878 silly packumentCache full:https://registry.npmjs.org/escape-html set size:7345 disposed:false
879 silly fetch manifest http-errors@~2.0.0
880 silly packumentCache full:https://registry.npmjs.org/http-errors cache-miss
881 http fetch GET 200 https://registry.npmjs.org/proxy-addr 359ms (cache revalidated)
882 silly packumentCache full:https://registry.npmjs.org/proxy-addr set size:61619 disposed:false
883 silly fetch manifest on-finished@~2.4.1
884 silly packumentCache full:https://registry.npmjs.org/on-finished cache-miss
885 http fetch GET 200 https://registry.npmjs.org/body-parser 298ms (cache revalidated)
886 silly packumentCache full:https://registry.npmjs.org/body-parser set size:204559 disposed:false
887 silly fetch manifest safe-buffer@5.2.1
888 silly packumentCache full:https://registry.npmjs.org/safe-buffer cache-miss
889 http fetch GET 200 https://registry.npmjs.org/safe-buffer 158ms (cache revalidated)
890 silly packumentCache full:https://registry.npmjs.org/safe-buffer set size:41183 disposed:false
891 silly fetch manifest utils-merge@1.0.1
892 silly packumentCache full:https://registry.npmjs.org/utils-merge cache-miss
893 http fetch GET 200 https://registry.npmjs.org/on-finished 240ms (cache revalidated)
894 silly packumentCache full:https://registry.npmjs.org/on-finished set size:23212 disposed:false
895 silly fetch manifest content-type@~1.0.4
896 silly packumentCache full:https://registry.npmjs.org/content-type cache-miss
897 http fetch GET 200 https://registry.npmjs.org/http-errors 378ms (cache revalidated)
898 silly packumentCache full:https://registry.npmjs.org/http-errors set size:71987 disposed:false
899 silly fetch manifest finalhandler@~1.3.1
900 silly packumentCache full:https://registry.npmjs.org/finalhandler cache-miss
901 http fetch GET 200 https://registry.npmjs.org/utils-merge 188ms (cache revalidated)
902 silly packumentCache full:https://registry.npmjs.org/utils-merge set size:5237 disposed:false
903 silly fetch manifest range-parser@~1.2.1
904 silly packumentCache full:https://registry.npmjs.org/range-parser cache-miss
905 http fetch GET 200 https://registry.npmjs.org/content-type 263ms (cache revalidated)
906 silly packumentCache full:https://registry.npmjs.org/content-type set size:23936 disposed:false
907 silly fetch manifest serve-static@~1.16.2
908 silly packumentCache full:https://registry.npmjs.org/serve-static cache-miss
909 http fetch GET 200 https://registry.npmjs.org/range-parser 243ms (cache revalidated)
910 silly packumentCache full:https://registry.npmjs.org/range-parser set size:24852 disposed:false
911 silly fetch manifest array-flatten@1.1.1
912 silly packumentCache full:https://registry.npmjs.org/array-flatten cache-miss
913 http fetch GET 200 https://registry.npmjs.org/finalhandler 294ms (cache revalidated)
914 silly packumentCache full:https://registry.npmjs.org/finalhandler set size:79291 disposed:false
915 silly fetch manifest path-to-regexp@~0.1.12
916 silly packumentCache full:https://registry.npmjs.org/path-to-regexp cache-miss
917 http fetch GET 200 https://registry.npmjs.org/array-flatten 221ms (cache revalidated)
918 silly packumentCache full:https://registry.npmjs.org/array-flatten set size:24005 disposed:false
919 silly fetch manifest setprototypeof@1.2.0
920 silly packumentCache full:https://registry.npmjs.org/setprototypeof cache-miss
921 http fetch GET 200 https://registry.npmjs.org/path-to-regexp 242ms (cache revalidated)
922 silly packumentCache full:https://registry.npmjs.org/path-to-regexp set size:216334 disposed:false
923 silly fetch manifest cookie-signature@~1.0.6
924 silly packumentCache full:https://registry.npmjs.org/cookie-signature cache-miss
925 http fetch GET 200 https://registry.npmjs.org/serve-static 466ms (cache revalidated)
926 silly packumentCache full:https://registry.npmjs.org/serve-static set size:150391 disposed:false
927 silly fetch manifest merge-descriptors@1.0.3
928 silly packumentCache full:https://registry.npmjs.org/merge-descriptors cache-miss
929 http fetch GET 200 https://registry.npmjs.org/setprototypeof 250ms (cache revalidated)
930 silly packumentCache full:https://registry.npmjs.org/setprototypeof set size:14532 disposed:false
931 silly fetch manifest content-disposition@~0.5.4
932 silly packumentCache full:https://registry.npmjs.org/content-disposition cache-miss
933 http fetch GET 200 https://registry.npmjs.org/merge-descriptors 194ms (cache revalidated)
934 silly packumentCache full:https://registry.npmjs.org/merge-descriptors set size:16527 disposed:false
935 silly fetch manifest tslib@^2.4.0
936 silly packumentCache full:https://registry.npmjs.org/tslib cache-miss
937 http fetch GET 200 https://registry.npmjs.org/cookie-signature 343ms (cache revalidated)
938 silly packumentCache full:https://registry.npmjs.org/cookie-signature set size:21777 disposed:false
939 silly fetch manifest framer-motion@^12.43.0
940 silly packumentCache full:https://registry.npmjs.org/framer-motion cache-miss
941 http fetch GET 200 https://registry.npmjs.org/content-disposition 347ms (cache revalidated)
942 silly packumentCache full:https://registry.npmjs.org/content-disposition set size:45446 disposed:false
943 silly fetch manifest @pdf-lib/standard-fonts@^1.0.0
944 silly packumentCache full:https://registry.npmjs.org/@pdf-lib%2fstandard-fonts cache-miss
945 http fetch GET 200 https://registry.npmjs.org/tslib 271ms (cache revalidated)
946 silly packumentCache full:https://registry.npmjs.org/tslib set size:108843 disposed:false
947 silly fetch manifest @pdf-lib/upng@^1.0.1
948 silly packumentCache full:https://registry.npmjs.org/@pdf-lib%2fupng cache-miss
949 http fetch GET 200 https://registry.npmjs.org/@pdf-lib%2fupng 588ms (cache revalidated)
950 silly packumentCache full:https://registry.npmjs.org/@pdf-lib%2fupng set size:16373 disposed:false
951 silly fetch manifest pako@^1.0.11
952 silly packumentCache full:https://registry.npmjs.org/pako cache-miss
953 http fetch GET 200 https://registry.npmjs.org/framer-motion 1136ms (cache revalidated)
954 silly packumentCache full:https://registry.npmjs.org/framer-motion set size:10053309 disposed:false
955 silly fetch manifest tslib@^1.11.1
956 silly packumentCache full:https://registry.npmjs.org/tslib cache-hit
957 silly fetch manifest immer@^11.1.8
958 silly packumentCache full:https://registry.npmjs.org/immer cache-hit
959 silly fetch manifest reselect@5.2.0
960 silly packumentCache full:https://registry.npmjs.org/reselect cache-miss
961 http fetch GET 200 https://registry.npmjs.org/@pdf-lib%2fstandard-fonts 1587ms (cache revalidated)
962 silly packumentCache full:https://registry.npmjs.org/@pdf-lib%2fstandard-fonts set size:60466 disposed:false
963 silly fetch manifest es-toolkit@^1.39.3
964 silly packumentCache full:https://registry.npmjs.org/es-toolkit cache-miss
965 http fetch GET 200 https://registry.npmjs.org/pako 1244ms (cache revalidated)
966 silly packumentCache full:https://registry.npmjs.org/pako set size:82149 disposed:false
967 silly fetch manifest react-redux@8.x.x || 9.x.x
968 silly packumentCache full:https://registry.npmjs.org/react-redux cache-miss
969 http fetch GET 200 https://registry.npmjs.org/reselect 318ms (cache revalidated)
970 silly packumentCache full:https://registry.npmjs.org/reselect set size:361939 disposed:false
971 silly fetch manifest eventemitter3@^5.0.1
972 silly packumentCache full:https://registry.npmjs.org/eventemitter3 cache-miss
973 http fetch GET 200 https://registry.npmjs.org/es-toolkit 1217ms (cache revalidated)
974 silly packumentCache full:https://registry.npmjs.org/es-toolkit set size:12978883 disposed:false
975 silly fetch manifest victory-vendor@^37.0.2
976 silly packumentCache full:https://registry.npmjs.org/victory-vendor cache-miss
977 http fetch GET 200 https://registry.npmjs.org/eventemitter3 1530ms (cache revalidated)
978 silly packumentCache full:https://registry.npmjs.org/eventemitter3 set size:92292 disposed:false
979 silly fetch manifest @reduxjs/toolkit@^1.9.0 || 2.x.x
980 silly packumentCache full:https://registry.npmjs.org/@reduxjs%2ftoolkit cache-miss
981 http fetch GET 200 https://registry.npmjs.org/react-redux 1767ms (cache revalidated)
982 silly packumentCache full:https://registry.npmjs.org/react-redux set size:582163 disposed:false
983 silly fetch manifest decimal.js-light@^2.5.1
984 silly packumentCache full:https://registry.npmjs.org/decimal.js-light cache-miss
985 http fetch GET 200 https://registry.npmjs.org/victory-vendor 470ms (cache revalidated)
986 silly packumentCache full:https://registry.npmjs.org/victory-vendor set size:249209 disposed:false
987 silly fetch manifest use-sync-external-store@^1.2.2
988 silly packumentCache full:https://registry.npmjs.org/use-sync-external-store cache-miss
989 http cache https://registry.npmjs.org/use-sync-external-store 63ms (cache hit)
990 silly packumentCache full:https://registry.npmjs.org/use-sync-external-store set size:4968927 disposed:false
991 silly fetch manifest jose@^6.2.9
992 silly packumentCache full:https://registry.npmjs.org/jose cache-miss
993 http fetch GET 200 https://registry.npmjs.org/@reduxjs%2ftoolkit 476ms (cache revalidated)
994 silly packumentCache full:https://registry.npmjs.org/@reduxjs%2ftoolkit set size:571517 disposed:false
995 silly fetch manifest eciesjs@^0.5.0
996 silly packumentCache full:https://registry.npmjs.org/eciesjs cache-miss
997 http fetch GET 200 https://registry.npmjs.org/decimal.js-light 485ms (cache revalidated)
998 silly packumentCache full:https://registry.npmjs.org/decimal.js-light set size:38254 disposed:false
999 silly fetch manifest @supabase/cli-linux-x64@2.116.0
1000 silly packumentCache full:https://registry.npmjs.org/@supabase%2fcli-linux-x64 cache-miss
1001 http fetch GET 200 https://registry.npmjs.org/eciesjs 221ms (cache revalidated)
1002 silly packumentCache full:https://registry.npmjs.org/eciesjs set size:137039 disposed:false
1003 silly fetch manifest @supabase/cli-darwin-x64@2.116.0
1004 silly packumentCache full:https://registry.npmjs.org/@supabase%2fcli-darwin-x64 cache-miss
1005 http fetch GET 200 https://registry.npmjs.org/jose 436ms (cache revalidated)
1006 silly packumentCache full:https://registry.npmjs.org/jose set size:1452435 disposed:false
1007 silly fetch manifest @supabase/cli-linux-arm64@2.116.0
1008 silly packumentCache full:https://registry.npmjs.org/@supabase%2fcli-linux-arm64 cache-miss
1009 http fetch GET 200 https://registry.npmjs.org/@supabase%2fcli-linux-x64 537ms (cache revalidated)
1010 silly packumentCache full:https://registry.npmjs.org/@supabase%2fcli-linux-x64 set size:764158 disposed:false
1011 silly fetch manifest @supabase/cli-windows-x64@2.116.0
1012 silly packumentCache full:https://registry.npmjs.org/@supabase%2fcli-windows-x64 cache-miss
1013 http fetch GET 200 https://registry.npmjs.org/@supabase%2fcli-linux-arm64 544ms (cache revalidated)
1014 silly packumentCache full:https://registry.npmjs.org/@supabase%2fcli-linux-arm64 set size:748286 disposed:false
1015 silly fetch manifest @supabase/cli-darwin-arm64@2.116.0
1016 silly packumentCache full:https://registry.npmjs.org/@supabase%2fcli-darwin-arm64 cache-miss
1017 http fetch GET 200 https://registry.npmjs.org/@supabase%2fcli-darwin-x64 914ms (cache revalidated)
1018 silly packumentCache full:https://registry.npmjs.org/@supabase%2fcli-darwin-x64 set size:737987 disposed:false
1019 silly fetch manifest @supabase/cli-windows-arm64@2.116.0
1020 silly packumentCache full:https://registry.npmjs.org/@supabase%2fcli-windows-arm64 cache-miss
1021 http fetch GET 200 https://registry.npmjs.org/@supabase%2fcli-windows-x64 643ms (cache revalidated)
1022 silly packumentCache full:https://registry.npmjs.org/@supabase%2fcli-windows-x64 set size:743970 disposed:false
1023 silly fetch manifest @supabase/cli-linux-x64-musl@2.116.0
1024 silly packumentCache full:https://registry.npmjs.org/@supabase%2fcli-linux-x64-musl cache-miss
1025 http fetch GET 200 https://registry.npmjs.org/@supabase%2fcli-windows-arm64 573ms (cache revalidated)
1026 silly packumentCache full:https://registry.npmjs.org/@supabase%2fcli-windows-arm64 set size:751267 disposed:false
1027 silly fetch manifest @supabase/cli-linux-arm64-musl@2.116.0
1028 silly packumentCache full:https://registry.npmjs.org/@supabase%2fcli-linux-arm64-musl cache-miss
1029 http fetch GET 200 https://registry.npmjs.org/@supabase%2fcli-linux-x64-musl 409ms (cache revalidated)
1030 silly packumentCache full:https://registry.npmjs.org/@supabase%2fcli-linux-x64-musl set size:756859 disposed:false
1031 silly fetch manifest esbuild@~0.28.0
1032 silly packumentCache full:https://registry.npmjs.org/esbuild cache-miss
1033 http cache https://registry.npmjs.org/esbuild 22ms (cache hit)
1034 silly packumentCache full:https://registry.npmjs.org/esbuild set size:1264676 disposed:false
1035 http fetch GET 200 https://registry.npmjs.org/@supabase%2fcli-darwin-arm64 817ms (cache revalidated)
1036 silly packumentCache full:https://registry.npmjs.org/@supabase%2fcli-darwin-arm64 set size:745285 disposed:false
1037 http fetch GET 200 https://registry.npmjs.org/@supabase%2fcli-linux-arm64-musl 350ms (cache revalidated)
1038 silly packumentCache full:https://registry.npmjs.org/@supabase%2fcli-linux-arm64-musl set size:764184 disposed:false
1039 silly fetch manifest bufferutil@^4.0.1
1040 silly packumentCache full:https://registry.npmjs.org/bufferutil cache-miss
1041 http fetch GET 200 https://registry.npmjs.org/bufferutil 200ms (cache revalidated)
1042 silly packumentCache full:https://registry.npmjs.org/bufferutil set size:52668 disposed:false
1043 silly fetch manifest utf-8-validate@>=5.0.2
1044 silly packumentCache full:https://registry.npmjs.org/utf-8-validate cache-miss
1045 http fetch GET 200 https://registry.npmjs.org/utf-8-validate 294ms (cache revalidated)
1046 silly packumentCache full:https://registry.npmjs.org/utf-8-validate set size:77012 disposed:false
1047 silly placeDep ROOT google-auth-library@10.9.1 OK for: @google/genai@2.19.0 want: ^10.3.0
1048 silly placeDep ROOT p-retry@4.6.2 OK for: @google/genai@2.19.0 want: ^4.6.2
1049 silly placeDep ROOT protobufjs@7.6.6 OK for: @google/genai@2.19.0 want: ^7.5.4
1050 silly placeDep ROOT ws@8.21.3 OK for: @google/genai@2.19.0 want: ^8.18.0
1051 silly fetch manifest jws@^4.0.0
1052 silly packumentCache full:https://registry.npmjs.org/jws cache-miss
1053 silly fetch manifest gaxios@^7.1.4
1054 silly packumentCache full:https://registry.npmjs.org/gaxios cache-miss
1055 silly fetch manifest base64-js@^1.3.0
1056 silly packumentCache full:https://registry.npmjs.org/base64-js cache-miss
1057 http fetch GET 200 https://registry.npmjs.org/jws 702ms (cache revalidated)
1058 silly packumentCache full:https://registry.npmjs.org/jws set size:48740 disposed:false
1059 silly fetch manifest gcp-metadata@8.1.2
1060 silly packumentCache full:https://registry.npmjs.org/gcp-metadata cache-miss
1061 http fetch GET 200 https://registry.npmjs.org/gaxios 797ms (cache revalidated)
1062 silly packumentCache full:https://registry.npmjs.org/gaxios set size:367168 disposed:false
1063 silly fetch manifest ecdsa-sig-formatter@^1.0.11
1064 silly packumentCache full:https://registry.npmjs.org/ecdsa-sig-formatter cache-miss
1065 http fetch GET 200 https://registry.npmjs.org/base64-js 817ms (cache revalidated)
1066 silly packumentCache full:https://registry.npmjs.org/base64-js set size:41270 disposed:false
1067 silly fetch manifest google-logging-utils@1.1.3
1068 silly packumentCache full:https://registry.npmjs.org/google-logging-utils cache-miss
1069 http fetch GET 200 https://registry.npmjs.org/google-logging-utils 529ms (cache revalidated)
1070 silly packumentCache full:https://registry.npmjs.org/google-logging-utils set size:31146 disposed:false
1071 silly fetch manifest retry@^0.13.1
1072 silly packumentCache full:https://registry.npmjs.org/retry cache-miss
1073 http fetch GET 200 https://registry.npmjs.org/gcp-metadata 714ms (cache revalidated)
1074 silly packumentCache full:https://registry.npmjs.org/gcp-metadata set size:210123 disposed:false
1075 silly fetch manifest @types/retry@0.12.0
1076 silly packumentCache full:https://registry.npmjs.org/@types%2fretry cache-miss
1077 http fetch GET 200 https://registry.npmjs.org/ecdsa-sig-formatter 1042ms (cache revalidated)
1078 silly packumentCache full:https://registry.npmjs.org/ecdsa-sig-formatter set size:23546 disposed:false
1079 silly fetch manifest long@^5.3.2
1080 silly packumentCache full:https://registry.npmjs.org/long cache-miss
1081 http fetch GET 200 https://registry.npmjs.org/retry 492ms (cache revalidated)
1082 silly packumentCache full:https://registry.npmjs.org/retry set size:31161 disposed:false
1083 silly fetch manifest @protobufjs/path@^1.1.2
1084 silly packumentCache full:https://registry.npmjs.org/@protobufjs%2fpath cache-miss
1085 http fetch GET 200 https://registry.npmjs.org/@types%2fretry 491ms (cache revalidated)
1086 silly packumentCache full:https://registry.npmjs.org/@types%2fretry set size:17008 disposed:false
1087 silly fetch manifest @protobufjs/pool@^1.1.0
1088 silly packumentCache full:https://registry.npmjs.org/@protobufjs%2fpool cache-miss
1089 http fetch GET 200 https://registry.npmjs.org/@protobufjs%2fpath 417ms (cache revalidated)
1090 silly packumentCache full:https://registry.npmjs.org/@protobufjs%2fpath set size:10241 disposed:false
1091 silly fetch manifest @protobufjs/utf8@^1.1.1
1092 silly packumentCache full:https://registry.npmjs.org/@protobufjs%2futf8 cache-miss
1093 http fetch GET 200 https://registry.npmjs.org/@protobufjs%2fpool 544ms (cache revalidated)
1094 silly packumentCache full:https://registry.npmjs.org/@protobufjs%2fpool set size:10727 disposed:false
1095 silly fetch manifest @protobufjs/fetch@^1.1.1
1096 silly packumentCache full:https://registry.npmjs.org/@protobufjs%2ffetch cache-miss
1097 http fetch GET 200 https://registry.npmjs.org/long 664ms (cache revalidated)
1098 silly packumentCache full:https://registry.npmjs.org/long set size:80704 disposed:false
1099 silly fetch manifest @protobufjs/float@^1.0.2
1100 silly packumentCache full:https://registry.npmjs.org/@protobufjs%2ffloat cache-miss
1101 http fetch GET 200 https://registry.npmjs.org/@protobufjs%2futf8 873ms (cache revalidated)
1102 silly packumentCache full:https://registry.npmjs.org/@protobufjs%2futf8 set size:17318 disposed:false
1103 silly fetch manifest @protobufjs/base64@^1.1.2
1104 silly packumentCache full:https://registry.npmjs.org/@protobufjs%2fbase64 cache-miss
1105 http fetch GET 200 https://registry.npmjs.org/@protobufjs%2ffetch 828ms (cache revalidated)
1106 silly packumentCache full:https://registry.npmjs.org/@protobufjs%2ffetch set size:12023 disposed:false
1107 silly fetch manifest @protobufjs/codegen@^2.0.5
1108 silly packumentCache full:https://registry.npmjs.org/@protobufjs%2fcodegen cache-miss
1109 http fetch GET 200 https://registry.npmjs.org/@protobufjs%2ffloat 809ms (cache revalidated)
1110 silly packumentCache full:https://registry.npmjs.org/@protobufjs%2ffloat set size:9957 disposed:false
1111 silly fetch manifest @protobufjs/aspromise@^1.1.2
1112 silly packumentCache full:https://registry.npmjs.org/@protobufjs%2faspromise cache-miss
1113 http fetch GET 200 https://registry.npmjs.org/@protobufjs%2fbase64 441ms (cache revalidated)
1114 silly packumentCache full:https://registry.npmjs.org/@protobufjs%2fbase64 set size:14176 disposed:false
1115 silly fetch manifest @protobufjs/eventemitter@^1.1.1
1116 silly packumentCache full:https://registry.npmjs.org/@protobufjs%2feventemitter cache-miss
1117 http fetch GET 200 https://registry.npmjs.org/@protobufjs%2fcodegen 366ms (cache revalidated)
1118 silly packumentCache full:https://registry.npmjs.org/@protobufjs%2fcodegen set size:23820 disposed:false
1119 http fetch GET 200 https://registry.npmjs.org/@protobufjs%2faspromise 450ms (cache revalidated)
1120 silly packumentCache full:https://registry.npmjs.org/@protobufjs%2faspromise set size:11438 disposed:false
1121 http fetch GET 200 https://registry.npmjs.org/@protobufjs%2feventemitter 383ms (cache revalidated)
1122 silly packumentCache full:https://registry.npmjs.org/@protobufjs%2feventemitter set size:13173 disposed:false
1123 silly placeDep ROOT @standard-schema/utils@0.3.0 OK for: @hookform/resolvers@5.9.1 want: ^0.3.0
1124 silly placeDep ROOT @supabase/auth-js@2.112.4 OK for: @supabase/supabase-js@2.112.4 want: 2.112.4
1125 silly placeDep ROOT @supabase/functions-js@2.112.4 OK for: @supabase/supabase-js@2.112.4 want: 2.112.4
1126 silly placeDep ROOT @supabase/postgrest-js@2.112.4 OK for: @supabase/supabase-js@2.112.4 want: 2.112.4
1127 silly placeDep ROOT @supabase/realtime-js@2.112.4 OK for: @supabase/supabase-js@2.112.4 want: 2.112.4
1128 silly placeDep ROOT @supabase/storage-js@2.112.4 OK for: @supabase/supabase-js@2.112.4 want: 2.112.4
1129 silly fetch manifest tslib@2.8.1
1130 silly packumentCache full:https://registry.npmjs.org/tslib cache-hit
1131 silly fetch manifest tslib@2.8.1
1132 silly packumentCache full:https://registry.npmjs.org/tslib cache-hit
1133 silly fetch manifest tslib@2.8.1
1134 silly packumentCache full:https://registry.npmjs.org/tslib cache-hit
1135 silly fetch manifest @supabase/phoenix@0.4.5
1136 silly packumentCache full:https://registry.npmjs.org/@supabase%2fphoenix cache-miss
1137 silly fetch manifest iceberg-js@^0.8.1
1138 silly packumentCache full:https://registry.npmjs.org/iceberg-js cache-miss
1139 http fetch GET 200 https://registry.npmjs.org/@supabase%2fphoenix 261ms (cache revalidated)
1140 silly packumentCache full:https://registry.npmjs.org/@supabase%2fphoenix set size:32329 disposed:false
1141 http fetch GET 200 https://registry.npmjs.org/iceberg-js 286ms (cache revalidated)
1142 silly packumentCache full:https://registry.npmjs.org/iceberg-js set size:44071 disposed:false
1143 silly placeDep ROOT tslib@2.8.1 OK for: @supabase/auth-js@2.112.4 want: 2.8.1
1144 silly placeDep ROOT @supabase/phoenix@0.4.5 OK for: @supabase/realtime-js@2.112.4 want: 0.4.5
1145 silly placeDep ROOT iceberg-js@0.8.1 OK for: @supabase/storage-js@2.112.4 want: ^0.8.1
1146 silly placeDep ROOT @tailwindcss/node@4.3.3 OK for: @tailwindcss/vite@4.3.3 want: 4.3.3
1147 silly placeDep ROOT @tailwindcss/oxide@4.3.3 OK for: @tailwindcss/vite@4.3.3 want: 4.3.3
1148 silly fetch manifest jiti@^2.7.0
1149 silly packumentCache full:https://registry.npmjs.org/jiti cache-hit
1150 silly fetch manifest lightningcss@1.32.0
1151 silly packumentCache full:https://registry.npmjs.org/lightningcss cache-hit
1152 silly fetch manifest magic-string@^0.30.21
1153 silly packumentCache full:https://registry.npmjs.org/magic-string cache-miss
1154 silly fetch manifest enhanced-resolve@^5.24.1
1155 silly packumentCache full:https://registry.npmjs.org/enhanced-resolve cache-miss
1156 silly fetch manifest @jridgewell/remapping@^2.3.5
1157 silly packumentCache full:https://registry.npmjs.org/@jridgewell%2fremapping cache-miss
1158 http fetch GET 200 https://registry.npmjs.org/magic-string 190ms (cache revalidated)
1159 silly packumentCache full:https://registry.npmjs.org/magic-string set size:352504 disposed:false
1160 silly fetch manifest @tailwindcss/oxide-darwin-x64@4.3.3
1161 silly packumentCache full:https://registry.npmjs.org/@tailwindcss%2foxide-darwin-x64 cache-miss
1162 http fetch GET 200 https://registry.npmjs.org/@jridgewell%2fremapping 381ms (cache revalidated)
1163 silly packumentCache full:https://registry.npmjs.org/@jridgewell%2fremapping set size:23809 disposed:false
1164 silly fetch manifest @tailwindcss/oxide-freebsd-x64@4.3.3
1165 silly packumentCache full:https://registry.npmjs.org/@tailwindcss%2foxide-freebsd-x64 cache-miss
1166 http fetch GET 200 https://registry.npmjs.org/enhanced-resolve 581ms (cache revalidated)
1167 silly packumentCache full:https://registry.npmjs.org/enhanced-resolve set size:482889 disposed:false
1168 silly fetch manifest @tailwindcss/oxide-wasm32-wasi@4.3.3
1169 silly packumentCache full:https://registry.npmjs.org/@tailwindcss%2foxide-wasm32-wasi cache-miss
1170 http fetch GET 200 https://registry.npmjs.org/@tailwindcss%2foxide-darwin-x64 447ms (cache revalidated)
1171 silly packumentCache full:https://registry.npmjs.org/@tailwindcss%2foxide-darwin-x64 set size:2975821 disposed:false
1172 silly fetch manifest @tailwindcss/oxide-darwin-arm64@4.3.3
1173 silly packumentCache full:https://registry.npmjs.org/@tailwindcss%2foxide-darwin-arm64 cache-miss
1174 http fetch GET 200 https://registry.npmjs.org/@tailwindcss%2foxide-wasm32-wasi 916ms (cache revalidated)
1175 silly packumentCache full:https://registry.npmjs.org/@tailwindcss%2foxide-wasm32-wasi set size:1592948 disposed:false
1176 silly fetch manifest @tailwindcss/oxide-android-arm64@4.3.3
1177 silly packumentCache full:https://registry.npmjs.org/@tailwindcss%2foxide-android-arm64 cache-miss
1178 http fetch GET 200 https://registry.npmjs.org/@tailwindcss%2foxide-freebsd-x64 1223ms (cache revalidated)
1179 silly packumentCache full:https://registry.npmjs.org/@tailwindcss%2foxide-freebsd-x64 set size:2990990 disposed:false
1180 silly fetch manifest @tailwindcss/oxide-linux-x64-gnu@4.3.3
1181 silly packumentCache full:https://registry.npmjs.org/@tailwindcss%2foxide-linux-x64-gnu cache-miss
1182 http fetch GET 200 https://registry.npmjs.org/@tailwindcss%2foxide-darwin-arm64 1001ms (cache revalidated)
1183 silly packumentCache full:https://registry.npmjs.org/@tailwindcss%2foxide-darwin-arm64 set size:3012079 disposed:false
1184 silly fetch manifest @tailwindcss/oxide-linux-x64-musl@4.3.3
1185 silly packumentCache full:https://registry.npmjs.org/@tailwindcss%2foxide-linux-x64-musl cache-miss
1186 http fetch GET 200 https://registry.npmjs.org/@tailwindcss%2foxide-linux-x64-musl 773ms (cache revalidated)
1187 silly packumentCache full:https://registry.npmjs.org/@tailwindcss%2foxide-linux-x64-musl set size:3046621 disposed:false
1188 silly fetch manifest @tailwindcss/oxide-win32-x64-msvc@4.3.3
1189 silly packumentCache full:https://registry.npmjs.org/@tailwindcss%2foxide-win32-x64-msvc cache-miss
1190 http fetch GET 200 https://registry.npmjs.org/@tailwindcss%2foxide-linux-x64-gnu 965ms (cache revalidated)
1191 silly packumentCache full:https://registry.npmjs.org/@tailwindcss%2foxide-linux-x64-gnu set size:3037338 disposed:false
1192 silly fetch manifest @tailwindcss/oxide-linux-arm64-gnu@4.3.3
1193 silly packumentCache full:https://registry.npmjs.org/@tailwindcss%2foxide-linux-arm64-gnu cache-miss
1194 http fetch GET 200 https://registry.npmjs.org/@tailwindcss%2foxide-android-arm64 1276ms (cache revalidated)
1195 silly packumentCache full:https://registry.npmjs.org/@tailwindcss%2foxide-android-arm64 set size:2153161 disposed:false
1196 silly fetch manifest @tailwindcss/oxide-linux-arm64-musl@4.3.3
1197 silly packumentCache full:https://registry.npmjs.org/@tailwindcss%2foxide-linux-arm64-musl cache-miss
1198 http fetch GET 200 https://registry.npmjs.org/@tailwindcss%2foxide-linux-arm64-gnu 693ms (cache revalidated)
1199 silly packumentCache full:https://registry.npmjs.org/@tailwindcss%2foxide-linux-arm64-gnu set size:3064705 disposed:false
1200 silly fetch manifest @tailwindcss/oxide-win32-arm64-msvc@4.3.3
1201 silly packumentCache full:https://registry.npmjs.org/@tailwindcss%2foxide-win32-arm64-msvc cache-miss
1202 http fetch GET 200 https://registry.npmjs.org/@tailwindcss%2foxide-win32-x64-msvc 1023ms (cache revalidated)
1203 silly packumentCache full:https://registry.npmjs.org/@tailwindcss%2foxide-win32-x64-msvc set size:3018784 disposed:false
1204 silly fetch manifest @tailwindcss/oxide-linux-arm-gnueabihf@4.3.3
1205 silly packumentCache full:https://registry.npmjs.org/@tailwindcss%2foxide-linux-arm-gnueabihf cache-miss
1206 http fetch GET 200 https://registry.npmjs.org/@tailwindcss%2foxide-linux-arm64-musl 884ms (cache revalidated)
1207 silly packumentCache full:https://registry.npmjs.org/@tailwindcss%2foxide-linux-arm64-musl set size:3076242 disposed:false
1208 http fetch GET 200 https://registry.npmjs.org/@tailwindcss%2foxide-win32-arm64-msvc 1048ms (cache revalidated)
1209 silly packumentCache full:https://registry.npmjs.org/@tailwindcss%2foxide-win32-arm64-msvc set size:2130381 disposed:false
1210 http fetch GET 200 https://registry.npmjs.org/@tailwindcss%2foxide-linux-arm-gnueabihf 978ms (cache revalidated)
1211 silly packumentCache full:https://registry.npmjs.org/@tailwindcss%2foxide-linux-arm-gnueabihf set size:3090937 disposed:false
1212 silly placeDep ROOT @jridgewell/remapping@2.3.5 OK for: @tailwindcss/node@4.3.3 want: ^2.3.5
1213 silly placeDep ROOT enhanced-resolve@5.24.5 OK for: @tailwindcss/node@4.3.3 want: ^5.24.1
1214 silly placeDep ROOT jiti@2.7.0 OK for: @tailwindcss/node@4.3.3 want: ^2.7.0
1215 silly placeDep ROOT lightningcss@1.32.0 OK for: @tailwindcss/node@4.3.3 want: 1.32.0
1216 silly placeDep ROOT magic-string@0.30.21 OK for: @tailwindcss/node@4.3.3 want: ^0.30.21
1217 silly placeDep ROOT source-map-js@1.2.1 OK for: @tailwindcss/node@4.3.3 want: ^1.2.1
1218 silly fetch manifest @jridgewell/gen-mapping@^0.3.5
1219 silly packumentCache full:https://registry.npmjs.org/@jridgewell%2fgen-mapping cache-miss
1220 silly fetch manifest @jridgewell/trace-mapping@^0.3.24
1221 silly packumentCache full:https://registry.npmjs.org/@jridgewell%2ftrace-mapping cache-miss
1222 silly fetch manifest tapable@^2.3.3
1223 silly packumentCache full:https://registry.npmjs.org/tapable cache-miss
1224 http fetch GET 200 https://registry.npmjs.org/@jridgewell%2ftrace-mapping 898ms (cache revalidated)
1225 silly packumentCache full:https://registry.npmjs.org/@jridgewell%2ftrace-mapping set size:170909 disposed:false
1226 silly fetch manifest graceful-fs@^4.2.4
1227 silly packumentCache full:https://registry.npmjs.org/graceful-fs cache-miss
1228 http fetch GET 200 https://registry.npmjs.org/tapable 923ms (cache revalidated)
1229 silly packumentCache full:https://registry.npmjs.org/tapable set size:141233 disposed:false
1230 silly fetch manifest detect-libc@^2.0.3
1231 silly packumentCache full:https://registry.npmjs.org/detect-libc cache-miss
1232 http fetch GET 200 https://registry.npmjs.org/@jridgewell%2fgen-mapping 1023ms (cache revalidated)
1233 silly packumentCache full:https://registry.npmjs.org/@jridgewell%2fgen-mapping set size:75941 disposed:false
1234 silly fetch manifest lightningcss-darwin-x64@1.32.0
1235 silly packumentCache full:https://registry.npmjs.org/lightningcss-darwin-x64 cache-miss
1236 http fetch GET 200 https://registry.npmjs.org/graceful-fs 351ms (cache revalidated)
1237 silly packumentCache full:https://registry.npmjs.org/graceful-fs set size:124285 disposed:false
1238 silly fetch manifest lightningcss-freebsd-x64@1.32.0
1239 silly packumentCache full:https://registry.npmjs.org/lightningcss-freebsd-x64 cache-miss
1240 http fetch GET 200 https://registry.npmjs.org/detect-libc 389ms (cache revalidated)
1241 silly packumentCache full:https://registry.npmjs.org/detect-libc set size:47861 disposed:false
1242 silly fetch manifest lightningcss-darwin-arm64@1.32.0
1243 silly packumentCache full:https://registry.npmjs.org/lightningcss-darwin-arm64 cache-miss
1244 http fetch GET 200 https://registry.npmjs.org/lightningcss-darwin-x64 317ms (cache revalidated)
1245 silly packumentCache full:https://registry.npmjs.org/lightningcss-darwin-x64 set size:80374 disposed:false
1246 silly fetch manifest lightningcss-android-arm64@1.32.0
1247 silly packumentCache full:https://registry.npmjs.org/lightningcss-android-arm64 cache-miss
1248 http fetch GET 200 https://registry.npmjs.org/lightningcss-android-arm64 910ms (cache revalidated)
1249 silly packumentCache full:https://registry.npmjs.org/lightningcss-android-arm64 set size:9371 disposed:false
1250 silly fetch manifest lightningcss-linux-x64-gnu@1.32.0
1251 silly packumentCache full:https://registry.npmjs.org/lightningcss-linux-x64-gnu cache-miss
1252 http fetch GET 200 https://registry.npmjs.org/lightningcss-freebsd-x64 1001ms (cache revalidated)
1253 silly packumentCache full:https://registry.npmjs.org/lightningcss-freebsd-x64 set size:44564 disposed:false
1254 silly fetch manifest lightningcss-linux-x64-musl@1.32.0
1255 silly packumentCache full:https://registry.npmjs.org/lightningcss-linux-x64-musl cache-miss
1256 http fetch GET 200 https://registry.npmjs.org/lightningcss-darwin-arm64 942ms (cache revalidated)
1257 silly packumentCache full:https://registry.npmjs.org/lightningcss-darwin-arm64 set size:80970 disposed:false
1258 silly fetch manifest lightningcss-win32-x64-msvc@1.32.0
1259 silly packumentCache full:https://registry.npmjs.org/lightningcss-win32-x64-msvc cache-miss
1260 http fetch GET 200 https://registry.npmjs.org/lightningcss-linux-x64-gnu 423ms (cache revalidated)
1261 silly packumentCache full:https://registry.npmjs.org/lightningcss-linux-x64-gnu set size:81819 disposed:false
1262 silly fetch manifest lightningcss-linux-arm64-gnu@1.32.0
1263 silly packumentCache full:https://registry.npmjs.org/lightningcss-linux-arm64-gnu cache-miss
1264 http fetch GET 200 https://registry.npmjs.org/lightningcss-linux-x64-musl 438ms (cache revalidated)
1265 silly packumentCache full:https://registry.npmjs.org/lightningcss-linux-x64-musl set size:82032 disposed:false
1266 silly fetch manifest lightningcss-linux-arm64-musl@1.32.0
1267 silly packumentCache full:https://registry.npmjs.org/lightningcss-linux-arm64-musl cache-miss
1268 http fetch GET 200 https://registry.npmjs.org/lightningcss-win32-x64-msvc 484ms (cache revalidated)
1269 silly packumentCache full:https://registry.npmjs.org/lightningcss-win32-x64-msvc set size:81347 disposed:false
1270 silly fetch manifest lightningcss-win32-arm64-msvc@1.32.0
1271 silly packumentCache full:https://registry.npmjs.org/lightningcss-win32-arm64-msvc cache-miss
1272 http fetch GET 200 https://registry.npmjs.org/lightningcss-linux-arm64-gnu 217ms (cache revalidated)
1273 silly packumentCache full:https://registry.npmjs.org/lightningcss-linux-arm64-gnu set size:82397 disposed:false
1274 silly fetch manifest lightningcss-linux-arm-gnueabihf@1.32.0
1275 silly packumentCache full:https://registry.npmjs.org/lightningcss-linux-arm-gnueabihf cache-miss
1276 http fetch GET 200 https://registry.npmjs.org/lightningcss-win32-arm64-msvc 289ms (cache revalidated)
1277 silly packumentCache full:https://registry.npmjs.org/lightningcss-win32-arm64-msvc set size:28346 disposed:false
1278 silly fetch manifest @jridgewell/sourcemap-codec@^1.5.5
1279 silly packumentCache full:https://registry.npmjs.org/@jridgewell%2fsourcemap-codec cache-miss
1280 http fetch GET 200 https://registry.npmjs.org/lightningcss-linux-arm64-musl 372ms (cache revalidated)
1281 silly packumentCache full:https://registry.npmjs.org/lightningcss-linux-arm64-musl set size:82617 disposed:false
1282 http fetch GET 200 https://registry.npmjs.org/lightningcss-linux-arm-gnueabihf 270ms (cache revalidated)
1283 silly packumentCache full:https://registry.npmjs.org/lightningcss-linux-arm-gnueabihf set size:82635 disposed:false
1284 http fetch GET 200 https://registry.npmjs.org/@jridgewell%2fsourcemap-codec 314ms (cache revalidated)
1285 silly packumentCache full:https://registry.npmjs.org/@jridgewell%2fsourcemap-codec set size:65255 disposed:false
1286 silly placeDep ROOT @jridgewell/gen-mapping@0.3.13 OK for: @jridgewell/remapping@2.3.5 want: ^0.3.5
1287 silly placeDep ROOT @jridgewell/trace-mapping@0.3.31 OK for: @jridgewell/remapping@2.3.5 want: ^0.3.24
1288 silly fetch manifest @jridgewell/sourcemap-codec@^1.5.0
1289 silly packumentCache full:https://registry.npmjs.org/@jridgewell%2fsourcemap-codec cache-hit
1290 silly fetch manifest @jridgewell/resolve-uri@^3.1.0
1291 silly packumentCache full:https://registry.npmjs.org/@jridgewell%2fresolve-uri cache-miss
1292 silly fetch manifest @jridgewell/sourcemap-codec@^1.4.14
1293 silly packumentCache full:https://registry.npmjs.org/@jridgewell%2fsourcemap-codec cache-hit
1294 http fetch GET 200 https://registry.npmjs.org/@jridgewell%2fresolve-uri 2498ms (cache revalidated)
1295 silly packumentCache full:https://registry.npmjs.org/@jridgewell%2fresolve-uri set size:57361 disposed:false
1296 silly placeDep ROOT @jridgewell/sourcemap-codec@1.6.0 OK for: @jridgewell/gen-mapping@0.3.13 want: ^1.5.0
1297 silly placeDep ROOT @jridgewell/resolve-uri@3.1.2 OK for: @jridgewell/trace-mapping@0.3.31 want: ^3.1.0
1298 silly placeDep ROOT @tailwindcss/oxide-android-arm64@4.3.3 OK for: @tailwindcss/oxide@4.3.3 want: 4.3.3
1299 silly placeDep ROOT @tailwindcss/oxide-darwin-arm64@4.3.3 OK for: @tailwindcss/oxide@4.3.3 want: 4.3.3
1300 silly placeDep ROOT @tailwindcss/oxide-darwin-x64@4.3.3 OK for: @tailwindcss/oxide@4.3.3 want: 4.3.3
1301 silly placeDep ROOT @tailwindcss/oxide-freebsd-x64@4.3.3 OK for: @tailwindcss/oxide@4.3.3 want: 4.3.3
1302 silly placeDep ROOT @tailwindcss/oxide-linux-arm-gnueabihf@4.3.3 OK for: @tailwindcss/oxide@4.3.3 want: 4.3.3
1303 silly placeDep ROOT @tailwindcss/oxide-linux-arm64-gnu@4.3.3 OK for: @tailwindcss/oxide@4.3.3 want: 4.3.3
1304 silly placeDep ROOT @tailwindcss/oxide-linux-arm64-musl@4.3.3 OK for: @tailwindcss/oxide@4.3.3 want: 4.3.3
1305 silly placeDep ROOT @tailwindcss/oxide-linux-x64-gnu@4.3.3 OK for: @tailwindcss/oxide@4.3.3 want: 4.3.3
1306 silly placeDep ROOT @tailwindcss/oxide-linux-x64-musl@4.3.3 OK for: @tailwindcss/oxide@4.3.3 want: 4.3.3
1307 silly placeDep ROOT @tailwindcss/oxide-wasm32-wasi@4.3.3 OK for: @tailwindcss/oxide@4.3.3 want: 4.3.3
1308 silly placeDep ROOT @tailwindcss/oxide-win32-arm64-msvc@4.3.3 OK for: @tailwindcss/oxide@4.3.3 want: 4.3.3
1309 silly placeDep ROOT @tailwindcss/oxide-win32-x64-msvc@4.3.3 OK for: @tailwindcss/oxide@4.3.3 want: 4.3.3
1310 silly placeDep ROOT @tanstack/query-core@5.102.8 OK for: @tanstack/react-query@5.102.8 want: 5.102.8
1311 silly fetch manifest react@>=18.0.0 || >=19.0.0
1312 silly packumentCache full:https://registry.npmjs.org/react cache-miss
1313 http cache https://registry.npmjs.org/react 410ms (cache hit)
1314 silly packumentCache full:https://registry.npmjs.org/react set size:6926968 disposed:false
1315 silly fetch manifest react-dom@>=18.0.0 || >=19.0.0
1316 silly packumentCache full:https://registry.npmjs.org/react-dom cache-miss
1317 http cache https://registry.npmjs.org/react-dom 389ms (cache hit)
1318 silly packumentCache full:https://registry.npmjs.org/react-dom set size:9313795 disposed:false
1319 silly placeDep ROOT @tanstack/history@1.115.0 OK for: @tanstack/react-router@1.120.0 want: 1.115.0
1320 silly placeDep ROOT @tanstack/react-store@0.7.7 OK for: @tanstack/react-router@1.120.0 want: ^0.7.0
1321 silly placeDep ROOT @tanstack/router-core@1.119.0 OK for: @tanstack/react-router@1.120.0 want: 1.119.0
1322 silly placeDep ROOT jsesc@3.1.0 OK for: @tanstack/react-router@1.120.0 want: ^3.1.0
1323 silly placeDep ROOT tiny-invariant@1.3.3 OK for: @tanstack/react-router@1.120.0 want: ^1.3.3
1324 silly placeDep ROOT tiny-warning@1.0.3 OK for: @tanstack/react-router@1.120.0 want: ^1.0.3
1325 silly fetch manifest @tanstack/store@0.7.7
1326 silly packumentCache full:https://registry.npmjs.org/@tanstack%2fstore cache-miss
1327 silly fetch manifest use-sync-external-store@^1.5.0
1328 silly packumentCache full:https://registry.npmjs.org/use-sync-external-store cache-miss
1329 silly fetch manifest @tanstack/store@^0.7.0
1330 silly packumentCache full:https://registry.npmjs.org/@tanstack%2fstore cache-miss
1331 http cache https://registry.npmjs.org/use-sync-external-store 189ms (cache hit)
1332 silly packumentCache full:https://registry.npmjs.org/use-sync-external-store set size:4968927 disposed:false
1333 http fetch GET 200 https://registry.npmjs.org/@tanstack%2fstore 706ms (cache revalidated)
1334 silly packumentCache full:https://registry.npmjs.org/@tanstack%2fstore set size:169429 disposed:false
1335 http fetch GET 200 https://registry.npmjs.org/@tanstack%2fstore 711ms (cache revalidated)
1336 silly packumentCache full:https://registry.npmjs.org/@tanstack%2fstore set size:169429 disposed:false
1337 silly packumentCache full:https://registry.npmjs.org/@tanstack%2fstore dispose
1338 silly placeDep ROOT @tanstack/react-start-client@1.168.30 OK for: @tanstack/react-start@1.120.0 want: ^1.120.0
1339 silly placeDep ROOT @tanstack/react-start-config@1.120.20 OK for: @tanstack/react-start@1.120.0 want: ^1.120.0
1340 silly placeDep ROOT @tanstack/react-start-router-manifest@1.120.19 OK for: @tanstack/react-start@1.120.0 want: ^1.119.0
1341 silly placeDep ROOT @tanstack/react-start-server@1.167.37 OK for: @tanstack/react-start@1.120.0 want: ^1.120.0
1342 silly placeDep ROOT @tanstack/start-api-routes@1.120.19 OK for: @tanstack/react-start@1.120.0 want: ^1.119.0
1343 silly placeDep ROOT @tanstack/start-server-functions-client@1.131.50 OK for: @tanstack/react-start@1.120.0 want: ^1.119.2
1344 silly placeDep ROOT @tanstack/start-server-functions-handler@1.120.19 OK for: @tanstack/react-start@1.120.0 want: ^1.119.0
1345 silly placeDep ROOT @tanstack/start-server-functions-server@1.131.2 OK for: @tanstack/react-start@1.120.0 want: ^1.119.2
1346 silly placeDep ROOT @tanstack/start-server-functions-ssr@1.120.19 OK for: @tanstack/react-start@1.120.0 want: ^1.119.2
1347 silly fetch manifest @tanstack/router-core@1.171.27
1348 silly packumentCache full:https://registry.npmjs.org/@tanstack%2frouter-core cache-miss
1349 silly fetch manifest @tanstack/react-router@1.170.32
1350 silly packumentCache full:https://registry.npmjs.org/@tanstack%2freact-router cache-miss
1351 silly fetch manifest @tanstack/start-client-core@1.170.27
1352 silly packumentCache full:https://registry.npmjs.org/@tanstack%2fstart-client-core cache-miss
1353 http cache https://registry.npmjs.org/@tanstack%2frouter-core 32ms (cache hit)
1354 silly packumentCache full:https://registry.npmjs.org/@tanstack%2frouter-core set size:1688356 disposed:false
1355 silly fetch manifest zod@^3.24.2
1356 silly packumentCache full:https://registry.npmjs.org/zod cache-miss
1357 http cache https://registry.npmjs.org/@tanstack%2freact-router 79ms (cache hit)
1358 silly packumentCache full:https://registry.npmjs.org/@tanstack%2freact-router set size:3687605 disposed:false
1359 silly fetch manifest vinxi@0.5.3
1360 silly packumentCache full:https://registry.npmjs.org/vinxi cache-miss
1361 http cache https://registry.npmjs.org/zod 126ms (cache hit)
1362 silly packumentCache full:https://registry.npmjs.org/zod set size:4147901 disposed:false
1363 silly fetch manifest ofetch@^1.4.1
1364 silly packumentCache full:https://registry.npmjs.org/ofetch cache-miss
1365 http fetch GET 200 https://registry.npmjs.org/vinxi 650ms (cache revalidated)
1366 silly packumentCache full:https://registry.npmjs.org/vinxi set size:448638 disposed:false
1367 silly fetch manifest nitropack@^2.10.4
1368 silly packumentCache full:https://registry.npmjs.org/nitropack cache-miss
1369 http fetch GET 200 https://registry.npmjs.org/@tanstack%2fstart-client-core 849ms (cache revalidated)
1370 silly packumentCache full:https://registry.npmjs.org/@tanstack%2fstart-client-core set size:1299845 disposed:false
1371 silly fetch manifest import-meta-resolve@^4.1.0
1372 silly packumentCache full:https://registry.npmjs.org/import-meta-resolve cache-miss
1373 http fetch GET 200 https://registry.npmjs.org/ofetch 606ms (cache revalidated)
1374 silly packumentCache full:https://registry.npmjs.org/ofetch set size:75280 disposed:false
1375 silly fetch manifest @vitejs/plugin-react@^4.3.4
1376 silly packumentCache full:https://registry.npmjs.org/@vitejs%2fplugin-react cache-hit
1377 silly fetch manifest @tanstack/router-core@^1.120.19
1378 silly packumentCache full:https://registry.npmjs.org/@tanstack%2frouter-core cache-miss
1379 http cache https://registry.npmjs.org/@tanstack%2frouter-core 38ms (cache hit)
1380 silly packumentCache full:https://registry.npmjs.org/@tanstack%2frouter-core set size:1688356 disposed:false
1381 silly fetch manifest @tanstack/router-plugin@^1.120.20
1382 silly packumentCache full:https://registry.npmjs.org/@tanstack%2frouter-plugin cache-miss
1383 http fetch GET 200 https://registry.npmjs.org/import-meta-resolve 253ms (cache revalidated)
1384 silly packumentCache full:https://registry.npmjs.org/import-meta-resolve set size:81231 disposed:false
1385 silly fetch manifest @tanstack/router-generator@^1.120.20
1386 silly packumentCache full:https://registry.npmjs.org/@tanstack%2frouter-generator cache-miss
1387 http fetch GET 200 https://registry.npmjs.org/nitropack 582ms (cache revalidated)
1388 silly packumentCache full:https://registry.npmjs.org/nitropack set size:734997 disposed:false
1389 silly fetch manifest @tanstack/react-start-plugin@^1.120.17
1390 silly packumentCache full:https://registry.npmjs.org/@tanstack%2freact-start-plugin cache-miss
1391 http fetch GET 200 https://registry.npmjs.org/@tanstack%2frouter-plugin 1155ms (cache revalidated)
1392 silly packumentCache full:https://registry.npmjs.org/@tanstack%2frouter-plugin set size:2861302 disposed:false
1393 silly fetch manifest @tanstack/server-functions-plugin@^1.120.17
1394 silly packumentCache full:https://registry.npmjs.org/@tanstack%2fserver-functions-plugin cache-miss
1395 http fetch GET 200 https://registry.npmjs.org/@tanstack%2frouter-generator 1115ms (cache revalidated)
1396 silly packumentCache full:https://registry.npmjs.org/@tanstack%2frouter-generator set size:1820453 disposed:false
1397 silly fetch manifest @tanstack/start-server-functions-handler@^1.120.19
1398 silly packumentCache full:https://registry.npmjs.org/@tanstack%2fstart-server-functions-handler cache-hit
1399 silly fetch manifest @tanstack/start-server-core@1.169.31
1400 silly packumentCache full:https://registry.npmjs.org/@tanstack%2fstart-server-core cache-miss
1401 http fetch GET 200 https://registry.npmjs.org/@tanstack%2freact-start-plugin 1029ms (cache revalidated)
1402 silly packumentCache full:https://registry.npmjs.org/@tanstack%2freact-start-plugin set size:546366 disposed:false
1403 silly fetch manifest @tanstack/start-server-core@^1.120.19
1404 silly packumentCache full:https://registry.npmjs.org/@tanstack%2fstart-server-core cache-miss
1405 http fetch GET 200 https://registry.npmjs.org/@tanstack%2fserver-functions-plugin 849ms (cache revalidated)
1406 silly packumentCache full:https://registry.npmjs.org/@tanstack%2fserver-functions-plugin set size:264890 disposed:false
1407 silly fetch manifest @tanstack/server-functions-plugin@1.131.2
1408 silly packumentCache full:https://registry.npmjs.org/@tanstack%2fserver-functions-plugin cache-hit
1409 silly fetch manifest @tanstack/start-server-functions-fetcher@1.131.50
1410 silly packumentCache full:https://registry.npmjs.org/@tanstack%2fstart-server-functions-fetcher cache-miss
1411 http fetch GET 200 https://registry.npmjs.org/@tanstack%2fstart-server-core 1025ms (cache revalidated)
1412 silly packumentCache full:https://registry.npmjs.org/@tanstack%2fstart-server-core set size:1519063 disposed:false
1413 silly fetch manifest @tanstack/start-client-core@^1.120.19
1414 silly packumentCache full:https://registry.npmjs.org/@tanstack%2fstart-client-core cache-miss
1415 http fetch GET 200 https://registry.npmjs.org/@tanstack%2fstart-server-core 777ms (cache revalidated)
1416 silly packumentCache full:https://registry.npmjs.org/@tanstack%2fstart-server-core set size:1519063 disposed:false
1417 silly fetch manifest @tanstack/start-client-core@^1.120.19
1418 silly packumentCache full:https://registry.npmjs.org/@tanstack%2fstart-client-core cache-miss
1419 http cache https://registry.npmjs.org/@tanstack%2fstart-client-core 130ms (cache hit)
1420 silly packumentCache full:https://registry.npmjs.org/@tanstack%2fstart-client-core set size:1299845 disposed:false
1421 silly fetch manifest @tanstack/start-server-functions-fetcher@^1.120.19
1422 silly packumentCache full:https://registry.npmjs.org/@tanstack%2fstart-server-functions-fetcher cache-miss
1423 http cache https://registry.npmjs.org/@tanstack%2fstart-client-core 138ms (cache hit)
1424 silly packumentCache full:https://registry.npmjs.org/@tanstack%2fstart-client-core set size:1299845 disposed:false
1425 http fetch GET 200 https://registry.npmjs.org/@tanstack%2fstart-server-functions-fetcher 830ms (cache revalidated)
1426 silly packumentCache full:https://registry.npmjs.org/@tanstack%2fstart-server-functions-fetcher set size:530928 disposed:false
1427 http fetch GET 200 https://registry.npmjs.org/@tanstack%2fstart-server-functions-fetcher 451ms (cache revalidated)
1428 silly packumentCache full:https://registry.npmjs.org/@tanstack%2fstart-server-functions-fetcher set size:530928 disposed:false
1429 silly packumentCache full:https://registry.npmjs.org/@tanstack%2fstart-server-functions-fetcher dispose
1430 silly placeDep node_modules/@tanstack/react-start-client @tanstack/react-router@1.170.32 OK for: @tanstack/react-start-client@1.168.30 want: 1.170.32
1431 silly placeDep node_modules/@tanstack/react-start-client @tanstack/router-core@1.171.27 OK for: @tanstack/react-start-client@1.168.30 want: 1.171.27
1432 silly placeDep ROOT @tanstack/start-client-core@1.170.27 OK for: @tanstack/react-start-client@1.168.30 want: 1.170.27
1433 silly fetch manifest isbot@^5.1.22
1434 silly packumentCache full:https://registry.npmjs.org/isbot cache-miss
1435 silly fetch manifest @tanstack/history@1.162.1
1436 silly packumentCache full:https://registry.npmjs.org/@tanstack%2fhistory cache-hit
1437 silly fetch manifest @tanstack/react-store@^0.9.3
1438 silly packumentCache full:https://registry.npmjs.org/@tanstack%2freact-store cache-hit
1439 silly fetch manifest seroval@^1.6.2
1440 silly packumentCache full:https://registry.npmjs.org/seroval cache-miss
1441 silly fetch manifest cookie-es@^3.0.0
1442 silly packumentCache full:https://registry.npmjs.org/cookie-es cache-miss
1443 http fetch GET 200 https://registry.npmjs.org/cookie-es 256ms (cache revalidated)
1444 silly packumentCache full:https://registry.npmjs.org/cookie-es set size:30011 disposed:false
1445 silly fetch manifest seroval-plugins@^1.6.2
1446 silly packumentCache full:https://registry.npmjs.org/seroval-plugins cache-miss
1447 http fetch GET 200 https://registry.npmjs.org/seroval 593ms (cache revalidated)
1448 silly packumentCache full:https://registry.npmjs.org/seroval set size:227350 disposed:false
1449 silly fetch manifest @tanstack/start-fn-stubs@1.162.0
1450 silly packumentCache full:https://registry.npmjs.org/@tanstack%2fstart-fn-stubs cache-miss
1451 http fetch GET 200 https://registry.npmjs.org/seroval-plugins 484ms (cache revalidated)
1452 silly packumentCache full:https://registry.npmjs.org/seroval-plugins set size:74735 disposed:false
1453 silly fetch manifest @tanstack/start-storage-context@1.167.29
1454 silly packumentCache full:https://registry.npmjs.org/@tanstack%2fstart-storage-context cache-miss
1455 http fetch GET 200 https://registry.npmjs.org/isbot 796ms (cache revalidated)
1456 silly packumentCache full:https://registry.npmjs.org/isbot set size:734994 disposed:false
1457 http fetch GET 200 https://registry.npmjs.org/@tanstack%2fstart-storage-context 1050ms (cache revalidated)
1458 silly packumentCache full:https://registry.npmjs.org/@tanstack%2fstart-storage-context set size:833601 disposed:false
1459 http fetch GET 200 https://registry.npmjs.org/@tanstack%2fstart-fn-stubs 1293ms (cache revalidated)
1460 silly packumentCache full:https://registry.npmjs.org/@tanstack%2fstart-fn-stubs set size:28640 disposed:false
1461 silly fetch manifest xml2js@^0.6.2
1462 silly packumentCache full:https://registry.npmjs.org/xml2js cache-miss
1463 http fetch GET 200 https://registry.npmjs.org/xml2js 382ms (cache revalidated)
1464 silly packumentCache full:https://registry.npmjs.org/xml2js set size:198018 disposed:false
1465 silly fetch manifest vite@^6.1.0
1466 silly packumentCache full:https://registry.npmjs.org/vite cache-miss
1467 http cache https://registry.npmjs.org/vite 250ms (cache hit)
1468 silly packumentCache full:https://registry.npmjs.org/vite set size:38929639 disposed:false
1469 silly fetch manifest @types/node@^18.0.0 || ^20.0.0 || >=22.0.0
1470 silly packumentCache full:https://registry.npmjs.org/@types%2fnode cache-miss
1471 http cache https://registry.npmjs.org/@types%2fnode 852ms (cache hit)
1472 silly packumentCache full:https://registry.npmjs.org/@types%2fnode set size:11096266 disposed:false
1473 silly fetch manifest tsx@^4.8.1
1474 silly packumentCache full:https://registry.npmjs.org/tsx cache-hit
1475 silly fetch manifest @rsbuild/core@>=1.0.2 || ^2.0.0
1476 silly packumentCache full:https://registry.npmjs.org/@rsbuild%2fcore cache-miss
1477 http fetch GET 200 https://registry.npmjs.org/@rsbuild%2fcore 555ms (cache revalidated)
1478 silly packumentCache full:https://registry.npmjs.org/@rsbuild%2fcore set size:1465652 disposed:false
1479 silly fetch manifest core-js@>= 3.0.0
1480 silly packumentCache full:https://registry.npmjs.org/core-js cache-miss
1481 http fetch GET 200 https://registry.npmjs.org/core-js 415ms (cache revalidated)
1482 silly packumentCache full:https://registry.npmjs.org/core-js set size:823233 disposed:false
1483 silly fetch manifest @tanstack/react-router@^1.170.32
1484 silly packumentCache full:https://registry.npmjs.org/@tanstack%2freact-router cache-miss
1485 http cache https://registry.npmjs.org/@tanstack%2freact-router 35ms (cache hit)
1486 silly packumentCache full:https://registry.npmjs.org/@tanstack%2freact-router set size:3687605 disposed:false
1487 silly fetch manifest vite-plugin-solid@^2.11.10 || ^3.0.0-0
1488 silly packumentCache full:https://registry.npmjs.org/vite-plugin-solid cache-miss
1489 http fetch GET 200 https://registry.npmjs.org/vite-plugin-solid 275ms (cache revalidated)
1490 silly packumentCache full:https://registry.npmjs.org/vite-plugin-solid set size:429860 disposed:false
1491 silly fetch manifest @testing-library/jest-dom@^5.16.6 || ^5.17.0 || ^6.0.0 || ^7.0.0
1492 silly packumentCache full:https://registry.npmjs.org/@testing-library%2fjest-dom cache-miss
1493 http fetch GET 200 https://registry.npmjs.org/@testing-library%2fjest-dom 972ms (cache revalidated)
1494 silly packumentCache full:https://registry.npmjs.org/@testing-library%2fjest-dom set size:438371 disposed:false
1495 silly fetch manifest @testing-library/dom@>=10 <11
1496 silly packumentCache full:https://registry.npmjs.org/@testing-library%2fdom cache-miss
1497 http fetch GET 200 https://registry.npmjs.org/@testing-library%2fdom 635ms (cache revalidated)
1498 silly packumentCache full:https://registry.npmjs.org/@testing-library%2fdom set size:1097604 disposed:false
1499 silly fetch manifest vitest@>= 0.32
1500 silly packumentCache full:https://registry.npmjs.org/vitest cache-miss
1501 http fetch GET 200 https://registry.npmjs.org/vitest 430ms (cache revalidated)
1502 silly packumentCache full:https://registry.npmjs.org/vitest set size:2246949 disposed:false
1503 silly fetch manifest @edge-runtime/vm@*
1504 silly packumentCache full:https://registry.npmjs.org/@edge-runtime%2fvm cache-miss
1505 http fetch GET 200 https://registry.npmjs.org/@edge-runtime%2fvm 432ms (cache revalidated)
1506 silly packumentCache full:https://registry.npmjs.org/@edge-runtime%2fvm set size:269934 disposed:false
1507 silly fetch manifest @opentelemetry/api@^1.9.0
1508 silly packumentCache full:https://registry.npmjs.org/@opentelemetry%2fapi cache-hit
1509 silly fetch manifest @vitest/browser-playwright@4.1.11
1510 silly packumentCache full:https://registry.npmjs.org/@vitest%2fbrowser-playwright cache-miss
1511 http fetch GET 200 https://registry.npmjs.org/@vitest%2fbrowser-playwright 534ms (cache revalidated)
1512 silly packumentCache full:https://registry.npmjs.org/@vitest%2fbrowser-playwright set size:148414 disposed:false
1513 silly fetch manifest playwright@*
1514 silly packumentCache full:https://registry.npmjs.org/playwright cache-miss
1515 http fetch GET 200 https://registry.npmjs.org/playwright 1261ms (cache revalidated)
1516 silly packumentCache full:https://registry.npmjs.org/playwright set size:16680444 disposed:false
1517 silly fetch manifest @vitest/browser-preview@4.1.11
1518 silly packumentCache full:https://registry.npmjs.org/@vitest%2fbrowser-preview cache-miss
1519 http fetch GET 200 https://registry.npmjs.org/@vitest%2fbrowser-preview 712ms (cache revalidated)
1520 silly packumentCache full:https://registry.npmjs.org/@vitest%2fbrowser-preview set size:142297 disposed:false
1521 silly fetch manifest @vitest/browser-webdriverio@4.1.11
1522 silly packumentCache full:https://registry.npmjs.org/@vitest%2fbrowser-webdriverio cache-miss
1523 http fetch GET 200 https://registry.npmjs.org/@vitest%2fbrowser-webdriverio 365ms (cache revalidated)
1524 silly packumentCache full:https://registry.npmjs.org/@vitest%2fbrowser-webdriverio set size:140979 disposed:false
1525 silly fetch manifest webdriverio@*
1526 silly packumentCache full:https://registry.npmjs.org/webdriverio cache-miss
1527 http fetch GET 200 https://registry.npmjs.org/webdriverio 604ms (cache revalidated)
1528 silly packumentCache full:https://registry.npmjs.org/webdriverio set size:3166662 disposed:false
1529 silly fetch manifest puppeteer-core@>=22.x <=24.x
1530 silly packumentCache full:https://registry.npmjs.org/puppeteer-core cache-miss
1531 http fetch GET 200 https://registry.npmjs.org/puppeteer-core 643ms (cache revalidated)
1532 silly packumentCache full:https://registry.npmjs.org/puppeteer-core set size:1576304 disposed:false
1533 silly fetch manifest @vitest/coverage-istanbul@4.1.11
1534 silly packumentCache full:https://registry.npmjs.org/@vitest%2fcoverage-istanbul cache-miss
1535 http fetch GET 200 https://registry.npmjs.org/@vitest%2fcoverage-istanbul 316ms (cache revalidated)
1536 silly packumentCache full:https://registry.npmjs.org/@vitest%2fcoverage-istanbul set size:703632 disposed:false
1537 silly fetch manifest @vitest/coverage-v8@4.1.11
1538 silly packumentCache full:https://registry.npmjs.org/@vitest%2fcoverage-v8 cache-miss
1539 http fetch GET 200 https://registry.npmjs.org/@vitest%2fcoverage-v8 267ms (cache revalidated)
1540 silly packumentCache full:https://registry.npmjs.org/@vitest%2fcoverage-v8 set size:539918 disposed:false
1541 silly fetch manifest @vitest/browser@4.1.11
1542 silly packumentCache full:https://registry.npmjs.org/@vitest%2fbrowser cache-miss
1543 http fetch GET 200 https://registry.npmjs.org/@vitest%2fbrowser 506ms (cache revalidated)
1544 silly packumentCache full:https://registry.npmjs.org/@vitest%2fbrowser set size:800878 disposed:false
1545 silly fetch manifest @vitest/ui@4.1.11
1546 silly packumentCache full:https://registry.npmjs.org/@vitest%2fui cache-miss
1547 http fetch GET 200 https://registry.npmjs.org/@vitest%2fui 1530ms (cache revalidated)
1548 silly packumentCache full:https://registry.npmjs.org/@vitest%2fui set size:1289006 disposed:false
1549 silly fetch manifest happy-dom@*
1550 silly packumentCache full:https://registry.npmjs.org/happy-dom cache-miss
1551 http fetch GET 200 https://registry.npmjs.org/happy-dom 2753ms (cache revalidated)
1552 silly packumentCache full:https://registry.npmjs.org/happy-dom set size:2520104 disposed:false
1553 silly fetch manifest jsdom@*
1554 silly packumentCache full:https://registry.npmjs.org/jsdom cache-miss
1555 http fetch GET 200 https://registry.npmjs.org/jsdom 926ms (cache revalidated)
1556 silly packumentCache full:https://registry.npmjs.org/jsdom set size:1074418 disposed:false
1557 silly fetch manifest canvas@^3.2.3
1558 silly packumentCache full:https://registry.npmjs.org/canvas cache-miss
1559 http fetch GET 200 https://registry.npmjs.org/canvas 826ms (cache revalidated)
1560 silly packumentCache full:https://registry.npmjs.org/canvas set size:353371 disposed:false
1561 silly fetch manifest solid-js@^1.7.2
1562 silly packumentCache full:https://registry.npmjs.org/solid-js cache-miss
1563 http fetch GET 200 https://registry.npmjs.org/solid-js 1256ms (cache revalidated)
1564 silly packumentCache full:https://registry.npmjs.org/solid-js set size:2279001 disposed:false
1565 silly fetch manifest webpack@>=5.92.0
1566 silly packumentCache full:https://registry.npmjs.org/webpack cache-miss
1567 http fetch GET 200 https://registry.npmjs.org/webpack 388ms (cache revalidated)
1568 silly packumentCache full:https://registry.npmjs.org/webpack set size:5150427 disposed:false
1569 silly placeDep ROOT @tanstack/react-start-plugin@1.131.50 OK for: @tanstack/react-start-config@1.120.20 want: ^1.120.17
1570 silly placeDep node_modules/@tanstack/react-start-config @tanstack/router-core@1.171.27 OK for: @tanstack/react-start-config@1.120.20 want: ^1.120.19
1571 silly placeDep ROOT @tanstack/router-generator@1.167.33 OK for: @tanstack/react-start-config@1.120.20 want: ^1.120.20
1572 silly placeDep node_modules/@tanstack/react-start-config @tanstack/router-plugin@1.168.35 OK for: @tanstack/react-start-config@1.120.20 want: ^1.120.20
1573 silly placeDep node_modules/@tanstack/react-start-config @tanstack/react-router@1.170.32 OK for: @tanstack/router-plugin@1.168.35 want: ^1.170.32
1574 silly placeDep ROOT @tanstack/server-functions-plugin@1.142.1 OK for: @tanstack/react-start-config@1.120.20 want: ^1.120.17
1575 silly placeDep node_modules/@tanstack/react-start-config @vitejs/plugin-react@4.7.0 OK for: @tanstack/react-start-config@1.120.20 want: ^4.3.4
1576 silly placeDep ROOT import-meta-resolve@4.2.0 OK for: @tanstack/react-start-config@1.120.20 want: ^4.1.0
1577 silly placeDep ROOT nitropack@2.13.4 OK for: @tanstack/react-start-config@1.120.20 want: ^2.10.4
1578 silly placeDep ROOT ofetch@1.5.1 OK for: @tanstack/react-start-config@1.120.20 want: ^1.4.1
1579 silly placeDep ROOT vinxi@0.5.3 OK for: @tanstack/react-start-config@1.120.20 want: 0.5.3
1580 silly placeDep node_modules/@tanstack/react-start-config zod@3.25.76 OK for: @tanstack/react-start-config@1.120.20 want: ^3.24.2
1581 silly fetch manifest pathe@^2.0.3
1582 silly packumentCache full:https://registry.npmjs.org/pathe cache-miss
1583 silly fetch manifest @tanstack/start-plugin-core@1.131.50
1584 silly packumentCache full:https://registry.npmjs.org/@tanstack%2fstart-plugin-core cache-miss
1585 silly fetch manifest prettier@^3.5.0
1586 silly packumentCache full:https://registry.npmjs.org/prettier cache-miss
1587 http fetch GET 200 https://registry.npmjs.org/prettier 571ms (cache revalidated)
1588 silly packumentCache full:https://registry.npmjs.org/prettier set size:716664 disposed:false
1589 silly fetch manifest @babel/types@^7.28.5
1590 silly packumentCache full:https://registry.npmjs.org/@babel%2ftypes cache-miss
1591 http fetch GET 200 https://registry.npmjs.org/pathe 666ms (cache revalidated)
1592 silly packumentCache full:https://registry.npmjs.org/pathe set size:68788 disposed:false
1593 silly fetch manifest @tanstack/router-utils@1.162.2
1594 silly packumentCache full:https://registry.npmjs.org/@tanstack%2frouter-utils cache-miss
1595 http fetch GET 200 https://registry.npmjs.org/@tanstack%2fstart-plugin-core 1499ms (cache revalidated)
1596 silly packumentCache full:https://registry.npmjs.org/@tanstack%2fstart-plugin-core set size:2281903 disposed:false
1597 silly fetch manifest @tanstack/virtual-file-routes@1.162.0
1598 silly packumentCache full:https://registry.npmjs.org/@tanstack%2fvirtual-file-routes cache-miss
1599 http fetch GET 200 https://registry.npmjs.org/@babel%2ftypes 1121ms (cache revalidated)
1600 silly packumentCache full:https://registry.npmjs.org/@babel%2ftypes set size:502938 disposed:false
1601 silly fetch manifest chokidar@^5.0.0
1602 silly packumentCache full:https://registry.npmjs.org/chokidar cache-miss
1603 http fetch GET 200 https://registry.npmjs.org/chokidar 257ms (cache revalidated)
1604 silly packumentCache full:https://registry.npmjs.org/chokidar set size:255902 disposed:false
1605 silly fetch manifest unplugin@^3.0.0
1606 silly packumentCache full:https://registry.npmjs.org/unplugin cache-miss
1607 http fetch GET 200 https://registry.npmjs.org/@tanstack%2frouter-utils 1363ms (cache revalidated)
1608 silly packumentCache full:https://registry.npmjs.org/@tanstack%2frouter-utils set size:145395 disposed:false
1609 silly fetch manifest @babel/core@^7.28.5
1610 silly packumentCache full:https://registry.npmjs.org/@babel%2fcore cache-hit
1611 silly fetch manifest @babel/template@^7.27.2
1612 silly packumentCache full:https://registry.npmjs.org/@babel%2ftemplate cache-miss
1613 http fetch GET 200 https://registry.npmjs.org/@tanstack%2fvirtual-file-routes 1018ms (cache revalidated)
1614 silly packumentCache full:https://registry.npmjs.org/@tanstack%2fvirtual-file-routes set size:122608 disposed:false
1615 silly fetch manifest @babel/core@^7.27.7
1616 silly packumentCache full:https://registry.npmjs.org/@babel%2fcore cache-hit
1617 silly fetch manifest @babel/types@^7.27.7
1618 silly packumentCache full:https://registry.npmjs.org/@babel%2ftypes cache-hit
1619 silly fetch manifest @babel/template@^7.27.2
1620 silly packumentCache full:https://registry.npmjs.org/@babel%2ftemplate cache-miss
1621 http fetch GET 200 https://registry.npmjs.org/@babel%2ftemplate 736ms (cache revalidated)
1622 silly packumentCache full:https://registry.npmjs.org/@babel%2ftemplate set size:237074 disposed:false
1623 silly fetch manifest @babel/traverse@^7.27.7
1624 silly packumentCache full:https://registry.npmjs.org/@babel%2ftraverse cache-miss
1625 http fetch GET 200 https://registry.npmjs.org/@babel%2ftemplate 224ms (cache revalidated)
1626 silly packumentCache full:https://registry.npmjs.org/@babel%2ftemplate set size:237074 disposed:false
1627 silly packumentCache full:https://registry.npmjs.org/@babel%2ftemplate dispose
1628 silly fetch manifest @babel/code-frame@7.27.1
1629 silly packumentCache full:https://registry.npmjs.org/@babel%2fcode-frame cache-miss
1630 http fetch GET 200 https://registry.npmjs.org/unplugin 1023ms (cache revalidated)
1631 silly packumentCache full:https://registry.npmjs.org/unplugin set size:411824 disposed:false
1632 silly fetch manifest @babel/plugin-syntax-jsx@^7.27.1
1633 silly packumentCache full:https://registry.npmjs.org/@babel%2fplugin-syntax-jsx cache-miss
1634 http fetch GET 200 https://registry.npmjs.org/@babel%2ftraverse 417ms (cache revalidated)
1635 silly packumentCache full:https://registry.npmjs.org/@babel%2ftraverse set size:564759 disposed:false
1636 silly fetch manifest babel-dead-code-elimination@^1.0.9
1637 silly packumentCache full:https://registry.npmjs.org/babel-dead-code-elimination cache-miss
1638 http fetch GET 200 https://registry.npmjs.org/@babel%2fplugin-syntax-jsx 326ms (cache revalidated)
1639 silly packumentCache full:https://registry.npmjs.org/@babel%2fplugin-syntax-jsx set size:194952 disposed:false
1640 silly fetch manifest @babel/plugin-syntax-typescript@^7.27.1
1641 silly packumentCache full:https://registry.npmjs.org/@babel%2fplugin-syntax-typescript cache-miss
1642 http fetch GET 200 https://registry.npmjs.org/@babel%2fcode-frame 544ms (cache revalidated)
1643 silly packumentCache full:https://registry.npmjs.org/@babel%2fcode-frame set size:206617 disposed:false
1644 silly fetch manifest @tanstack/directive-functions-plugin@1.142.1
1645 silly packumentCache full:https://registry.npmjs.org/@tanstack%2fdirective-functions-plugin cache-miss
1646 http fetch GET 200 https://registry.npmjs.org/babel-dead-code-elimination 1195ms (cache revalidated)
1647 silly packumentCache full:https://registry.npmjs.org/babel-dead-code-elimination set size:41610 disposed:false
1648 silly fetch manifest @babel/core@^7.28.0
1649 silly packumentCache full:https://registry.npmjs.org/@babel%2fcore cache-hit
1650 silly fetch manifest react-refresh@^0.17.0
1651 silly packumentCache full:https://registry.npmjs.org/react-refresh cache-miss
1652 http cache https://registry.npmjs.org/react-refresh 169ms (cache hit)
1653 silly packumentCache full:https://registry.npmjs.org/react-refresh set size:6574811 disposed:false
1654 silly fetch manifest @rolldown/pluginutils@1.0.0-beta.27
1655 silly packumentCache full:https://registry.npmjs.org/@rolldown%2fpluginutils cache-hit
1656 silly fetch manifest @cloudflare/kv-asset-handler@^0.4.2
1657 silly packumentCache full:https://registry.npmjs.org/@cloudflare%2fkv-asset-handler cache-miss
1658 http fetch GET 200 https://registry.npmjs.org/@tanstack%2fdirective-functions-plugin 1448ms (cache revalidated)
1659 silly packumentCache full:https://registry.npmjs.org/@tanstack%2fdirective-functions-plugin set size:221345 disposed:false
1660 silly fetch manifest @rollup/plugin-alias@^6.0.0
1661 silly packumentCache full:https://registry.npmjs.org/@rollup%2fplugin-alias cache-miss
1662 http fetch GET 200 https://registry.npmjs.org/@babel%2fplugin-syntax-typescript 1644ms (cache revalidated)
1663 silly packumentCache full:https://registry.npmjs.org/@babel%2fplugin-syntax-typescript set size:221236 disposed:false
1664 silly fetch manifest @rollup/plugin-commonjs@^29.0.2
1665 silly packumentCache full:https://registry.npmjs.org/@rollup%2fplugin-commonjs cache-miss
1666 http fetch GET 200 https://registry.npmjs.org/@cloudflare%2fkv-asset-handler 662ms (cache revalidated)
1667 silly packumentCache full:https://registry.npmjs.org/@cloudflare%2fkv-asset-handler set size:83933 disposed:false
1668 silly fetch manifest @rollup/plugin-inject@^5.0.5
1669 silly packumentCache full:https://registry.npmjs.org/@rollup%2fplugin-inject cache-miss
1670 http fetch GET 200 https://registry.npmjs.org/@rollup%2fplugin-commonjs 1398ms (cache revalidated)
1671 silly packumentCache full:https://registry.npmjs.org/@rollup%2fplugin-commonjs set size:339171 disposed:false
1672 silly fetch manifest @rollup/plugin-json@^6.1.0
1673 silly packumentCache full:https://registry.npmjs.org/@rollup%2fplugin-json cache-miss
1674 http fetch GET 200 https://registry.npmjs.org/@rollup%2fplugin-alias 1712ms (cache revalidated)
1675 silly packumentCache full:https://registry.npmjs.org/@rollup%2fplugin-alias set size:83815 disposed:false
1676 silly fetch manifest @rollup/plugin-node-resolve@^16.0.3
1677 silly packumentCache full:https://registry.npmjs.org/@rollup%2fplugin-node-resolve cache-miss
1678 http fetch GET 200 https://registry.npmjs.org/@rollup%2fplugin-inject 1123ms (cache revalidated)
1679 silly packumentCache full:https://registry.npmjs.org/@rollup%2fplugin-inject set size:42787 disposed:false
1680 silly fetch manifest @rollup/plugin-replace@^6.0.3
1681 silly packumentCache full:https://registry.npmjs.org/@rollup%2fplugin-replace cache-miss
1682 http fetch GET 200 https://registry.npmjs.org/@rollup%2fplugin-json 398ms (cache revalidated)
1683 silly packumentCache full:https://registry.npmjs.org/@rollup%2fplugin-json set size:42633 disposed:false
1684 silly fetch manifest @rollup/plugin-terser@^1.0.0
1685 silly packumentCache full:https://registry.npmjs.org/@rollup%2fplugin-terser cache-miss
1686 http fetch GET 200 https://registry.npmjs.org/@rollup%2fplugin-node-resolve 604ms (cache revalidated)
1687 silly packumentCache full:https://registry.npmjs.org/@rollup%2fplugin-node-resolve set size:210808 disposed:false
1688 silly fetch manifest @vercel/nft@^1.5.0
1689 silly packumentCache full:https://registry.npmjs.org/@vercel%2fnft cache-miss
1690 http fetch GET 200 https://registry.npmjs.org/@rollup%2fplugin-replace 805ms (cache revalidated)
1691 silly packumentCache full:https://registry.npmjs.org/@rollup%2fplugin-replace set size:99018 disposed:false
1692 silly fetch manifest archiver@^7.0.1
1693 silly packumentCache full:https://registry.npmjs.org/archiver cache-miss
1694 http fetch GET 200 https://registry.npmjs.org/@vercel%2fnft 525ms (cache revalidated)
1695 silly packumentCache full:https://registry.npmjs.org/@vercel%2fnft set size:597448 disposed:false
1696 silly fetch manifest c12@^3.3.4
1697 silly packumentCache full:https://registry.npmjs.org/c12 cache-miss
1698 http fetch GET 200 https://registry.npmjs.org/@rollup%2fplugin-terser 782ms (cache revalidated)
1699 silly packumentCache full:https://registry.npmjs.org/@rollup%2fplugin-terser set size:36022 disposed:false
1700 silly fetch manifest citty@^0.2.2
1701 silly packumentCache full:https://registry.npmjs.org/citty cache-miss
1702 http fetch GET 200 https://registry.npmjs.org/archiver 461ms (cache revalidated)
1703 silly packumentCache full:https://registry.npmjs.org/archiver set size:169973 disposed:false
1704 silly fetch manifest compatx@^0.2.0
1705 silly packumentCache full:https://registry.npmjs.org/compatx cache-miss
1706 http fetch GET 200 https://registry.npmjs.org/citty 432ms (cache revalidated)
1707 silly packumentCache full:https://registry.npmjs.org/citty set size:38628 disposed:false
1708 silly fetch manifest confbox@^0.2.4
1709 silly packumentCache full:https://registry.npmjs.org/confbox cache-miss
1710 http fetch GET 200 https://registry.npmjs.org/c12 655ms (cache revalidated)
1711 silly packumentCache full:https://registry.npmjs.org/c12 set size:188644 disposed:false
1712 silly fetch manifest consola@^3.4.2
1713 silly packumentCache full:https://registry.npmjs.org/consola cache-miss
1714 http fetch GET 200 https://registry.npmjs.org/confbox 273ms (cache revalidated)
1715 silly packumentCache full:https://registry.npmjs.org/confbox set size:44789 disposed:false
1716 silly fetch manifest cookie-es@^2.0.1
1717 silly packumentCache full:https://registry.npmjs.org/cookie-es cache-hit
1718 silly fetch manifest croner@^10.0.1
1719 silly packumentCache full:https://registry.npmjs.org/croner cache-miss
1720 http fetch GET 200 https://registry.npmjs.org/consola 307ms (cache revalidated)
1721 silly packumentCache full:https://registry.npmjs.org/consola set size:324648 disposed:false
1722 silly fetch manifest crossws@^0.3.5
1723 silly packumentCache full:https://registry.npmjs.org/crossws cache-miss
1724 http fetch GET 200 https://registry.npmjs.org/compatx 820ms (cache revalidated)
1725 silly packumentCache full:https://registry.npmjs.org/compatx set size:24619 disposed:false
1726 silly fetch manifest db0@^0.3.4
1727 silly packumentCache full:https://registry.npmjs.org/db0 cache-miss
1728 http fetch GET 200 https://registry.npmjs.org/croner 372ms (cache revalidated)
1729 silly packumentCache full:https://registry.npmjs.org/croner set size:728690 disposed:false
1730 silly fetch manifest defu@^6.1.7
1731 silly packumentCache full:https://registry.npmjs.org/defu cache-miss
1732 http fetch GET 200 https://registry.npmjs.org/db0 160ms (cache revalidated)
1733 silly packumentCache full:https://registry.npmjs.org/db0 set size:74374 disposed:false
1734 silly fetch manifest destr@^2.0.5
1735 silly packumentCache full:https://registry.npmjs.org/destr cache-miss
1736 http fetch GET 200 https://registry.npmjs.org/destr 240ms (cache revalidated)
1737 silly packumentCache full:https://registry.npmjs.org/destr set size:65344 disposed:false
1738 silly fetch manifest dot-prop@^10.1.0
1739 silly packumentCache full:https://registry.npmjs.org/dot-prop cache-miss
1740 http fetch GET 200 https://registry.npmjs.org/defu 362ms (cache revalidated)
1741 silly packumentCache full:https://registry.npmjs.org/defu set size:87806 disposed:false
1742 silly fetch manifest esbuild@^0.28.0
1743 silly packumentCache full:https://registry.npmjs.org/esbuild cache-miss
1744 http fetch GET 200 https://registry.npmjs.org/crossws 511ms (cache revalidated)
1745 silly packumentCache full:https://registry.npmjs.org/crossws set size:120040 disposed:false
1746 silly fetch manifest escape-string-regexp@^5.0.0
1747 silly packumentCache full:https://registry.npmjs.org/escape-string-regexp cache-miss
1748 http cache https://registry.npmjs.org/esbuild 25ms (cache hit)
1749 silly packumentCache full:https://registry.npmjs.org/esbuild set size:1264676 disposed:false
1750 silly fetch manifest etag@^1.8.1
1751 silly packumentCache full:https://registry.npmjs.org/etag cache-hit
1752 silly fetch manifest exsolve@^1.0.8
1753 silly packumentCache full:https://registry.npmjs.org/exsolve cache-miss
1754 http fetch GET 200 https://registry.npmjs.org/escape-string-regexp 536ms (cache revalidated)
1755 silly packumentCache full:https://registry.npmjs.org/escape-string-regexp set size:22244 disposed:false
1756 silly fetch manifest globby@^16.2.0
1757 silly packumentCache full:https://registry.npmjs.org/globby cache-miss
1758 http fetch GET 200 https://registry.npmjs.org/exsolve 532ms (cache revalidated)
1759 silly packumentCache full:https://registry.npmjs.org/exsolve set size:60813 disposed:false
1760 silly fetch manifest gzip-size@^7.0.0
1761 silly packumentCache full:https://registry.npmjs.org/gzip-size cache-miss
1762 http fetch GET 200 https://registry.npmjs.org/dot-prop 601ms (cache revalidated)
1763 silly packumentCache full:https://registry.npmjs.org/dot-prop set size:77505 disposed:false
1764 silly fetch manifest h3@^1.15.11
1765 silly packumentCache full:https://registry.npmjs.org/h3 cache-miss
1766 http fetch GET 200 https://registry.npmjs.org/gzip-size 235ms (cache revalidated)
1767 silly packumentCache full:https://registry.npmjs.org/gzip-size set size:35291 disposed:false
1768 silly fetch manifest hookable@^5.5.3
1769 silly packumentCache full:https://registry.npmjs.org/hookable cache-miss
1770 http fetch GET 200 https://registry.npmjs.org/h3 308ms (cache revalidated)
1771 silly packumentCache full:https://registry.npmjs.org/h3 set size:479788 disposed:false
1772 silly fetch manifest httpxy@^0.5.1
1773 silly packumentCache full:https://registry.npmjs.org/httpxy cache-miss
1774 http fetch GET 200 https://registry.npmjs.org/globby 442ms (cache revalidated)
1775 silly packumentCache full:https://registry.npmjs.org/globby set size:171193 disposed:false
1776 silly fetch manifest ioredis@^5.10.1
1777 silly packumentCache full:https://registry.npmjs.org/ioredis cache-miss
1778 http fetch GET 200 https://registry.npmjs.org/httpxy 362ms (cache revalidated)
1779 silly packumentCache full:https://registry.npmjs.org/httpxy set size:59408 disposed:false
1780 silly fetch manifest klona@^2.0.6
1781 silly packumentCache full:https://registry.npmjs.org/klona cache-miss
1782 http fetch GET 200 https://registry.npmjs.org/ioredis 319ms (cache revalidated)
1783 silly packumentCache full:https://registry.npmjs.org/ioredis set size:859203 disposed:false
1784 silly fetch manifest knitwork@^1.3.0
1785 silly packumentCache full:https://registry.npmjs.org/knitwork cache-miss
1786 http fetch GET 200 https://registry.npmjs.org/hookable 694ms (cache revalidated)
1787 silly packumentCache full:https://registry.npmjs.org/hookable set size:114658 disposed:false
1788 silly fetch manifest listhen@^1.9.1
1789 silly packumentCache full:https://registry.npmjs.org/listhen cache-miss
1790 http fetch GET 200 https://registry.npmjs.org/klona 1194ms (cache revalidated)
1791 silly packumentCache full:https://registry.npmjs.org/klona set size:42195 disposed:false
1792 silly fetch manifest magicast@^0.5.2
1793 silly packumentCache full:https://registry.npmjs.org/magicast cache-miss
1794 http fetch GET 200 https://registry.npmjs.org/magicast 365ms (cache revalidated)
1795 silly packumentCache full:https://registry.npmjs.org/magicast set size:87467 disposed:false
1796 silly fetch manifest mime@^4.1.0
1797 silly packumentCache full:https://registry.npmjs.org/mime cache-miss
1798 http fetch GET 200 https://registry.npmjs.org/listhen 1486ms (cache revalidated)
1799 silly packumentCache full:https://registry.npmjs.org/listhen set size:202573 disposed:false
1800 silly fetch manifest mlly@^1.8.2
1801 silly packumentCache full:https://registry.npmjs.org/mlly cache-miss
1802 http fetch GET 200 https://registry.npmjs.org/knitwork 1670ms (cache revalidated)
1803 silly packumentCache full:https://registry.npmjs.org/knitwork set size:35116 disposed:false
1804 silly fetch manifest node-fetch-native@^1.6.7
1805 silly packumentCache full:https://registry.npmjs.org/node-fetch-native cache-miss
1806 http fetch GET 200 https://registry.npmjs.org/mime 362ms (cache revalidated)
1807 silly packumentCache full:https://registry.npmjs.org/mime set size:119236 disposed:false
1808 silly fetch manifest node-mock-http@^1.0.4
1809 silly packumentCache full:https://registry.npmjs.org/node-mock-http cache-miss
1810 http fetch GET 200 https://registry.npmjs.org/node-fetch-native 495ms (cache revalidated)
1811 silly packumentCache full:https://registry.npmjs.org/node-fetch-native set size:114626 disposed:false
1812 silly fetch manifest ofetch@^1.5.1
1813 silly packumentCache full:https://registry.npmjs.org/ofetch cache-hit
1814 silly fetch manifest ohash@^2.0.11
1815 silly packumentCache full:https://registry.npmjs.org/ohash cache-miss
1816 http fetch GET 200 https://registry.npmjs.org/mlly 553ms (cache revalidated)
1817 silly packumentCache full:https://registry.npmjs.org/mlly set size:209209 disposed:false
1818 silly fetch manifest perfect-debounce@^2.1.0
1819 silly packumentCache full:https://registry.npmjs.org/perfect-debounce cache-miss
1820 http fetch GET 200 https://registry.npmjs.org/node-mock-http 427ms (cache revalidated)
1821 silly packumentCache full:https://registry.npmjs.org/node-mock-http set size:28745 disposed:false
1822 silly fetch manifest pkg-types@^2.3.1
1823 silly packumentCache full:https://registry.npmjs.org/pkg-types cache-miss
1824 http fetch GET 200 https://registry.npmjs.org/pkg-types 185ms (cache revalidated)
1825 silly packumentCache full:https://registry.npmjs.org/pkg-types set size:90685 disposed:false
1826 silly fetch manifest pretty-bytes@^7.1.0
1827 silly packumentCache full:https://registry.npmjs.org/pretty-bytes cache-miss
1828 http fetch GET 200 https://registry.npmjs.org/perfect-debounce 374ms (cache revalidated)
1829 silly packumentCache full:https://registry.npmjs.org/perfect-debounce set size:28201 disposed:false
1830 silly fetch manifest radix3@^1.1.2
1831 silly packumentCache full:https://registry.npmjs.org/radix3 cache-miss
1832 http fetch GET 200 https://registry.npmjs.org/pretty-bytes 319ms (cache revalidated)
1833 silly packumentCache full:https://registry.npmjs.org/pretty-bytes set size:68443 disposed:false
1834 silly fetch manifest rollup@^4.60.2
1835 silly packumentCache full:https://registry.npmjs.org/rollup cache-miss
1836 http cache https://registry.npmjs.org/rollup 67ms (cache hit)
1837 silly packumentCache full:https://registry.npmjs.org/rollup set size:6315915 disposed:false
1838 silly fetch manifest rollup-plugin-visualizer@^7.0.1
1839 silly packumentCache full:https://registry.npmjs.org/rollup-plugin-visualizer cache-miss
1840 http fetch GET 200 https://registry.npmjs.org/radix3 403ms (cache revalidated)
1841 silly packumentCache full:https://registry.npmjs.org/radix3 set size:36680 disposed:false
1842 silly fetch manifest scule@^1.3.0
1843 silly packumentCache full:https://registry.npmjs.org/scule cache-miss
1844 http fetch GET 200 https://registry.npmjs.org/ohash 991ms (cache revalidated)
1845 silly packumentCache full:https://registry.npmjs.org/ohash set size:71846 disposed:false
1846 silly fetch manifest semver@^7.7.4
1847 silly packumentCache full:https://registry.npmjs.org/semver cache-miss
1848 http fetch GET 200 https://registry.npmjs.org/semver 852ms (cache revalidated)
1849 silly packumentCache full:https://registry.npmjs.org/semver set size:246069 disposed:false
1850 silly fetch manifest serve-placeholder@^2.0.2
1851 silly packumentCache full:https://registry.npmjs.org/serve-placeholder cache-miss
1852 http fetch GET 200 https://registry.npmjs.org/scule 1045ms (cache revalidated)
1853 silly packumentCache full:https://registry.npmjs.org/scule set size:38557 disposed:false
1854 silly fetch manifest serve-static@^2.2.1
1855 silly packumentCache full:https://registry.npmjs.org/serve-static cache-hit
1856 silly fetch manifest source-map@^0.7.6
1857 silly packumentCache full:https://registry.npmjs.org/source-map cache-miss
1858 http fetch GET 200 https://registry.npmjs.org/rollup-plugin-visualizer 1060ms (cache revalidated)
1859 silly packumentCache full:https://registry.npmjs.org/rollup-plugin-visualizer set size:465872 disposed:false
1860 silly fetch manifest std-env@^4.1.0
1861 silly packumentCache full:https://registry.npmjs.org/std-env cache-miss
1862 http fetch GET 200 https://registry.npmjs.org/std-env 297ms (cache revalidated)
1863 silly packumentCache full:https://registry.npmjs.org/std-env set size:90491 disposed:false
1864 silly fetch manifest ufo@^1.6.4
1865 silly packumentCache full:https://registry.npmjs.org/ufo cache-miss
1866 http fetch GET 200 https://registry.npmjs.org/source-map 391ms (cache revalidated)
1867 silly packumentCache full:https://registry.npmjs.org/source-map set size:231637 disposed:false
1868 silly fetch manifest ultrahtml@^1.6.0
1869 silly packumentCache full:https://registry.npmjs.org/ultrahtml cache-miss
1870 http fetch GET 200 https://registry.npmjs.org/serve-placeholder 603ms (cache revalidated)
1871 silly packumentCache full:https://registry.npmjs.org/serve-placeholder set size:46333 disposed:false
1872 silly fetch manifest uncrypto@^0.1.3
1873 silly packumentCache full:https://registry.npmjs.org/uncrypto cache-miss
1874 http fetch GET 200 https://registry.npmjs.org/ultrahtml 330ms (cache revalidated)
1875 silly packumentCache full:https://registry.npmjs.org/ultrahtml set size:122052 disposed:false
1876 silly fetch manifest unctx@^2.5.0
1877 silly packumentCache full:https://registry.npmjs.org/unctx cache-miss
1878 http fetch GET 200 https://registry.npmjs.org/ufo 441ms (cache revalidated)
1879 silly packumentCache full:https://registry.npmjs.org/ufo set size:169119 disposed:false
1880 silly fetch manifest unenv@2.0.0-rc.24
1881 silly packumentCache full:https://registry.npmjs.org/unenv cache-miss
1882 http fetch GET 200 https://registry.npmjs.org/uncrypto 295ms (cache revalidated)
1883 silly packumentCache full:https://registry.npmjs.org/uncrypto set size:15333 disposed:false
1884 silly fetch manifest unimport@^6.2.0
1885 silly packumentCache full:https://registry.npmjs.org/unimport cache-miss
1886 http fetch GET 200 https://registry.npmjs.org/unenv 391ms (cache revalidated)
1887 silly packumentCache full:https://registry.npmjs.org/unenv set size:236480 disposed:false
1888 silly fetch manifest unplugin-utils@^0.3.1
1889 silly packumentCache full:https://registry.npmjs.org/unplugin-utils cache-miss
1890 http fetch GET 200 https://registry.npmjs.org/unctx 510ms (cache revalidated)
1891 silly packumentCache full:https://registry.npmjs.org/unctx set size:98214 disposed:false
1892 silly fetch manifest unstorage@^1.17.5
1893 silly packumentCache full:https://registry.npmjs.org/unstorage cache-miss
1894 http fetch GET 200 https://registry.npmjs.org/unplugin-utils 462ms (cache revalidated)
1895 silly packumentCache full:https://registry.npmjs.org/unplugin-utils set size:26075 disposed:false
1896 silly fetch manifest untyped@^2.0.0
1897 silly packumentCache full:https://registry.npmjs.org/untyped cache-miss
1898 http fetch GET 200 https://registry.npmjs.org/unimport 995ms (cache revalidated)
1899 silly packumentCache full:https://registry.npmjs.org/unimport set size:454456 disposed:false
1900 silly fetch manifest unwasm@^0.5.3
1901 silly packumentCache full:https://registry.npmjs.org/unwasm cache-miss
1902 http fetch GET 200 https://registry.npmjs.org/unstorage 666ms (cache revalidated)
1903 silly packumentCache full:https://registry.npmjs.org/unstorage set size:358714 disposed:false
1904 silly fetch manifest youch@^4.1.1
1905 silly packumentCache full:https://registry.npmjs.org/youch cache-miss
1906 http fetch GET 200 https://registry.npmjs.org/untyped 415ms (cache revalidated)
1907 silly packumentCache full:https://registry.npmjs.org/untyped set size:138665 disposed:false
1908 silly fetch manifest youch-core@^0.3.3
1909 silly packumentCache full:https://registry.npmjs.org/youch-core cache-miss
1910 http fetch GET 200 https://registry.npmjs.org/youch 261ms (cache revalidated)
1911 silly packumentCache full:https://registry.npmjs.org/youch set size:154842 disposed:false
1912 silly fetch manifest ufo@^1.6.1
1913 silly packumentCache full:https://registry.npmjs.org/ufo cache-hit
1914 silly fetch manifest h3@1.13.0
1915 silly packumentCache full:https://registry.npmjs.org/h3 cache-hit
1916 silly fetch manifest ufo@^1.3.0
1917 silly packumentCache full:https://registry.npmjs.org/ufo cache-hit
1918 silly fetch manifest zod@^3.22.2
1919 silly packumentCache full:https://registry.npmjs.org/zod cache-miss
1920 http fetch GET 200 https://registry.npmjs.org/unwasm 541ms (cache revalidated)
1921 silly packumentCache full:https://registry.npmjs.org/unwasm set size:69567 disposed:false
1922 silly fetch manifest defu@^6.1.2
1923 silly packumentCache full:https://registry.npmjs.org/defu cache-hit
1924 silly fetch manifest boxen@^7.1.1
1925 silly packumentCache full:https://registry.npmjs.org/boxen cache-miss
1926 http cache https://registry.npmjs.org/zod 286ms (cache hit)
1927 silly packumentCache full:https://registry.npmjs.org/zod set size:4147901 disposed:false
1928 silly fetch manifest citty@^0.1.4
1929 silly packumentCache full:https://registry.npmjs.org/citty cache-hit
1930 silly fetch manifest pathe@^1.1.1
1931 silly packumentCache full:https://registry.npmjs.org/pathe cache-hit
1932 silly fetch manifest unctx@^2.3.1
1933 silly packumentCache full:https://registry.npmjs.org/unctx cache-hit
1934 silly fetch manifest unenv@^1.9.0
1935 silly packumentCache full:https://registry.npmjs.org/unenv cache-hit
1936 silly fetch manifest dax-sh@^0.39.1
1937 silly packumentCache full:https://registry.npmjs.org/dax-sh cache-miss
1938 http fetch GET 200 https://registry.npmjs.org/youch-core 553ms (cache revalidated)
1939 silly packumentCache full:https://registry.npmjs.org/youch-core set size:45040 disposed:false
1940 silly fetch manifest radix3@^1.1.0
1941 silly packumentCache full:https://registry.npmjs.org/radix3 cache-hit
1942 silly fetch manifest consola@^3.2.3
1943 silly packumentCache full:https://registry.npmjs.org/consola cache-hit
1944 silly fetch manifest crossws@^0.3.1
1945 silly packumentCache full:https://registry.npmjs.org/crossws cache-hit
1946 silly fetch manifest esbuild@^0.20.2
1947 silly packumentCache full:https://registry.npmjs.org/esbuild cache-miss
1948 http cache https://registry.npmjs.org/esbuild 218ms (cache hit)
1949 silly packumentCache full:https://registry.npmjs.org/esbuild set size:1264676 disposed:false
1950 silly fetch manifest resolve@^1.22.6
1951 silly packumentCache full:https://registry.npmjs.org/resolve cache-miss
1952 http fetch GET 200 https://registry.npmjs.org/boxen 521ms (cache revalidated)
1953 silly packumentCache full:https://registry.npmjs.org/boxen set size:96237 disposed:false
1954 silly fetch manifest chokidar@^3.5.3
1955 silly packumentCache full:https://registry.npmjs.org/chokidar cache-hit
1956 silly fetch manifest fast-glob@^3.3.1
1957 silly packumentCache full:https://registry.npmjs.org/fast-glob cache-miss
1958 http fetch GET 200 https://registry.npmjs.org/resolve 260ms (cache revalidated)
1959 silly packumentCache full:https://registry.npmjs.org/resolve set size:244568 disposed:false
1960 silly fetch manifest unstorage@^1.13.1
1961 silly packumentCache full:https://registry.npmjs.org/unstorage cache-hit
1962 silly fetch manifest http-proxy@^1.18.1
1963 silly packumentCache full:https://registry.npmjs.org/http-proxy cache-miss
1964 http fetch GET 200 https://registry.npmjs.org/fast-glob 170ms (cache revalidated)
1965 silly packumentCache full:https://registry.npmjs.org/fast-glob set size:220556 disposed:false
1966 silly fetch manifest micromatch@^4.0.5
1967 silly packumentCache full:https://registry.npmjs.org/micromatch cache-miss
1968 http fetch GET 200 https://registry.npmjs.org/dax-sh 718ms (cache revalidated)
1969 silly packumentCache full:https://registry.npmjs.org/dax-sh set size:51222 disposed:false
1970 silly fetch manifest @babel/core@^7.22.11
1971 silly packumentCache full:https://registry.npmjs.org/@babel%2fcore cache-hit
1972 silly fetch manifest serve-static@^1.15.0
1973 silly packumentCache full:https://registry.npmjs.org/serve-static cache-hit
1974 silly fetch manifest @vinxi/listhen@^1.5.6
1975 silly packumentCache full:https://registry.npmjs.org/@vinxi%2flisthen cache-miss
1976 http fetch GET 200 https://registry.npmjs.org/micromatch 182ms (cache revalidated)
1977 silly packumentCache full:https://registry.npmjs.org/micromatch set size:240630 disposed:false
1978 silly fetch manifest path-to-regexp@^6.2.1
1979 silly packumentCache full:https://registry.npmjs.org/path-to-regexp cache-hit
1980 silly fetch manifest es-module-lexer@^1.3.0
1981 silly packumentCache full:https://registry.npmjs.org/es-module-lexer cache-miss
1982 http fetch GET 200 https://registry.npmjs.org/http-proxy 321ms (cache revalidated)
1983 silly packumentCache full:https://registry.npmjs.org/http-proxy set size:183156 disposed:false
1984 silly fetch manifest get-port-please@^3.1.1
1985 silly packumentCache full:https://registry.npmjs.org/get-port-please cache-miss
1986 http fetch GET 200 https://registry.npmjs.org/es-module-lexer 480ms (cache revalidated)
1987 silly packumentCache full:https://registry.npmjs.org/es-module-lexer set size:214894 disposed:false
1988 silly fetch manifest @types/micromatch@^4.0.2
1989 silly packumentCache full:https://registry.npmjs.org/@types%2fmicromatch cache-miss
1990 http fetch GET 200 https://registry.npmjs.org/get-port-please 487ms (cache revalidated)
1991 silly packumentCache full:https://registry.npmjs.org/get-port-please set size:58285 disposed:false
1992 silly fetch manifest node-fetch-native@^1.4.0
1993 silly packumentCache full:https://registry.npmjs.org/node-fetch-native cache-hit
1994 silly fetch manifest serve-placeholder@^2.0.1
1995 silly packumentCache full:https://registry.npmjs.org/serve-placeholder cache-hit
1996 silly fetch manifest @babel/plugin-syntax-jsx@^7.22.5
1997 silly packumentCache full:https://registry.npmjs.org/@babel%2fplugin-syntax-jsx cache-hit
1998 silly fetch manifest @babel/plugin-syntax-typescript@^7.22.5
1999 silly packumentCache full:https://registry.npmjs.org/@babel%2fplugin-syntax-typescript cache-hit
2000 http fetch GET 200 https://registry.npmjs.org/@vinxi%2flisthen 962ms (cache revalidated)
2001 silly packumentCache full:https://registry.npmjs.org/@vinxi%2flisthen set size:11378 disposed:false
2002 http fetch GET 200 https://registry.npmjs.org/@types%2fmicromatch 1064ms (cache revalidated)
2003 silly packumentCache full:https://registry.npmjs.org/@types%2fmicromatch set size:48932 disposed:false
2004 silly fetch manifest vite@>=6.0.0
2005 silly packumentCache full:https://registry.npmjs.org/vite cache-miss
2006 http cache https://registry.npmjs.org/vite 196ms (cache hit)
2007 silly packumentCache full:https://registry.npmjs.org/vite set size:38929639 disposed:false
2008 silly fetch manifest @types/node@^20.19.0 || >=22.12.0
2009 silly packumentCache full:https://registry.npmjs.org/@types%2fnode cache-miss
2010 http cache https://registry.npmjs.org/@types%2fnode 326ms (cache hit)
2011 silly packumentCache full:https://registry.npmjs.org/@types%2fnode set size:11096266 disposed:false
2012 silly fetch manifest @vitejs/devtools@^0.4.0 || ^0.5.0
2013 silly packumentCache full:https://registry.npmjs.org/@vitejs%2fdevtools cache-miss
2014 http fetch GET 200 https://registry.npmjs.org/@vitejs%2fdevtools 315ms (cache revalidated)
2015 silly packumentCache full:https://registry.npmjs.org/@vitejs%2fdevtools set size:301452 disposed:false
2016 silly fetch manifest @vitejs/devtools-oxc@^0.5.2
2017 silly packumentCache full:https://registry.npmjs.org/@vitejs%2fdevtools-oxc cache-miss
2018 http fetch GET 200 https://registry.npmjs.org/@vitejs%2fdevtools-oxc 278ms (cache revalidated)
2019 silly packumentCache full:https://registry.npmjs.org/@vitejs%2fdevtools-oxc set size:56582 disposed:false
2020 silly fetch manifest @vitejs/devtools-rolldown@^0.5.2
2021 silly packumentCache full:https://registry.npmjs.org/@vitejs%2fdevtools-rolldown cache-miss
2022 http fetch GET 200 https://registry.npmjs.org/@vitejs%2fdevtools-rolldown 255ms (cache revalidated)
2023 silly packumentCache full:https://registry.npmjs.org/@vitejs%2fdevtools-rolldown set size:214860 disposed:false
2024 silly fetch manifest @vitejs/devtools-vite@^0.5.2
2025 silly packumentCache full:https://registry.npmjs.org/@vitejs%2fdevtools-vite cache-miss
2026 http fetch GET 200 https://registry.npmjs.org/@vitejs%2fdevtools-vite 289ms (cache revalidated)
2027 silly packumentCache full:https://registry.npmjs.org/@vitejs%2fdevtools-vite set size:143877 disposed:false
2028 silly fetch manifest @vitejs/devtools-vitest@^0.5.2
2029 silly packumentCache full:https://registry.npmjs.org/@vitejs%2fdevtools-vitest cache-miss
2030 http fetch GET 200 https://registry.npmjs.org/@vitejs%2fdevtools-vitest 251ms (cache revalidated)
2031 silly packumentCache full:https://registry.npmjs.org/@vitejs%2fdevtools-vitest set size:40045 disposed:false
2032 silly fetch manifest vitest@*
2033 silly packumentCache full:https://registry.npmjs.org/vitest cache-miss
2034 http cache https://registry.npmjs.org/vitest 28ms (cache hit)
2035 silly packumentCache full:https://registry.npmjs.org/vitest set size:2246949 disposed:false
2036 silly fetch manifest esbuild@^0.27.0 || ^0.28.0
2037 silly packumentCache full:https://registry.npmjs.org/esbuild cache-miss
2038 http cache https://registry.npmjs.org/esbuild 22ms (cache hit)
2039 silly packumentCache full:https://registry.npmjs.org/esbuild set size:1264676 disposed:false
2040 silly fetch manifest less@^4.0.0
2041 silly packumentCache full:https://registry.npmjs.org/less cache-hit
2042 silly fetch manifest sass@^1.70.0
2043 silly packumentCache full:https://registry.npmjs.org/sass cache-hit
2044 silly fetch manifest sass-embedded@^1.70.0
2045 silly packumentCache full:https://registry.npmjs.org/sass-embedded cache-hit
2046 silly fetch manifest stylus@>=0.54.8
2047 silly packumentCache full:https://registry.npmjs.org/stylus cache-hit
2048 silly fetch manifest sugarss@^5.0.0
2049 silly packumentCache full:https://registry.npmjs.org/sugarss cache-hit
2050 silly placeDep ROOT @tanstack/start-plugin-core@1.131.50 OK for: @tanstack/react-start-plugin@1.131.50 want: 1.131.50
2051 silly placeDep ROOT pathe@2.0.3 OK for: @tanstack/react-start-plugin@1.131.50 want: ^2.0.3
2052 silly placeDep node_modules/@tanstack/react-start-plugin zod@3.25.76 OK for: @tanstack/react-start-plugin@1.131.50 want: ^3.24.2
2053 silly fetch manifest ufo@^1.5.4
2054 silly packumentCache full:https://registry.npmjs.org/ufo cache-hit
2055 silly fetch manifest vitefu@^1.1.1
2056 silly packumentCache full:https://registry.npmjs.org/vitefu cache-miss
2057 silly fetch manifest cheerio@^1.0.0
2058 silly packumentCache full:https://registry.npmjs.org/cheerio cache-miss
2059 silly fetch manifest @babel/core@^7.26.8
2060 silly packumentCache full:https://registry.npmjs.org/@babel%2fcore cache-hit
2061 silly fetch manifest xmlbuilder2@^3.1.1
2062 silly packumentCache full:https://registry.npmjs.org/xmlbuilder2 cache-miss
2063 http fetch GET 200 https://registry.npmjs.org/cheerio 618ms (cache revalidated)
2064 silly packumentCache full:https://registry.npmjs.org/cheerio set size:169055 disposed:false
2065 silly fetch manifest @babel/types@^7.26.8
2066 silly packumentCache full:https://registry.npmjs.org/@babel%2ftypes cache-hit
2067 silly fetch manifest @babel/code-frame@7.26.2
2068 silly packumentCache full:https://registry.npmjs.org/@babel%2fcode-frame cache-hit
2069 silly fetch manifest @tanstack/router-core@1.131.50
2070 silly packumentCache full:https://registry.npmjs.org/@tanstack%2frouter-core cache-miss
2071 http cache https://registry.npmjs.org/@tanstack%2frouter-core 24ms (cache hit)
2072 silly packumentCache full:https://registry.npmjs.org/@tanstack%2frouter-core set size:1688356 disposed:false
2073 silly fetch manifest @tanstack/router-utils@1.131.2
2074 silly packumentCache full:https://registry.npmjs.org/@tanstack%2frouter-utils cache-hit
2075 silly fetch manifest @tanstack/router-plugin@1.131.50
2076 silly packumentCache full:https://registry.npmjs.org/@tanstack%2frouter-plugin cache-miss
2077 http cache https://registry.npmjs.org/@tanstack%2frouter-plugin 64ms (cache hit)
2078 silly packumentCache full:https://registry.npmjs.org/@tanstack%2frouter-plugin set size:2861302 disposed:false
2079 silly fetch manifest @types/babel__code-frame@^7.0.6
2080 silly packumentCache full:https://registry.npmjs.org/@types%2fbabel__code-frame cache-miss
2081 http fetch GET 200 https://registry.npmjs.org/vitefu 1247ms (cache revalidated)
2082 silly packumentCache full:https://registry.npmjs.org/vitefu set size:46970 disposed:false
2083 silly fetch manifest @tanstack/router-generator@1.131.50
2084 silly packumentCache full:https://registry.npmjs.org/@tanstack%2frouter-generator cache-miss
2085 http fetch GET 200 https://registry.npmjs.org/xmlbuilder2 1341ms (cache revalidated)
2086 silly packumentCache full:https://registry.npmjs.org/xmlbuilder2 set size:169332 disposed:false
2087 silly fetch manifest @tanstack/start-server-core@1.131.50
2088 silly packumentCache full:https://registry.npmjs.org/@tanstack%2fstart-server-core cache-miss
2089 http cache https://registry.npmjs.org/@tanstack%2fstart-server-core 193ms (cache hit)
2090 silly packumentCache full:https://registry.npmjs.org/@tanstack%2fstart-server-core set size:1519063 disposed:false
2091 http cache https://registry.npmjs.org/@tanstack%2frouter-generator 355ms (cache hit)
2092 silly packumentCache full:https://registry.npmjs.org/@tanstack%2frouter-generator set size:1820453 disposed:false
2093 http fetch GET 200 https://registry.npmjs.org/@types%2fbabel__code-frame 1137ms (cache revalidated)
2094 silly packumentCache full:https://registry.npmjs.org/@types%2fbabel__code-frame set size:16920 disposed:false
2095 silly placeDep node_modules/@tanstack/react-start-router-manifest @tanstack/router-core@1.171.27 OK for: @tanstack/react-start-router-manifest@1.120.19 want: ^1.120.19
2096 silly placeDep node_modules/@tanstack/react-start-server @tanstack/react-router@1.170.32 OK for: @tanstack/react-start-server@1.167.37 want: 1.170.32
2097 silly placeDep node_modules/@tanstack/react-start-server @tanstack/router-core@1.171.27 OK for: @tanstack/react-start-server@1.167.37 want: 1.171.27
2098 silly placeDep ROOT @tanstack/start-server-core@1.169.31 OK for: @tanstack/react-start-server@1.167.37 want: 1.169.31
2099 silly fetch manifest h3-v2@npm:h3@2.0.1-rc.20
2100 silly packumentCache full:https://registry.npmjs.org/h3 cache-hit
2101 silly fetch manifest fetchdts@^0.1.6
2102 silly packumentCache full:https://registry.npmjs.org/fetchdts cache-miss
2103 http fetch GET 200 https://registry.npmjs.org/fetchdts 1162ms (cache revalidated)
2104 silly packumentCache full:https://registry.npmjs.org/fetchdts set size:38399 disposed:false
2105 silly fetch manifest react@^16.8.0 || ^17.0.0 || ^18.0.0 || ^19.0.0
2106 silly packumentCache full:https://registry.npmjs.org/react cache-miss
2107 http cache https://registry.npmjs.org/react 46ms (cache hit)
2108 silly packumentCache full:https://registry.npmjs.org/react set size:6926968 disposed:false
2109 silly placeDep ROOT @tanstack/store@0.7.7 OK for: @tanstack/react-store@0.7.7 want: 0.7.7
2110 silly placeDep ROOT use-sync-external-store@1.6.0 OK for: @tanstack/react-store@0.7.7 want: ^1.5.0
2111 silly placeDep ROOT @babel/types@7.29.8 OK for: @tanstack/router-generator@1.167.33 want: ^7.28.5
2112 silly placeDep node_modules/@tanstack/router-generator @tanstack/router-core@1.171.27 OK for: @tanstack/router-generator@1.167.33 want: 1.171.27
2113 silly placeDep ROOT @tanstack/router-utils@1.162.2 OK for: @tanstack/router-generator@1.167.33 want: 1.162.2
2114 silly placeDep ROOT @tanstack/virtual-file-routes@1.162.0 OK for: @tanstack/router-generator@1.167.33 want: 1.162.0
2115 silly placeDep ROOT prettier@3.9.6 OK for: @tanstack/router-generator@1.167.33 want: ^3.5.0
2116 silly fetch manifest @babel/helper-string-parser@^7.29.7
2117 silly packumentCache full:https://registry.npmjs.org/@babel%2fhelper-string-parser cache-miss
2118 silly fetch manifest @babel/helper-validator-identifier@^7.29.7
2119 silly packumentCache full:https://registry.npmjs.org/@babel%2fhelper-validator-identifier cache-miss
2120 silly fetch manifest diff@^8.0.2
2121 silly packumentCache full:https://registry.npmjs.org/diff cache-miss
2122 http fetch GET 200 https://registry.npmjs.org/@babel%2fhelper-string-parser 509ms (cache revalidated)
2123 silly packumentCache full:https://registry.npmjs.org/@babel%2fhelper-string-parser set size:91563 disposed:false
2124 silly fetch manifest ansis@^4.1.0
2125 silly packumentCache full:https://registry.npmjs.org/ansis cache-miss
2126 http fetch GET 200 https://registry.npmjs.org/diff 639ms (cache revalidated)
2127 silly packumentCache full:https://registry.npmjs.org/diff set size:154400 disposed:false
2128 silly fetch manifest tinyglobby@^0.2.15
2129 silly packumentCache full:https://registry.npmjs.org/tinyglobby cache-hit
2130 silly fetch manifest @babel/parser@^7.28.5
2131 silly packumentCache full:https://registry.npmjs.org/@babel%2fparser cache-miss
2132 http fetch GET 200 https://registry.npmjs.org/@babel%2fhelper-validator-identifier 670ms (cache revalidated)
2133 silly packumentCache full:https://registry.npmjs.org/@babel%2fhelper-validator-identifier set size:130133 disposed:false
2134 silly fetch manifest @babel/generator@^7.28.5
2135 silly packumentCache full:https://registry.npmjs.org/@babel%2fgenerator cache-miss
2136 http fetch GET 200 https://registry.npmjs.org/ansis 433ms (cache revalidated)
2137 silly packumentCache full:https://registry.npmjs.org/ansis set size:228409 disposed:false
2138 silly fetch manifest babel-dead-code-elimination@^1.0.12
2139 silly packumentCache full:https://registry.npmjs.org/babel-dead-code-elimination cache-hit
2140 http fetch GET 200 https://registry.npmjs.org/@babel%2fgenerator 363ms (cache revalidated)
2141 silly packumentCache full:https://registry.npmjs.org/@babel%2fgenerator set size:522841 disposed:false
2142 http fetch GET 200 https://registry.npmjs.org/@babel%2fparser 519ms (cache revalidated)
2143 silly packumentCache full:https://registry.npmjs.org/@babel%2fparser set size:737961 disposed:false
2144 silly placeDep ROOT @babel/helper-string-parser@7.29.7 OK for: @babel/types@7.29.8 want: ^7.29.7
2145 silly placeDep ROOT @babel/helper-validator-identifier@7.29.7 OK for: @babel/types@7.29.8 want: ^7.29.7
2146 silly placeDep ROOT @babel/generator@7.29.8 OK for: @tanstack/router-utils@1.162.2 want: ^7.28.5
2147 silly placeDep ROOT @babel/parser@7.29.8 OK for: @tanstack/router-utils@1.162.2 want: ^7.28.5
2148 silly placeDep ROOT ansis@4.3.1 OK for: @tanstack/router-utils@1.162.2 want: ^4.1.0
2149 silly placeDep ROOT babel-dead-code-elimination@1.0.12 OK for: @tanstack/router-utils@1.162.2 want: ^1.0.12
2150 silly placeDep ROOT diff@8.0.4 OK for: @tanstack/router-utils@1.162.2 want: ^8.0.2
2151 silly placeDep ROOT tinyglobby@0.2.17 OK for: @tanstack/router-utils@1.162.2 want: ^0.2.15
2152 silly fetch manifest @babel/parser@^7.29.8
2153 silly packumentCache full:https://registry.npmjs.org/@babel%2fparser cache-hit
2154 silly fetch manifest @babel/core@^7.23.7
2155 silly packumentCache full:https://registry.npmjs.org/@babel%2fcore cache-hit
2156 silly fetch manifest @babel/traverse@^7.23.7
2157 silly packumentCache full:https://registry.npmjs.org/@babel%2ftraverse cache-hit
2158 silly fetch manifest fdir@^6.5.0
2159 silly packumentCache full:https://registry.npmjs.org/fdir cache-hit
2160 silly fetch manifest picomatch@^4.0.4
2161 silly packumentCache full:https://registry.npmjs.org/picomatch cache-hit
2162 silly fetch manifest vite@>=6.0.0 || >=7.0.0
2163 silly packumentCache full:https://registry.npmjs.org/vite cache-miss
2164 http cache https://registry.npmjs.org/vite 213ms (cache hit)
2165 silly packumentCache full:https://registry.npmjs.org/vite set size:38929639 disposed:false
2166 silly placeDep ROOT @babel/code-frame@7.27.1 OK for: @tanstack/server-functions-plugin@1.142.1 want: 7.27.1
2167 silly placeDep ROOT @babel/core@7.29.7 OK for: @tanstack/server-functions-plugin@1.142.1 want: ^7.27.7
2168 silly placeDep ROOT @babel/plugin-syntax-jsx@7.29.7 OK for: @tanstack/server-functions-plugin@1.142.1 want: ^7.27.1
2169 silly placeDep ROOT @babel/plugin-syntax-typescript@7.29.7 OK for: @tanstack/server-functions-plugin@1.142.1 want: ^7.27.1
2170 silly placeDep ROOT @babel/template@7.29.7 OK for: @tanstack/server-functions-plugin@1.142.1 want: ^7.27.2
2171 silly placeDep ROOT @babel/traverse@7.29.8 OK for: @tanstack/server-functions-plugin@1.142.1 want: ^7.27.7
2172 silly placeDep ROOT @tanstack/directive-functions-plugin@1.142.1 OK for: @tanstack/server-functions-plugin@1.142.1 want: 1.142.1
2173 silly fetch manifest js-tokens@^4.0.0
2174 silly packumentCache full:https://registry.npmjs.org/js-tokens cache-miss
2175 silly fetch manifest debug@^4.1.0
2176 silly packumentCache full:https://registry.npmjs.org/debug cache-hit
2177 silly fetch manifest json5@^2.2.3
2178 silly packumentCache full:https://registry.npmjs.org/json5 cache-miss
2179 silly fetch manifest semver@^6.3.1
2180 silly packumentCache full:https://registry.npmjs.org/semver cache-hit
2181 silly fetch manifest gensync@^1.0.0-beta.2
2182 silly packumentCache full:https://registry.npmjs.org/gensync cache-miss
2183 http fetch GET 200 https://registry.npmjs.org/js-tokens 425ms (cache revalidated)
2184 silly packumentCache full:https://registry.npmjs.org/js-tokens set size:41947 disposed:false
2185 silly fetch manifest @babel/helpers@^7.29.7
2186 silly packumentCache full:https://registry.npmjs.org/@babel%2fhelpers cache-miss
2187 http fetch GET 200 https://registry.npmjs.org/gensync 1038ms (cache revalidated)
2188 silly packumentCache full:https://registry.npmjs.org/gensync set size:15068 disposed:false
2189 silly fetch manifest @babel/template@^7.29.7
2190 silly packumentCache full:https://registry.npmjs.org/@babel%2ftemplate cache-hit
2191 silly fetch manifest @babel/traverse@^7.29.7
2192 silly packumentCache full:https://registry.npmjs.org/@babel%2ftraverse cache-hit
2193 silly fetch manifest @babel/code-frame@^7.29.7
2194 silly packumentCache full:https://registry.npmjs.org/@babel%2fcode-frame cache-hit
2195 silly fetch manifest convert-source-map@^2.0.0
2196 silly packumentCache full:https://registry.npmjs.org/convert-source-map cache-miss
2197 http fetch GET 200 https://registry.npmjs.org/json5 1072ms (cache revalidated)
2198 silly packumentCache full:https://registry.npmjs.org/json5 set size:86136 disposed:false
2199 silly fetch manifest @babel/helper-module-transforms@^7.29.7
2200 silly packumentCache full:https://registry.npmjs.org/@babel%2fhelper-module-transforms cache-miss
2201 http fetch GET 200 https://registry.npmjs.org/@babel%2fhelpers 1099ms (cache revalidated)
2202 silly packumentCache full:https://registry.npmjs.org/@babel%2fhelpers set size:398496 disposed:false
2203 silly fetch manifest @babel/helper-compilation-targets@^7.29.7
2204 silly packumentCache full:https://registry.npmjs.org/@babel%2fhelper-compilation-targets cache-miss
2205 http fetch GET 200 https://registry.npmjs.org/@babel%2fhelper-module-transforms 879ms (cache revalidated)
2206 silly packumentCache full:https://registry.npmjs.org/@babel%2fhelper-module-transforms set size:346454 disposed:false
2207 silly fetch manifest @babel/helper-plugin-utils@^7.29.7
2208 silly packumentCache full:https://registry.npmjs.org/@babel%2fhelper-plugin-utils cache-miss
2209 http fetch GET 200 https://registry.npmjs.org/convert-source-map 919ms (cache revalidated)
2210 silly packumentCache full:https://registry.npmjs.org/convert-source-map set size:66997 disposed:false
2211 silly fetch manifest @babel/helper-plugin-utils@^7.29.7
2212 silly packumentCache full:https://registry.npmjs.org/@babel%2fhelper-plugin-utils cache-miss
2213 http fetch GET 200 https://registry.npmjs.org/@babel%2fhelper-compilation-targets 748ms (cache revalidated)
2214 silly packumentCache full:https://registry.npmjs.org/@babel%2fhelper-compilation-targets set size:229541 disposed:false
2215 silly fetch manifest debug@^4.3.1
2216 silly packumentCache full:https://registry.npmjs.org/debug cache-hit
2217 silly fetch manifest @babel/helper-globals@^7.29.7
2218 silly packumentCache full:https://registry.npmjs.org/@babel%2fhelper-globals cache-miss
2219 http fetch GET 200 https://registry.npmjs.org/@babel%2fhelper-plugin-utils 364ms (cache revalidated)
2220 silly packumentCache full:https://registry.npmjs.org/@babel%2fhelper-plugin-utils set size:175564 disposed:false
2221 silly fetch manifest @tanstack/router-utils@1.141.0
2222 silly packumentCache full:https://registry.npmjs.org/@tanstack%2frouter-utils cache-hit
2223 http fetch GET 200 https://registry.npmjs.org/@babel%2fhelper-plugin-utils 416ms (cache revalidated)
2224 silly packumentCache full:https://registry.npmjs.org/@babel%2fhelper-plugin-utils set size:175564 disposed:false
2225 silly packumentCache full:https://registry.npmjs.org/@babel%2fhelper-plugin-utils dispose
2226 http fetch GET 200 https://registry.npmjs.org/@babel%2fhelper-globals 271ms (cache revalidated)
2227 silly packumentCache full:https://registry.npmjs.org/@babel%2fhelper-globals set size:25155 disposed:false
2228 silly placeDep ROOT js-tokens@4.0.0 OK for: @babel/code-frame@7.27.1 want: ^4.0.0
2229 silly placeDep ROOT picocolors@1.1.1 OK for: @babel/code-frame@7.27.1 want: ^1.1.1
2230 silly fetch manifest @babel/core@^7.0.0
2231 silly packumentCache full:https://registry.npmjs.org/@babel%2fcore cache-hit
2232 silly placeDep node_modules/@babel/core @babel/code-frame@7.29.7 OK for: @babel/core@7.29.7 want: ^7.29.7
2233 silly placeDep ROOT @babel/helper-compilation-targets@7.29.7 OK for: @babel/core@7.29.7 want: ^7.29.7
2234 silly placeDep ROOT @babel/helper-module-transforms@7.29.7 OK for: @babel/core@7.29.7 want: ^7.29.7
2235 silly placeDep ROOT @babel/helpers@7.29.7 OK for: @babel/core@7.29.7 want: ^7.29.7
2236 silly placeDep ROOT convert-source-map@2.0.0 OK for: @babel/core@7.29.7 want: ^2.0.0
2237 silly placeDep ROOT debug@4.4.3 OK for: @babel/core@7.29.7 want: ^4.1.0
2238 silly placeDep ROOT gensync@1.0.0-beta.2 OK for: @babel/core@7.29.7 want: ^1.0.0-beta.2
2239 silly placeDep ROOT json5@2.2.3 OK for: @babel/core@7.29.7 want: ^2.2.3
2240 silly placeDep ROOT semver@6.3.1 OK for: @babel/core@7.29.7 want: ^6.3.1
2241 silly fetch manifest lru-cache@^5.1.1
2242 silly packumentCache full:https://registry.npmjs.org/lru-cache cache-miss
2243 silly fetch manifest browserslist@^4.24.0
2244 silly packumentCache full:https://registry.npmjs.org/browserslist cache-hit
2245 silly fetch manifest @babel/compat-data@^7.29.7
2246 silly packumentCache full:https://registry.npmjs.org/@babel%2fcompat-data cache-miss
2247 silly fetch manifest @babel/helper-validator-option@^7.29.7
2248 silly packumentCache full:https://registry.npmjs.org/@babel%2fhelper-validator-option cache-miss
2249 http fetch GET 200 https://registry.npmjs.org/lru-cache 161ms (cache revalidated)
2250 silly packumentCache full:https://registry.npmjs.org/lru-cache set size:460407 disposed:false
2251 silly fetch manifest @babel/helper-module-imports@^7.29.7
2252 silly packumentCache full:https://registry.npmjs.org/@babel%2fhelper-module-imports cache-miss
2253 http fetch GET 200 https://registry.npmjs.org/@babel%2fcompat-data 261ms (cache revalidated)
2254 silly packumentCache full:https://registry.npmjs.org/@babel%2fcompat-data set size:318807 disposed:false
2255 silly fetch manifest ms@^2.1.3
2256 silly packumentCache full:https://registry.npmjs.org/ms cache-miss
2257 http fetch GET 200 https://registry.npmjs.org/@babel%2fhelper-validator-option 318ms (cache revalidated)
2258 silly packumentCache full:https://registry.npmjs.org/@babel%2fhelper-validator-option set size:101303 disposed:false
2259 http fetch GET 200 https://registry.npmjs.org/@babel%2fhelper-module-imports 408ms (cache revalidated)
2260 silly packumentCache full:https://registry.npmjs.org/@babel%2fhelper-module-imports set size:203392 disposed:false
2261 http fetch GET 200 https://registry.npmjs.org/ms 373ms (cache revalidated)
2262 silly packumentCache full:https://registry.npmjs.org/ms set size:92208 disposed:false
2263 silly placeDep ROOT @babel/compat-data@7.29.7 OK for: @babel/helper-compilation-targets@7.29.7 want: ^7.29.7
2264 silly placeDep ROOT @babel/helper-validator-option@7.29.7 OK for: @babel/helper-compilation-targets@7.29.7 want: ^7.29.7
2265 silly placeDep ROOT browserslist@4.28.8 OK for: @babel/helper-compilation-targets@7.29.7 want: ^4.24.0
2266 silly placeDep ROOT lru-cache@5.1.1 OK for: @babel/helper-compilation-targets@7.29.7 want: ^5.1.1
2267 silly fetch manifest caniuse-lite@^1.0.30001809
2268 silly packumentCache full:https://registry.npmjs.org/caniuse-lite cache-miss
2269 silly fetch manifest node-releases@^2.0.53
2270 silly packumentCache full:https://registry.npmjs.org/node-releases cache-miss
2271 silly fetch manifest electron-to-chromium@^1.5.402
2272 silly packumentCache full:https://registry.npmjs.org/electron-to-chromium cache-miss
2273 http cache https://registry.npmjs.org/caniuse-lite 35ms (cache hit)
2274 silly packumentCache full:https://registry.npmjs.org/caniuse-lite set size:2313344 disposed:false
2275 silly fetch manifest update-browserslist-db@^1.3.0
2276 silly packumentCache full:https://registry.npmjs.org/update-browserslist-db cache-miss
2277 http fetch GET 200 https://registry.npmjs.org/electron-to-chromium 801ms (cache revalidated)
2278 silly packumentCache full:https://registry.npmjs.org/electron-to-chromium set size:4919285 disposed:false
2279 silly fetch manifest baseline-browser-mapping@^2.11.12
2280 silly packumentCache full:https://registry.npmjs.org/baseline-browser-mapping cache-miss
2281 http fetch GET 200 https://registry.npmjs.org/node-releases 1105ms (cache revalidated)
2282 silly packumentCache full:https://registry.npmjs.org/node-releases set size:295994 disposed:false
2283 silly fetch manifest yallist@^3.0.2
2284 silly packumentCache full:https://registry.npmjs.org/yallist cache-miss
2285 http fetch GET 200 https://registry.npmjs.org/update-browserslist-db 1045ms (cache revalidated)
2286 silly packumentCache full:https://registry.npmjs.org/update-browserslist-db set size:68935 disposed:false
2287 http fetch GET 200 https://registry.npmjs.org/yallist 390ms (cache revalidated)
2288 silly packumentCache full:https://registry.npmjs.org/yallist set size:34610 disposed:false
2289 http fetch GET 200 https://registry.npmjs.org/baseline-browser-mapping 711ms (cache revalidated)
2290 silly packumentCache full:https://registry.npmjs.org/baseline-browser-mapping set size:621461 disposed:false
2291 silly placeDep ROOT @babel/helper-module-imports@7.29.7 OK for: @babel/helper-module-transforms@7.29.7 want: ^7.29.7
2292 silly placeDep ROOT @babel/helper-plugin-utils@7.29.7 OK for: @babel/plugin-syntax-jsx@7.29.7 want: ^7.29.7
2293 silly placeDep node_modules/@babel/template @babel/code-frame@7.29.7 OK for: @babel/template@7.29.7 want: ^7.29.7
2294 silly placeDep node_modules/@babel/traverse @babel/code-frame@7.29.7 OK for: @babel/traverse@7.29.8 want: ^7.29.7
2295 silly placeDep ROOT @babel/helper-globals@7.29.7 OK for: @babel/traverse@7.29.8 want: ^7.29.7
2296 silly placeDep node_modules/@tanstack/directive-functions-plugin @tanstack/router-utils@1.141.0 OK for: @tanstack/directive-functions-plugin@1.142.1 want: 1.141.0
2297 silly fetch manifest @babel/preset-typescript@^7.27.1
2298 silly packumentCache full:https://registry.npmjs.org/@babel%2fpreset-typescript cache-miss
2299 http fetch GET 200 https://registry.npmjs.org/@babel%2fpreset-typescript 285ms (cache revalidated)
2300 silly packumentCache full:https://registry.npmjs.org/@babel%2fpreset-typescript set size:271383 disposed:false
2301 silly placeDep node_modules/@tanstack/start-api-routes @tanstack/router-core@1.171.27 OK for: @tanstack/start-api-routes@1.120.19 want: ^1.120.19
2302 silly placeDep node_modules/@tanstack/start-client-core @tanstack/router-core@1.171.27 OK for: @tanstack/start-client-core@1.170.27 want: 1.171.27
2303 silly placeDep ROOT @tanstack/start-fn-stubs@1.162.0 OK for: @tanstack/start-client-core@1.170.27 want: 1.162.0
2304 silly placeDep ROOT @tanstack/start-storage-context@1.167.29 OK for: @tanstack/start-client-core@1.170.27 want: 1.167.29
2305 silly placeDep ROOT seroval@1.6.4 OK for: @tanstack/start-client-core@1.170.27 want: ^1.6.2
2306 silly fetch manifest @rsbuild/core@>=1.0.2
2307 silly packumentCache full:https://registry.npmjs.org/@rsbuild%2fcore cache-miss
2308 http cache https://registry.npmjs.org/@rsbuild%2fcore 25ms (cache hit)
2309 silly packumentCache full:https://registry.npmjs.org/@rsbuild%2fcore set size:1465652 disposed:false
2310 silly fetch manifest @tanstack/react-router@^1.131.50
2311 silly packumentCache full:https://registry.npmjs.org/@tanstack%2freact-router cache-miss
2312 http cache https://registry.npmjs.org/@tanstack%2freact-router 26ms (cache hit)
2313 silly packumentCache full:https://registry.npmjs.org/@tanstack%2freact-router set size:3687605 disposed:false
2314 silly fetch manifest vite-plugin-solid@^2.11.2
2315 silly packumentCache full:https://registry.npmjs.org/vite-plugin-solid cache-hit
2316 silly placeDep node_modules/@tanstack/start-plugin-core @babel/code-frame@7.26.2 OK for: @tanstack/start-plugin-core@1.131.50 want: 7.26.2
2317 silly placeDep node_modules/@tanstack/start-plugin-core @tanstack/router-core@1.131.50 OK for: @tanstack/start-plugin-core@1.131.50 want: 1.131.50
2318 silly placeDep node_modules/@tanstack/start-plugin-core @tanstack/router-generator@1.131.50 OK for: @tanstack/start-plugin-core@1.131.50 want: 1.131.50
2319 silly placeDep node_modules/@tanstack/start-plugin-core @tanstack/router-plugin@1.131.50 OK for: @tanstack/start-plugin-core@1.131.50 want: 1.131.50
2320 silly placeDep node_modules/@tanstack/start-plugin-core @tanstack/react-router@1.170.32 OK for: @tanstack/router-plugin@1.131.50 want: ^1.131.50
2321 silly placeDep node_modules/@tanstack/start-plugin-core @tanstack/router-utils@1.131.2 OK for: @tanstack/start-plugin-core@1.131.50 want: 1.131.2
2322 silly placeDep node_modules/@tanstack/start-plugin-core @tanstack/server-functions-plugin@1.131.2 OK for: @tanstack/start-plugin-core@1.131.50 want: 1.131.2
2323 silly placeDep node_modules/@tanstack/start-plugin-core @tanstack/start-server-core@1.131.50 OK for: @tanstack/start-plugin-core@1.131.50 want: 1.131.50
2324 silly placeDep ROOT @types/babel__code-frame@7.27.0 OK for: @tanstack/start-plugin-core@1.131.50 want: ^7.0.6
2325 silly placeDep ROOT @types/babel__core@7.20.5 OK for: @tanstack/start-plugin-core@1.131.50 want: ^7.20.5
2326 silly placeDep ROOT cheerio@1.2.0 OK for: @tanstack/start-plugin-core@1.131.50 want: ^1.0.0
2327 silly placeDep ROOT h3@1.13.0 OK for: @tanstack/start-plugin-core@1.131.50 want: 1.13.0
2328 silly placeDep ROOT ufo@1.6.4 OK for: @tanstack/start-plugin-core@1.131.50 want: ^1.5.4
2329 silly placeDep ROOT vitefu@1.1.3 OK for: @tanstack/start-plugin-core@1.131.50 want: ^1.1.1
2330 silly placeDep ROOT xmlbuilder2@3.1.1 OK for: @tanstack/start-plugin-core@1.131.50 want: ^3.1.1
2331 silly placeDep node_modules/@tanstack/start-plugin-core zod@3.25.76 OK for: @tanstack/start-plugin-core@1.131.50 want: ^3.24.2
2332 silly fetch manifest cookie-es@^1.2.2
2333 silly packumentCache full:https://registry.npmjs.org/cookie-es cache-hit
2334 silly fetch manifest seroval-plugins@^1.3.2
2335 silly packumentCache full:https://registry.npmjs.org/seroval-plugins cache-hit
2336 silly fetch manifest @tanstack/history@1.131.2
2337 silly packumentCache full:https://registry.npmjs.org/@tanstack%2fhistory cache-hit
2338 silly fetch manifest recast@^0.23.11
2339 silly packumentCache full:https://registry.npmjs.org/recast cache-miss
2340 silly fetch manifest source-map@^0.7.4
2341 silly packumentCache full:https://registry.npmjs.org/source-map cache-hit
2342 silly fetch manifest @tanstack/virtual-file-routes@1.131.2
2343 silly packumentCache full:https://registry.npmjs.org/@tanstack%2fvirtual-file-routes cache-hit
2344 silly fetch manifest chokidar@^3.6.0
2345 silly packumentCache full:https://registry.npmjs.org/chokidar cache-hit
2346 silly fetch manifest unplugin@^2.1.2
2347 silly packumentCache full:https://registry.npmjs.org/unplugin cache-hit
2348 silly fetch manifest @tanstack/directive-functions-plugin@1.131.2
2349 silly packumentCache full:https://registry.npmjs.org/@tanstack%2fdirective-functions-plugin cache-hit
2350 silly fetch manifest unctx@^2.4.1
2351 silly packumentCache full:https://registry.npmjs.org/unctx cache-hit
2352 silly fetch manifest @tanstack/start-client-core@1.131.50
2353 silly packumentCache full:https://registry.npmjs.org/@tanstack%2fstart-client-core cache-miss
2354 silly fetch manifest @tanstack/start-storage-context@1.131.50
2355 silly packumentCache full:https://registry.npmjs.org/@tanstack%2fstart-storage-context cache-hit
2356 silly fetch manifest @types/babel__template@*
2357 silly packumentCache full:https://registry.npmjs.org/@types%2fbabel__template cache-miss
2358 http cache https://registry.npmjs.org/@tanstack%2fstart-client-core 48ms (cache hit)
2359 silly packumentCache full:https://registry.npmjs.org/@tanstack%2fstart-client-core set size:1299845 disposed:false
2360 silly fetch manifest @types/babel__traverse@*
2361 silly packumentCache full:https://registry.npmjs.org/@types%2fbabel__traverse cache-miss
2362 http fetch GET 200 https://registry.npmjs.org/@types%2fbabel__template 335ms (cache revalidated)
2363 silly packumentCache full:https://registry.npmjs.org/@types%2fbabel__template set size:22631 disposed:false
2364 silly fetch manifest @types/babel__generator@*
2365 silly packumentCache full:https://registry.npmjs.org/@types%2fbabel__generator cache-miss
2366 http fetch GET 200 https://registry.npmjs.org/recast 485ms (cache revalidated)
2367 silly packumentCache full:https://registry.npmjs.org/recast set size:555591 disposed:false
2368 silly fetch manifest parse5@^7.3.0
2369 silly packumentCache full:https://registry.npmjs.org/parse5 cache-miss
2370 http fetch GET 200 https://registry.npmjs.org/@types%2fbabel__traverse 443ms (cache revalidated)
2371 silly packumentCache full:https://registry.npmjs.org/@types%2fbabel__traverse set size:107819 disposed:false
2372 silly fetch manifest undici@^7.19.0
2373 silly packumentCache full:https://registry.npmjs.org/undici cache-miss
2374 http fetch GET 200 https://registry.npmjs.org/@types%2fbabel__generator 382ms (cache revalidated)
2375 silly packumentCache full:https://registry.npmjs.org/@types%2fbabel__generator set size:31587 disposed:false
2376 silly fetch manifest domutils@^3.2.2
2377 silly packumentCache full:https://registry.npmjs.org/domutils cache-miss
2378 http fetch GET 200 https://registry.npmjs.org/parse5 434ms (cache revalidated)
2379 silly packumentCache full:https://registry.npmjs.org/parse5 set size:123116 disposed:false
2380 silly fetch manifest domhandler@^5.0.3
2381 silly packumentCache full:https://registry.npmjs.org/domhandler cache-miss
2382 http fetch GET 200 https://registry.npmjs.org/undici 700ms (cache revalidated)
2383 silly packumentCache full:https://registry.npmjs.org/undici set size:1531430 disposed:false
2384 silly fetch manifest htmlparser2@^10.1.0
2385 silly packumentCache full:https://registry.npmjs.org/htmlparser2 cache-miss
2386 http fetch GET 200 https://registry.npmjs.org/domutils 617ms (cache revalidated)
2387 silly packumentCache full:https://registry.npmjs.org/domutils set size:110068 disposed:false
2388 silly fetch manifest cheerio-select@^2.1.0
2389 silly packumentCache full:https://registry.npmjs.org/cheerio-select cache-miss
2390 http fetch GET 200 https://registry.npmjs.org/domhandler 564ms (cache revalidated)
2391 silly packumentCache full:https://registry.npmjs.org/domhandler set size:78187 disposed:false
2392 silly fetch manifest dom-serializer@^2.0.0
2393 silly packumentCache full:https://registry.npmjs.org/dom-serializer cache-miss
2394 http fetch GET 200 https://registry.npmjs.org/htmlparser2 331ms (cache revalidated)
2395 silly packumentCache full:https://registry.npmjs.org/htmlparser2 set size:176895 disposed:false
2396 silly fetch manifest whatwg-mimetype@^4.0.0
2397 silly packumentCache full:https://registry.npmjs.org/whatwg-mimetype cache-miss
2398 http fetch GET 200 https://registry.npmjs.org/dom-serializer 247ms (cache revalidated)
2399 silly packumentCache full:https://registry.npmjs.org/dom-serializer set size:61296 disposed:false
2400 silly fetch manifest encoding-sniffer@^0.2.1
2401 silly packumentCache full:https://registry.npmjs.org/encoding-sniffer cache-miss
2402 http fetch GET 200 https://registry.npmjs.org/whatwg-mimetype 215ms (cache revalidated)
2403 silly packumentCache full:https://registry.npmjs.org/whatwg-mimetype set size:28179 disposed:false
2404 silly fetch manifest parse5-parser-stream@^7.1.2
2405 silly packumentCache full:https://registry.npmjs.org/parse5-parser-stream cache-miss
2406 http fetch GET 200 https://registry.npmjs.org/cheerio-select 481ms (cache revalidated)
2407 silly packumentCache full:https://registry.npmjs.org/cheerio-select set size:36915 disposed:false
2408 silly fetch manifest parse5-htmlparser2-tree-adapter@^7.1.0
2409 silly packumentCache full:https://registry.npmjs.org/parse5-htmlparser2-tree-adapter cache-miss
2410 http fetch GET 200 https://registry.npmjs.org/encoding-sniffer 375ms (cache revalidated)
2411 silly packumentCache full:https://registry.npmjs.org/encoding-sniffer set size:33052 disposed:false
2412 silly fetch manifest defu@^6.1.4
2413 silly packumentCache full:https://registry.npmjs.org/defu cache-hit
2414 silly fetch manifest destr@^2.0.3
2415 silly packumentCache full:https://registry.npmjs.org/destr cache-hit
2416 silly fetch manifest ohash@^1.1.4
2417 silly packumentCache full:https://registry.npmjs.org/ohash cache-hit
2418 silly fetch manifest unenv@^1.10.0
2419 silly packumentCache full:https://registry.npmjs.org/unenv cache-hit
2420 silly fetch manifest crossws@>=0.2.0 <0.4.0
2421 silly packumentCache full:https://registry.npmjs.org/crossws cache-hit
2422 silly fetch manifest iron-webcrypto@^1.2.1
2423 silly packumentCache full:https://registry.npmjs.org/iron-webcrypto cache-miss
2424 http fetch GET 200 https://registry.npmjs.org/parse5-parser-stream 432ms (cache revalidated)
2425 silly packumentCache full:https://registry.npmjs.org/parse5-parser-stream set size:21978 disposed:false
2426 silly fetch manifest js-yaml@3.14.1
2427 silly packumentCache full:https://registry.npmjs.org/js-yaml cache-miss
2428 http fetch GET 200 https://registry.npmjs.org/parse5-htmlparser2-tree-adapter 442ms (cache revalidated)
2429 silly packumentCache full:https://registry.npmjs.org/parse5-htmlparser2-tree-adapter set size:24244 disposed:false
2430 silly fetch manifest @oozcitak/dom@1.15.10
2431 silly packumentCache full:https://registry.npmjs.org/@oozcitak%2fdom cache-miss
2432 http fetch GET 200 https://registry.npmjs.org/js-yaml 356ms (cache revalidated)
2433 silly packumentCache full:https://registry.npmjs.org/js-yaml set size:193945 disposed:false
2434 silly fetch manifest @oozcitak/util@8.3.8
2435 silly packumentCache full:https://registry.npmjs.org/@oozcitak%2futil cache-miss
2436 http fetch GET 200 https://registry.npmjs.org/iron-webcrypto 468ms (cache revalidated)
2437 silly packumentCache full:https://registry.npmjs.org/iron-webcrypto set size:132942 disposed:false
2438 silly fetch manifest @oozcitak/infra@1.0.8
2439 silly packumentCache full:https://registry.npmjs.org/@oozcitak%2finfra cache-miss
2440 http fetch GET 200 https://registry.npmjs.org/@oozcitak%2fdom 941ms (cache revalidated)
2441 silly packumentCache full:https://registry.npmjs.org/@oozcitak%2fdom set size:150150 disposed:false
2442 http fetch GET 200 https://registry.npmjs.org/@oozcitak%2finfra 930ms (cache revalidated)
2443 silly packumentCache full:https://registry.npmjs.org/@oozcitak%2finfra set size:36597 disposed:false
2444 http fetch GET 200 https://registry.npmjs.org/@oozcitak%2futil 1087ms (cache revalidated)
2445 silly packumentCache full:https://registry.npmjs.org/@oozcitak%2futil set size:90385 disposed:false
2446 silly fetch manifest crossws@^0.4.1
2447 silly packumentCache full:https://registry.npmjs.org/crossws cache-hit
2448 silly fetch manifest srvx@>=0.11.5
2449 silly packumentCache full:https://registry.npmjs.org/srvx cache-miss
2450 http fetch GET 200 https://registry.npmjs.org/srvx 782ms (cache revalidated)
2451 silly packumentCache full:https://registry.npmjs.org/srvx set size:302464 disposed:false
2452 silly placeDep node_modules/@tanstack/start-server-core @tanstack/history@1.162.1 OK for: @tanstack/start-server-core@1.169.31 want: 1.162.1
2453 silly placeDep node_modules/@tanstack/start-server-core @tanstack/router-core@1.171.27 OK for: @tanstack/start-server-core@1.169.31 want: 1.171.27
2454 silly placeDep ROOT fetchdts@0.1.7 OK for: @tanstack/start-server-core@1.169.31 want: ^0.1.6
2455 silly placeDep ROOT h3-v2@2.0.1-rc.20 OK for: @tanstack/start-server-core@1.169.31 want: npm:h3@2.0.1-rc.20
2456 silly fetch manifest rou3@^0.8.1
2457 silly packumentCache full:https://registry.npmjs.org/rou3 cache-miss
2458 silly fetch manifest srvx@^0.11.13
2459 silly packumentCache full:https://registry.npmjs.org/srvx cache-hit
2460 http fetch GET 200 https://registry.npmjs.org/rou3 434ms (cache revalidated)
2461 silly packumentCache full:https://registry.npmjs.org/rou3 set size:91714 disposed:false
2462 silly placeDep node_modules/@tanstack/start-server-functions-client @tanstack/server-functions-plugin@1.131.2 OK for: @tanstack/start-server-functions-client@1.131.50 want: 1.131.2
2463 silly placeDep ROOT @tanstack/start-server-functions-fetcher@1.131.50 OK for: @tanstack/start-server-functions-client@1.131.50 want: 1.131.50
2464 silly placeDep node_modules/@tanstack/start-server-functions-fetcher @tanstack/router-core@1.131.50 OK for: @tanstack/start-server-functions-fetcher@1.131.50 want: 1.131.50
2465 silly placeDep node_modules/@tanstack/start-server-functions-fetcher @tanstack/start-client-core@1.131.50 OK for: @tanstack/start-server-functions-fetcher@1.131.50 want: 1.131.50
2466 silly placeDep node_modules/@tanstack/start-server-functions-handler @tanstack/router-core@1.171.27 OK for: @tanstack/start-server-functions-handler@1.120.19 want: ^1.120.19
2467 silly placeDep node_modules/@tanstack/start-server-functions-server @tanstack/server-functions-plugin@1.131.2 OK for: @tanstack/start-server-functions-server@1.131.2 want: 1.131.2
2468 silly placeDep node_modules/@tanstack/start-storage-context @tanstack/router-core@1.171.27 OK for: @tanstack/start-storage-context@1.167.29 want: 1.171.27
2469 silly placeDep ROOT @types/babel__generator@7.27.0 OK for: @types/babel__core@7.20.5 want: *
2470 silly placeDep ROOT @types/babel__template@7.4.4 OK for: @types/babel__core@7.20.5 want: *
2471 silly placeDep ROOT @types/babel__traverse@7.28.0 OK for: @types/babel__core@7.20.5 want: *
2472 silly placeDep ROOT @types/body-parser@1.19.6 OK for: @types/express@4.17.25 want: *
2473 silly placeDep ROOT @types/express-serve-static-core@4.19.9 OK for: @types/express@4.17.25 want: ^4.17.33
2474 silly placeDep ROOT @types/qs@6.15.1 OK for: @types/express@4.17.25 want: *
2475 silly placeDep ROOT @types/serve-static@1.15.10 OK for: @types/express@4.17.25 want: ^1
2476 silly fetch manifest @types/connect@*
2477 silly packumentCache full:https://registry.npmjs.org/@types%2fconnect cache-miss
2478 silly fetch manifest @types/send@*
2479 silly packumentCache full:https://registry.npmjs.org/@types%2fsend cache-miss
2480 silly fetch manifest @types/range-parser@*
2481 silly packumentCache full:https://registry.npmjs.org/@types%2frange-parser cache-miss
2482 http fetch GET 200 https://registry.npmjs.org/@types%2frange-parser 210ms (cache revalidated)
2483 silly packumentCache full:https://registry.npmjs.org/@types%2frange-parser set size:15278 disposed:false
2484 silly fetch manifest @types/send@<1
2485 silly packumentCache full:https://registry.npmjs.org/@types%2fsend cache-miss
2486 http fetch GET 200 https://registry.npmjs.org/@types%2fsend 275ms (cache revalidated)
2487 silly packumentCache full:https://registry.npmjs.org/@types%2fsend set size:29985 disposed:false
2488 silly fetch manifest @types/http-errors@*
2489 silly packumentCache full:https://registry.npmjs.org/@types%2fhttp-errors cache-miss
2490 http fetch GET 200 https://registry.npmjs.org/@types%2fconnect 347ms (cache revalidated)
2491 silly packumentCache full:https://registry.npmjs.org/@types%2fconnect set size:31512 disposed:false
2492 http fetch GET 200 https://registry.npmjs.org/@types%2fsend 169ms (cache revalidated)
2493 silly packumentCache full:https://registry.npmjs.org/@types%2fsend set size:29985 disposed:false
2494 silly packumentCache full:https://registry.npmjs.org/@types%2fsend dispose
2495 http fetch GET 200 https://registry.npmjs.org/@types%2fhttp-errors 280ms (cache revalidated)
2496 silly packumentCache full:https://registry.npmjs.org/@types%2fhttp-errors set size:48994 disposed:false
2497 silly placeDep ROOT @types/connect@3.4.38 OK for: @types/body-parser@1.19.6 want: *
2498 silly placeDep ROOT @types/range-parser@1.2.7 OK for: @types/express-serve-static-core@4.19.9 want: *
2499 silly placeDep ROOT @types/send@1.2.1 OK for: @types/express-serve-static-core@4.19.9 want: *
2500 silly placeDep ROOT undici-types@6.21.0 OK for: @types/node@22.20.1 want: ~6.21.0
2501 silly placeDep ROOT @types/http-errors@2.0.5 OK for: @types/serve-static@1.15.10 want: *
2502 silly placeDep node_modules/@types/serve-static @types/send@0.17.6 OK for: @types/serve-static@1.15.10 want: <1
2503 silly fetch manifest @types/mime@^1
2504 silly packumentCache full:https://registry.npmjs.org/@types%2fmime cache-miss
2505 http fetch GET 200 https://registry.npmjs.org/@types%2fmime 434ms (cache revalidated)
2506 silly packumentCache full:https://registry.npmjs.org/@types%2fmime set size:43242 disposed:false
2507 silly placeDep ROOT @babel/plugin-transform-react-jsx-self@7.29.7 OK for: @vitejs/plugin-react@5.2.0 want: ^7.27.1
2508 silly placeDep ROOT @babel/plugin-transform-react-jsx-source@7.29.7 OK for: @vitejs/plugin-react@5.2.0 want: ^7.27.1
2509 silly placeDep ROOT @rolldown/pluginutils@1.0.0-rc.3 OK for: @vitejs/plugin-react@5.2.0 want: 1.0.0-rc.3
2510 silly placeDep ROOT react-refresh@0.18.0 OK for: @vitejs/plugin-react@5.2.0 want: ^0.18.0
2511 silly placeDep ROOT caniuse-lite@1.0.30001810 OK for: autoprefixer@10.5.4 want: ^1.0.30001806
2512 silly placeDep ROOT fraction.js@5.3.4 OK for: autoprefixer@10.5.4 want: ^5.3.4
2513 silly placeDep ROOT postcss-value-parser@4.2.0 OK for: autoprefixer@10.5.4 want: ^4.2.0
2514 silly placeDep ROOT follow-redirects@1.16.0 OK for: axios@1.20.0 want: ^1.16.0
2515 silly placeDep ROOT form-data@4.0.6 OK for: axios@1.20.0 want: ^4.0.6
2516 silly placeDep ROOT https-proxy-agent@5.0.1 OK for: axios@1.20.0 want: ^5.0.1
2517 silly placeDep ROOT proxy-from-env@2.1.0 OK for: axios@1.20.0 want: ^2.1.0
2518 silly fetch manifest hasown@^2.0.4
2519 silly packumentCache full:https://registry.npmjs.org/hasown cache-miss
2520 silly fetch manifest asynckit@^0.4.0
2521 silly packumentCache full:https://registry.npmjs.org/asynckit cache-miss
2522 silly fetch manifest mime-types@^2.1.35
2523 silly packumentCache full:https://registry.npmjs.org/mime-types cache-miss
2524 http fetch GET 200 https://registry.npmjs.org/asynckit 287ms (cache revalidated)
2525 silly packumentCache full:https://registry.npmjs.org/asynckit set size:18932 disposed:false
2526 silly fetch manifest combined-stream@^1.0.8
2527 silly packumentCache full:https://registry.npmjs.org/combined-stream cache-miss
2528 http fetch GET 200 https://registry.npmjs.org/hasown 322ms (cache revalidated)
2529 silly packumentCache full:https://registry.npmjs.org/hasown set size:18361 disposed:false
2530 silly fetch manifest es-set-tostringtag@^2.1.0
2531 silly packumentCache full:https://registry.npmjs.org/es-set-tostringtag cache-miss
2532 http fetch GET 200 https://registry.npmjs.org/mime-types 361ms (cache revalidated)
2533 silly packumentCache full:https://registry.npmjs.org/mime-types set size:139110 disposed:false
2534 silly fetch manifest agent-base@6
2535 silly packumentCache full:https://registry.npmjs.org/agent-base cache-miss
2536 http fetch GET 200 https://registry.npmjs.org/combined-stream 334ms (cache revalidated)
2537 silly packumentCache full:https://registry.npmjs.org/combined-stream set size:40337 disposed:false
2538 http fetch GET 200 https://registry.npmjs.org/es-set-tostringtag 315ms (cache revalidated)
2539 silly packumentCache full:https://registry.npmjs.org/es-set-tostringtag set size:22094 disposed:false
2540 http fetch GET 200 https://registry.npmjs.org/agent-base 342ms (cache revalidated)
2541 silly packumentCache full:https://registry.npmjs.org/agent-base set size:72085 disposed:false
2542 silly fetch manifest browserslist@>= 4.21.0
2543 silly packumentCache full:https://registry.npmjs.org/browserslist cache-hit
2544 silly placeDep ROOT baseline-browser-mapping@2.11.20 OK for: browserslist@4.28.8 want: ^2.11.12
2545 silly placeDep ROOT electron-to-chromium@1.5.416 OK for: browserslist@4.28.8 want: ^1.5.402
2546 silly placeDep ROOT node-releases@2.0.54 OK for: browserslist@4.28.8 want: ^2.0.53
2547 silly placeDep ROOT update-browserslist-db@1.3.2 OK for: browserslist@4.28.8 want: ^1.3.0
2548 silly fetch manifest escalade@^3.2.0
2549 silly packumentCache full:https://registry.npmjs.org/escalade cache-miss
2550 http fetch GET 200 https://registry.npmjs.org/escalade 581ms (cache revalidated)
2551 silly packumentCache full:https://registry.npmjs.org/escalade set size:33724 disposed:false
2552 silly placeDep ROOT cheerio-select@2.1.0 OK for: cheerio@1.2.0 want: ^2.1.0
2553 silly placeDep ROOT dom-serializer@2.0.0 OK for: cheerio@1.2.0 want: ^2.0.0
2554 silly placeDep ROOT domhandler@5.0.3 OK for: cheerio@1.2.0 want: ^5.0.3
2555 silly placeDep ROOT domutils@3.2.2 OK for: cheerio@1.2.0 want: ^3.2.2
2556 silly placeDep ROOT encoding-sniffer@0.2.1 OK for: cheerio@1.2.0 want: ^0.2.1
2557 silly placeDep ROOT htmlparser2@10.1.0 OK for: cheerio@1.2.0 want: ^10.1.0
2558 silly placeDep ROOT parse5@7.3.0 OK for: cheerio@1.2.0 want: ^7.3.0
2559 silly placeDep ROOT parse5-htmlparser2-tree-adapter@7.1.0 OK for: cheerio@1.2.0 want: ^7.1.0
2560 silly placeDep ROOT parse5-parser-stream@7.1.2 OK for: cheerio@1.2.0 want: ^7.1.2
2561 silly placeDep ROOT undici@7.29.0 OK for: cheerio@1.2.0 want: ^7.19.0
2562 silly placeDep ROOT whatwg-mimetype@4.0.0 OK for: cheerio@1.2.0 want: ^4.0.0
2563 silly fetch manifest boolbase@^1.0.0
2564 silly packumentCache full:https://registry.npmjs.org/boolbase cache-miss
2565 silly fetch manifest css-what@^6.1.0
2566 silly packumentCache full:https://registry.npmjs.org/css-what cache-miss
2567 silly fetch manifest domutils@^3.0.1
2568 silly packumentCache full:https://registry.npmjs.org/domutils cache-hit
2569 silly fetch manifest css-select@^5.1.0
2570 silly packumentCache full:https://registry.npmjs.org/css-select cache-miss
2571 http fetch GET 200 https://registry.npmjs.org/css-what 677ms (cache revalidated)
2572 silly packumentCache full:https://registry.npmjs.org/css-what set size:81721 disposed:false
2573 silly fetch manifest domelementtype@^2.3.0
2574 silly packumentCache full:https://registry.npmjs.org/domelementtype cache-miss
2575 http fetch GET 200 https://registry.npmjs.org/boolbase 748ms (cache revalidated)
2576 silly packumentCache full:https://registry.npmjs.org/boolbase set size:4438 disposed:false
2577 silly fetch manifest entities@^4.2.0
2578 silly packumentCache full:https://registry.npmjs.org/entities cache-miss
2579 http fetch GET 200 https://registry.npmjs.org/css-select 777ms (cache revalidated)
2580 silly packumentCache full:https://registry.npmjs.org/css-select set size:111202 disposed:false
2581 silly fetch manifest domhandler@^5.0.2
2582 silly packumentCache full:https://registry.npmjs.org/domhandler cache-hit
2583 silly fetch manifest domelementtype@^2.3.0
2584 silly packumentCache full:https://registry.npmjs.org/domelementtype cache-miss
2585 http fetch GET 200 https://registry.npmjs.org/domelementtype 247ms (cache revalidated)
2586 silly packumentCache full:https://registry.npmjs.org/domelementtype set size:33363 disposed:false
2587 silly fetch manifest iconv-lite@^0.6.3
2588 silly packumentCache full:https://registry.npmjs.org/iconv-lite cache-miss
2589 http fetch GET 200 https://registry.npmjs.org/domelementtype 185ms (cache revalidated)
2590 silly packumentCache full:https://registry.npmjs.org/domelementtype set size:33363 disposed:false
2591 silly packumentCache full:https://registry.npmjs.org/domelementtype dispose
2592 silly fetch manifest whatwg-encoding@^3.1.1
2593 silly packumentCache full:https://registry.npmjs.org/whatwg-encoding cache-miss
2594 http fetch GET 200 https://registry.npmjs.org/entities 324ms (cache revalidated)
2595 silly packumentCache full:https://registry.npmjs.org/entities set size:101550 disposed:false
2596 silly fetch manifest entities@^7.0.1
2597 silly packumentCache full:https://registry.npmjs.org/entities cache-hit
2598 silly fetch manifest entities@^6.0.0
2599 silly packumentCache full:https://registry.npmjs.org/entities cache-hit
2600 http fetch GET 200 https://registry.npmjs.org/whatwg-encoding 780ms (cache revalidated)
2601 silly packumentCache full:https://registry.npmjs.org/whatwg-encoding set size:25704 disposed:false
2602 http fetch GET 200 https://registry.npmjs.org/iconv-lite 875ms (cache revalidated)
2603 silly packumentCache full:https://registry.npmjs.org/iconv-lite set size:126462 disposed:false
2604 silly placeDep ROOT boolbase@1.0.0 OK for: cheerio-select@2.1.0 want: ^1.0.0
2605 silly placeDep ROOT css-select@5.2.2 OK for: cheerio-select@2.1.0 want: ^5.1.0
2606 silly placeDep ROOT css-what@6.2.2 OK for: cheerio-select@2.1.0 want: ^6.1.0
2607 silly placeDep ROOT domelementtype@2.3.0 OK for: cheerio-select@2.1.0 want: ^2.3.0
2608 silly fetch manifest nth-check@^2.0.1
2609 silly packumentCache full:https://registry.npmjs.org/nth-check cache-miss
2610 http fetch GET 200 https://registry.npmjs.org/nth-check 234ms (cache revalidated)
2611 silly packumentCache full:https://registry.npmjs.org/nth-check set size:27445 disposed:false
2612 silly placeDep ROOT nth-check@2.1.1 OK for: css-select@5.2.2 want: ^2.0.1
2613 silly placeDep ROOT ms@2.1.3 OK for: debug@4.4.3 want: ^2.1.3
2614 silly placeDep ROOT entities@4.5.0 OK for: dom-serializer@2.0.0 want: ^4.2.0
2615 silly placeDep ROOT iconv-lite@0.6.3 OK for: encoding-sniffer@0.2.1 want: ^0.6.3
2616 silly placeDep ROOT whatwg-encoding@3.1.1 OK for: encoding-sniffer@0.2.1 want: ^3.1.1
2617 silly fetch manifest safer-buffer@>= 2.1.2 < 3.0.0
2618 silly packumentCache full:https://registry.npmjs.org/safer-buffer cache-miss
2619 http fetch GET 200 https://registry.npmjs.org/safer-buffer 233ms (cache revalidated)
2620 silly packumentCache full:https://registry.npmjs.org/safer-buffer set size:18521 disposed:false
2621 silly placeDep ROOT graceful-fs@4.2.11 OK for: enhanced-resolve@5.24.5 want: ^4.2.4
2622 silly placeDep ROOT tapable@2.3.3 OK for: enhanced-resolve@5.24.5 want: ^2.3.3
2623 silly placeDep ROOT @esbuild/aix-ppc64@0.25.12 OK for: esbuild@0.25.12 want: 0.25.12
2624 silly placeDep ROOT @esbuild/android-arm@0.25.12 OK for: esbuild@0.25.12 want: 0.25.12
2625 silly placeDep ROOT @esbuild/android-arm64@0.25.12 OK for: esbuild@0.25.12 want: 0.25.12
2626 silly placeDep ROOT @esbuild/android-x64@0.25.12 OK for: esbuild@0.25.12 want: 0.25.12
2627 silly placeDep ROOT @esbuild/darwin-arm64@0.25.12 OK for: esbuild@0.25.12 want: 0.25.12
2628 silly placeDep ROOT @esbuild/darwin-x64@0.25.12 OK for: esbuild@0.25.12 want: 0.25.12
2629 silly placeDep ROOT @esbuild/freebsd-arm64@0.25.12 OK for: esbuild@0.25.12 want: 0.25.12
2630 silly placeDep ROOT @esbuild/freebsd-x64@0.25.12 OK for: esbuild@0.25.12 want: 0.25.12
2631 silly placeDep ROOT @esbuild/linux-arm@0.25.12 OK for: esbuild@0.25.12 want: 0.25.12
2632 silly placeDep ROOT @esbuild/linux-arm64@0.25.12 OK for: esbuild@0.25.12 want: 0.25.12
2633 silly placeDep ROOT @esbuild/linux-ia32@0.25.12 OK for: esbuild@0.25.12 want: 0.25.12
2634 silly placeDep ROOT @esbuild/linux-loong64@0.25.12 OK for: esbuild@0.25.12 want: 0.25.12
2635 silly placeDep ROOT @esbuild/linux-mips64el@0.25.12 OK for: esbuild@0.25.12 want: 0.25.12
2636 silly placeDep ROOT @esbuild/linux-ppc64@0.25.12 OK for: esbuild@0.25.12 want: 0.25.12
2637 silly placeDep ROOT @esbuild/linux-riscv64@0.25.12 OK for: esbuild@0.25.12 want: 0.25.12
2638 silly placeDep ROOT @esbuild/linux-s390x@0.25.12 OK for: esbuild@0.25.12 want: 0.25.12
2639 silly placeDep ROOT @esbuild/linux-x64@0.25.12 OK for: esbuild@0.25.12 want: 0.25.12
2640 silly placeDep ROOT @esbuild/netbsd-arm64@0.25.12 OK for: esbuild@0.25.12 want: 0.25.12
2641 silly placeDep ROOT @esbuild/netbsd-x64@0.25.12 OK for: esbuild@0.25.12 want: 0.25.12
2642 silly placeDep ROOT @esbuild/openbsd-arm64@0.25.12 OK for: esbuild@0.25.12 want: 0.25.12
2643 silly placeDep ROOT @esbuild/openbsd-x64@0.25.12 OK for: esbuild@0.25.12 want: 0.25.12
2644 silly placeDep ROOT @esbuild/openharmony-arm64@0.25.12 OK for: esbuild@0.25.12 want: 0.25.12
2645 silly placeDep ROOT @esbuild/sunos-x64@0.25.12 OK for: esbuild@0.25.12 want: 0.25.12
2646 silly placeDep ROOT @esbuild/win32-arm64@0.25.12 OK for: esbuild@0.25.12 want: 0.25.12
2647 silly placeDep ROOT @esbuild/win32-ia32@0.25.12 OK for: esbuild@0.25.12 want: 0.25.12
2648 silly placeDep ROOT @esbuild/win32-x64@0.25.12 OK for: esbuild@0.25.12 want: 0.25.12
2649 silly placeDep ROOT accepts@1.3.8 OK for: express@4.22.2 want: ~1.3.8
2650 silly placeDep ROOT array-flatten@1.1.1 OK for: express@4.22.2 want: 1.1.1
2651 silly placeDep ROOT body-parser@1.20.6 OK for: express@4.22.2 want: ~1.20.5
2652 silly placeDep ROOT content-disposition@0.5.4 OK for: express@4.22.2 want: ~0.5.4
2653 silly placeDep ROOT content-type@1.0.5 OK for: express@4.22.2 want: ~1.0.4
2654 silly placeDep ROOT cookie@0.7.2 OK for: express@4.22.2 want: ~0.7.1
2655 silly placeDep ROOT cookie-signature@1.0.7 OK for: express@4.22.2 want: ~1.0.6
2656 silly placeDep node_modules/express debug@2.6.9 OK for: express@4.22.2 want: 2.6.9
2657 silly placeDep ROOT depd@2.0.0 OK for: express@4.22.2 want: 2.0.0
2658 silly placeDep ROOT encodeurl@2.0.0 OK for: express@4.22.2 want: ~2.0.0
2659 silly placeDep ROOT escape-html@1.0.3 OK for: express@4.22.2 want: ~1.0.3
2660 silly placeDep ROOT etag@1.8.1 OK for: express@4.22.2 want: ~1.8.1
2661 silly placeDep ROOT finalhandler@1.3.2 OK for: express@4.22.2 want: ~1.3.1
2662 silly placeDep ROOT fresh@0.5.2 OK for: express@4.22.2 want: ~0.5.2
2663 silly placeDep ROOT http-errors@2.0.1 OK for: express@4.22.2 want: ~2.0.0
2664 silly placeDep ROOT merge-descriptors@1.0.3 OK for: express@4.22.2 want: 1.0.3
2665 silly placeDep ROOT methods@1.1.2 OK for: express@4.22.2 want: ~1.1.2
2666 silly placeDep ROOT on-finished@2.4.1 OK for: express@4.22.2 want: ~2.4.1
2667 silly placeDep ROOT parseurl@1.3.3 OK for: express@4.22.2 want: ~1.3.3
2668 silly placeDep ROOT path-to-regexp@0.1.13 OK for: express@4.22.2 want: ~0.1.12
2669 silly placeDep ROOT proxy-addr@2.0.7 OK for: express@4.22.2 want: ~2.0.7
2670 silly placeDep ROOT qs@6.15.3 OK for: express@4.22.2 want: ~6.15.1
2671 silly placeDep ROOT range-parser@1.2.1 OK for: express@4.22.2 want: ~1.2.1
2672 silly placeDep ROOT safe-buffer@5.2.1 OK for: express@4.22.2 want: 5.2.1
2673 silly placeDep ROOT send@0.19.2 OK for: express@4.22.2 want: ~0.19.0
2674 silly placeDep ROOT serve-static@1.16.3 OK for: express@4.22.2 want: ~1.16.2
2675 silly placeDep ROOT setprototypeof@1.2.0 OK for: express@4.22.2 want: 1.2.0
2676 silly placeDep ROOT statuses@2.0.2 OK for: express@4.22.2 want: ~2.0.1
2677 silly placeDep ROOT type-is@1.6.18 OK for: express@4.22.2 want: ~1.6.18
2678 silly placeDep ROOT utils-merge@1.0.1 OK for: express@4.22.2 want: 1.0.1
2679 silly placeDep ROOT vary@1.1.2 OK for: express@4.22.2 want: ~1.1.2
2680 silly fetch manifest mime-types@~2.1.34
2681 silly packumentCache full:https://registry.npmjs.org/mime-types cache-hit
2682 silly fetch manifest negotiator@0.6.3
2683 silly packumentCache full:https://registry.npmjs.org/negotiator cache-miss
2684 silly fetch manifest bytes@~3.1.2
2685 silly packumentCache full:https://registry.npmjs.org/bytes cache-miss
2686 silly fetch manifest unpipe@~1.0.0
2687 silly packumentCache full:https://registry.npmjs.org/unpipe cache-miss
2688 http fetch GET 200 https://registry.npmjs.org/unpipe 229ms (cache revalidated)
2689 silly packumentCache full:https://registry.npmjs.org/unpipe set size:3609 disposed:false
2690 silly fetch manifest destroy@~1.2.0
2691 silly packumentCache full:https://registry.npmjs.org/destroy cache-miss
2692 http fetch GET 200 https://registry.npmjs.org/negotiator 265ms (cache revalidated)
2693 silly packumentCache full:https://registry.npmjs.org/negotiator set size:56148 disposed:false
2694 silly fetch manifest raw-body@~2.5.3
2695 silly packumentCache full:https://registry.npmjs.org/raw-body cache-miss
2696 http fetch GET 200 https://registry.npmjs.org/bytes 315ms (cache revalidated)
2697 silly packumentCache full:https://registry.npmjs.org/bytes set size:37018 disposed:false
2698 silly fetch manifest iconv-lite@~0.4.24
2699 silly packumentCache full:https://registry.npmjs.org/iconv-lite cache-hit
2700 silly fetch manifest http-errors@~2.0.1
2701 silly packumentCache full:https://registry.npmjs.org/http-errors cache-hit
2702 silly fetch manifest content-type@~1.0.5
2703 silly packumentCache full:https://registry.npmjs.org/content-type cache-hit
2704 silly fetch manifest ms@2.0.0
2705 silly packumentCache full:https://registry.npmjs.org/ms cache-hit
2706 silly fetch manifest statuses@~2.0.2
2707 silly packumentCache full:https://registry.npmjs.org/statuses cache-hit
2708 silly fetch manifest inherits@~2.0.4
2709 silly packumentCache full:https://registry.npmjs.org/inherits cache-miss
2710 http fetch GET 200 https://registry.npmjs.org/destroy 249ms (cache revalidated)
2711 silly packumentCache full:https://registry.npmjs.org/destroy set size:15738 disposed:false
2712 silly fetch manifest setprototypeof@~1.2.0
2713 silly packumentCache full:https://registry.npmjs.org/setprototypeof cache-hit
2714 silly fetch manifest toidentifier@~1.0.1
2715 silly packumentCache full:https://registry.npmjs.org/toidentifier cache-miss
2716 http fetch GET 200 https://registry.npmjs.org/inherits 291ms (cache revalidated)
2717 silly packumentCache full:https://registry.npmjs.org/inherits set size:12925 disposed:false
2718 silly fetch manifest ee-first@1.1.1
2719 silly packumentCache full:https://registry.npmjs.org/ee-first cache-miss
2720 http fetch GET 200 https://registry.npmjs.org/raw-body 388ms (cache revalidated)
2721 silly packumentCache full:https://registry.npmjs.org/raw-body set size:120042 disposed:false
2722 silly fetch manifest forwarded@0.2.0
2723 silly packumentCache full:https://registry.npmjs.org/forwarded cache-miss
2724 http fetch GET 200 https://registry.npmjs.org/toidentifier 405ms (cache revalidated)
2725 silly packumentCache full:https://registry.npmjs.org/toidentifier set size:12006 disposed:false
2726 silly fetch manifest ipaddr.js@1.9.1
2727 silly packumentCache full:https://registry.npmjs.org/ipaddr.js cache-miss
2728 http fetch GET 200 https://registry.npmjs.org/forwarded 297ms (cache revalidated)
2729 silly packumentCache full:https://registry.npmjs.org/forwarded set size:11229 disposed:false
2730 silly fetch manifest side-channel@^1.1.1
2731 silly packumentCache full:https://registry.npmjs.org/side-channel cache-miss
2732 http fetch GET 200 https://registry.npmjs.org/ipaddr.js 787ms (cache revalidated)
2733 silly packumentCache full:https://registry.npmjs.org/ipaddr.js set size:84329 disposed:false
2734 silly fetch manifest es-define-property@^1.0.1
2735 silly packumentCache full:https://registry.npmjs.org/es-define-property cache-miss
2736 http fetch GET 200 https://registry.npmjs.org/ee-first 1069ms (cache revalidated)
2737 silly packumentCache full:https://registry.npmjs.org/ee-first set size:15327 disposed:false
2738 silly fetch manifest mime@1.6.0
2739 silly packumentCache full:https://registry.npmjs.org/mime cache-hit
2740 silly fetch manifest destroy@1.2.0
2741 silly packumentCache full:https://registry.npmjs.org/destroy cache-hit
2742 silly fetch manifest mime-types@~2.1.24
2743 silly packumentCache full:https://registry.npmjs.org/mime-types cache-hit
2744 silly fetch manifest media-typer@0.3.0
2745 silly packumentCache full:https://registry.npmjs.org/media-typer cache-miss
2746 http fetch GET 200 https://registry.npmjs.org/side-channel 973ms (cache revalidated)
2747 silly packumentCache full:https://registry.npmjs.org/side-channel set size:27650 disposed:false
2748 http fetch GET 200 https://registry.npmjs.org/media-typer 383ms (cache revalidated)
2749 silly packumentCache full:https://registry.npmjs.org/media-typer set size:22074 disposed:false
2750 http fetch GET 200 https://registry.npmjs.org/es-define-property 430ms (cache revalidated)
2751 silly packumentCache full:https://registry.npmjs.org/es-define-property set size:8542 disposed:false
2752 silly placeDep ROOT mime-types@2.1.35 OK for: accepts@1.3.8 want: ~2.1.34
2753 silly placeDep ROOT negotiator@0.6.3 OK for: accepts@1.3.8 want: 0.6.3
2754 silly fetch manifest mime-db@1.52.0
2755 silly packumentCache full:https://registry.npmjs.org/mime-db cache-miss
2756 http fetch GET 200 https://registry.npmjs.org/mime-db 169ms (cache revalidated)
2757 silly packumentCache full:https://registry.npmjs.org/mime-db set size:164953 disposed:false
2758 silly placeDep ROOT bytes@3.1.2 OK for: body-parser@1.20.6 want: ~3.1.2
2759 silly placeDep node_modules/body-parser debug@2.6.9 OK for: body-parser@1.20.6 want: 2.6.9
2760 silly placeDep ROOT destroy@1.2.0 OK for: body-parser@1.20.6 want: ~1.2.0
2761 silly placeDep node_modules/body-parser iconv-lite@0.4.24 OK for: body-parser@1.20.6 want: ~0.4.24
2762 silly placeDep ROOT raw-body@2.5.3 OK for: body-parser@1.20.6 want: ~2.5.3
2763 silly placeDep ROOT unpipe@1.0.0 OK for: body-parser@1.20.6 want: ~1.0.0
2764 silly fetch manifest safer-buffer@>= 2.1.2 < 3
2765 silly packumentCache full:https://registry.npmjs.org/safer-buffer cache-hit
2766 silly placeDep node_modules/finalhandler debug@2.6.9 OK for: finalhandler@1.3.2 want: 2.6.9
2767 silly placeDep ROOT asynckit@0.4.0 OK for: form-data@4.0.6 want: ^0.4.0
2768 silly placeDep ROOT combined-stream@1.0.8 OK for: form-data@4.0.6 want: ^1.0.8
2769 silly placeDep ROOT es-set-tostringtag@2.1.0 OK for: form-data@4.0.6 want: ^2.1.0
2770 silly placeDep ROOT hasown@2.0.4 OK for: form-data@4.0.6 want: ^2.0.4
2771 silly fetch manifest delayed-stream@~1.0.0
2772 silly packumentCache full:https://registry.npmjs.org/delayed-stream cache-miss
2773 silly fetch manifest es-errors@^1.3.0
2774 silly packumentCache full:https://registry.npmjs.org/es-errors cache-miss
2775 silly fetch manifest get-intrinsic@^1.2.6
2776 silly packumentCache full:https://registry.npmjs.org/get-intrinsic cache-miss
2777 http fetch GET 200 https://registry.npmjs.org/delayed-stream 271ms (cache revalidated)
2778 silly packumentCache full:https://registry.npmjs.org/delayed-stream set size:15820 disposed:false
2779 silly fetch manifest has-tostringtag@^1.0.2
2780 silly packumentCache full:https://registry.npmjs.org/has-tostringtag cache-miss
2781 http fetch GET 200 https://registry.npmjs.org/es-errors 285ms (cache revalidated)
2782 silly packumentCache full:https://registry.npmjs.org/es-errors set size:16918 disposed:false
2783 silly fetch manifest hasown@^2.0.2
2784 silly packumentCache full:https://registry.npmjs.org/hasown cache-hit
2785 silly fetch manifest function-bind@^1.1.2
2786 silly packumentCache full:https://registry.npmjs.org/function-bind cache-miss
2787 http fetch GET 200 https://registry.npmjs.org/get-intrinsic 304ms (cache revalidated)
2788 silly packumentCache full:https://registry.npmjs.org/get-intrinsic set size:60985 disposed:false
2789 http fetch GET 200 https://registry.npmjs.org/function-bind 207ms (cache revalidated)
2790 silly packumentCache full:https://registry.npmjs.org/function-bind set size:15733 disposed:false
2791 http fetch GET 200 https://registry.npmjs.org/has-tostringtag 342ms (cache revalidated)
2792 silly packumentCache full:https://registry.npmjs.org/has-tostringtag set size:13945 disposed:false
2793 silly placeDep ROOT delayed-stream@1.0.0 OK for: combined-stream@1.0.8 want: ~1.0.0
2794 silly placeDep ROOT es-errors@1.3.0 OK for: es-set-tostringtag@2.1.0 want: ^1.3.0
2795 silly placeDep ROOT get-intrinsic@1.3.0 OK for: es-set-tostringtag@2.1.0 want: ^1.2.6
2796 silly placeDep ROOT has-tostringtag@1.0.2 OK for: es-set-tostringtag@2.1.0 want: ^1.0.2
2797 silly fetch manifest gopd@^1.2.0
2798 silly packumentCache full:https://registry.npmjs.org/gopd cache-miss
2799 silly fetch manifest get-proto@^1.0.1
2800 silly packumentCache full:https://registry.npmjs.org/get-proto cache-miss
2801 silly fetch manifest has-symbols@^1.1.0
2802 silly packumentCache full:https://registry.npmjs.org/has-symbols cache-miss
2803 http fetch GET 200 https://registry.npmjs.org/has-symbols 312ms (cache revalidated)
2804 silly packumentCache full:https://registry.npmjs.org/has-symbols set size:21550 disposed:false
2805 silly fetch manifest es-object-atoms@^1.1.1
2806 silly packumentCache full:https://registry.npmjs.org/es-object-atoms cache-miss
2807 http fetch GET 200 https://registry.npmjs.org/gopd 344ms (cache revalidated)
2808 silly packumentCache full:https://registry.npmjs.org/gopd set size:11483 disposed:false
2809 silly fetch manifest math-intrinsics@^1.1.0
2810 silly packumentCache full:https://registry.npmjs.org/math-intrinsics cache-miss
2811 http fetch GET 200 https://registry.npmjs.org/get-proto 452ms (cache revalidated)
2812 silly packumentCache full:https://registry.npmjs.org/get-proto set size:8300 disposed:false
2813 silly fetch manifest call-bind-apply-helpers@^1.0.2
2814 silly packumentCache full:https://registry.npmjs.org/call-bind-apply-helpers cache-miss
2815 http fetch GET 200 https://registry.npmjs.org/es-object-atoms 259ms (cache revalidated)
2816 silly packumentCache full:https://registry.npmjs.org/es-object-atoms set size:18278 disposed:false
2817 silly fetch manifest has-symbols@^1.0.3
2818 silly packumentCache full:https://registry.npmjs.org/has-symbols cache-hit
2819 http fetch GET 200 https://registry.npmjs.org/math-intrinsics 252ms (cache revalidated)
2820 silly packumentCache full:https://registry.npmjs.org/math-intrinsics set size:9265 disposed:false
2821 http fetch GET 200 https://registry.npmjs.org/call-bind-apply-helpers 272ms (cache revalidated)
2822 silly packumentCache full:https://registry.npmjs.org/call-bind-apply-helpers set size:12744 disposed:false
2823 silly placeDep ROOT call-bind-apply-helpers@1.0.2 OK for: get-intrinsic@1.3.0 want: ^1.0.2
2824 silly placeDep ROOT es-define-property@1.0.1 OK for: get-intrinsic@1.3.0 want: ^1.0.1
2825 silly placeDep ROOT es-object-atoms@1.1.2 OK for: get-intrinsic@1.3.0 want: ^1.1.1
2826 silly placeDep ROOT function-bind@1.1.2 OK for: get-intrinsic@1.3.0 want: ^1.1.2
2827 silly placeDep ROOT get-proto@1.0.1 OK for: get-intrinsic@1.3.0 want: ^1.0.1
2828 silly placeDep ROOT gopd@1.2.0 OK for: get-intrinsic@1.3.0 want: ^1.2.0
2829 silly placeDep ROOT has-symbols@1.1.0 OK for: get-intrinsic@1.3.0 want: ^1.1.0
2830 silly placeDep ROOT math-intrinsics@1.1.0 OK for: get-intrinsic@1.3.0 want: ^1.1.0
2831 silly fetch manifest dunder-proto@^1.0.1
2832 silly packumentCache full:https://registry.npmjs.org/dunder-proto cache-miss
2833 http fetch GET 200 https://registry.npmjs.org/dunder-proto 186ms (cache revalidated)
2834 silly packumentCache full:https://registry.npmjs.org/dunder-proto set size:8256 disposed:false
2835 silly placeDep ROOT dunder-proto@1.0.1 OK for: get-proto@1.0.1 want: ^1.0.1
2836 silly placeDep ROOT base64-js@1.5.1 OK for: google-auth-library@10.9.1 want: ^1.3.0
2837 silly placeDep ROOT ecdsa-sig-formatter@1.0.11 OK for: google-auth-library@10.9.1 want: ^1.0.11
2838 silly placeDep ROOT gaxios@7.3.1 OK for: google-auth-library@10.9.1 want: ^7.1.4
2839 silly placeDep ROOT gcp-metadata@8.1.2 OK for: google-auth-library@10.9.1 want: 8.1.2
2840 silly placeDep ROOT google-logging-utils@1.1.3 OK for: google-auth-library@10.9.1 want: 1.1.3
2841 silly placeDep ROOT jws@4.0.1 OK for: google-auth-library@10.9.1 want: ^4.0.0
2842 silly fetch manifest extend@^3.0.2
2843 silly packumentCache full:https://registry.npmjs.org/extend cache-miss
2844 silly fetch manifest node-fetch@^3.3.2
2845 silly packumentCache full:https://registry.npmjs.org/node-fetch cache-miss
2846 silly fetch manifest https-proxy-agent@^7.0.1
2847 silly packumentCache full:https://registry.npmjs.org/https-proxy-agent cache-hit
2848 silly fetch manifest json-bigint@^1.0.0
2849 silly packumentCache full:https://registry.npmjs.org/json-bigint cache-miss
2850 http fetch GET 200 https://registry.npmjs.org/node-fetch 163ms (cache revalidated)
2851 silly packumentCache full:https://registry.npmjs.org/node-fetch set size:896010 disposed:false
2852 silly fetch manifest google-logging-utils@^1.0.0
2853 silly packumentCache full:https://registry.npmjs.org/google-logging-utils cache-hit
2854 silly fetch manifest jwa@^2.0.1
2855 silly packumentCache full:https://registry.npmjs.org/jwa cache-miss
2856 http fetch GET 200 https://registry.npmjs.org/extend 240ms (cache revalidated)
2857 silly packumentCache full:https://registry.npmjs.org/extend set size:25974 disposed:false
2858 http fetch GET 200 https://registry.npmjs.org/json-bigint 270ms (cache revalidated)
2859 silly packumentCache full:https://registry.npmjs.org/json-bigint set size:36963 disposed:false
2860 http fetch GET 200 https://registry.npmjs.org/jwa 271ms (cache revalidated)
2861 silly packumentCache full:https://registry.npmjs.org/jwa set size:39720 disposed:false
2862 silly placeDep ROOT extend@3.0.2 OK for: gaxios@7.3.1 want: ^3.0.2
2863 silly placeDep node_modules/gaxios https-proxy-agent@7.0.6 OK for: gaxios@7.3.1 want: ^7.0.1
2864 silly placeDep ROOT node-fetch@3.3.2 OK for: gaxios@7.3.1 want: ^3.3.2
2865 silly fetch manifest agent-base@^7.1.2
2866 silly packumentCache full:https://registry.npmjs.org/agent-base cache-hit
2867 silly fetch manifest data-uri-to-buffer@^4.0.0
2868 silly packumentCache full:https://registry.npmjs.org/data-uri-to-buffer cache-miss
2869 silly fetch manifest fetch-blob@^3.1.4
2870 silly packumentCache full:https://registry.npmjs.org/fetch-blob cache-miss
2871 silly fetch manifest formdata-polyfill@^4.0.10
2872 silly packumentCache full:https://registry.npmjs.org/formdata-polyfill cache-miss
2873 http fetch GET 200 https://registry.npmjs.org/data-uri-to-buffer 600ms (cache revalidated)
2874 silly packumentCache full:https://registry.npmjs.org/data-uri-to-buffer set size:48018 disposed:false
2875 http fetch GET 200 https://registry.npmjs.org/fetch-blob 636ms (cache revalidated)
2876 silly packumentCache full:https://registry.npmjs.org/fetch-blob set size:73704 disposed:false
2877 http fetch GET 200 https://registry.npmjs.org/formdata-polyfill 641ms (cache revalidated)
2878 silly packumentCache full:https://registry.npmjs.org/formdata-polyfill set size:94446 disposed:false
2879 silly placeDep ROOT json-bigint@1.0.0 OK for: gcp-metadata@8.1.2 want: ^1.0.0
2880 silly fetch manifest bignumber.js@^9.0.0
2881 silly packumentCache full:https://registry.npmjs.org/bignumber.js cache-miss
2882 http fetch GET 200 https://registry.npmjs.org/bignumber.js 488ms (cache revalidated)
2883 silly packumentCache full:https://registry.npmjs.org/bignumber.js set size:149332 disposed:false
2884 silly placeDep ROOT cookie-es@1.2.3 OK for: h3@1.13.0 want: ^1.2.2
2885 silly placeDep ROOT crossws@0.3.5 OK for: h3@1.13.0 want: >=0.2.0 <0.4.0
2886 silly placeDep ROOT defu@6.1.7 OK for: h3@1.13.0 want: ^6.1.4
2887 silly placeDep ROOT destr@2.0.5 OK for: h3@1.13.0 want: ^2.0.3
2888 silly placeDep ROOT iron-webcrypto@1.2.1 OK for: h3@1.13.0 want: ^1.2.1
2889 silly placeDep ROOT ohash@1.1.6 OK for: h3@1.13.0 want: ^1.1.4
2890 silly placeDep ROOT radix3@1.1.2 OK for: h3@1.13.0 want: ^1.1.2
2891 silly placeDep ROOT uncrypto@0.1.3 OK for: h3@1.13.0 want: ^0.1.3
2892 silly placeDep ROOT unenv@1.10.0 OK for: h3@1.13.0 want: ^1.10.0
2893 silly fetch manifest mime@^3.0.0
2894 silly packumentCache full:https://registry.npmjs.org/mime cache-hit
2895 silly fetch manifest pathe@^1.1.2
2896 silly packumentCache full:https://registry.npmjs.org/pathe cache-hit
2897 silly fetch manifest node-fetch-native@^1.6.4
2898 silly packumentCache full:https://registry.npmjs.org/node-fetch-native cache-hit
2899 silly placeDep ROOT crossws@0.4.12 REPLACE for: h3@2.0.1-rc.20 want: ^0.4.1
2900 silly placeDep ROOT rou3@0.8.1 OK for: h3@2.0.1-rc.20 want: ^0.8.1
2901 silly placeDep ROOT srvx@0.11.22 OK for: h3@2.0.1-rc.20 want: ^0.11.13
2902 silly placeDep node_modules/h3 crossws@0.3.5 OK for: h3@1.13.0 want: >=0.2.0 <0.4.0
2903 silly placeDep node_modules/htmlparser2 entities@7.0.1 OK for: htmlparser2@10.1.0 want: ^7.0.1
2904 silly placeDep ROOT inherits@2.0.4 OK for: http-errors@2.0.1 want: ~2.0.4
2905 silly placeDep ROOT toidentifier@1.0.1 OK for: http-errors@2.0.1 want: ~1.0.1
2906 silly placeDep ROOT agent-base@6.0.2 OK for: https-proxy-agent@5.0.1 want: 6
2907 silly placeDep ROOT safer-buffer@2.1.2 OK for: iconv-lite@0.6.3 want: >= 2.1.2 < 3.0.0
2908 silly placeDep ROOT bignumber.js@9.3.1 OK for: json-bigint@1.0.0 want: ^9.0.0
2909 silly placeDep ROOT jwa@2.0.1 OK for: jws@4.0.1 want: ^2.0.1
2910 silly fetch manifest buffer-equal-constant-time@^1.0.1
2911 silly packumentCache full:https://registry.npmjs.org/buffer-equal-constant-time cache-miss
2912 http fetch GET 200 https://registry.npmjs.org/buffer-equal-constant-time 262ms (cache revalidated)
2913 silly packumentCache full:https://registry.npmjs.org/buffer-equal-constant-time set size:4390 disposed:false
2914 silly placeDep ROOT buffer-equal-constant-time@1.0.1 OK for: jwa@2.0.1 want: ^1.0.1
2915 silly placeDep ROOT detect-libc@2.1.2 OK for: lightningcss@1.32.0 want: ^2.0.3
2916 silly placeDep ROOT lightningcss-android-arm64@1.32.0 OK for: lightningcss@1.32.0 want: 1.32.0
2917 silly placeDep ROOT lightningcss-darwin-arm64@1.32.0 OK for: lightningcss@1.32.0 want: 1.32.0
2918 silly placeDep ROOT lightningcss-darwin-x64@1.32.0 OK for: lightningcss@1.32.0 want: 1.32.0
2919 silly placeDep ROOT lightningcss-freebsd-x64@1.32.0 OK for: lightningcss@1.32.0 want: 1.32.0
2920 silly placeDep ROOT lightningcss-linux-arm-gnueabihf@1.32.0 OK for: lightningcss@1.32.0 want: 1.32.0
2921 silly placeDep ROOT lightningcss-linux-arm64-gnu@1.32.0 OK for: lightningcss@1.32.0 want: 1.32.0
2922 silly placeDep ROOT lightningcss-linux-arm64-musl@1.32.0 OK for: lightningcss@1.32.0 want: 1.32.0
2923 silly placeDep ROOT lightningcss-linux-x64-gnu@1.32.0 OK for: lightningcss@1.32.0 want: 1.32.0
2924 silly placeDep ROOT lightningcss-linux-x64-musl@1.32.0 OK for: lightningcss@1.32.0 want: 1.32.0
2925 silly placeDep ROOT lightningcss-win32-arm64-msvc@1.32.0 OK for: lightningcss@1.32.0 want: 1.32.0
2926 silly placeDep ROOT lightningcss-win32-x64-msvc@1.32.0 OK for: lightningcss@1.32.0 want: 1.32.0
2927 silly placeDep ROOT yallist@3.1.1 OK for: lru-cache@5.1.1 want: ^3.0.2
2928 silly placeDep ROOT mime-db@1.52.0 OK for: mime-types@2.1.35 want: 1.52.0
2929 silly fetch manifest react@^18.0.0 || ^19.0.0
2930 silly packumentCache full:https://registry.npmjs.org/react cache-miss
2931 http cache https://registry.npmjs.org/react 495ms (cache hit)
2932 silly packumentCache full:https://registry.npmjs.org/react set size:6926968 disposed:false
2933 silly fetch manifest react-dom@^18.0.0 || ^19.0.0
2934 silly packumentCache full:https://registry.npmjs.org/react-dom cache-miss
2935 http cache https://registry.npmjs.org/react-dom 296ms (cache hit)
2936 silly packumentCache full:https://registry.npmjs.org/react-dom set size:9313795 disposed:false
2937 silly placeDep ROOT framer-motion@12.43.0 OK for: motion@12.43.0 want: ^12.43.0
2938 silly fetch manifest motion-dom@^12.43.0
2939 silly packumentCache full:https://registry.npmjs.org/motion-dom cache-miss
2940 silly fetch manifest motion-utils@^12.39.0
2941 silly packumentCache full:https://registry.npmjs.org/motion-utils cache-miss
2942 http fetch GET 200 https://registry.npmjs.org/motion-utils 421ms (cache revalidated)
2943 silly packumentCache full:https://registry.npmjs.org/motion-utils set size:68452 disposed:false
2944 http fetch GET 200 https://registry.npmjs.org/motion-dom 608ms (cache revalidated)
2945 silly packumentCache full:https://registry.npmjs.org/motion-dom set size:294352 disposed:false
2946 silly placeDep ROOT motion-dom@12.43.0 OK for: framer-motion@12.43.0 want: ^12.43.0
2947 silly placeDep ROOT motion-utils@12.39.0 OK for: framer-motion@12.43.0 want: ^12.39.0
2948 silly fetch manifest @electric-sql/pglite@*
2949 silly packumentCache full:https://registry.npmjs.org/@electric-sql%2fpglite cache-miss
2950 http fetch GET 200 https://registry.npmjs.org/@electric-sql%2fpglite 408ms (cache revalidated)
2951 silly packumentCache full:https://registry.npmjs.org/@electric-sql%2fpglite set size:367325 disposed:false
2952 silly fetch manifest @libsql/client@*
2953 silly packumentCache full:https://registry.npmjs.org/@libsql%2fclient cache-miss
2954 http fetch GET 200 https://registry.npmjs.org/@libsql%2fclient 1035ms (cache revalidated)
2955 silly packumentCache full:https://registry.npmjs.org/@libsql%2fclient set size:392417 disposed:false
2956 silly fetch manifest better-sqlite3@*
2957 silly packumentCache full:https://registry.npmjs.org/better-sqlite3 cache-miss
2958 http fetch GET 200 https://registry.npmjs.org/better-sqlite3 411ms (cache revalidated)
2959 silly packumentCache full:https://registry.npmjs.org/better-sqlite3 set size:393419 disposed:false
2960 silly fetch manifest drizzle-orm@*
2961 silly packumentCache full:https://registry.npmjs.org/drizzle-orm cache-miss
2962 http fetch GET 200 https://registry.npmjs.org/drizzle-orm 4278ms (cache revalidated)
2963 silly packumentCache full:https://registry.npmjs.org/drizzle-orm set size:64465251 disposed:false
2964 silly fetch manifest @aws-sdk/client-rds-data@>=3
2965 silly packumentCache full:https://registry.npmjs.org/@aws-sdk%2fclient-rds-data cache-miss
2966 http fetch GET 200 https://registry.npmjs.org/@aws-sdk%2fclient-rds-data 1351ms (cache revalidated)
2967 silly packumentCache full:https://registry.npmjs.org/@aws-sdk%2fclient-rds-data set size:3002322 disposed:false
2968 silly fetch manifest @cloudflare/workers-types@>=4
2969 silly packumentCache full:https://registry.npmjs.org/@cloudflare%2fworkers-types cache-miss
2970 http fetch GET 200 https://registry.npmjs.org/@cloudflare%2fworkers-types 551ms (cache revalidated)
2971 silly packumentCache full:https://registry.npmjs.org/@cloudflare%2fworkers-types set size:1876018 disposed:false
2972 silly fetch manifest @libsql/client-wasm@>=0.10.0
2973 silly packumentCache full:https://registry.npmjs.org/@libsql%2fclient-wasm cache-miss
2974 http fetch GET 200 https://registry.npmjs.org/@libsql%2fclient-wasm 881ms (cache revalidated)
2975 silly packumentCache full:https://registry.npmjs.org/@libsql%2fclient-wasm set size:148489 disposed:false
2976 silly fetch manifest @neondatabase/serverless@>=0.10.0
2977 silly packumentCache full:https://registry.npmjs.org/@neondatabase%2fserverless cache-miss
2978 http fetch GET 200 https://registry.npmjs.org/@neondatabase%2fserverless 1095ms (cache revalidated)
2979 silly packumentCache full:https://registry.npmjs.org/@neondatabase%2fserverless set size:178582 disposed:false
2980 silly fetch manifest @op-engineering/op-sqlite@>=2
2981 silly packumentCache full:https://registry.npmjs.org/@op-engineering%2fop-sqlite cache-miss
2982 http fetch GET 200 https://registry.npmjs.org/@op-engineering%2fop-sqlite 916ms (cache revalidated)
2983 silly packumentCache full:https://registry.npmjs.org/@op-engineering%2fop-sqlite set size:561540 disposed:false
2984 silly fetch manifest @sqlite.org/sqlite-wasm@*
2985 silly packumentCache full:https://registry.npmjs.org/@sqlite.org%2fsqlite-wasm cache-miss
2986 http fetch GET 200 https://registry.npmjs.org/@sqlite.org%2fsqlite-wasm 805ms (cache revalidated)
2987 silly packumentCache full:https://registry.npmjs.org/@sqlite.org%2fsqlite-wasm set size:231306 disposed:false
2988 silly fetch manifest react@*
2989 silly packumentCache full:https://registry.npmjs.org/react cache-miss
2990 http cache https://registry.npmjs.org/react 65ms (cache hit)
2991 silly packumentCache full:https://registry.npmjs.org/react set size:6926968 disposed:false
2992 silly fetch manifest react-native@*
2993 silly packumentCache full:https://registry.npmjs.org/react-native cache-miss
2994 http fetch GET 200 https://registry.npmjs.org/react-native 1761ms (cache revalidated)
2995 silly packumentCache full:https://registry.npmjs.org/react-native set size:15746577 disposed:false
2996 silly fetch manifest @types/react@^19.1.1
2997 silly packumentCache full:https://registry.npmjs.org/@types%2freact cache-miss
2998 http cache https://registry.npmjs.org/@types%2freact 84ms (cache hit)
2999 silly packumentCache full:https://registry.npmjs.org/@types%2freact set size:2637439 disposed:false
3000 silly fetch manifest @opentelemetry/api@^1.4.1
3001 silly packumentCache full:https://registry.npmjs.org/@opentelemetry%2fapi cache-hit
3002 silly fetch manifest @planetscale/database@>=1.13
3003 silly packumentCache full:https://registry.npmjs.org/@planetscale%2fdatabase cache-miss
3004 http fetch GET 200 https://registry.npmjs.org/@planetscale%2fdatabase 741ms (cache revalidated)
3005 silly packumentCache full:https://registry.npmjs.org/@planetscale%2fdatabase set size:131439 disposed:false
3006 silly fetch manifest @prisma/client@*
3007 silly packumentCache full:https://registry.npmjs.org/@prisma%2fclient cache-miss
3008 http fetch GET 200 https://registry.npmjs.org/@prisma%2fclient 5600ms (cache revalidated)
3009 silly packumentCache full:https://registry.npmjs.org/@prisma%2fclient set size:68470281 disposed:false
3010 silly fetch manifest prisma@*
3011 silly packumentCache full:https://registry.npmjs.org/prisma cache-miss
3012 http fetch GET 200 https://registry.npmjs.org/prisma 2761ms (cache revalidated)
3013 silly packumentCache full:https://registry.npmjs.org/prisma set size:43788728 disposed:false
3014 silly fetch manifest typescript@>=5.4.0
3015 silly packumentCache full:https://registry.npmjs.org/typescript cache-miss
3016 http cache https://registry.npmjs.org/typescript 120ms (cache hit)
3017 silly packumentCache full:https://registry.npmjs.org/typescript set size:15614421 disposed:false
3018 silly fetch manifest @tidbcloud/serverless@*
3019 silly packumentCache full:https://registry.npmjs.org/@tidbcloud%2fserverless cache-miss
3020 http fetch GET 200 https://registry.npmjs.org/@tidbcloud%2fserverless 312ms (cache revalidated)
3021 silly packumentCache full:https://registry.npmjs.org/@tidbcloud%2fserverless set size:51334 disposed:false
3022 silly fetch manifest @types/better-sqlite3@*
3023 silly packumentCache full:https://registry.npmjs.org/@types%2fbetter-sqlite3 cache-miss
3024 http fetch GET 200 https://registry.npmjs.org/@types%2fbetter-sqlite3 310ms (cache revalidated)
3025 silly packumentCache full:https://registry.npmjs.org/@types%2fbetter-sqlite3 set size:85227 disposed:false
3026 silly fetch manifest @types/pg@*
3027 silly packumentCache full:https://registry.npmjs.org/@types%2fpg cache-miss
3028 http fetch GET 200 https://registry.npmjs.org/@types%2fpg 693ms (cache revalidated)
3029 silly packumentCache full:https://registry.npmjs.org/@types%2fpg set size:208301 disposed:false
3030 silly fetch manifest @types/sql.js@*
3031 silly packumentCache full:https://registry.npmjs.org/@types%2fsql.js cache-miss
3032 http fetch GET 200 https://registry.npmjs.org/@types%2fsql.js 246ms (cache revalidated)
3033 silly packumentCache full:https://registry.npmjs.org/@types%2fsql.js set size:50269 disposed:false
3034 silly fetch manifest @upstash/redis@>=1.34.7
3035 silly packumentCache full:https://registry.npmjs.org/@upstash%2fredis cache-miss
3036 http fetch GET 200 https://registry.npmjs.org/@upstash%2fredis 832ms (cache revalidated)
3037 silly packumentCache full:https://registry.npmjs.org/@upstash%2fredis set size:3915847 disposed:false
3038 silly fetch manifest @vercel/postgres@>=0.8.0
3039 silly packumentCache full:https://registry.npmjs.org/@vercel%2fpostgres cache-miss
3040 http fetch GET 200 https://registry.npmjs.org/@vercel%2fpostgres 399ms (cache revalidated)
3041 silly packumentCache full:https://registry.npmjs.org/@vercel%2fpostgres set size:247779 disposed:false
3042 silly fetch manifest @xata.io/client@*
3043 silly packumentCache full:https://registry.npmjs.org/@xata.io%2fclient cache-miss
3044 http fetch GET 200 https://registry.npmjs.org/@xata.io%2fclient 1475ms (cache revalidated)
3045 silly packumentCache full:https://registry.npmjs.org/@xata.io%2fclient set size:11854695 disposed:false
3046 silly fetch manifest bun-types@*
3047 silly packumentCache full:https://registry.npmjs.org/bun-types cache-miss
3048 http fetch GET 200 https://registry.npmjs.org/bun-types 394ms (cache revalidated)
3049 silly packumentCache full:https://registry.npmjs.org/bun-types set size:2457149 disposed:false
3050 silly fetch manifest expo-sqlite@>=14.0.0
3051 silly packumentCache full:https://registry.npmjs.org/expo-sqlite cache-miss
3052 http fetch GET 200 https://registry.npmjs.org/expo-sqlite 361ms (cache revalidated)
3053 silly packumentCache full:https://registry.npmjs.org/expo-sqlite set size:1051620 disposed:false
3054 silly fetch manifest expo@*
3055 silly packumentCache full:https://registry.npmjs.org/expo cache-miss
3056 http fetch GET 200 https://registry.npmjs.org/expo 489ms (cache revalidated)
3057 silly packumentCache full:https://registry.npmjs.org/expo set size:4056522 disposed:false
3058 silly fetch manifest @expo/metro-runtime@*
3059 silly packumentCache full:https://registry.npmjs.org/@expo%2fmetro-runtime cache-miss
3060 http fetch GET 200 https://registry.npmjs.org/@expo%2fmetro-runtime 1064ms (cache revalidated)
3061 silly packumentCache full:https://registry.npmjs.org/@expo%2fmetro-runtime set size:819224 disposed:false
3062 silly fetch manifest react-dom@*
3063 silly packumentCache full:https://registry.npmjs.org/react-dom cache-miss
3064 http cache https://registry.npmjs.org/react-dom 91ms (cache hit)
3065 silly packumentCache full:https://registry.npmjs.org/react-dom set size:9313795 disposed:false
3066 silly fetch manifest react-native-web@*
3067 silly packumentCache full:https://registry.npmjs.org/react-native-web cache-miss
3068 http fetch GET 200 https://registry.npmjs.org/react-native-web 332ms (cache revalidated)
3069 silly packumentCache full:https://registry.npmjs.org/react-native-web set size:1090416 disposed:false
3070 silly fetch manifest react-native-webview@*
3071 silly packumentCache full:https://registry.npmjs.org/react-native-webview cache-miss
3072 http fetch GET 200 https://registry.npmjs.org/react-native-webview 386ms (cache revalidated)
3073 silly packumentCache full:https://registry.npmjs.org/react-native-webview set size:1379763 disposed:false
3074 silly fetch manifest gel@>=2
3075 silly packumentCache full:https://registry.npmjs.org/gel cache-miss
3076 http fetch GET 200 https://registry.npmjs.org/gel 445ms (cache revalidated)
3077 silly packumentCache full:https://registry.npmjs.org/gel set size:248308 disposed:false
3078 silly fetch manifest knex@*
3079 silly packumentCache full:https://registry.npmjs.org/knex cache-miss
3080 http fetch GET 200 https://registry.npmjs.org/knex 542ms (cache revalidated)
3081 silly packumentCache full:https://registry.npmjs.org/knex set size:1362381 disposed:false
3082 silly fetch manifest pg-query-stream@^4.14.0
3083 silly packumentCache full:https://registry.npmjs.org/pg-query-stream cache-miss
3084 http fetch GET 200 https://registry.npmjs.org/pg-query-stream 272ms (cache revalidated)
3085 silly packumentCache full:https://registry.npmjs.org/pg-query-stream set size:189102 disposed:false
3086 silly fetch manifest pg@^8
3087 silly packumentCache full:https://registry.npmjs.org/pg cache-miss
3088 http fetch GET 200 https://registry.npmjs.org/pg 311ms (cache revalidated)
3089 silly packumentCache full:https://registry.npmjs.org/pg set size:482398 disposed:false
3090 silly fetch manifest pg-native@>=3.0.1
3091 silly packumentCache full:https://registry.npmjs.org/pg-native cache-miss
3092 http fetch GET 200 https://registry.npmjs.org/pg-native 872ms (cache revalidated)
3093 silly packumentCache full:https://registry.npmjs.org/pg-native set size:94559 disposed:false
3094 silly fetch manifest kysely@*
3095 silly packumentCache full:https://registry.npmjs.org/kysely cache-miss
3096 http fetch GET 200 https://registry.npmjs.org/kysely 312ms (cache revalidated)
3097 silly packumentCache full:https://registry.npmjs.org/kysely set size:737388 disposed:false
3098 silly fetch manifest mysql2@>=2
3099 silly packumentCache full:https://registry.npmjs.org/mysql2 cache-miss
3100 http fetch GET 200 https://registry.npmjs.org/mysql2 610ms (cache revalidated)
3101 silly packumentCache full:https://registry.npmjs.org/mysql2 set size:983902 disposed:false
3102 silly fetch manifest @types/node@>= 8
3103 silly packumentCache full:https://registry.npmjs.org/@types%2fnode cache-miss
3104 http cache https://registry.npmjs.org/@types%2fnode 410ms (cache hit)
3105 silly packumentCache full:https://registry.npmjs.org/@types%2fnode set size:11096266 disposed:false
3106 silly fetch manifest postgres@>=3
3107 silly packumentCache full:https://registry.npmjs.org/postgres cache-miss
3108 http fetch GET 200 https://registry.npmjs.org/postgres 296ms (cache revalidated)
3109 silly packumentCache full:https://registry.npmjs.org/postgres set size:185872 disposed:false
3110 silly fetch manifest sql.js@>=1
3111 silly packumentCache full:https://registry.npmjs.org/sql.js cache-miss
3112 http fetch GET 200 https://registry.npmjs.org/sql.js 367ms (cache revalidated)
3113 silly packumentCache full:https://registry.npmjs.org/sql.js set size:129060 disposed:false
3114 silly fetch manifest sqlite3@>=5
3115 silly packumentCache full:https://registry.npmjs.org/sqlite3 cache-miss
3116 http fetch GET 200 https://registry.npmjs.org/sqlite3 325ms (cache revalidated)
3117 silly packumentCache full:https://registry.npmjs.org/sqlite3 set size:330693 disposed:false
3118 silly fetch manifest @parcel/watcher@^2.5.6
3119 silly packumentCache full:https://registry.npmjs.org/@parcel%2fwatcher cache-miss
3120 http fetch GET 200 https://registry.npmjs.org/@parcel%2fwatcher 350ms (cache revalidated)
3121 silly packumentCache full:https://registry.npmjs.org/@parcel%2fwatcher set size:124080 disposed:false
3122 silly fetch manifest rolldown@1.x || ^1.0.0-beta || ^1.0.0-rc
3123 silly packumentCache full:https://registry.npmjs.org/rolldown cache-miss
3124 http fetch GET 200 https://registry.npmjs.org/rolldown 1305ms (cache revalidated)
3125 silly packumentCache full:https://registry.npmjs.org/rolldown set size:3801673 disposed:false
3126 silly fetch manifest oxc-parser@*
3127 silly packumentCache full:https://registry.npmjs.org/oxc-parser cache-miss
3128 http fetch GET 200 https://registry.npmjs.org/oxc-parser 359ms (cache revalidated)
3129 silly packumentCache full:https://registry.npmjs.org/oxc-parser set size:609591 disposed:false
3130 silly fetch manifest rolldown@^1.0.0
3131 silly packumentCache full:https://registry.npmjs.org/rolldown cache-miss
3132 http cache https://registry.npmjs.org/rolldown 61ms (cache hit)
3133 silly packumentCache full:https://registry.npmjs.org/rolldown set size:3801673 disposed:false
3134 silly fetch manifest @azure/app-configuration@^1.8.0
3135 silly packumentCache full:https://registry.npmjs.org/@azure%2fapp-configuration cache-miss
3136 http fetch GET 200 https://registry.npmjs.org/@azure%2fapp-configuration 1104ms (cache revalidated)
3137 silly packumentCache full:https://registry.npmjs.org/@azure%2fapp-configuration set size:4264111 disposed:false
3138 silly fetch manifest @azure/cosmos@^4.2.0
3139 silly packumentCache full:https://registry.npmjs.org/@azure%2fcosmos cache-miss
3140 http fetch GET 200 https://registry.npmjs.org/@azure%2fcosmos 876ms (cache revalidated)
3141 silly packumentCache full:https://registry.npmjs.org/@azure%2fcosmos set size:6950654 disposed:false
3142 silly fetch manifest @azure/data-tables@^13.3.0
3143 silly packumentCache full:https://registry.npmjs.org/@azure%2fdata-tables cache-miss
3144 http fetch GET 200 https://registry.npmjs.org/@azure%2fdata-tables 894ms (cache revalidated)
3145 silly packumentCache full:https://registry.npmjs.org/@azure%2fdata-tables set size:3655328 disposed:false
3146 silly fetch manifest @azure/identity@^4.6.0
3147 silly packumentCache full:https://registry.npmjs.org/@azure%2fidentity cache-miss
3148 http fetch GET 200 https://registry.npmjs.org/@azure%2fidentity 887ms (cache revalidated)
3149 silly packumentCache full:https://registry.npmjs.org/@azure%2fidentity set size:6097700 disposed:false
3150 silly fetch manifest @azure/keyvault-secrets@^4.9.0
3151 silly packumentCache full:https://registry.npmjs.org/@azure%2fkeyvault-secrets cache-miss
3152 http fetch GET 200 https://registry.npmjs.org/@azure%2fkeyvault-secrets 603ms (cache revalidated)
3153 silly packumentCache full:https://registry.npmjs.org/@azure%2fkeyvault-secrets set size:4226133 disposed:false
3154 silly fetch manifest @azure/storage-blob@^12.26.0
3155 silly packumentCache full:https://registry.npmjs.org/@azure%2fstorage-blob cache-miss
3156 http fetch GET 200 https://registry.npmjs.org/@azure%2fstorage-blob 744ms (cache revalidated)
3157 silly packumentCache full:https://registry.npmjs.org/@azure%2fstorage-blob set size:4730988 disposed:false
3158 silly fetch manifest @capacitor/preferences@^6 || ^7 || ^8
3159 silly packumentCache full:https://registry.npmjs.org/@capacitor%2fpreferences cache-miss
3160 http fetch GET 200 https://registry.npmjs.org/@capacitor%2fpreferences 1560ms (cache revalidated)
3161 silly packumentCache full:https://registry.npmjs.org/@capacitor%2fpreferences set size:4856903 disposed:false
3162 silly fetch manifest @capacitor/core@>=8.0.0
3163 silly packumentCache full:https://registry.npmjs.org/@capacitor%2fcore cache-miss
3164 http fetch GET 200 https://registry.npmjs.org/@capacitor%2fcore 941ms (cache revalidated)
3165 silly packumentCache full:https://registry.npmjs.org/@capacitor%2fcore set size:4759401 disposed:false
3166 silly fetch manifest @deno/kv@>=0.9.0
3167 silly packumentCache full:https://registry.npmjs.org/@deno%2fkv cache-miss
3168 http fetch GET 200 https://registry.npmjs.org/@deno%2fkv 616ms (cache revalidated)
3169 silly packumentCache full:https://registry.npmjs.org/@deno%2fkv set size:37246 disposed:false
3170 silly fetch manifest @netlify/blobs@^6.5.0 || ^7.0.0 || ^8.1.0 || ^9.0.0 || ^10.0.0
3171 silly packumentCache full:https://registry.npmjs.org/@netlify%2fblobs cache-miss
3172 http fetch GET 200 https://registry.npmjs.org/@netlify%2fblobs 722ms (cache revalidated)
3173 silly packumentCache full:https://registry.npmjs.org/@netlify%2fblobs set size:440896 disposed:false
3174 silly fetch manifest @planetscale/database@^1.19.0
3175 silly packumentCache full:https://registry.npmjs.org/@planetscale%2fdatabase cache-hit
3176 silly fetch manifest @upstash/redis@^1.34.3
3177 silly packumentCache full:https://registry.npmjs.org/@upstash%2fredis cache-miss
3178 http cache https://registry.npmjs.org/@upstash%2fredis 286ms (cache hit)
3179 silly packumentCache full:https://registry.npmjs.org/@upstash%2fredis set size:3915847 disposed:false
3180 silly fetch manifest @vercel/blob@>=0.27.1
3181 silly packumentCache full:https://registry.npmjs.org/@vercel%2fblob cache-miss
3182 http fetch GET 200 https://registry.npmjs.org/@vercel%2fblob 780ms (cache revalidated)
3183 silly packumentCache full:https://registry.npmjs.org/@vercel%2fblob set size:1054009 disposed:false
3184 silly fetch manifest @vercel/functions@^2.2.12 || ^3.0.0
3185 silly packumentCache full:https://registry.npmjs.org/@vercel%2ffunctions cache-miss
3186 http fetch GET 200 https://registry.npmjs.org/@vercel%2ffunctions 845ms (cache revalidated)
3187 silly packumentCache full:https://registry.npmjs.org/@vercel%2ffunctions set size:245457 disposed:false
3188 silly fetch manifest @aws-sdk/credential-provider-web-identity@*
3189 silly packumentCache full:https://registry.npmjs.org/@aws-sdk%2fcredential-provider-web-identity cache-miss
3190 http fetch GET 200 https://registry.npmjs.org/@aws-sdk%2fcredential-provider-web-identity 393ms (cache revalidated)
3191 silly packumentCache full:https://registry.npmjs.org/@aws-sdk%2fcredential-provider-web-identity set size:1058699 disposed:false
3192 silly fetch manifest ws@>=8
3193 silly packumentCache full:https://registry.npmjs.org/ws cache-hit
3194 silly fetch manifest @vercel/kv@^1 || ^2 || ^3
3195 silly packumentCache full:https://registry.npmjs.org/@vercel%2fkv cache-miss
3196 http fetch GET 200 https://registry.npmjs.org/@vercel%2fkv 1051ms (cache revalidated)
3197 silly packumentCache full:https://registry.npmjs.org/@vercel%2fkv set size:112611 disposed:false
3198 silly fetch manifest aws4fetch@^1.0.20
3199 silly packumentCache full:https://registry.npmjs.org/aws4fetch cache-miss
3200 http fetch GET 200 https://registry.npmjs.org/aws4fetch 1093ms (cache revalidated)
3201 silly packumentCache full:https://registry.npmjs.org/aws4fetch set size:75112 disposed:false
3202 silly fetch manifest idb-keyval@^6.2.1
3203 silly packumentCache full:https://registry.npmjs.org/idb-keyval cache-miss
3204 http fetch GET 200 https://registry.npmjs.org/idb-keyval 723ms (cache revalidated)
3205 silly packumentCache full:https://registry.npmjs.org/idb-keyval set size:140904 disposed:false
3206 silly fetch manifest uploadthing@^7.4.4
3207 silly packumentCache full:https://registry.npmjs.org/uploadthing cache-miss
3208 http fetch GET 200 https://registry.npmjs.org/uploadthing 962ms (cache revalidated)
3209 silly packumentCache full:https://registry.npmjs.org/uploadthing set size:1017149 disposed:false
3210 silly fetch manifest express@*
3211 silly packumentCache full:https://registry.npmjs.org/express cache-hit
3212 silly fetch manifest tailwindcss@^3.0.0 || ^4.0.0-beta.0
3213 silly packumentCache full:https://registry.npmjs.org/tailwindcss cache-miss
3214 http cache https://registry.npmjs.org/tailwindcss 160ms (cache hit)
3215 silly packumentCache full:https://registry.npmjs.org/tailwindcss set size:10868886 disposed:false
3216 silly placeDep ROOT @cloudflare/kv-asset-handler@0.4.2 OK for: nitropack@2.13.4 want: ^0.4.2
3217 silly placeDep ROOT @rollup/plugin-alias@6.0.0 OK for: nitropack@2.13.4 want: ^6.0.0
3218 silly placeDep ROOT @rollup/plugin-commonjs@29.0.3 OK for: nitropack@2.13.4 want: ^29.0.2
3219 silly placeDep ROOT @rollup/plugin-inject@5.0.5 OK for: nitropack@2.13.4 want: ^5.0.5
3220 silly placeDep ROOT @rollup/plugin-json@6.1.0 OK for: nitropack@2.13.4 want: ^6.1.0
3221 silly placeDep ROOT @rollup/plugin-node-resolve@16.0.3 OK for: nitropack@2.13.4 want: ^16.0.3
3222 silly placeDep ROOT @rollup/plugin-replace@6.0.3 OK for: nitropack@2.13.4 want: ^6.0.3
3223 silly placeDep ROOT @rollup/plugin-terser@1.0.0 OK for: nitropack@2.13.4 want: ^1.0.0
3224 silly placeDep ROOT @vercel/nft@1.11.0 OK for: nitropack@2.13.4 want: ^1.5.0
3225 silly placeDep ROOT archiver@7.0.1 OK for: nitropack@2.13.4 want: ^7.0.1
3226 silly placeDep ROOT c12@3.3.4 OK for: nitropack@2.13.4 want: ^3.3.4
3227 silly placeDep ROOT chokidar@5.0.0 OK for: nitropack@2.13.4 want: ^5.0.0
3228 silly placeDep ROOT citty@0.2.2 OK for: nitropack@2.13.4 want: ^0.2.2
3229 silly placeDep ROOT compatx@0.2.0 OK for: nitropack@2.13.4 want: ^0.2.0
3230 silly placeDep ROOT confbox@0.2.4 OK for: nitropack@2.13.4 want: ^0.2.4
3231 silly placeDep ROOT consola@3.4.2 OK for: nitropack@2.13.4 want: ^3.4.2
3232 silly placeDep node_modules/nitropack cookie-es@2.0.1 OK for: nitropack@2.13.4 want: ^2.0.1
3233 silly placeDep ROOT croner@10.0.1 OK for: nitropack@2.13.4 want: ^10.0.1
3234 silly placeDep node_modules/nitropack crossws@0.3.5 OK for: nitropack@2.13.4 want: ^0.3.5
3235 silly placeDep ROOT db0@0.3.4 OK for: nitropack@2.13.4 want: ^0.3.4
3236 silly placeDep ROOT dot-prop@10.2.0 OK for: nitropack@2.13.4 want: ^10.1.0
3237 silly placeDep node_modules/nitropack esbuild@0.28.2 OK for: nitropack@2.13.4 want: ^0.28.0
3238 silly placeDep ROOT escape-string-regexp@5.0.0 OK for: nitropack@2.13.4 want: ^5.0.0
3239 silly placeDep ROOT exsolve@1.1.1 OK for: nitropack@2.13.4 want: ^1.0.8
3240 silly placeDep ROOT globby@16.2.4 OK for: nitropack@2.13.4 want: ^16.2.0
3241 silly placeDep ROOT gzip-size@7.0.0 OK for: nitropack@2.13.4 want: ^7.0.0
3242 silly placeDep node_modules/nitropack h3@1.15.11 OK for: nitropack@2.13.4 want: ^1.15.11
3243 silly placeDep ROOT hookable@5.5.3 OK for: nitropack@2.13.4 want: ^5.5.3
3244 silly placeDep ROOT httpxy@0.5.5 OK for: nitropack@2.13.4 want: ^0.5.1
3245 silly placeDep ROOT ioredis@5.11.1 OK for: nitropack@2.13.4 want: ^5.10.1
3246 silly placeDep ROOT klona@2.0.6 OK for: nitropack@2.13.4 want: ^2.0.6
3247 silly placeDep ROOT knitwork@1.3.0 OK for: nitropack@2.13.4 want: ^1.3.0
3248 silly placeDep ROOT listhen@1.10.1 OK for: nitropack@2.13.4 want: ^1.9.1
3249 silly placeDep ROOT magicast@0.5.4 OK for: nitropack@2.13.4 want: ^0.5.2
3250 silly placeDep ROOT mime@4.1.0 OK for: nitropack@2.13.4 want: ^4.1.0
3251 silly placeDep ROOT mlly@1.8.2 OK for: nitropack@2.13.4 want: ^1.8.2
3252 silly placeDep ROOT node-fetch-native@1.6.7 OK for: nitropack@2.13.4 want: ^1.6.7
3253 silly placeDep ROOT node-mock-http@1.0.5 OK for: nitropack@2.13.4 want: ^1.0.4
3254 silly placeDep node_modules/nitropack ohash@2.0.12 OK for: nitropack@2.13.4 want: ^2.0.11
3255 silly placeDep ROOT perfect-debounce@2.1.0 OK for: nitropack@2.13.4 want: ^2.1.0
3256 silly placeDep ROOT pkg-types@2.3.1 OK for: nitropack@2.13.4 want: ^2.3.1
3257 silly placeDep ROOT pretty-bytes@7.1.2 OK for: nitropack@2.13.4 want: ^7.1.0
3258 silly placeDep ROOT rollup@4.63.1 OK for: nitropack@2.13.4 want: ^4.60.2
3259 silly placeDep ROOT rollup-plugin-visualizer@7.1.1 OK for: nitropack@2.13.4 want: ^7.0.1
3260 silly placeDep ROOT scule@1.3.0 OK for: nitropack@2.13.4 want: ^1.3.0
3261 silly placeDep node_modules/nitropack semver@7.8.5 OK for: nitropack@2.13.4 want: ^7.7.4
3262 silly placeDep ROOT serve-placeholder@2.0.2 OK for: nitropack@2.13.4 want: ^2.0.2
3263 silly placeDep node_modules/nitropack serve-static@2.2.1 OK for: nitropack@2.13.4 want: ^2.2.1
3264 silly placeDep ROOT source-map@0.7.6 OK for: nitropack@2.13.4 want: ^0.7.6
3265 silly placeDep ROOT std-env@4.2.0 OK for: nitropack@2.13.4 want: ^4.1.0
3266 silly placeDep ROOT ultrahtml@1.7.0 OK for: nitropack@2.13.4 want: ^1.6.0
3267 silly placeDep ROOT unctx@2.5.0 OK for: nitropack@2.13.4 want: ^2.5.0
3268 silly placeDep node_modules/nitropack unenv@2.0.0-rc.24 OK for: nitropack@2.13.4 want: 2.0.0-rc.24
3269 silly placeDep ROOT unimport@6.4.0 OK for: nitropack@2.13.4 want: ^6.2.0
3270 silly placeDep ROOT unplugin-utils@0.3.2 OK for: nitropack@2.13.4 want: ^0.3.1
3271 silly placeDep ROOT unstorage@1.17.5 OK for: nitropack@2.13.4 want: ^1.17.5
3272 silly placeDep ROOT untyped@2.0.0 OK for: nitropack@2.13.4 want: ^2.0.0
3273 silly placeDep ROOT unwasm@0.5.3 OK for: nitropack@2.13.4 want: ^0.5.3
3274 silly placeDep ROOT youch@4.1.1 OK for: nitropack@2.13.4 want: ^4.1.1
3275 silly placeDep ROOT youch-core@0.3.3 OK for: nitropack@2.13.4 want: ^0.3.3
3276 silly fetch manifest @rollup/pluginutils@^5.0.1
3277 silly packumentCache full:https://registry.npmjs.org/@rollup%2fpluginutils cache-miss
3278 silly fetch manifest commondir@^1.0.1
3279 silly packumentCache full:https://registry.npmjs.org/commondir cache-miss
3280 silly fetch manifest estree-walker@^2.0.2
3281 silly packumentCache full:https://registry.npmjs.org/estree-walker cache-miss
3282 http fetch GET 200 https://registry.npmjs.org/commondir 517ms (cache revalidated)
3283 silly packumentCache full:https://registry.npmjs.org/commondir set size:8375 disposed:false
3284 silly fetch manifest fdir@^6.2.0
3285 silly packumentCache full:https://registry.npmjs.org/fdir cache-hit
3286 silly fetch manifest is-reference@1.2.1
3287 silly packumentCache full:https://registry.npmjs.org/is-reference cache-miss
3288 http fetch GET 200 https://registry.npmjs.org/@rollup%2fpluginutils 524ms (cache revalidated)
3289 silly packumentCache full:https://registry.npmjs.org/@rollup%2fpluginutils set size:121958 disposed:false
3290 silly fetch manifest estree-walker@^2.0.2
3291 silly packumentCache full:https://registry.npmjs.org/estree-walker cache-miss
3292 http fetch GET 200 https://registry.npmjs.org/estree-walker 560ms (cache revalidated)
3293 silly packumentCache full:https://registry.npmjs.org/estree-walker set size:60887 disposed:false
3294 silly fetch manifest @rollup/pluginutils@^5.1.0
3295 silly packumentCache full:https://registry.npmjs.org/@rollup%2fpluginutils cache-hit
3296 silly fetch manifest @types/resolve@1.20.2
3297 silly packumentCache full:https://registry.npmjs.org/@types%2fresolve cache-miss
3298 http cache https://registry.npmjs.org/estree-walker 44ms (cache hit)
3299 silly packumentCache full:https://registry.npmjs.org/estree-walker set size:60887 disposed:false
3300 silly packumentCache full:https://registry.npmjs.org/estree-walker dispose
3301 silly fetch manifest deepmerge@^4.2.2
3302 silly packumentCache full:https://registry.npmjs.org/deepmerge cache-miss
3303 http fetch GET 200 https://registry.npmjs.org/@types%2fresolve 270ms (cache revalidated)
3304 silly packumentCache full:https://registry.npmjs.org/@types%2fresolve set size:36189 disposed:false
3305 silly fetch manifest is-module@^1.0.0
3306 silly packumentCache full:https://registry.npmjs.org/is-module cache-miss
3307 http fetch GET 200 https://registry.npmjs.org/deepmerge 292ms (cache revalidated)
3308 silly packumentCache full:https://registry.npmjs.org/deepmerge set size:101897 disposed:false
3309 silly fetch manifest resolve@^1.22.1
3310 silly packumentCache full:https://registry.npmjs.org/resolve cache-hit
3311 silly fetch manifest serialize-javascript@^7.0.3
3312 silly packumentCache full:https://registry.npmjs.org/serialize-javascript cache-miss
3313 http fetch GET 200 https://registry.npmjs.org/is-reference 399ms (cache revalidated)
3314 silly packumentCache full:https://registry.npmjs.org/is-reference set size:35422 disposed:false
3315 silly fetch manifest smob@^1.0.0
3316 silly packumentCache full:https://registry.npmjs.org/smob cache-miss
3317 http fetch GET 200 https://registry.npmjs.org/is-module 216ms (cache revalidated)
3318 silly packumentCache full:https://registry.npmjs.org/is-module set size:4216 disposed:false
3319 silly fetch manifest terser@^5.17.4
3320 silly packumentCache full:https://registry.npmjs.org/terser cache-hit
3321 silly fetch manifest glob@^13.0.0
3322 silly packumentCache full:https://registry.npmjs.org/glob cache-miss
3323 http fetch GET 200 https://registry.npmjs.org/serialize-javascript 485ms (cache revalidated)
3324 silly packumentCache full:https://registry.npmjs.org/serialize-javascript set size:88641 disposed:false
3325 silly fetch manifest acorn@^8.6.0
3326 silly packumentCache full:https://registry.npmjs.org/acorn cache-miss
3327 http fetch GET 200 https://registry.npmjs.org/glob 370ms (cache revalidated)
3328 silly packumentCache full:https://registry.npmjs.org/glob set size:469465 disposed:false
3329 silly fetch manifest bindings@^1.4.0
3330 silly packumentCache full:https://registry.npmjs.org/bindings cache-miss
3331 http fetch GET 200 https://registry.npmjs.org/smob 569ms (cache revalidated)
3332 silly packumentCache full:https://registry.npmjs.org/smob set size:62549 disposed:false
3333 silly fetch manifest async-sema@^3.1.1
3334 silly packumentCache full:https://registry.npmjs.org/async-sema cache-miss
3335 http fetch GET 200 https://registry.npmjs.org/acorn 251ms (cache revalidated)
3336 silly packumentCache full:https://registry.npmjs.org/acorn set size:383439 disposed:false
3337 silly fetch manifest resolve-from@^5.0.0
3338 silly packumentCache full:https://registry.npmjs.org/resolve-from cache-miss
3339 http fetch GET 200 https://registry.npmjs.org/bindings 220ms (cache revalidated)
3340 silly packumentCache full:https://registry.npmjs.org/bindings set size:31303 disposed:false
3341 silly fetch manifest estree-walker@2.0.2
3342 silly packumentCache full:https://registry.npmjs.org/estree-walker cache-hit
3343 silly fetch manifest node-gyp-build@^4.2.2
3344 silly packumentCache full:https://registry.npmjs.org/node-gyp-build cache-miss
3345 http fetch GET 200 https://registry.npmjs.org/async-sema 317ms (cache revalidated)
3346 silly packumentCache full:https://registry.npmjs.org/async-sema set size:46767 disposed:false
3347 silly fetch manifest @rollup/pluginutils@^5.1.3
3348 silly packumentCache full:https://registry.npmjs.org/@rollup%2fpluginutils cache-hit
3349 silly fetch manifest @mapbox/node-pre-gyp@^2.0.0
3350 silly packumentCache full:https://registry.npmjs.org/@mapbox%2fnode-pre-gyp cache-miss
3351 http fetch GET 200 https://registry.npmjs.org/resolve-from 285ms (cache revalidated)
3352 silly packumentCache full:https://registry.npmjs.org/resolve-from set size:12911 disposed:false
3353 silly fetch manifest acorn-import-attributes@^1.9.5
3354 silly packumentCache full:https://registry.npmjs.org/acorn-import-attributes cache-miss
3355 http fetch GET 200 https://registry.npmjs.org/node-gyp-build 280ms (cache revalidated)
3356 silly packumentCache full:https://registry.npmjs.org/node-gyp-build set size:84545 disposed:false
3357 silly fetch manifest async@^3.2.4
3358 silly packumentCache full:https://registry.npmjs.org/async cache-miss
3359 http fetch GET 200 https://registry.npmjs.org/@mapbox%2fnode-pre-gyp 175ms (cache revalidated)
3360 silly packumentCache full:https://registry.npmjs.org/@mapbox%2fnode-pre-gyp set size:134009 disposed:false
3361 silly fetch manifest tar-stream@^3.0.0
3362 silly packumentCache full:https://registry.npmjs.org/tar-stream cache-miss
3363 http fetch GET 200 https://registry.npmjs.org/acorn-import-attributes 185ms (cache revalidated)
3364 silly packumentCache full:https://registry.npmjs.org/acorn-import-attributes set size:16911 disposed:false
3365 silly fetch manifest zip-stream@^6.0.1
3366 silly packumentCache full:https://registry.npmjs.org/zip-stream cache-miss
3367 http fetch GET 200 https://registry.npmjs.org/async 192ms (cache revalidated)
3368 silly packumentCache full:https://registry.npmjs.org/async set size:230482 disposed:false
3369 silly fetch manifest buffer-crc32@^1.0.0
3370 silly packumentCache full:https://registry.npmjs.org/buffer-crc32 cache-miss
3371 http fetch GET 200 https://registry.npmjs.org/tar-stream 642ms (cache revalidated)
3372 silly packumentCache full:https://registry.npmjs.org/tar-stream set size:139907 disposed:false
3373 silly fetch manifest readdir-glob@^1.1.2
3374 silly packumentCache full:https://registry.npmjs.org/readdir-glob cache-miss
3375 http fetch GET 200 https://registry.npmjs.org/buffer-crc32 504ms (cache revalidated)
3376 silly packumentCache full:https://registry.npmjs.org/buffer-crc32 set size:58100 disposed:false
3377 silly fetch manifest archiver-utils@^5.0.2
3378 silly packumentCache full:https://registry.npmjs.org/archiver-utils cache-miss
3379 http fetch GET 200 https://registry.npmjs.org/zip-stream 529ms (cache revalidated)
3380 silly packumentCache full:https://registry.npmjs.org/zip-stream set size:109574 disposed:false
3381 silly fetch manifest readable-stream@^4.0.0
3382 silly packumentCache full:https://registry.npmjs.org/readable-stream cache-miss
3383 http fetch GET 200 https://registry.npmjs.org/readable-stream 235ms (cache revalidated)
3384 silly packumentCache full:https://registry.npmjs.org/readable-stream set size:261096 disposed:false
3385 silly fetch manifest rc9@^3.0.1
3386 silly packumentCache full:https://registry.npmjs.org/rc9 cache-miss
3387 http fetch GET 200 https://registry.npmjs.org/archiver-utils 330ms (cache revalidated)
3388 silly packumentCache full:https://registry.npmjs.org/archiver-utils set size:31398 disposed:false
3389 silly fetch manifest giget@^3.2.0
3390 silly packumentCache full:https://registry.npmjs.org/giget cache-miss
3391 http fetch GET 200 https://registry.npmjs.org/readdir-glob 340ms (cache revalidated)
3392 silly packumentCache full:https://registry.npmjs.org/readdir-glob set size:30196 disposed:false
3393 silly fetch manifest pkg-types@^2.3.0
3394 silly packumentCache full:https://registry.npmjs.org/pkg-types cache-hit
3395 silly fetch manifest readdirp@^5.0.0
3396 silly packumentCache full:https://registry.npmjs.org/readdirp cache-miss
3397 http fetch GET 200 https://registry.npmjs.org/rc9 247ms (cache revalidated)
3398 silly packumentCache full:https://registry.npmjs.org/rc9 set size:62610 disposed:false
3399 silly fetch manifest type-fest@^5.0.0
3400 silly packumentCache full:https://registry.npmjs.org/type-fest cache-miss
3401 http fetch GET 200 https://registry.npmjs.org/readdirp 198ms (cache revalidated)
3402 silly packumentCache full:https://registry.npmjs.org/readdirp set size:110119 disposed:false
3403 silly fetch manifest @esbuild/aix-ppc64@0.28.2
3404 silly packumentCache full:https://registry.npmjs.org/@esbuild%2faix-ppc64 cache-hit
3405 silly fetch manifest @esbuild/linux-arm@0.28.2
3406 silly packumentCache full:https://registry.npmjs.org/@esbuild%2flinux-arm cache-hit
3407 silly fetch manifest @esbuild/linux-x64@0.28.2
3408 silly packumentCache full:https://registry.npmjs.org/@esbuild%2flinux-x64 cache-hit
3409 silly fetch manifest @esbuild/sunos-x64@0.28.2
3410 silly packumentCache full:https://registry.npmjs.org/@esbuild%2fsunos-x64 cache-hit
3411 silly fetch manifest @esbuild/win32-x64@0.28.2
3412 silly packumentCache full:https://registry.npmjs.org/@esbuild%2fwin32-x64 cache-hit
3413 silly fetch manifest @esbuild/darwin-x64@0.28.2
3414 silly packumentCache full:https://registry.npmjs.org/@esbuild%2fdarwin-x64 cache-hit
3415 silly fetch manifest @esbuild/linux-ia32@0.28.2
3416 silly packumentCache full:https://registry.npmjs.org/@esbuild%2flinux-ia32 cache-hit
3417 silly fetch manifest @esbuild/netbsd-x64@0.28.2
3418 silly packumentCache full:https://registry.npmjs.org/@esbuild%2fnetbsd-x64 cache-hit
3419 silly fetch manifest @esbuild/win32-ia32@0.28.2
3420 silly packumentCache full:https://registry.npmjs.org/@esbuild%2fwin32-ia32 cache-hit
3421 silly fetch manifest @esbuild/android-arm@0.28.2
3422 silly packumentCache full:https://registry.npmjs.org/@esbuild%2fandroid-arm cache-hit
3423 silly fetch manifest @esbuild/android-x64@0.28.2
3424 silly packumentCache full:https://registry.npmjs.org/@esbuild%2fandroid-x64 cache-hit
3425 silly fetch manifest @esbuild/freebsd-x64@0.28.2
3426 silly packumentCache full:https://registry.npmjs.org/@esbuild%2ffreebsd-x64 cache-hit
3427 silly fetch manifest @esbuild/linux-arm64@0.28.2
3428 silly packumentCache full:https://registry.npmjs.org/@esbuild%2flinux-arm64 cache-hit
3429 silly fetch manifest @esbuild/linux-ppc64@0.28.2
3430 silly packumentCache full:https://registry.npmjs.org/@esbuild%2flinux-ppc64 cache-hit
3431 silly fetch manifest @esbuild/linux-s390x@0.28.2
3432 silly packumentCache full:https://registry.npmjs.org/@esbuild%2flinux-s390x cache-hit
3433 silly fetch manifest @esbuild/openbsd-x64@0.28.2
3434 silly packumentCache full:https://registry.npmjs.org/@esbuild%2fopenbsd-x64 cache-hit
3435 silly fetch manifest @esbuild/win32-arm64@0.28.2
3436 silly packumentCache full:https://registry.npmjs.org/@esbuild%2fwin32-arm64 cache-hit
3437 silly fetch manifest @esbuild/darwin-arm64@0.28.2
3438 silly packumentCache full:https://registry.npmjs.org/@esbuild%2fdarwin-arm64 cache-hit
3439 silly fetch manifest @esbuild/netbsd-arm64@0.28.2
3440 silly packumentCache full:https://registry.npmjs.org/@esbuild%2fnetbsd-arm64 cache-hit
3441 silly fetch manifest @esbuild/android-arm64@0.28.2
3442 silly packumentCache full:https://registry.npmjs.org/@esbuild%2fandroid-arm64 cache-hit
3443 silly fetch manifest @esbuild/freebsd-arm64@0.28.2
3444 silly packumentCache full:https://registry.npmjs.org/@esbuild%2ffreebsd-arm64 cache-hit
3445 silly fetch manifest @esbuild/linux-loong64@0.28.2
3446 silly packumentCache full:https://registry.npmjs.org/@esbuild%2flinux-loong64 cache-hit
3447 silly fetch manifest @esbuild/linux-riscv64@0.28.2
3448 silly packumentCache full:https://registry.npmjs.org/@esbuild%2flinux-riscv64 cache-hit
3449 silly fetch manifest @esbuild/openbsd-arm64@0.28.2
3450 silly packumentCache full:https://registry.npmjs.org/@esbuild%2fopenbsd-arm64 cache-hit
3451 silly fetch manifest @esbuild/linux-mips64el@0.28.2
3452 silly packumentCache full:https://registry.npmjs.org/@esbuild%2flinux-mips64el cache-hit
3453 silly fetch manifest @esbuild/openharmony-arm64@0.28.2
3454 silly packumentCache full:https://registry.npmjs.org/@esbuild%2fopenharmony-arm64 cache-hit
3455 silly fetch manifest slash@^5.1.0
3456 silly packumentCache full:https://registry.npmjs.org/slash cache-miss
3457 http fetch GET 200 https://registry.npmjs.org/giget 255ms (cache revalidated)
3458 silly packumentCache full:https://registry.npmjs.org/giget set size:102437 disposed:false
3459 silly fetch manifest ignore@^7.0.5
3460 silly packumentCache full:https://registry.npmjs.org/ignore cache-miss
3461 http fetch GET 200 https://registry.npmjs.org/type-fest 234ms (cache revalidated)
3462 silly packumentCache full:https://registry.npmjs.org/type-fest set size:566201 disposed:false
3463 silly fetch manifest fast-glob@^3.3.3
3464 silly packumentCache full:https://registry.npmjs.org/fast-glob cache-hit
3465 silly fetch manifest micromatch@^4.0.8
3466 silly packumentCache full:https://registry.npmjs.org/micromatch cache-hit
3467 silly fetch manifest unicorn-magic@^0.4.0
3468 silly packumentCache full:https://registry.npmjs.org/unicorn-magic cache-miss
3469 http fetch GET 200 https://registry.npmjs.org/slash 202ms (cache revalidated)
3470 silly packumentCache full:https://registry.npmjs.org/slash set size:20337 disposed:false
3471 silly fetch manifest is-path-inside@^4.0.0
3472 silly packumentCache full:https://registry.npmjs.org/is-path-inside cache-miss
3473 http fetch GET 200 https://registry.npmjs.org/ignore 201ms (cache revalidated)
3474 silly packumentCache full:https://registry.npmjs.org/ignore set size:244794 disposed:false
3475 silly fetch manifest @sindresorhus/merge-streams@^4.0.0
3476 silly packumentCache full:https://registry.npmjs.org/@sindresorhus%2fmerge-streams cache-miss
3477 http fetch GET 200 https://registry.npmjs.org/unicorn-magic 256ms (cache revalidated)
3478 silly packumentCache full:https://registry.npmjs.org/unicorn-magic set size:9139 disposed:false
3479 silly fetch manifest duplexer@^0.1.2
3480 silly packumentCache full:https://registry.npmjs.org/duplexer cache-miss
3481 http fetch GET 200 https://registry.npmjs.org/is-path-inside 257ms (cache revalidated)
3482 silly packumentCache full:https://registry.npmjs.org/is-path-inside set size:23585 disposed:false
3483 silly fetch manifest cookie-es@^1.2.3
3484 silly packumentCache full:https://registry.npmjs.org/cookie-es cache-hit
3485 silly fetch manifest denque@2.1.0
3486 silly packumentCache full:https://registry.npmjs.org/denque cache-miss
3487 http fetch GET 200 https://registry.npmjs.org/@sindresorhus%2fmerge-streams 183ms (cache revalidated)
3488 silly packumentCache full:https://registry.npmjs.org/@sindresorhus%2fmerge-streams set size:23303 disposed:false
3489 silly fetch manifest redis-errors@1.2.0
3490 silly packumentCache full:https://registry.npmjs.org/redis-errors cache-miss
3491 http fetch GET 200 https://registry.npmjs.org/duplexer 180ms (cache revalidated)
3492 silly packumentCache full:https://registry.npmjs.org/duplexer set size:17171 disposed:false
3493 silly fetch manifest redis-parser@3.0.0
3494 silly packumentCache full:https://registry.npmjs.org/redis-parser cache-miss
3495 http fetch GET 200 https://registry.npmjs.org/denque 181ms (cache revalidated)
3496 silly packumentCache full:https://registry.npmjs.org/denque set size:62908 disposed:false
3497 silly fetch manifest cluster-key-slot@1.1.1
3498 silly packumentCache full:https://registry.npmjs.org/cluster-key-slot cache-miss
3499 http fetch GET 200 https://registry.npmjs.org/redis-errors 323ms (cache revalidated)
3500 silly packumentCache full:https://registry.npmjs.org/redis-errors set size:9314 disposed:false
3501 silly fetch manifest @ioredis/commands@1.10.0
3502 silly packumentCache full:https://registry.npmjs.org/@ioredis%2fcommands cache-miss
3503 http fetch GET 200 https://registry.npmjs.org/redis-parser 229ms (cache revalidated)
3504 silly packumentCache full:https://registry.npmjs.org/redis-parser set size:43353 disposed:false
3505 silly fetch manifest standard-as-callback@2.1.0
3506 silly packumentCache full:https://registry.npmjs.org/standard-as-callback cache-miss
3507 http fetch GET 200 https://registry.npmjs.org/cluster-key-slot 378ms (cache revalidated)
3508 silly packumentCache full:https://registry.npmjs.org/cluster-key-slot set size:44701 disposed:false
3509 silly fetch manifest @parcel/watcher-wasm@^2.5.6
3510 silly packumentCache full:https://registry.npmjs.org/@parcel%2fwatcher-wasm cache-miss
3511 http fetch GET 200 https://registry.npmjs.org/standard-as-callback 619ms (cache revalidated)
3512 silly packumentCache full:https://registry.npmjs.org/standard-as-callback set size:16764 disposed:false
3513 silly fetch manifest get-port-please@^3.2.0
3514 silly packumentCache full:https://registry.npmjs.org/get-port-please cache-hit
3515 silly fetch manifest http-shutdown@^1.2.2
3516 silly packumentCache full:https://registry.npmjs.org/http-shutdown cache-miss
3517 http fetch GET 200 https://registry.npmjs.org/@ioredis%2fcommands 703ms (cache revalidated)
3518 silly packumentCache full:https://registry.npmjs.org/@ioredis%2fcommands set size:54492 disposed:false
3519 silly fetch manifest node-forge@^1.4.0
3520 silly packumentCache full:https://registry.npmjs.org/node-forge cache-miss
3521 http fetch GET 200 https://registry.npmjs.org/node-forge 183ms (cache revalidated)
3522 silly packumentCache full:https://registry.npmjs.org/node-forge set size:394631 disposed:false
3523 silly fetch manifest std-env@^4.2.0
3524 silly packumentCache full:https://registry.npmjs.org/std-env cache-hit
3525 silly fetch manifest tinyclip@^0.1.15
3526 silly packumentCache full:https://registry.npmjs.org/tinyclip cache-miss
3527 http fetch GET 200 https://registry.npmjs.org/@parcel%2fwatcher-wasm 651ms (cache revalidated)
3528 silly packumentCache full:https://registry.npmjs.org/@parcel%2fwatcher-wasm set size:31369 disposed:false
3529 silly fetch manifest untun@^0.2.2
3530 silly packumentCache full:https://registry.npmjs.org/untun cache-miss
3531 http fetch GET 200 https://registry.npmjs.org/http-shutdown 422ms (cache revalidated)
3532 silly packumentCache full:https://registry.npmjs.org/http-shutdown set size:17686 disposed:false
3533 silly fetch manifest uqr@^0.1.3
3534 silly packumentCache full:https://registry.npmjs.org/uqr cache-miss
3535 http fetch GET 200 https://registry.npmjs.org/uqr 216ms (cache revalidated)
3536 silly packumentCache full:https://registry.npmjs.org/uqr set size:23560 disposed:false
3537 silly fetch manifest acorn@^8.16.0
3538 silly packumentCache full:https://registry.npmjs.org/acorn cache-hit
3539 silly fetch manifest pkg-types@^1.3.1
3540 silly packumentCache full:https://registry.npmjs.org/pkg-types cache-hit
3541 silly fetch manifest @types/estree@1.0.9
3542 silly packumentCache full:https://registry.npmjs.org/@types%2festree cache-miss
3543 http fetch GET 200 https://registry.npmjs.org/untun 465ms (cache revalidated)
3544 silly packumentCache full:https://registry.npmjs.org/untun set size:20868 disposed:false
3545 silly fetch manifest fsevents@~2.3.2
3546 silly packumentCache full:https://registry.npmjs.org/fsevents cache-hit
3547 silly fetch manifest @rollup/rollup-darwin-x64@4.63.1
3548 silly packumentCache full:https://registry.npmjs.org/@rollup%2frollup-darwin-x64 cache-miss
3549 http fetch GET 200 https://registry.npmjs.org/tinyclip 479ms (cache revalidated)
3550 silly packumentCache full:https://registry.npmjs.org/tinyclip set size:27184 disposed:false
3551 silly fetch manifest @rollup/rollup-freebsd-x64@4.63.1
3552 silly packumentCache full:https://registry.npmjs.org/@rollup%2frollup-freebsd-x64 cache-miss
3553 http fetch GET 200 https://registry.npmjs.org/@types%2festree 189ms (cache revalidated)
3554 silly packumentCache full:https://registry.npmjs.org/@types%2festree set size:76072 disposed:false
3555 silly fetch manifest @rollup/rollup-openbsd-x64@4.63.1
3556 silly packumentCache full:https://registry.npmjs.org/@rollup%2frollup-openbsd-x64 cache-miss
3557 http fetch GET 200 https://registry.npmjs.org/@rollup%2frollup-freebsd-x64 497ms (cache revalidated)
3558 silly packumentCache full:https://registry.npmjs.org/@rollup%2frollup-freebsd-x64 set size:204859 disposed:false
3559 silly fetch manifest @napi-rs/lzma-linux-x64-gnu@1.5.1
3560 silly packumentCache full:https://registry.npmjs.org/@napi-rs%2flzma-linux-x64-gnu cache-miss
3561 http fetch GET 200 https://registry.npmjs.org/@rollup%2frollup-darwin-x64 515ms (cache revalidated)
3562 silly packumentCache full:https://registry.npmjs.org/@rollup%2frollup-darwin-x64 set size:352180 disposed:false
3563 silly fetch manifest @rollup/rollup-darwin-arm64@4.63.1
3564 silly packumentCache full:https://registry.npmjs.org/@rollup%2frollup-darwin-arm64 cache-miss
3565 http fetch GET 200 https://registry.npmjs.org/@napi-rs%2flzma-linux-x64-gnu 204ms (cache revalidated)
3566 silly packumentCache full:https://registry.npmjs.org/@napi-rs%2flzma-linux-x64-gnu set size:31508 disposed:false
3567 silly fetch manifest @rollup/rollup-android-arm64@4.63.1
3568 silly packumentCache full:https://registry.npmjs.org/@rollup%2frollup-android-arm64 cache-miss
3569 http fetch GET 200 https://registry.npmjs.org/@rollup%2frollup-openbsd-x64 549ms (cache revalidated)
3570 silly packumentCache full:https://registry.npmjs.org/@rollup%2frollup-openbsd-x64 set size:49602 disposed:false
3571 silly fetch manifest @rollup/rollup-freebsd-arm64@4.63.1
3572 silly packumentCache full:https://registry.npmjs.org/@rollup%2frollup-freebsd-arm64 cache-miss
3573 http fetch GET 200 https://registry.npmjs.org/@rollup%2frollup-darwin-arm64 273ms (cache revalidated)
3574 silly packumentCache full:https://registry.npmjs.org/@rollup%2frollup-darwin-arm64 set size:357142 disposed:false
3575 silly fetch manifest @rollup/rollup-linux-x64-gnu@4.63.1
3576 silly packumentCache full:https://registry.npmjs.org/@rollup%2frollup-linux-x64-gnu cache-miss
3577 http fetch GET 200 https://registry.npmjs.org/@rollup%2frollup-linux-x64-gnu 281ms (cache revalidated)
3578 silly packumentCache full:https://registry.npmjs.org/@rollup%2frollup-linux-x64-gnu set size:359634 disposed:false
3579 silly fetch manifest @rollup/rollup-win32-x64-gnu@4.63.1
3580 silly packumentCache full:https://registry.npmjs.org/@rollup%2frollup-win32-x64-gnu cache-miss
3581 http fetch GET 200 https://registry.npmjs.org/@rollup%2frollup-freebsd-arm64 528ms (cache revalidated)
3582 silly packumentCache full:https://registry.npmjs.org/@rollup%2frollup-freebsd-arm64 set size:206926 disposed:false
3583 silly fetch manifest @rollup/rollup-linux-x64-musl@4.63.1
3584 silly packumentCache full:https://registry.npmjs.org/@rollup%2frollup-linux-x64-musl cache-miss
3585 http fetch GET 200 https://registry.npmjs.org/@rollup%2frollup-android-arm64 550ms (cache revalidated)
3586 silly packumentCache full:https://registry.npmjs.org/@rollup%2frollup-android-arm64 set size:358720 disposed:false
3587 silly fetch manifest @rollup/rollup-win32-x64-msvc@4.63.1
3588 silly packumentCache full:https://registry.npmjs.org/@rollup%2frollup-win32-x64-msvc cache-miss
3589 http fetch GET 200 https://registry.npmjs.org/@rollup%2frollup-win32-x64-gnu 213ms (cache revalidated)
3590 silly packumentCache full:https://registry.npmjs.org/@rollup%2frollup-win32-x64-gnu set size:80328 disposed:false
3591 silly fetch manifest @rollup/rollup-linux-arm64-gnu@4.63.1
3592 silly packumentCache full:https://registry.npmjs.org/@rollup%2frollup-linux-arm64-gnu cache-miss
3593 http fetch GET 200 https://registry.npmjs.org/@rollup%2frollup-linux-x64-musl 188ms (cache revalidated)
3594 silly packumentCache full:https://registry.npmjs.org/@rollup%2frollup-linux-x64-musl set size:359041 disposed:false
3595 silly fetch manifest @rollup/rollup-linux-ppc64-gnu@4.63.1
3596 silly packumentCache full:https://registry.npmjs.org/@rollup%2frollup-linux-ppc64-gnu cache-miss
3597 http fetch GET 200 https://registry.npmjs.org/@rollup%2frollup-win32-x64-msvc 229ms (cache revalidated)
3598 silly packumentCache full:https://registry.npmjs.org/@rollup%2frollup-win32-x64-msvc set size:357307 disposed:false
3599 silly fetch manifest @rollup/rollup-linux-s390x-gnu@4.63.1
3600 silly packumentCache full:https://registry.npmjs.org/@rollup%2frollup-linux-s390x-gnu cache-miss
3601 http fetch GET 200 https://registry.npmjs.org/@rollup%2frollup-linux-ppc64-gnu 176ms (cache revalidated)
3602 silly packumentCache full:https://registry.npmjs.org/@rollup%2frollup-linux-ppc64-gnu set size:109337 disposed:false
3603 silly fetch manifest @rollup/rollup-win32-ia32-msvc@4.63.1
3604 silly packumentCache full:https://registry.npmjs.org/@rollup%2frollup-win32-ia32-msvc cache-miss
3605 http fetch GET 200 https://registry.npmjs.org/@rollup%2frollup-linux-arm64-gnu 331ms (cache revalidated)
3606 silly packumentCache full:https://registry.npmjs.org/@rollup%2frollup-linux-arm64-gnu set size:364652 disposed:false
3607 silly fetch manifest @rollup/rollup-android-arm-eabi@4.63.1
3608 silly packumentCache full:https://registry.npmjs.org/@rollup%2frollup-android-arm-eabi cache-miss
3609 http fetch GET 200 https://registry.npmjs.org/@rollup%2frollup-linux-s390x-gnu 180ms (cache revalidated)
3610 silly packumentCache full:https://registry.npmjs.org/@rollup%2frollup-linux-s390x-gnu set size:264500 disposed:false
3611 silly fetch manifest @rollup/rollup-linux-arm64-musl@4.63.1
3612 silly packumentCache full:https://registry.npmjs.org/@rollup%2frollup-linux-arm64-musl cache-miss
3613 http fetch GET 200 https://registry.npmjs.org/@rollup%2frollup-win32-ia32-msvc 190ms (cache revalidated)
3614 silly packumentCache full:https://registry.npmjs.org/@rollup%2frollup-win32-ia32-msvc set size:360742 disposed:false
3615 silly fetch manifest @rollup/rollup-linux-ppc64-musl@4.63.1
3616 silly packumentCache full:https://registry.npmjs.org/@rollup%2frollup-linux-ppc64-musl cache-miss
3617 http fetch GET 200 https://registry.npmjs.org/@rollup%2frollup-linux-arm64-musl 165ms (cache revalidated)
3618 silly packumentCache full:https://registry.npmjs.org/@rollup%2frollup-linux-arm64-musl set size:320100 disposed:false
3619 silly fetch manifest @rollup/rollup-win32-arm64-msvc@4.63.1
3620 silly packumentCache full:https://registry.npmjs.org/@rollup%2frollup-win32-arm64-msvc cache-miss
3621 http fetch GET 200 https://registry.npmjs.org/@rollup%2frollup-android-arm-eabi 233ms (cache revalidated)
3622 silly packumentCache full:https://registry.npmjs.org/@rollup%2frollup-android-arm-eabi set size:362315 disposed:false
3623 silly fetch manifest @rollup/rollup-linux-loong64-gnu@4.63.1
3624 silly packumentCache full:https://registry.npmjs.org/@rollup%2frollup-linux-loong64-gnu cache-miss
3625 http fetch GET 200 https://registry.npmjs.org/@rollup%2frollup-linux-ppc64-musl 207ms (cache revalidated)
3626 silly packumentCache full:https://registry.npmjs.org/@rollup%2frollup-linux-ppc64-musl set size:50924 disposed:false
3627 silly fetch manifest @rollup/rollup-linux-riscv64-gnu@4.63.1
3628 silly packumentCache full:https://registry.npmjs.org/@rollup%2frollup-linux-riscv64-gnu cache-miss
3629 http fetch GET 200 https://registry.npmjs.org/@rollup%2frollup-win32-arm64-msvc 184ms (cache revalidated)
3630 silly packumentCache full:https://registry.npmjs.org/@rollup%2frollup-win32-arm64-msvc set size:362307 disposed:false
3631 silly fetch manifest @rollup/rollup-openharmony-arm64@4.63.1
3632 silly packumentCache full:https://registry.npmjs.org/@rollup%2frollup-openharmony-arm64 cache-miss
3633 http fetch GET 200 https://registry.npmjs.org/@rollup%2frollup-linux-loong64-gnu 223ms (cache revalidated)
3634 silly packumentCache full:https://registry.npmjs.org/@rollup%2frollup-linux-loong64-gnu set size:89277 disposed:false
3635 silly fetch manifest @rollup/rollup-linux-loong64-musl@4.63.1
3636 silly packumentCache full:https://registry.npmjs.org/@rollup%2frollup-linux-loong64-musl cache-miss
3637 http fetch GET 200 https://registry.npmjs.org/@rollup%2frollup-openharmony-arm64 572ms (cache revalidated)
3638 silly packumentCache full:https://registry.npmjs.org/@rollup%2frollup-openharmony-arm64 set size:90021 disposed:false
3639 silly fetch manifest @rollup/rollup-linux-riscv64-musl@4.63.1
3640 silly packumentCache full:https://registry.npmjs.org/@rollup%2frollup-linux-riscv64-musl cache-miss
3641 http fetch GET 200 https://registry.npmjs.org/@rollup%2frollup-linux-riscv64-gnu 594ms (cache revalidated)
3642 silly packumentCache full:https://registry.npmjs.org/@rollup%2frollup-linux-riscv64-gnu set size:290962 disposed:false
3643 silly fetch manifest @rollup/rollup-linux-arm-gnueabihf@4.63.1
3644 silly packumentCache full:https://registry.npmjs.org/@rollup%2frollup-linux-arm-gnueabihf cache-miss
3645 http fetch GET 200 https://registry.npmjs.org/@rollup%2frollup-linux-loong64-musl 531ms (cache revalidated)
3646 silly packumentCache full:https://registry.npmjs.org/@rollup%2frollup-linux-loong64-musl set size:51343 disposed:false
3647 silly fetch manifest @rollup/rollup-linux-arm-musleabihf@4.63.1
3648 silly packumentCache full:https://registry.npmjs.org/@rollup%2frollup-linux-arm-musleabihf cache-miss
3649 http fetch GET 200 https://registry.npmjs.org/@rollup%2frollup-linux-arm-musleabihf 255ms (cache revalidated)
3650 silly packumentCache full:https://registry.npmjs.org/@rollup%2frollup-linux-arm-musleabihf set size:262647 disposed:false
3651 silly fetch manifest open@^11.0.0
3652 silly packumentCache full:https://registry.npmjs.org/open cache-miss
3653 http fetch GET 200 https://registry.npmjs.org/@rollup%2frollup-linux-riscv64-musl 280ms (cache revalidated)
3654 silly packumentCache full:https://registry.npmjs.org/@rollup%2frollup-linux-riscv64-musl set size:137007 disposed:false
3655 silly fetch manifest yargs@^18.1.0
3656 silly packumentCache full:https://registry.npmjs.org/yargs cache-miss
3657 http fetch GET 200 https://registry.npmjs.org/@rollup%2frollup-linux-arm-gnueabihf 429ms (cache revalidated)
3658 silly packumentCache full:https://registry.npmjs.org/@rollup%2frollup-linux-arm-gnueabihf set size:368410 disposed:false
3659 silly fetch manifest picomatch@^4.0.5
3660 silly packumentCache full:https://registry.npmjs.org/picomatch cache-hit
3661 silly fetch manifest source-map@^0.8.0
3662 silly packumentCache full:https://registry.npmjs.org/source-map cache-hit
3663 silly fetch manifest send@^1.2.0
3664 silly packumentCache full:https://registry.npmjs.org/send cache-hit
3665 silly fetch manifest acorn@^8.15.0
3666 silly packumentCache full:https://registry.npmjs.org/acorn cache-hit
3667 silly fetch manifest unplugin@^2.3.11
3668 silly packumentCache full:https://registry.npmjs.org/unplugin cache-hit
3669 silly fetch manifest estree-walker@^3.0.3
3670 silly packumentCache full:https://registry.npmjs.org/estree-walker cache-hit
3671 silly fetch manifest acorn@^8.18.0
3672 silly packumentCache full:https://registry.npmjs.org/acorn cache-hit
3673 silly fetch manifest unplugin@^3.3.0
3674 silly packumentCache full:https://registry.npmjs.org/unplugin cache-hit
3675 silly fetch manifest local-pkg@^1.2.1
3676 silly packumentCache full:https://registry.npmjs.org/local-pkg cache-miss
3677 http fetch GET 200 https://registry.npmjs.org/open 186ms (cache revalidated)
3678 silly packumentCache full:https://registry.npmjs.org/open set size:140850 disposed:false
3679 silly fetch manifest magic-string@^1.1.0
3680 silly packumentCache full:https://registry.npmjs.org/magic-string cache-hit
3681 silly fetch manifest strip-literal@^4.0.0
3682 silly packumentCache full:https://registry.npmjs.org/strip-literal cache-miss
3683 http fetch GET 200 https://registry.npmjs.org/strip-literal 734ms (cache revalidated)
3684 silly packumentCache full:https://registry.npmjs.org/strip-literal set size:47617 disposed:false
3685 silly fetch manifest unplugin-utils@^0.3.2
3686 silly packumentCache full:https://registry.npmjs.org/unplugin-utils cache-hit
3687 silly fetch manifest h3@^1.15.10
3688 silly packumentCache full:https://registry.npmjs.org/h3 cache-hit
3689 silly fetch manifest anymatch@^3.1.3
3690 silly packumentCache full:https://registry.npmjs.org/anymatch cache-miss
3691 http fetch GET 200 https://registry.npmjs.org/local-pkg 754ms (cache revalidated)
3692 silly packumentCache full:https://registry.npmjs.org/local-pkg set size:42521 disposed:false
3693 silly fetch manifest lru-cache@^11.2.7
3694 silly packumentCache full:https://registry.npmjs.org/lru-cache cache-hit
3695 silly fetch manifest citty@^0.1.6
3696 silly packumentCache full:https://registry.npmjs.org/citty cache-hit
3697 silly fetch manifest @poppinss/colors@^4.1.6
3698 silly packumentCache full:https://registry.npmjs.org/@poppinss%2fcolors cache-miss
3699 http fetch GET 200 https://registry.npmjs.org/yargs 942ms (cache revalidated)
3700 silly packumentCache full:https://registry.npmjs.org/yargs set size:759965 disposed:false
3701 silly fetch manifest @poppinss/dumper@^0.7.0
3702 silly packumentCache full:https://registry.npmjs.org/@poppinss%2fdumper cache-miss
3703 http fetch GET 200 https://registry.npmjs.org/anymatch 193ms (cache revalidated)
3704 silly packumentCache full:https://registry.npmjs.org/anymatch set size:42974 disposed:false
3705 silly fetch manifest @speed-highlight/core@^1.2.14
3706 silly packumentCache full:https://registry.npmjs.org/@speed-highlight%2fcore cache-miss
3707 http fetch GET 200 https://registry.npmjs.org/@poppinss%2fcolors 193ms (cache revalidated)
3708 silly packumentCache full:https://registry.npmjs.org/@poppinss%2fcolors set size:139208 disposed:false
3709 silly fetch manifest cookie-es@^3.0.1
3710 silly packumentCache full:https://registry.npmjs.org/cookie-es cache-hit
3711 silly fetch manifest @poppinss/exception@^1.2.2
3712 silly packumentCache full:https://registry.npmjs.org/@poppinss%2fexception cache-miss
3713 http fetch GET 200 https://registry.npmjs.org/@poppinss%2fdumper 411ms (cache revalidated)
3714 silly packumentCache full:https://registry.npmjs.org/@poppinss%2fdumper set size:90076 disposed:false
3715 silly fetch manifest error-stack-parser-es@^1.0.5
3716 silly packumentCache full:https://registry.npmjs.org/error-stack-parser-es cache-miss
3717 http fetch GET 200 https://registry.npmjs.org/@speed-highlight%2fcore 252ms (cache revalidated)
3718 silly packumentCache full:https://registry.npmjs.org/@speed-highlight%2fcore set size:125776 disposed:false
3719 http fetch GET 200 https://registry.npmjs.org/@poppinss%2fexception 243ms (cache revalidated)
3720 silly packumentCache full:https://registry.npmjs.org/@poppinss%2fexception set size:19704 disposed:false
3721 http fetch GET 200 https://registry.npmjs.org/error-stack-parser-es 374ms (cache revalidated)
3722 silly packumentCache full:https://registry.npmjs.org/error-stack-parser-es set size:24410 disposed:false
3723 silly fetch manifest rollup@^2.68.0||^3.0.0||^4.0.0
3724 silly packumentCache full:https://registry.npmjs.org/rollup cache-miss
3725 http cache https://registry.npmjs.org/rollup 41ms (cache hit)
3726 silly packumentCache full:https://registry.npmjs.org/rollup set size:6315915 disposed:false
3727 silly placeDep ROOT @rollup/pluginutils@5.4.0 OK for: @rollup/plugin-commonjs@29.0.3 want: ^5.0.1
3728 silly placeDep ROOT commondir@1.0.1 OK for: @rollup/plugin-commonjs@29.0.3 want: ^1.0.1
3729 silly placeDep ROOT estree-walker@2.0.2 OK for: @rollup/plugin-commonjs@29.0.3 want: ^2.0.2
3730 silly placeDep ROOT fdir@6.5.0 OK for: @rollup/plugin-commonjs@29.0.3 want: ^6.2.0
3731 silly placeDep ROOT is-reference@1.2.1 OK for: @rollup/plugin-commonjs@29.0.3 want: 1.2.1
3732 silly placeDep ROOT picomatch@4.0.7 OK for: @rollup/plugin-commonjs@29.0.3 want: ^4.0.2
3733 silly fetch manifest @types/estree@^1.0.0
3734 silly packumentCache full:https://registry.npmjs.org/@types%2festree cache-hit
3735 silly fetch manifest @types/estree@*
3736 silly packumentCache full:https://registry.npmjs.org/@types%2festree cache-hit
3737 silly placeDep ROOT @types/resolve@1.20.2 OK for: @rollup/plugin-node-resolve@16.0.3 want: 1.20.2
3738 silly placeDep ROOT deepmerge@4.3.1 OK for: @rollup/plugin-node-resolve@16.0.3 want: ^4.2.2
3739 silly placeDep ROOT is-module@1.0.0 OK for: @rollup/plugin-node-resolve@16.0.3 want: ^1.0.0
3740 silly placeDep ROOT resolve@1.22.12 OK for: @rollup/plugin-node-resolve@16.0.3 want: ^1.22.1
3741 silly fetch manifest path-parse@^1.0.7
3742 silly packumentCache full:https://registry.npmjs.org/path-parse cache-miss
3743 silly fetch manifest is-core-module@^2.16.1
3744 silly packumentCache full:https://registry.npmjs.org/is-core-module cache-miss
3745 silly fetch manifest supports-preserve-symlinks-flag@^1.0.0
3746 silly packumentCache full:https://registry.npmjs.org/supports-preserve-symlinks-flag cache-miss
3747 http fetch GET 200 https://registry.npmjs.org/supports-preserve-symlinks-flag 489ms (cache revalidated)
3748 silly packumentCache full:https://registry.npmjs.org/supports-preserve-symlinks-flag set size:6802 disposed:false
3749 http fetch GET 200 https://registry.npmjs.org/path-parse 494ms (cache revalidated)
3750 silly packumentCache full:https://registry.npmjs.org/path-parse set size:14523 disposed:false
3751 http fetch GET 200 https://registry.npmjs.org/is-core-module 496ms (cache revalidated)
3752 silly packumentCache full:https://registry.npmjs.org/is-core-module set size:74378 disposed:false
3753 silly placeDep ROOT serialize-javascript@7.1.1 OK for: @rollup/plugin-terser@1.0.0 want: ^7.0.3
3754 silly placeDep ROOT smob@1.6.2 OK for: @rollup/plugin-terser@1.0.0 want: ^1.0.0
3755 silly placeDep ROOT terser@5.51.2 OK for: @rollup/plugin-terser@1.0.0 want: ^5.17.4
3756 silly fetch manifest commander@^2.20.0
3757 silly packumentCache full:https://registry.npmjs.org/commander cache-miss
3758 silly fetch manifest source-map-support@~0.5.20
3759 silly packumentCache full:https://registry.npmjs.org/source-map-support cache-miss
3760 silly fetch manifest @jridgewell/source-map@^0.3.3
3761 silly packumentCache full:https://registry.npmjs.org/@jridgewell%2fsource-map cache-miss
3762 http fetch GET 200 https://registry.npmjs.org/@jridgewell%2fsource-map 375ms (cache revalidated)
3763 silly packumentCache full:https://registry.npmjs.org/@jridgewell%2fsource-map set size:45204 disposed:false
3764 http fetch GET 200 https://registry.npmjs.org/source-map-support 379ms (cache revalidated)
3765 silly packumentCache full:https://registry.npmjs.org/source-map-support set size:125488 disposed:false
3766 http fetch GET 200 https://registry.npmjs.org/commander 384ms (cache revalidated)
3767 silly packumentCache full:https://registry.npmjs.org/commander set size:353115 disposed:false
3768 silly placeDep ROOT @types/estree@1.0.9 OK for: @rollup/pluginutils@5.4.0 want: ^1.0.0
3769 silly placeDep ROOT @mapbox/node-pre-gyp@2.0.3 OK for: @vercel/nft@1.11.0 want: ^2.0.0
3770 silly placeDep ROOT acorn@8.18.0 OK for: @vercel/nft@1.11.0 want: ^8.6.0
3771 silly placeDep ROOT acorn-import-attributes@1.9.5 OK for: @vercel/nft@1.11.0 want: ^1.9.5
3772 silly placeDep ROOT async-sema@3.1.1 OK for: @vercel/nft@1.11.0 want: ^3.1.1
3773 silly placeDep ROOT bindings@1.5.0 OK for: @vercel/nft@1.11.0 want: ^1.4.0
3774 silly placeDep ROOT glob@13.0.6 OK for: @vercel/nft@1.11.0 want: ^13.0.0
3775 silly placeDep ROOT node-gyp-build@4.8.4 OK for: @vercel/nft@1.11.0 want: ^4.2.2
3776 silly placeDep ROOT resolve-from@5.0.0 OK for: @vercel/nft@1.11.0 want: ^5.0.0
3777 silly fetch manifest tar@^7.4.0
3778 silly packumentCache full:https://registry.npmjs.org/tar cache-miss
3779 silly fetch manifest nopt@^8.0.0
3780 silly packumentCache full:https://registry.npmjs.org/nopt cache-miss
3781 silly fetch manifest semver@^7.5.3
3782 silly packumentCache full:https://registry.npmjs.org/semver cache-hit
3783 silly fetch manifest node-fetch@^2.6.7
3784 silly packumentCache full:https://registry.npmjs.org/node-fetch cache-hit
3785 silly fetch manifest https-proxy-agent@^7.0.5
3786 silly packumentCache full:https://registry.npmjs.org/https-proxy-agent cache-hit
3787 silly fetch manifest file-uri-to-path@1.0.0
3788 silly packumentCache full:https://registry.npmjs.org/file-uri-to-path cache-miss
3789 http fetch GET 200 https://registry.npmjs.org/nopt 307ms (cache revalidated)
3790 silly packumentCache full:https://registry.npmjs.org/nopt set size:76679 disposed:false
3791 silly fetch manifest minimatch@^10.2.2
3792 silly packumentCache full:https://registry.npmjs.org/minimatch cache-miss
3793 http fetch GET 200 https://registry.npmjs.org/file-uri-to-path 325ms (cache revalidated)
3794 silly packumentCache full:https://registry.npmjs.org/file-uri-to-path set size:10154 disposed:false
3795 silly fetch manifest minipass@^7.1.3
3796 silly packumentCache full:https://registry.npmjs.org/minipass cache-miss
3797 http fetch GET 200 https://registry.npmjs.org/tar 364ms (cache revalidated)
3798 silly packumentCache full:https://registry.npmjs.org/tar set size:591769 disposed:false
3799 silly fetch manifest path-scurry@^2.0.2
3800 silly packumentCache full:https://registry.npmjs.org/path-scurry cache-miss
3801 http fetch GET 200 https://registry.npmjs.org/minimatch 179ms (cache revalidated)
3802 silly packumentCache full:https://registry.npmjs.org/minimatch set size:377924 disposed:false
3803 http fetch GET 200 https://registry.npmjs.org/path-scurry 323ms (cache revalidated)
3804 silly packumentCache full:https://registry.npmjs.org/path-scurry set size:117612 disposed:false
3805 http fetch GET 200 https://registry.npmjs.org/minipass 363ms (cache revalidated)
3806 silly packumentCache full:https://registry.npmjs.org/minipass set size:276925 disposed:false
3807 silly fetch manifest encoding@^0.1.0
3808 silly packumentCache full:https://registry.npmjs.org/encoding cache-miss
3809 http fetch GET 200 https://registry.npmjs.org/encoding 159ms (cache revalidated)
3810 silly packumentCache full:https://registry.npmjs.org/encoding set size:17833 disposed:false
3811 silly placeDep node_modules/@mapbox/node-pre-gyp https-proxy-agent@7.0.6 OK for: @mapbox/node-pre-gyp@2.0.3 want: ^7.0.5
3812 silly placeDep node_modules/@mapbox/node-pre-gyp node-fetch@2.7.0 OK for: @mapbox/node-pre-gyp@2.0.3 want: ^2.6.7
3813 silly placeDep ROOT nopt@8.1.0 OK for: @mapbox/node-pre-gyp@2.0.3 want: ^8.0.0
3814 silly placeDep node_modules/@mapbox/node-pre-gyp semver@7.8.5 OK for: @mapbox/node-pre-gyp@2.0.3 want: ^7.5.3
3815 silly placeDep ROOT tar@7.5.22 OK for: @mapbox/node-pre-gyp@2.0.3 want: ^7.4.0
3816 silly fetch manifest whatwg-url@^5.0.0
3817 silly packumentCache full:https://registry.npmjs.org/whatwg-url cache-miss
3818 silly fetch manifest abbrev@^3.0.0
3819 silly packumentCache full:https://registry.npmjs.org/abbrev cache-miss
3820 silly fetch manifest chownr@^3.0.0
3821 silly packumentCache full:https://registry.npmjs.org/chownr cache-miss
3822 http fetch GET 200 https://registry.npmjs.org/abbrev 163ms (cache revalidated)
3823 silly packumentCache full:https://registry.npmjs.org/abbrev set size:24188 disposed:false
3824 silly fetch manifest yallist@^5.0.0
3825 silly packumentCache full:https://registry.npmjs.org/yallist cache-hit
3826 silly fetch manifest minipass@^7.1.2
3827 silly packumentCache full:https://registry.npmjs.org/minipass cache-hit
3828 silly fetch manifest minizlib@^3.1.0
3829 silly packumentCache full:https://registry.npmjs.org/minizlib cache-miss
3830 http fetch GET 200 https://registry.npmjs.org/chownr 180ms (cache revalidated)
3831 silly packumentCache full:https://registry.npmjs.org/chownr set size:22157 disposed:false
3832 silly fetch manifest @isaacs/fs-minipass@^4.0.0
3833 silly packumentCache full:https://registry.npmjs.org/@isaacs%2ffs-minipass cache-miss
3834 http fetch GET 200 https://registry.npmjs.org/whatwg-url 188ms (cache revalidated)
3835 silly packumentCache full:https://registry.npmjs.org/whatwg-url set size:177251 disposed:false
3836 http fetch GET 200 https://registry.npmjs.org/minizlib 196ms (cache revalidated)
3837 silly packumentCache full:https://registry.npmjs.org/minizlib set size:62862 disposed:false
3838 http fetch GET 200 https://registry.npmjs.org/@isaacs%2ffs-minipass 207ms (cache revalidated)
3839 silly packumentCache full:https://registry.npmjs.org/@isaacs%2ffs-minipass set size:7912 disposed:false
3840 silly placeDep ROOT archiver-utils@5.0.2 OK for: archiver@7.0.1 want: ^5.0.2
3841 silly placeDep ROOT async@3.2.6 OK for: archiver@7.0.1 want: ^3.2.4
3842 silly placeDep ROOT buffer-crc32@1.0.0 OK for: archiver@7.0.1 want: ^1.0.0
3843 silly placeDep ROOT readable-stream@4.7.0 OK for: archiver@7.0.1 want: ^4.0.0
3844 silly placeDep ROOT readdir-glob@1.1.3 OK for: archiver@7.0.1 want: ^1.1.2
3845 silly placeDep ROOT tar-stream@3.2.1 OK for: archiver@7.0.1 want: ^3.0.0
3846 silly placeDep ROOT zip-stream@6.0.1 OK for: archiver@7.0.1 want: ^6.0.1
3847 silly fetch manifest glob@^10.0.0
3848 silly packumentCache full:https://registry.npmjs.org/glob cache-hit
3849 silly fetch manifest is-stream@^2.0.1
3850 silly packumentCache full:https://registry.npmjs.org/is-stream cache-miss
3851 silly fetch manifest lazystream@^1.0.0
3852 silly packumentCache full:https://registry.npmjs.org/lazystream cache-miss
3853 silly fetch manifest lodash@^4.17.15
3854 silly packumentCache full:https://registry.npmjs.org/lodash cache-miss
3855 http fetch GET 200 https://registry.npmjs.org/lazystream 182ms (cache revalidated)
3856 silly packumentCache full:https://registry.npmjs.org/lazystream set size:14342 disposed:false
3857 silly fetch manifest normalize-path@^3.0.0
3858 silly packumentCache full:https://registry.npmjs.org/normalize-path cache-miss
3859 http fetch GET 200 https://registry.npmjs.org/is-stream 189ms (cache revalidated)
3860 silly packumentCache full:https://registry.npmjs.org/is-stream set size:18582 disposed:false
3861 silly fetch manifest abort-controller@^3.0.0
3862 silly packumentCache full:https://registry.npmjs.org/abort-controller cache-miss
3863 http fetch GET 200 https://registry.npmjs.org/lodash 194ms (cache revalidated)
3864 silly packumentCache full:https://registry.npmjs.org/lodash set size:247652 disposed:false
3865 silly fetch manifest buffer@^6.0.3
3866 silly packumentCache full:https://registry.npmjs.org/buffer cache-miss
3867 http fetch GET 200 https://registry.npmjs.org/normalize-path 207ms (cache revalidated)
3868 silly packumentCache full:https://registry.npmjs.org/normalize-path set size:28713 disposed:false
3869 silly fetch manifest events@^3.3.0
3870 silly packumentCache full:https://registry.npmjs.org/events cache-miss
3871 http fetch GET 200 https://registry.npmjs.org/abort-controller 214ms (cache revalidated)
3872 silly packumentCache full:https://registry.npmjs.org/abort-controller set size:47272 disposed:false
3873 silly fetch manifest process@^0.11.10
3874 silly packumentCache full:https://registry.npmjs.org/process cache-miss
3875 http fetch GET 200 https://registry.npmjs.org/buffer 213ms (cache revalidated)
3876 silly packumentCache full:https://registry.npmjs.org/buffer set size:280480 disposed:false
3877 silly fetch manifest string_decoder@^1.3.0
3878 silly packumentCache full:https://registry.npmjs.org/string_decoder cache-miss
3879 http fetch GET 200 https://registry.npmjs.org/string_decoder 176ms (cache revalidated)
3880 silly packumentCache full:https://registry.npmjs.org/string_decoder set size:28441 disposed:false
3881 silly fetch manifest minimatch@^5.1.0
3882 silly packumentCache full:https://registry.npmjs.org/minimatch cache-hit
3883 silly fetch manifest b4a@^1.6.4
3884 silly packumentCache full:https://registry.npmjs.org/b4a cache-miss
3885 http fetch GET 200 https://registry.npmjs.org/process 206ms (cache revalidated)
3886 silly packumentCache full:https://registry.npmjs.org/process set size:31260 disposed:false
3887 silly fetch manifest bare-fs@^4.5.5
3888 silly packumentCache full:https://registry.npmjs.org/bare-fs cache-miss
3889 http fetch GET 200 https://registry.npmjs.org/events 224ms (cache revalidated)
3890 silly packumentCache full:https://registry.npmjs.org/events set size:35240 disposed:false
3891 silly fetch manifest streamx@^2.15.0
3892 silly packumentCache full:https://registry.npmjs.org/streamx cache-miss
3893 http fetch GET 200 https://registry.npmjs.org/bare-fs 285ms (cache revalidated)
3894 silly packumentCache full:https://registry.npmjs.org/bare-fs set size:166518 disposed:false
3895 silly fetch manifest fast-fifo@^1.2.0
3896 silly packumentCache full:https://registry.npmjs.org/fast-fifo cache-miss
3897 http fetch GET 200 https://registry.npmjs.org/b4a 307ms (cache revalidated)
3898 silly packumentCache full:https://registry.npmjs.org/b4a set size:71632 disposed:false
3899 silly fetch manifest compress-commons@^6.0.2
3900 silly packumentCache full:https://registry.npmjs.org/compress-commons cache-miss
3901 http fetch GET 200 https://registry.npmjs.org/streamx 335ms (cache revalidated)
3902 silly packumentCache full:https://registry.npmjs.org/streamx set size:169466 disposed:false
3903 http fetch GET 200 https://registry.npmjs.org/fast-fifo 169ms (cache revalidated)
3904 silly packumentCache full:https://registry.npmjs.org/fast-fifo set size:13855 disposed:false
3905 http fetch GET 200 https://registry.npmjs.org/compress-commons 413ms (cache revalidated)
3906 silly packumentCache full:https://registry.npmjs.org/compress-commons set size:91385 disposed:false
3907 silly placeDep node_modules/archiver-utils glob@10.5.0 OK for: archiver-utils@5.0.2 want: ^10.0.0
3908 silly placeDep ROOT is-stream@2.0.1 OK for: archiver-utils@5.0.2 want: ^2.0.1
3909 silly placeDep ROOT lazystream@1.0.1 OK for: archiver-utils@5.0.2 want: ^1.0.0
3910 silly placeDep ROOT lodash@4.18.1 OK for: archiver-utils@5.0.2 want: ^4.17.15
3911 silly placeDep ROOT normalize-path@3.0.0 OK for: archiver-utils@5.0.2 want: ^3.0.0
3912 silly fetch manifest jackspeak@^3.1.2
3913 silly packumentCache full:https://registry.npmjs.org/jackspeak cache-miss
3914 silly fetch manifest minimatch@^9.0.4
3915 silly packumentCache full:https://registry.npmjs.org/minimatch cache-hit
3916 silly fetch manifest path-scurry@^1.11.1
3917 silly packumentCache full:https://registry.npmjs.org/path-scurry cache-hit
3918 silly fetch manifest foreground-child@^3.1.0
3919 silly packumentCache full:https://registry.npmjs.org/foreground-child cache-miss
3920 silly fetch manifest package-json-from-dist@^1.0.0
3921 silly packumentCache full:https://registry.npmjs.org/package-json-from-dist cache-miss
3922 http fetch GET 200 https://registry.npmjs.org/foreground-child 243ms (cache revalidated)
3923 silly packumentCache full:https://registry.npmjs.org/foreground-child set size:71503 disposed:false
3924 silly fetch manifest readable-stream@^2.0.5
3925 silly packumentCache full:https://registry.npmjs.org/readable-stream cache-hit
3926 http fetch GET 200 https://registry.npmjs.org/jackspeak 256ms (cache revalidated)
3927 silly packumentCache full:https://registry.npmjs.org/jackspeak set size:204267 disposed:false
3928 http fetch GET 200 https://registry.npmjs.org/package-json-from-dist 479ms (cache revalidated)
3929 silly packumentCache full:https://registry.npmjs.org/package-json-from-dist set size:8854 disposed:false
3930 silly placeDep ROOT file-uri-to-path@1.0.0 OK for: bindings@1.5.0 want: 1.0.0
3931 silly placeDep ROOT giget@3.3.1 OK for: c12@3.3.4 want: ^3.2.0
3932 silly placeDep node_modules/c12 ohash@2.0.12 OK for: c12@3.3.4 want: ^2.0.11
3933 silly placeDep ROOT rc9@3.0.1 OK for: c12@3.3.4 want: ^3.0.1
3934 silly placeDep ROOT readdirp@5.1.1 OK for: chokidar@5.0.0 want: ^5.0.0
3935 silly placeDep ROOT type-fest@5.8.0 OK for: dot-prop@10.2.0 want: ^5.0.0
3936 silly fetch manifest tagged-tag@^1.0.0
3937 silly packumentCache full:https://registry.npmjs.org/tagged-tag cache-miss
3938 http fetch GET 200 https://registry.npmjs.org/tagged-tag 168ms (cache revalidated)
3939 silly packumentCache full:https://registry.npmjs.org/tagged-tag set size:4660 disposed:false
3940 silly placeDep ROOT minimatch@10.2.6 OK for: glob@13.0.6 want: ^10.2.2
3941 silly placeDep ROOT minipass@7.1.3 OK for: glob@13.0.6 want: ^7.1.3
3942 silly placeDep ROOT path-scurry@2.0.2 OK for: glob@13.0.6 want: ^2.0.2
3943 silly fetch manifest brace-expansion@^5.0.8
3944 silly packumentCache full:https://registry.npmjs.org/brace-expansion cache-miss
3945 silly fetch manifest lru-cache@^11.0.0
3946 silly packumentCache full:https://registry.npmjs.org/lru-cache cache-hit
3947 http fetch GET 200 https://registry.npmjs.org/brace-expansion 183ms (cache revalidated)
3948 silly packumentCache full:https://registry.npmjs.org/brace-expansion set size:101024 disposed:false
3949 silly placeDep ROOT @sindresorhus/merge-streams@4.0.0 OK for: globby@16.2.4 want: ^4.0.0
3950 silly placeDep ROOT fast-glob@3.3.3 OK for: globby@16.2.4 want: ^3.3.3
3951 silly placeDep ROOT ignore@7.0.7 OK for: globby@16.2.4 want: ^7.0.5
3952 silly placeDep ROOT is-path-inside@4.0.0 OK for: globby@16.2.4 want: ^4.0.0
3953 silly placeDep ROOT micromatch@4.0.8 OK for: globby@16.2.4 want: ^4.0.8
3954 silly placeDep ROOT slash@5.1.0 OK for: globby@16.2.4 want: ^5.1.0
3955 silly placeDep ROOT unicorn-magic@0.4.0 OK for: globby@16.2.4 want: ^0.4.0
3956 silly fetch manifest @nodelib/fs.stat@^2.0.2
3957 silly packumentCache full:https://registry.npmjs.org/@nodelib%2ffs.stat cache-miss
3958 silly fetch manifest @nodelib/fs.walk@^1.2.3
3959 silly packumentCache full:https://registry.npmjs.org/@nodelib%2ffs.walk cache-miss
3960 silly fetch manifest glob-parent@^5.1.2
3961 silly packumentCache full:https://registry.npmjs.org/glob-parent cache-miss
3962 http fetch GET 200 https://registry.npmjs.org/glob-parent 230ms (cache revalidated)
3963 silly packumentCache full:https://registry.npmjs.org/glob-parent set size:42445 disposed:false
3964 silly fetch manifest merge2@^1.3.0
3965 silly packumentCache full:https://registry.npmjs.org/merge2 cache-miss
3966 http fetch GET 200 https://registry.npmjs.org/@nodelib%2ffs.stat 239ms (cache revalidated)
3967 silly packumentCache full:https://registry.npmjs.org/@nodelib%2ffs.stat set size:36993 disposed:false
3968 silly fetch manifest braces@^3.0.3
3969 silly packumentCache full:https://registry.npmjs.org/braces cache-miss
3970 http fetch GET 200 https://registry.npmjs.org/@nodelib%2ffs.walk 283ms (cache revalidated)
3971 silly packumentCache full:https://registry.npmjs.org/@nodelib%2ffs.walk set size:41589 disposed:false
3972 silly fetch manifest picomatch@^2.3.1
3973 silly packumentCache full:https://registry.npmjs.org/picomatch cache-hit
3974 http fetch GET 200 https://registry.npmjs.org/merge2 165ms (cache revalidated)
3975 silly packumentCache full:https://registry.npmjs.org/merge2 set size:46159 disposed:false
3976 http fetch GET 200 https://registry.npmjs.org/braces 175ms (cache revalidated)
3977 silly packumentCache full:https://registry.npmjs.org/braces set size:114529 disposed:false
3978 silly placeDep ROOT @nodelib/fs.stat@2.0.5 OK for: fast-glob@3.3.3 want: ^2.0.2
3979 silly placeDep ROOT @nodelib/fs.walk@1.2.8 OK for: fast-glob@3.3.3 want: ^1.2.3
3980 silly placeDep ROOT glob-parent@5.1.2 OK for: fast-glob@3.3.3 want: ^5.1.2
3981 silly placeDep ROOT merge2@1.4.1 OK for: fast-glob@3.3.3 want: ^1.3.0
3982 silly fetch manifest fastq@^1.6.0
3983 silly packumentCache full:https://registry.npmjs.org/fastq cache-miss
3984 silly fetch manifest @nodelib/fs.scandir@2.1.5
3985 silly packumentCache full:https://registry.npmjs.org/@nodelib%2ffs.scandir cache-miss
3986 silly fetch manifest is-glob@^4.0.1
3987 silly packumentCache full:https://registry.npmjs.org/is-glob cache-miss
3988 http fetch GET 200 https://registry.npmjs.org/@nodelib%2ffs.scandir 293ms (cache revalidated)
3989 silly packumentCache full:https://registry.npmjs.org/@nodelib%2ffs.scandir set size:49256 disposed:false
3990 http fetch GET 200 https://registry.npmjs.org/is-glob 296ms (cache revalidated)
3991 silly packumentCache full:https://registry.npmjs.org/is-glob set size:40530 disposed:false
3992 http fetch GET 200 https://registry.npmjs.org/fastq 302ms (cache revalidated)
3993 silly packumentCache full:https://registry.npmjs.org/fastq set size:82997 disposed:false
3994 silly placeDep ROOT @nodelib/fs.scandir@2.1.5 OK for: @nodelib/fs.walk@1.2.8 want: 2.1.5
3995 silly placeDep ROOT fastq@1.20.3 OK for: @nodelib/fs.walk@1.2.8 want: ^1.6.0
3996 silly fetch manifest run-parallel@^1.1.9
3997 silly packumentCache full:https://registry.npmjs.org/run-parallel cache-miss
3998 silly fetch manifest reusify@^1.0.4
3999 silly packumentCache full:https://registry.npmjs.org/reusify cache-miss
4000 http fetch GET 200 https://registry.npmjs.org/run-parallel 426ms (cache revalidated)
4001 silly packumentCache full:https://registry.npmjs.org/run-parallel set size:35172 disposed:false
4002 http fetch GET 200 https://registry.npmjs.org/reusify 428ms (cache revalidated)
4003 silly packumentCache full:https://registry.npmjs.org/reusify set size:14249 disposed:false
4004 silly placeDep ROOT run-parallel@1.2.0 OK for: @nodelib/fs.scandir@2.1.5 want: ^1.1.9
4005 silly fetch manifest queue-microtask@^1.2.2
4006 silly packumentCache full:https://registry.npmjs.org/queue-microtask cache-miss
4007 http fetch GET 200 https://registry.npmjs.org/queue-microtask 407ms (cache revalidated)
4008 silly packumentCache full:https://registry.npmjs.org/queue-microtask set size:36088 disposed:false
4009 silly placeDep ROOT reusify@1.1.0 OK for: fastq@1.20.3 want: ^1.0.4
4010 silly placeDep ROOT is-glob@4.0.3 OK for: glob-parent@5.1.2 want: ^4.0.1
4011 silly fetch manifest is-extglob@^2.1.1
4012 silly packumentCache full:https://registry.npmjs.org/is-extglob cache-miss
4013 http fetch GET 200 https://registry.npmjs.org/is-extglob 862ms (cache revalidated)
4014 silly packumentCache full:https://registry.npmjs.org/is-extglob set size:11766 disposed:false
4015 silly placeDep ROOT duplexer@0.1.2 OK for: gzip-size@7.0.0 want: ^0.1.2
4016 silly placeDep ROOT @ioredis/commands@1.10.0 OK for: ioredis@5.11.1 want: 1.10.0
4017 silly placeDep ROOT cluster-key-slot@1.1.1 OK for: ioredis@5.11.1 want: 1.1.1
4018 silly placeDep ROOT denque@2.1.0 OK for: ioredis@5.11.1 want: 2.1.0
4019 silly placeDep ROOT redis-errors@1.2.0 OK for: ioredis@5.11.1 want: 1.2.0
4020 silly placeDep ROOT redis-parser@3.0.0 OK for: ioredis@5.11.1 want: 3.0.0
4021 silly placeDep ROOT standard-as-callback@2.1.0 OK for: ioredis@5.11.1 want: 2.1.0
4022 silly placeDep ROOT is-extglob@2.1.1 OK for: is-glob@4.0.3 want: ^2.1.1
4023 silly placeDep node_modules/lazystream readable-stream@2.3.8 OK for: lazystream@1.0.1 want: ^2.0.5
4024 silly fetch manifest isarray@~1.0.0
4025 silly packumentCache full:https://registry.npmjs.org/isarray cache-miss
4026 silly fetch manifest safe-buffer@~5.1.1
4027 silly packumentCache full:https://registry.npmjs.org/safe-buffer cache-hit
4028 silly fetch manifest core-util-is@~1.0.0
4029 silly packumentCache full:https://registry.npmjs.org/core-util-is cache-miss
4030 silly fetch manifest string_decoder@~1.1.1
4031 silly packumentCache full:https://registry.npmjs.org/string_decoder cache-hit
4032 silly fetch manifest util-deprecate@~1.0.1
4033 silly packumentCache full:https://registry.npmjs.org/util-deprecate cache-miss
4034 http fetch GET 200 https://registry.npmjs.org/core-util-is 270ms (cache revalidated)
4035 silly packumentCache full:https://registry.npmjs.org/core-util-is set size:7163 disposed:false
4036 silly fetch manifest process-nextick-args@~2.0.0
4037 silly packumentCache full:https://registry.npmjs.org/process-nextick-args cache-miss
4038 http fetch GET 200 https://registry.npmjs.org/isarray 276ms (cache revalidated)
4039 silly packumentCache full:https://registry.npmjs.org/isarray set size:17392 disposed:false
4040 http fetch GET 200 https://registry.npmjs.org/util-deprecate 265ms (cache revalidated)
4041 silly packumentCache full:https://registry.npmjs.org/util-deprecate set size:6674 disposed:false
4042 http fetch GET 200 https://registry.npmjs.org/process-nextick-args 179ms (cache revalidated)
4043 silly packumentCache full:https://registry.npmjs.org/process-nextick-args set size:15428 disposed:false
4044 silly placeDep ROOT @parcel/watcher-wasm@2.6.0 OK for: listhen@1.10.1 want: ^2.5.6
4045 silly placeDep ROOT get-port-please@3.2.0 OK for: listhen@1.10.1 want: ^3.2.0
4046 silly placeDep node_modules/listhen h3@1.15.11 OK for: listhen@1.10.1 want: ^1.15.11
4047 silly placeDep ROOT http-shutdown@1.2.2 OK for: listhen@1.10.1 want: ^1.2.2
4048 silly placeDep ROOT node-forge@1.4.0 OK for: listhen@1.10.1 want: ^1.4.0
4049 silly placeDep ROOT tinyclip@0.1.15 OK for: listhen@1.10.1 want: ^0.1.15
4050 silly placeDep ROOT untun@0.2.2 OK for: listhen@1.10.1 want: ^0.2.2
4051 silly placeDep ROOT uqr@0.1.3 OK for: listhen@1.10.1 want: ^0.1.3
4052 silly placeDep ROOT braces@3.0.3 OK for: micromatch@4.0.8 want: ^3.0.3
4053 silly placeDep node_modules/micromatch picomatch@2.3.2 OK for: micromatch@4.0.8 want: ^2.3.1
4054 silly fetch manifest fill-range@^7.1.1
4055 silly packumentCache full:https://registry.npmjs.org/fill-range cache-miss
4056 http fetch GET 200 https://registry.npmjs.org/fill-range 185ms (cache revalidated)
4057 silly packumentCache full:https://registry.npmjs.org/fill-range set size:90162 disposed:false
4058 silly placeDep ROOT fill-range@7.1.1 OK for: braces@3.0.3 want: ^7.1.1
4059 silly fetch manifest to-regex-range@^5.0.1
4060 silly packumentCache full:https://registry.npmjs.org/to-regex-range cache-miss
4061 http fetch GET 200 https://registry.npmjs.org/to-regex-range 167ms (cache revalidated)
4062 silly packumentCache full:https://registry.npmjs.org/to-regex-range set size:61569 disposed:false
4063 silly placeDep ROOT to-regex-range@5.0.1 OK for: fill-range@7.1.1 want: ^5.0.1
4064 silly fetch manifest is-number@^7.0.0
4065 silly packumentCache full:https://registry.npmjs.org/is-number cache-miss
4066 http fetch GET 200 https://registry.npmjs.org/is-number 174ms (cache revalidated)
4067 silly packumentCache full:https://registry.npmjs.org/is-number set size:36183 disposed:false
4068 silly placeDep ROOT brace-expansion@5.0.9 OK for: minimatch@10.2.6 want: ^5.0.8
4069 silly fetch manifest balanced-match@^4.0.2
4070 silly packumentCache full:https://registry.npmjs.org/balanced-match cache-miss
4071 http fetch GET 200 https://registry.npmjs.org/balanced-match 169ms (cache revalidated)
4072 silly packumentCache full:https://registry.npmjs.org/balanced-match set size:39082 disposed:false
4073 silly placeDep ROOT balanced-match@4.0.4 OK for: brace-expansion@5.0.9 want: ^4.0.2
4074 silly placeDep node_modules/mlly pkg-types@1.3.1 OK for: mlly@1.8.2 want: ^1.3.1
4075 silly fetch manifest confbox@^0.1.8
4076 silly packumentCache full:https://registry.npmjs.org/confbox cache-hit
4077 silly placeDep ROOT data-uri-to-buffer@4.0.1 OK for: node-fetch@3.3.2 want: ^4.0.0
4078 silly placeDep ROOT fetch-blob@3.2.0 OK for: node-fetch@3.3.2 want: ^3.1.4
4079 silly placeDep ROOT formdata-polyfill@4.0.10 OK for: node-fetch@3.3.2 want: ^4.0.10
4080 silly fetch manifest node-domexception@^1.0.0
4081 silly packumentCache full:https://registry.npmjs.org/node-domexception cache-miss
4082 silly fetch manifest web-streams-polyfill@^3.0.3
4083 silly packumentCache full:https://registry.npmjs.org/web-streams-polyfill cache-miss
4084 http fetch GET 200 https://registry.npmjs.org/web-streams-polyfill 162ms (cache revalidated)
4085 silly packumentCache full:https://registry.npmjs.org/web-streams-polyfill set size:140806 disposed:false
4086 http fetch GET 200 https://registry.npmjs.org/node-domexception 175ms (cache revalidated)
4087 silly packumentCache full:https://registry.npmjs.org/node-domexception set size:11516 disposed:false
4088 silly placeDep ROOT node-domexception@1.0.0 OK for: fetch-blob@3.2.0 want: ^1.0.0
4089 silly placeDep ROOT web-streams-polyfill@3.3.3 OK for: fetch-blob@3.2.0 want: ^3.0.3
4090 silly placeDep ROOT abbrev@3.0.1 OK for: nopt@8.1.0 want: ^3.0.0
4091 silly placeDep ROOT ee-first@1.1.1 OK for: on-finished@2.4.1 want: 1.1.1
4092 silly placeDep ROOT @types/retry@0.12.0 OK for: p-retry@4.6.2 want: 0.12.0
4093 silly placeDep ROOT retry@0.13.1 OK for: p-retry@4.6.2 want: ^0.13.1
4094 silly placeDep node_modules/parse5 entities@6.0.1 OK for: parse5@7.3.0 want: ^6.0.0
4095 silly placeDep node_modules/path-scurry lru-cache@11.5.2 OK for: path-scurry@2.0.2 want: ^11.0.0
4096 silly placeDep ROOT @pdf-lib/standard-fonts@1.0.0 OK for: pdf-lib@1.17.1 want: ^1.0.0
4097 silly placeDep ROOT @pdf-lib/upng@1.0.1 OK for: pdf-lib@1.17.1 want: ^1.0.1
4098 silly placeDep ROOT pako@1.0.11 OK for: pdf-lib@1.17.1 want: ^1.0.11
4099 silly placeDep node_modules/pdf-lib tslib@1.14.1 OK for: pdf-lib@1.17.1 want: ^1.11.1
4100 silly fetch manifest pako@^1.0.6
4101 silly packumentCache full:https://registry.npmjs.org/pako cache-hit
4102 silly fetch manifest pako@^1.0.10
4103 silly packumentCache full:https://registry.npmjs.org/pako cache-hit
4104 silly placeDep ROOT nanoid@3.3.18 OK for: postcss@8.5.26 want: ^3.3.17
4105 silly placeDep ROOT @protobufjs/aspromise@1.1.2 OK for: protobufjs@7.6.6 want: ^1.1.2
4106 silly placeDep ROOT @protobufjs/base64@1.1.2 OK for: protobufjs@7.6.6 want: ^1.1.2
4107 silly placeDep ROOT @protobufjs/codegen@2.0.5 OK for: protobufjs@7.6.6 want: ^2.0.5
4108 silly placeDep ROOT @protobufjs/eventemitter@1.1.1 OK for: protobufjs@7.6.6 want: ^1.1.1
4109 silly placeDep ROOT @protobufjs/fetch@1.1.1 OK for: protobufjs@7.6.6 want: ^1.1.1
4110 silly placeDep ROOT @protobufjs/float@1.0.2 OK for: protobufjs@7.6.6 want: ^1.0.2
4111 silly placeDep ROOT @protobufjs/path@1.1.2 OK for: protobufjs@7.6.6 want: ^1.1.2
4112 silly placeDep ROOT @protobufjs/pool@1.1.0 OK for: protobufjs@7.6.6 want: ^1.1.0
4113 silly placeDep ROOT @protobufjs/utf8@1.1.2 OK for: protobufjs@7.6.6 want: ^1.1.1
4114 silly placeDep ROOT long@5.3.2 OK for: protobufjs@7.6.6 want: ^5.3.2
4115 silly placeDep ROOT forwarded@0.2.0 OK for: proxy-addr@2.0.7 want: 0.2.0
4116 silly placeDep ROOT ipaddr.js@1.9.1 OK for: proxy-addr@2.0.7 want: 1.9.1
4117 silly placeDep ROOT side-channel@1.1.1 OK for: qs@6.15.3 want: ^1.1.1
4118 silly fetch manifest object-inspect@^1.13.4
4119 silly packumentCache full:https://registry.npmjs.org/object-inspect cache-miss
4120 silly fetch manifest side-channel-list@^1.0.1
4121 silly packumentCache full:https://registry.npmjs.org/side-channel-list cache-miss
4122 silly fetch manifest side-channel-map@^1.0.1
4123 silly packumentCache full:https://registry.npmjs.org/side-channel-map cache-miss
4124 http fetch GET 200 https://registry.npmjs.org/side-channel-list 158ms (cache revalidated)
4125 silly packumentCache full:https://registry.npmjs.org/side-channel-list set size:9021 disposed:false
4126 silly fetch manifest side-channel-weakmap@^1.0.2
4127 silly packumentCache full:https://registry.npmjs.org/side-channel-weakmap cache-miss
4128 http fetch GET 200 https://registry.npmjs.org/object-inspect 166ms (cache revalidated)
4129 silly packumentCache full:https://registry.npmjs.org/object-inspect set size:101927 disposed:false
4130 http fetch GET 200 https://registry.npmjs.org/side-channel-map 176ms (cache revalidated)
4131 silly packumentCache full:https://registry.npmjs.org/side-channel-map set size:9126 disposed:false
4132 http fetch GET 200 https://registry.npmjs.org/side-channel-weakmap 227ms (cache revalidated)
4133 silly packumentCache full:https://registry.npmjs.org/side-channel-weakmap set size:12620 disposed:false
4134 silly placeDep node_modules/raw-body iconv-lite@0.4.24 OK for: raw-body@2.5.3 want: ~0.4.24
4135 silly placeDep ROOT scheduler@0.27.0 OK for: react-dom@19.2.8 want: ^0.27.0
4136 silly placeDep ROOT abort-controller@3.0.0 OK for: readable-stream@4.7.0 want: ^3.0.0
4137 silly placeDep ROOT buffer@6.0.3 OK for: readable-stream@4.7.0 want: ^6.0.3
4138 silly placeDep ROOT events@3.3.0 OK for: readable-stream@4.7.0 want: ^3.3.0
4139 silly placeDep ROOT process@0.11.10 OK for: readable-stream@4.7.0 want: ^0.11.10
4140 silly placeDep ROOT string_decoder@1.3.0 OK for: readable-stream@4.7.0 want: ^1.3.0
4141 silly fetch manifest event-target-shim@^5.0.0
4142 silly packumentCache full:https://registry.npmjs.org/event-target-shim cache-miss
4143 silly fetch manifest ieee754@^1.2.1
4144 silly packumentCache full:https://registry.npmjs.org/ieee754 cache-miss
4145 http fetch GET 200 https://registry.npmjs.org/ieee754 180ms (cache revalidated)
4146 silly packumentCache full:https://registry.npmjs.org/ieee754 set size:34910 disposed:false
4147 http fetch GET 200 https://registry.npmjs.org/event-target-shim 194ms (cache revalidated)
4148 silly packumentCache full:https://registry.npmjs.org/event-target-shim set size:103601 disposed:false
4149 silly placeDep ROOT event-target-shim@5.0.1 OK for: abort-controller@3.0.0 want: ^5.0.0
4150 silly placeDep ROOT ieee754@1.2.1 OK for: buffer@6.0.3 want: ^1.2.1
4151 silly placeDep node_modules/readdir-glob minimatch@5.1.9 OK for: readdir-glob@1.1.3 want: ^5.1.0
4152 silly fetch manifest brace-expansion@^2.0.1
4153 silly packumentCache full:https://registry.npmjs.org/brace-expansion cache-hit
4154 silly fetch manifest @types/react@^18.2.25 || ^19
4155 silly packumentCache full:https://registry.npmjs.org/@types%2freact cache-miss
4156 http cache https://registry.npmjs.org/@types%2freact 23ms (cache hit)
4157 silly packumentCache full:https://registry.npmjs.org/@types%2freact set size:2637439 disposed:false
4158 silly fetch manifest redux@^5.0.0
4159 silly packumentCache full:https://registry.npmjs.org/redux cache-miss
4160 http fetch GET 200 https://registry.npmjs.org/redux 293ms (cache revalidated)
4161 silly packumentCache full:https://registry.npmjs.org/redux set size:553833 disposed:false
4162 silly placeDep ROOT @reduxjs/toolkit@2.12.0 OK for: recharts@3.10.1 want: ^1.9.0 || 2.x.x
4163 silly placeDep ROOT decimal.js-light@2.5.1 OK for: recharts@3.10.1 want: ^2.5.1
4164 silly placeDep ROOT es-toolkit@1.52.0 OK for: recharts@3.10.1 want: ^1.39.3
4165 silly placeDep ROOT eventemitter3@5.0.4 OK for: recharts@3.10.1 want: ^5.0.1
4166 silly placeDep ROOT immer@11.1.18 OK for: recharts@3.10.1 want: ^11.1.8
4167 silly placeDep ROOT react-redux@9.3.0 OK for: recharts@3.10.1 want: 8.x.x || 9.x.x
4168 silly placeDep ROOT reselect@5.2.0 OK for: recharts@3.10.1 want: 5.2.0
4169 silly placeDep ROOT victory-vendor@37.3.6 OK for: recharts@3.10.1 want: ^37.0.2
4170 silly fetch manifest immer@^11.0.0
4171 silly packumentCache full:https://registry.npmjs.org/immer cache-hit
4172 silly fetch manifest redux@^5.0.1
4173 silly packumentCache full:https://registry.npmjs.org/redux cache-hit
4174 silly fetch manifest redux-thunk@^3.1.0
4175 silly packumentCache full:https://registry.npmjs.org/redux-thunk cache-miss
4176 silly fetch manifest reselect@^5.1.0
4177 silly packumentCache full:https://registry.npmjs.org/reselect cache-hit
4178 silly fetch manifest @types/use-sync-external-store@^0.0.6
4179 silly packumentCache full:https://registry.npmjs.org/@types%2fuse-sync-external-store cache-miss
4180 silly fetch manifest d3-ease@^3.0.1
4181 silly packumentCache full:https://registry.npmjs.org/d3-ease cache-miss
4182 http fetch GET 200 https://registry.npmjs.org/d3-ease 162ms (cache revalidated)
4183 silly packumentCache full:https://registry.npmjs.org/d3-ease set size:109490 disposed:false
4184 silly fetch manifest d3-time@^3.0.0
4185 silly packumentCache full:https://registry.npmjs.org/d3-time cache-miss
4186 http fetch GET 200 https://registry.npmjs.org/redux-thunk 171ms (cache revalidated)
4187 silly packumentCache full:https://registry.npmjs.org/redux-thunk set size:172344 disposed:false
4188 silly fetch manifest d3-array@^3.1.6
4189 silly packumentCache full:https://registry.npmjs.org/d3-array cache-miss
4190 http fetch GET 200 https://registry.npmjs.org/@types%2fuse-sync-external-store 336ms (cache revalidated)
4191 silly packumentCache full:https://registry.npmjs.org/@types%2fuse-sync-external-store set size:14540 disposed:false
4192 silly fetch manifest d3-scale@^4.0.2
4193 silly packumentCache full:https://registry.npmjs.org/d3-scale cache-miss
4194 http fetch GET 200 https://registry.npmjs.org/d3-time 172ms (cache revalidated)
4195 silly packumentCache full:https://registry.npmjs.org/d3-time set size:150406 disposed:false
4196 silly fetch manifest d3-shape@^3.1.0
4197 silly packumentCache full:https://registry.npmjs.org/d3-shape cache-miss
4198 http fetch GET 200 https://registry.npmjs.org/d3-array 172ms (cache revalidated)
4199 silly packumentCache full:https://registry.npmjs.org/d3-array set size:246308 disposed:false
4200 silly fetch manifest d3-timer@^3.0.1
4201 silly packumentCache full:https://registry.npmjs.org/d3-timer cache-miss
4202 http fetch GET 200 https://registry.npmjs.org/d3-shape 191ms (cache revalidated)
4203 silly packumentCache full:https://registry.npmjs.org/d3-shape set size:275657 disposed:false
4204 silly fetch manifest @types/d3-ease@^3.0.0
4205 silly packumentCache full:https://registry.npmjs.org/@types%2fd3-ease cache-miss
4206 http fetch GET 200 https://registry.npmjs.org/d3-scale 224ms (cache revalidated)
4207 silly packumentCache full:https://registry.npmjs.org/d3-scale set size:514172 disposed:false
4208 silly fetch manifest @types/d3-time@^3.0.0
4209 silly packumentCache full:https://registry.npmjs.org/@types%2fd3-time cache-miss
4210 http fetch GET 200 https://registry.npmjs.org/d3-timer 365ms (cache revalidated)
4211 silly packumentCache full:https://registry.npmjs.org/d3-timer set size:101516 disposed:false
4212 silly fetch manifest d3-interpolate@^3.0.1
4213 silly packumentCache full:https://registry.npmjs.org/d3-interpolate cache-miss
4214 http fetch GET 200 https://registry.npmjs.org/@types%2fd3-ease 195ms (cache revalidated)
4215 silly packumentCache full:https://registry.npmjs.org/@types%2fd3-ease set size:41281 disposed:false
4216 silly fetch manifest @types/d3-array@^3.0.3
4217 silly packumentCache full:https://registry.npmjs.org/@types%2fd3-array cache-miss
4218 http fetch GET 200 https://registry.npmjs.org/@types%2fd3-time 229ms (cache revalidated)
4219 silly packumentCache full:https://registry.npmjs.org/@types%2fd3-time set size:52652 disposed:false
4220 silly fetch manifest @types/d3-scale@^4.0.2
4221 silly packumentCache full:https://registry.npmjs.org/@types%2fd3-scale cache-miss
4222 http fetch GET 200 https://registry.npmjs.org/d3-interpolate 399ms (cache revalidated)
4223 silly packumentCache full:https://registry.npmjs.org/d3-interpolate set size:162337 disposed:false
4224 silly fetch manifest @types/d3-shape@^3.1.0
4225 silly packumentCache full:https://registry.npmjs.org/@types%2fd3-shape cache-miss
4226 http fetch GET 200 https://registry.npmjs.org/@types%2fd3-array 386ms (cache revalidated)
4227 silly packumentCache full:https://registry.npmjs.org/@types%2fd3-array set size:130543 disposed:false
4228 silly fetch manifest @types/d3-timer@^3.0.0
4229 silly packumentCache full:https://registry.npmjs.org/@types%2fd3-timer cache-miss
4230 http fetch GET 200 https://registry.npmjs.org/@types%2fd3-scale 355ms (cache revalidated)
4231 silly packumentCache full:https://registry.npmjs.org/@types%2fd3-scale set size:131176 disposed:false
4232 silly fetch manifest @types/d3-interpolate@^3.0.1
4233 silly packumentCache full:https://registry.npmjs.org/@types%2fd3-interpolate cache-miss
4234 http fetch GET 200 https://registry.npmjs.org/@types%2fd3-interpolate 204ms (cache revalidated)
4235 silly packumentCache full:https://registry.npmjs.org/@types%2fd3-interpolate set size:56692 disposed:false
4236 http fetch GET 200 https://registry.npmjs.org/@types%2fd3-shape 297ms (cache revalidated)
4237 silly packumentCache full:https://registry.npmjs.org/@types%2fd3-shape set size:118722 disposed:false
4238 http fetch GET 200 https://registry.npmjs.org/@types%2fd3-timer 587ms (cache revalidated)
4239 silly packumentCache full:https://registry.npmjs.org/@types%2fd3-timer set size:38776 disposed:false
4240 silly placeDep ROOT @standard-schema/spec@1.1.0 OK for: @reduxjs/toolkit@2.12.0 want: ^1.0.0
4241 silly placeDep ROOT redux@5.0.1 OK for: @reduxjs/toolkit@2.12.0 want: ^5.0.1
4242 silly placeDep ROOT redux-thunk@3.1.0 OK for: @reduxjs/toolkit@2.12.0 want: ^3.1.0
4243 silly placeDep ROOT @types/use-sync-external-store@0.0.6 OK for: react-redux@9.3.0 want: ^0.0.6
4244 silly placeDep ROOT is-core-module@2.16.2 OK for: resolve@1.22.12 want: ^2.16.1
4245 silly placeDep ROOT path-parse@1.0.7 OK for: resolve@1.22.12 want: ^1.0.7
4246 silly placeDep ROOT supports-preserve-symlinks-flag@1.0.0 OK for: resolve@1.22.12 want: ^1.0.0
4247 silly placeDep ROOT @napi-rs/lzma-linux-x64-gnu@1.5.1 OK for: rollup@4.63.1 want: 1.5.1
4248 silly placeDep ROOT @rollup/rollup-android-arm-eabi@4.63.1 OK for: rollup@4.63.1 want: 4.63.1
4249 silly placeDep ROOT @rollup/rollup-android-arm64@4.63.1 OK for: rollup@4.63.1 want: 4.63.1
4250 silly placeDep ROOT @rollup/rollup-darwin-arm64@4.63.1 OK for: rollup@4.63.1 want: 4.63.1
4251 silly placeDep ROOT @rollup/rollup-darwin-x64@4.63.1 OK for: rollup@4.63.1 want: 4.63.1
4252 silly placeDep ROOT @rollup/rollup-freebsd-arm64@4.63.1 OK for: rollup@4.63.1 want: 4.63.1
4253 silly placeDep ROOT @rollup/rollup-freebsd-x64@4.63.1 OK for: rollup@4.63.1 want: 4.63.1
4254 silly placeDep ROOT @rollup/rollup-linux-arm-gnueabihf@4.63.1 OK for: rollup@4.63.1 want: 4.63.1
4255 silly placeDep ROOT @rollup/rollup-linux-arm-musleabihf@4.63.1 OK for: rollup@4.63.1 want: 4.63.1
4256 silly placeDep ROOT @rollup/rollup-linux-arm64-gnu@4.63.1 OK for: rollup@4.63.1 want: 4.63.1
4257 silly placeDep ROOT @rollup/rollup-linux-arm64-musl@4.63.1 OK for: rollup@4.63.1 want: 4.63.1
4258 silly placeDep ROOT @rollup/rollup-linux-loong64-gnu@4.63.1 OK for: rollup@4.63.1 want: 4.63.1
4259 silly placeDep ROOT @rollup/rollup-linux-loong64-musl@4.63.1 OK for: rollup@4.63.1 want: 4.63.1
4260 silly placeDep ROOT @rollup/rollup-linux-ppc64-gnu@4.63.1 OK for: rollup@4.63.1 want: 4.63.1
4261 silly placeDep ROOT @rollup/rollup-linux-ppc64-musl@4.63.1 OK for: rollup@4.63.1 want: 4.63.1
4262 silly placeDep ROOT @rollup/rollup-linux-riscv64-gnu@4.63.1 OK for: rollup@4.63.1 want: 4.63.1
4263 silly placeDep ROOT @rollup/rollup-linux-riscv64-musl@4.63.1 OK for: rollup@4.63.1 want: 4.63.1
4264 silly placeDep ROOT @rollup/rollup-linux-s390x-gnu@4.63.1 OK for: rollup@4.63.1 want: 4.63.1
4265 silly placeDep ROOT @rollup/rollup-linux-x64-gnu@4.63.1 OK for: rollup@4.63.1 want: 4.63.1
4266 silly placeDep ROOT @rollup/rollup-linux-x64-musl@4.63.1 OK for: rollup@4.63.1 want: 4.63.1
4267 silly placeDep ROOT @rollup/rollup-openbsd-x64@4.63.1 OK for: rollup@4.63.1 want: 4.63.1
4268 silly placeDep ROOT @rollup/rollup-openharmony-arm64@4.63.1 OK for: rollup@4.63.1 want: 4.63.1
4269 silly placeDep ROOT @rollup/rollup-win32-arm64-msvc@4.63.1 OK for: rollup@4.63.1 want: 4.63.1
4270 silly placeDep ROOT @rollup/rollup-win32-ia32-msvc@4.63.1 OK for: rollup@4.63.1 want: 4.63.1
4271 silly placeDep ROOT @rollup/rollup-win32-x64-gnu@4.63.1 OK for: rollup@4.63.1 want: 4.63.1
4272 silly placeDep ROOT @rollup/rollup-win32-x64-msvc@4.63.1 OK for: rollup@4.63.1 want: 4.63.1
4273 silly placeDep ROOT fsevents@2.3.3 OK for: rollup@4.63.1 want: ~2.3.2
4274 silly placeDep ROOT open@11.0.2 OK for: rollup-plugin-visualizer@7.1.1 want: ^11.0.0
4275 silly placeDep node_modules/rollup-plugin-visualizer source-map@0.8.0 OK for: rollup-plugin-visualizer@7.1.1 want: ^0.8.0
4276 silly placeDep ROOT yargs@18.1.0 OK for: rollup-plugin-visualizer@7.1.1 want: ^18.1.0
4277 silly fetch manifest is-in-ssh@^1.0.0
4278 silly packumentCache full:https://registry.npmjs.org/is-in-ssh cache-miss
4279 silly fetch manifest wsl-utils@^1.0.0
4280 silly packumentCache full:https://registry.npmjs.org/wsl-utils cache-miss
4281 silly fetch manifest default-browser@^5.5.1
4282 silly packumentCache full:https://registry.npmjs.org/default-browser cache-miss
4283 http fetch GET 200 https://registry.npmjs.org/is-in-ssh 239ms (cache revalidated)
4284 silly packumentCache full:https://registry.npmjs.org/is-in-ssh set size:3973 disposed:false
4285 silly fetch manifest define-lazy-prop@^3.0.0
4286 silly packumentCache full:https://registry.npmjs.org/define-lazy-prop cache-miss
4287 http fetch GET 200 https://registry.npmjs.org/wsl-utils 252ms (cache revalidated)
4288 silly packumentCache full:https://registry.npmjs.org/wsl-utils set size:17165 disposed:false
4289 silly fetch manifest powershell-utils@^0.2.1
4290 silly packumentCache full:https://registry.npmjs.org/powershell-utils cache-miss
4291 http fetch GET 200 https://registry.npmjs.org/default-browser 259ms (cache revalidated)
4292 silly packumentCache full:https://registry.npmjs.org/default-browser set size:33554 disposed:false
4293 silly fetch manifest is-inside-container@^1.0.0
4294 silly packumentCache full:https://registry.npmjs.org/is-inside-container cache-miss
4295 http fetch GET 200 https://registry.npmjs.org/is-inside-container 285ms (cache revalidated)
4296 silly packumentCache full:https://registry.npmjs.org/is-inside-container set size:4403 disposed:false
4297 silly fetch manifest y18n@^5.0.5
4298 silly packumentCache full:https://registry.npmjs.org/y18n cache-miss
4299 http fetch GET 200 https://registry.npmjs.org/powershell-utils 304ms (cache revalidated)
4300 silly packumentCache full:https://registry.npmjs.org/powershell-utils set size:12045 disposed:false
4301 silly fetch manifest cliui@^9.0.1
4302 silly packumentCache full:https://registry.npmjs.org/cliui cache-miss
4303 http fetch GET 200 https://registry.npmjs.org/define-lazy-prop 329ms (cache revalidated)
4304 silly packumentCache full:https://registry.npmjs.org/define-lazy-prop set size:9337 disposed:false
4305 silly fetch manifest escalade@^3.1.1
4306 silly packumentCache full:https://registry.npmjs.org/escalade cache-hit
4307 silly fetch manifest string-width@^8.2.1
4308 silly packumentCache full:https://registry.npmjs.org/string-width cache-miss
4309 http fetch GET 200 https://registry.npmjs.org/cliui 171ms (cache revalidated)
4310 silly packumentCache full:https://registry.npmjs.org/cliui set size:69089 disposed:false
4311 silly fetch manifest yargs-parser@^22.0.0
4312 silly packumentCache full:https://registry.npmjs.org/yargs-parser cache-miss
4313 http fetch GET 200 https://registry.npmjs.org/y18n 185ms (cache revalidated)
4314 silly packumentCache full:https://registry.npmjs.org/y18n set size:76206 disposed:false
4315 silly fetch manifest get-caller-file@^2.0.5
4316 silly packumentCache full:https://registry.npmjs.org/get-caller-file cache-miss
4317 http fetch GET 200 https://registry.npmjs.org/string-width 295ms (cache revalidated)
4318 silly packumentCache full:https://registry.npmjs.org/string-width set size:72458 disposed:false
4319 http fetch GET 200 https://registry.npmjs.org/yargs-parser 161ms (cache revalidated)
4320 silly packumentCache full:https://registry.npmjs.org/yargs-parser set size:238681 disposed:false
4321 http fetch GET 200 https://registry.npmjs.org/get-caller-file 161ms (cache revalidated)
4322 silly packumentCache full:https://registry.npmjs.org/get-caller-file set size:26456 disposed:false
4323 silly placeDep ROOT default-browser@5.5.1 OK for: open@11.0.2 want: ^5.5.1
4324 silly placeDep ROOT define-lazy-prop@3.0.0 OK for: open@11.0.2 want: ^3.0.0
4325 silly placeDep ROOT is-in-ssh@1.0.0 OK for: open@11.0.2 want: ^1.0.0
4326 silly placeDep ROOT is-inside-container@1.0.0 OK for: open@11.0.2 want: ^1.0.0
4327 silly placeDep ROOT powershell-utils@0.2.1 OK for: open@11.0.2 want: ^0.2.1
4328 silly placeDep ROOT wsl-utils@1.0.0 OK for: open@11.0.2 want: ^1.0.0
4329 silly fetch manifest bundle-name@^4.1.0
4330 silly packumentCache full:https://registry.npmjs.org/bundle-name cache-miss
4331 silly fetch manifest default-browser-id@^5.0.0
4332 silly packumentCache full:https://registry.npmjs.org/default-browser-id cache-miss
4333 silly fetch manifest is-docker@^3.0.0
4334 silly packumentCache full:https://registry.npmjs.org/is-docker cache-miss
4335 http fetch GET 200 https://registry.npmjs.org/is-docker 169ms (cache revalidated)
4336 silly packumentCache full:https://registry.npmjs.org/is-docker set size:23690 disposed:false
4337 silly fetch manifest is-wsl@^3.1.0
4338 silly packumentCache full:https://registry.npmjs.org/is-wsl cache-miss
4339 http fetch GET 200 https://registry.npmjs.org/bundle-name 174ms (cache revalidated)
4340 silly packumentCache full:https://registry.npmjs.org/bundle-name set size:17344 disposed:false
4341 silly fetch manifest powershell-utils@^0.1.0
4342 silly packumentCache full:https://registry.npmjs.org/powershell-utils cache-hit
4343 http fetch GET 200 https://registry.npmjs.org/default-browser-id 177ms (cache revalidated)
4344 silly packumentCache full:https://registry.npmjs.org/default-browser-id set size:24398 disposed:false
4345 http fetch GET 200 https://registry.npmjs.org/is-wsl 189ms (cache revalidated)
4346 silly packumentCache full:https://registry.npmjs.org/is-wsl set size:20683 disposed:false
4347 silly placeDep ROOT bundle-name@4.1.0 OK for: default-browser@5.5.1 want: ^4.1.0
4348 silly placeDep ROOT default-browser-id@5.0.1 OK for: default-browser@5.5.1 want: ^5.0.0
4349 silly fetch manifest run-applescript@^7.0.0
4350 silly packumentCache full:https://registry.npmjs.org/run-applescript cache-miss
4351 http fetch GET 200 https://registry.npmjs.org/run-applescript 202ms (cache revalidated)
4352 silly packumentCache full:https://registry.npmjs.org/run-applescript set size:27897 disposed:false
4353 silly placeDep ROOT run-applescript@7.1.0 OK for: bundle-name@4.1.0 want: ^7.0.0
4354 silly placeDep ROOT is-docker@3.0.0 OK for: is-inside-container@1.0.0 want: ^3.0.0
4355 silly placeDep ROOT queue-microtask@1.2.3 OK for: run-parallel@1.2.0 want: ^1.2.2
4356 silly placeDep node_modules/send debug@2.6.9 OK for: send@0.19.2 want: 2.6.9
4357 silly placeDep node_modules/send mime@1.6.0 OK for: send@0.19.2 want: 1.6.0
4358 silly placeDep ROOT object-inspect@1.13.4 OK for: side-channel@1.1.1 want: ^1.13.4
4359 silly placeDep ROOT side-channel-list@1.0.1 OK for: side-channel@1.1.1 want: ^1.0.1
4360 silly placeDep ROOT side-channel-map@1.0.1 OK for: side-channel@1.1.1 want: ^1.0.1
4361 silly placeDep ROOT side-channel-weakmap@1.0.2 OK for: side-channel@1.1.1 want: ^1.0.2
4362 silly fetch manifest call-bound@^1.0.2
4363 silly packumentCache full:https://registry.npmjs.org/call-bound cache-miss
4364 silly fetch manifest call-bound@^1.0.2
4365 silly packumentCache full:https://registry.npmjs.org/call-bound cache-miss
4366 http fetch GET 200 https://registry.npmjs.org/call-bound 302ms (cache revalidated)
4367 silly packumentCache full:https://registry.npmjs.org/call-bound set size:15317 disposed:false
4368 http fetch GET 200 https://registry.npmjs.org/call-bound 329ms (cache revalidated)
4369 silly packumentCache full:https://registry.npmjs.org/call-bound set size:15317 disposed:false
4370 silly packumentCache full:https://registry.npmjs.org/call-bound dispose
4371 silly placeDep ROOT call-bound@1.0.4 OK for: side-channel-map@1.0.1 want: ^1.0.2
4372 silly placeDep ROOT @supabase/cli-darwin-arm64@2.116.0 OK for: supabase@2.116.0 want: 2.116.0
4373 silly placeDep ROOT @supabase/cli-darwin-x64@2.116.0 OK for: supabase@2.116.0 want: 2.116.0
4374 silly placeDep ROOT @supabase/cli-linux-arm64@2.116.0 OK for: supabase@2.116.0 want: 2.116.0
4375 silly placeDep ROOT @supabase/cli-linux-arm64-musl@2.116.0 OK for: supabase@2.116.0 want: 2.116.0
4376 silly placeDep ROOT @supabase/cli-linux-x64@2.116.0 OK for: supabase@2.116.0 want: 2.116.0
4377 silly placeDep ROOT @supabase/cli-linux-x64-musl@2.116.0 OK for: supabase@2.116.0 want: 2.116.0
4378 silly placeDep ROOT @supabase/cli-windows-arm64@2.116.0 OK for: supabase@2.116.0 want: 2.116.0
4379 silly placeDep ROOT @supabase/cli-windows-x64@2.116.0 OK for: supabase@2.116.0 want: 2.116.0
4380 silly placeDep ROOT eciesjs@0.5.0 OK for: supabase@2.116.0 want: ^0.5.0
4381 silly placeDep ROOT jose@6.2.10 OK for: supabase@2.116.0 want: ^6.2.9
4382 silly fetch manifest @ecies/ciphers@^0.2.6
4383 silly packumentCache full:https://registry.npmjs.org/@ecies%2fciphers cache-miss
4384 silly fetch manifest @noble/ciphers@^1.3.0
4385 silly packumentCache full:https://registry.npmjs.org/@noble%2fciphers cache-miss
4386 silly fetch manifest @noble/curves@^1.9.7
4387 silly packumentCache full:https://registry.npmjs.org/@noble%2fcurves cache-miss
4388 http fetch GET 200 https://registry.npmjs.org/@noble%2fcurves 764ms (cache revalidated)
4389 silly packumentCache full:https://registry.npmjs.org/@noble%2fcurves set size:312318 disposed:false
4390 silly fetch manifest @noble/hashes@^1.8.0
4391 silly packumentCache full:https://registry.npmjs.org/@noble%2fhashes cache-miss
4392 http fetch GET 200 https://registry.npmjs.org/@ecies%2fciphers 912ms (cache revalidated)
4393 silly packumentCache full:https://registry.npmjs.org/@ecies%2fciphers set size:25349 disposed:false
4394 http fetch GET 200 https://registry.npmjs.org/@noble%2fciphers 913ms (cache revalidated)
4395 silly packumentCache full:https://registry.npmjs.org/@noble%2fciphers set size:127874 disposed:false
4396 http fetch GET 200 https://registry.npmjs.org/@noble%2fhashes 346ms (cache revalidated)
4397 silly packumentCache full:https://registry.npmjs.org/@noble%2fhashes set size:220000 disposed:false
4398 silly placeDep ROOT @ecies/ciphers@0.2.6 OK for: eciesjs@0.5.0 want: ^0.2.6
4399 silly placeDep ROOT @noble/ciphers@1.3.0 OK for: @ecies/ciphers@0.2.6 want: ^1.0.0
4400 silly placeDep ROOT @noble/curves@1.9.7 OK for: eciesjs@0.5.0 want: ^1.9.7
4401 silly placeDep ROOT @noble/hashes@1.8.0 OK for: eciesjs@0.5.0 want: ^1.8.0
4402 silly fetch manifest @noble/hashes@1.8.0
4403 silly packumentCache full:https://registry.npmjs.org/@noble%2fhashes cache-hit
4404 silly placeDep ROOT @isaacs/fs-minipass@4.0.1 OK for: tar@7.5.22 want: ^4.0.0
4405 silly placeDep ROOT chownr@3.0.0 OK for: tar@7.5.22 want: ^3.0.0
4406 silly placeDep ROOT minizlib@3.1.0 OK for: tar@7.5.22 want: ^3.1.0
4407 silly placeDep node_modules/tar yallist@5.0.0 OK for: tar@7.5.22 want: ^5.0.0
4408 silly fetch manifest react-native-b4a@*
4409 silly packumentCache full:https://registry.npmjs.org/react-native-b4a cache-miss
4410 http fetch GET 200 https://registry.npmjs.org/react-native-b4a 262ms (cache revalidated)
4411 silly packumentCache full:https://registry.npmjs.org/react-native-b4a set size:12027 disposed:false
4412 silly fetch manifest bare-buffer@*
4413 silly packumentCache full:https://registry.npmjs.org/bare-buffer cache-miss
4414 http fetch GET 200 https://registry.npmjs.org/bare-buffer 169ms (cache revalidated)
4415 silly packumentCache full:https://registry.npmjs.org/bare-buffer set size:98181 disposed:false
4416 silly placeDep ROOT b4a@1.8.1 OK for: tar-stream@3.2.1 want: ^1.6.4
4417 silly placeDep ROOT bare-fs@4.8.1 OK for: tar-stream@3.2.1 want: ^4.5.5
4418 silly placeDep ROOT fast-fifo@1.3.2 OK for: tar-stream@3.2.1 want: ^1.2.0
4419 silly placeDep ROOT streamx@2.28.1 OK for: tar-stream@3.2.1 want: ^2.15.0
4420 silly fetch manifest bare-url@^2.2.2
4421 silly packumentCache full:https://registry.npmjs.org/bare-url cache-miss
4422 silly fetch manifest bare-path@^3.0.0
4423 silly packumentCache full:https://registry.npmjs.org/bare-path cache-miss
4424 silly fetch manifest fast-fifo@^1.3.2
4425 silly packumentCache full:https://registry.npmjs.org/fast-fifo cache-hit
4426 silly fetch manifest bare-events@^2.5.4
4427 silly packumentCache full:https://registry.npmjs.org/bare-events cache-miss
4428 http fetch GET 200 https://registry.npmjs.org/bare-path 217ms (cache revalidated)
4429 silly packumentCache full:https://registry.npmjs.org/bare-path set size:23396 disposed:false
4430 silly fetch manifest bare-stream@^2.6.4
4431 silly packumentCache full:https://registry.npmjs.org/bare-stream cache-miss
4432 http fetch GET 200 https://registry.npmjs.org/bare-url 221ms (cache revalidated)
4433 silly packumentCache full:https://registry.npmjs.org/bare-url set size:115957 disposed:false
4434 silly fetch manifest text-decoder@^1.1.0
4435 silly packumentCache full:https://registry.npmjs.org/text-decoder cache-miss
4436 http fetch GET 200 https://registry.npmjs.org/bare-events 222ms (cache revalidated)
4437 silly packumentCache full:https://registry.npmjs.org/bare-events set size:54406 disposed:false
4438 silly fetch manifest events-universal@^1.0.0
4439 silly packumentCache full:https://registry.npmjs.org/events-universal cache-miss
4440 http fetch GET 200 https://registry.npmjs.org/text-decoder 159ms (cache revalidated)
4441 silly packumentCache full:https://registry.npmjs.org/text-decoder set size:22264 disposed:false
4442 http fetch GET 200 https://registry.npmjs.org/bare-stream 169ms (cache revalidated)
4443 silly packumentCache full:https://registry.npmjs.org/bare-stream set size:81829 disposed:false
4444 http fetch GET 200 https://registry.npmjs.org/events-universal 176ms (cache revalidated)
4445 silly packumentCache full:https://registry.npmjs.org/events-universal set size:4251 disposed:false
4446 silly fetch manifest bare-abort-controller@*
4447 silly packumentCache full:https://registry.npmjs.org/bare-abort-controller cache-miss
4448 http fetch GET 200 https://registry.npmjs.org/bare-abort-controller 211ms (cache revalidated)
4449 silly packumentCache full:https://registry.npmjs.org/bare-abort-controller set size:11265 disposed:false
4450 silly placeDep ROOT bare-events@2.9.2 OK for: bare-fs@4.8.1 want: ^2.5.4
4451 silly placeDep ROOT bare-path@3.1.1 OK for: bare-fs@4.8.1 want: ^3.0.0
4452 silly placeDep ROOT bare-stream@2.13.4 OK for: bare-fs@4.8.1 want: ^2.6.4
4453 silly placeDep ROOT bare-url@2.5.2 OK for: bare-fs@4.8.1 want: ^2.2.2
4454 silly fetch manifest teex@^1.0.1
4455 silly packumentCache full:https://registry.npmjs.org/teex cache-miss
4456 http fetch GET 200 https://registry.npmjs.org/teex 177ms (cache revalidated)
4457 silly packumentCache full:https://registry.npmjs.org/teex set size:5952 disposed:false
4458 silly placeDep ROOT teex@1.0.1 OK for: bare-stream@2.13.4 want: ^1.0.1
4459 silly placeDep ROOT events-universal@1.0.1 OK for: streamx@2.28.1 want: ^1.0.0
4460 silly placeDep ROOT text-decoder@1.2.7 OK for: streamx@2.28.1 want: ^1.1.0
4461 silly placeDep ROOT @jridgewell/source-map@0.3.11 OK for: terser@5.51.2 want: ^0.3.3
4462 silly placeDep ROOT commander@2.20.3 OK for: terser@5.51.2 want: ^2.20.0
4463 silly placeDep ROOT source-map-support@0.5.21 OK for: terser@5.51.2 want: ~0.5.20
4464 silly fetch manifest buffer-from@^1.0.0
4465 silly packumentCache full:https://registry.npmjs.org/buffer-from cache-miss
4466 silly fetch manifest source-map@^0.6.0
4467 silly packumentCache full:https://registry.npmjs.org/source-map cache-hit
4468 http fetch GET 200 https://registry.npmjs.org/buffer-from 168ms (cache revalidated)
4469 silly packumentCache full:https://registry.npmjs.org/buffer-from set size:15463 disposed:false
4470 silly placeDep ROOT buffer-from@1.1.2 OK for: source-map-support@0.5.21 want: ^1.0.0
4471 silly placeDep node_modules/source-map-support source-map@0.6.1 OK for: source-map-support@0.5.21 want: ^0.6.0
4472 silly placeDep ROOT is-number@7.0.0 OK for: to-regex-range@5.0.1 want: ^7.0.0
4473 silly placeDep node_modules/tsx esbuild@0.28.2 OK for: tsx@4.23.13 want: ~0.28.0
4474 silly placeDep ROOT tagged-tag@1.0.0 OK for: type-fest@5.8.0 want: ^1.0.0
4475 silly placeDep ROOT media-typer@0.3.0 OK for: type-is@1.6.18 want: 0.3.0
4476 silly placeDep node_modules/unctx estree-walker@3.0.3 OK for: unctx@2.5.0 want: ^3.0.3
4477 silly placeDep ROOT unplugin@2.3.11 OK for: unctx@2.5.0 want: ^2.3.11
4478 silly fetch manifest webpack-virtual-modules@^0.6.2
4479 silly packumentCache full:https://registry.npmjs.org/webpack-virtual-modules cache-miss
4480 http fetch GET 200 https://registry.npmjs.org/webpack-virtual-modules 361ms (cache revalidated)
4481 silly packumentCache full:https://registry.npmjs.org/webpack-virtual-modules set size:74780 disposed:false
4482 silly placeDep node_modules/unenv mime@3.0.0 OK for: unenv@1.10.0 want: ^3.0.0
4483 silly placeDep node_modules/unenv pathe@1.1.2 OK for: unenv@1.10.0 want: ^1.1.2
4484 silly fetch manifest @farmfe/core@*
4485 silly packumentCache full:https://registry.npmjs.org/@farmfe%2fcore cache-miss
4486 http fetch GET 200 https://registry.npmjs.org/@farmfe%2fcore 204ms (cache revalidated)
4487 silly packumentCache full:https://registry.npmjs.org/@farmfe%2fcore set size:1180909 disposed:false
4488 silly fetch manifest @rspack/core@*
4489 silly packumentCache full:https://registry.npmjs.org/@rspack%2fcore cache-miss
4490 http fetch GET 200 https://registry.npmjs.org/@rspack%2fcore 612ms (cache revalidated)
4491 silly packumentCache full:https://registry.npmjs.org/@rspack%2fcore set size:4462970 disposed:false
4492 silly fetch manifest @module-federation/runtime-tools@^0.24.1 || ^2.0.0
4493 silly packumentCache full:https://registry.npmjs.org/@module-federation%2fruntime-tools cache-miss
4494 http fetch GET 200 https://registry.npmjs.org/@module-federation%2fruntime-tools 236ms (cache revalidated)
4495 silly packumentCache full:https://registry.npmjs.org/@module-federation%2fruntime-tools set size:3810650 disposed:false
4496 silly fetch manifest @swc/helpers@^0.5.23
4497 silly packumentCache full:https://registry.npmjs.org/@swc%2fhelpers cache-miss
4498 http fetch GET 200 https://registry.npmjs.org/@swc%2fhelpers 351ms (cache revalidated)
4499 silly packumentCache full:https://registry.npmjs.org/@swc%2fhelpers set size:775458 disposed:false
4500 silly fetch manifest bun-types-no-globals@*
4501 silly packumentCache full:https://registry.npmjs.org/bun-types-no-globals cache-miss
4502 http fetch GET 200 https://registry.npmjs.org/bun-types-no-globals 328ms (cache revalidated)
4503 silly packumentCache full:https://registry.npmjs.org/bun-types-no-globals set size:446025 disposed:false
4504 silly fetch manifest esbuild@*
4505 silly packumentCache full:https://registry.npmjs.org/esbuild cache-miss
4506 http cache https://registry.npmjs.org/esbuild 177ms (cache hit)
4507 silly packumentCache full:https://registry.npmjs.org/esbuild set size:1264676 disposed:false
4508 silly fetch manifest rollup@*
4509 silly packumentCache full:https://registry.npmjs.org/rollup cache-miss
4510 http cache https://registry.npmjs.org/rollup 34ms (cache hit)
4511 silly packumentCache full:https://registry.npmjs.org/rollup set size:6315915 disposed:false
4512 silly fetch manifest unloader@*
4513 silly packumentCache full:https://registry.npmjs.org/unloader cache-miss
4514 http fetch GET 200 https://registry.npmjs.org/unloader 359ms (cache revalidated)
4515 silly packumentCache full:https://registry.npmjs.org/unloader set size:70170 disposed:false
4516 silly fetch manifest vite@*
4517 silly packumentCache full:https://registry.npmjs.org/vite cache-miss
4518 http cache https://registry.npmjs.org/vite 168ms (cache hit)
4519 silly packumentCache full:https://registry.npmjs.org/vite set size:38929639 disposed:false
4520 silly fetch manifest webpack@*
4521 silly packumentCache full:https://registry.npmjs.org/webpack cache-miss
4522 http cache https://registry.npmjs.org/webpack 33ms (cache hit)
4523 silly packumentCache full:https://registry.npmjs.org/webpack set size:5150427 disposed:false
4524 silly placeDep node_modules/unimport estree-walker@3.0.3 OK for: unimport@6.4.0 want: ^3.0.3
4525 silly placeDep ROOT local-pkg@1.2.1 OK for: unimport@6.4.0 want: ^1.2.1
4526 silly placeDep node_modules/unimport magic-string@1.2.3 OK for: unimport@6.4.0 want: ^1.1.0
4527 silly placeDep ROOT strip-literal@4.0.0 OK for: unimport@6.4.0 want: ^4.0.0
4528 silly placeDep node_modules/unimport unplugin@3.3.0 OK for: unimport@6.4.0 want: ^3.3.0
4529 silly fetch manifest quansync@^0.2.11
4530 silly packumentCache full:https://registry.npmjs.org/quansync cache-miss
4531 silly fetch manifest js-tokens@^10.0.0
4532 silly packumentCache full:https://registry.npmjs.org/js-tokens cache-hit
4533 http fetch GET 200 https://registry.npmjs.org/quansync 328ms (cache revalidated)
4534 silly packumentCache full:https://registry.npmjs.org/quansync set size:63829 disposed:false
4535 silly placeDep ROOT quansync@0.2.11 OK for: local-pkg@1.2.1 want: ^0.2.11
4536 silly placeDep node_modules/strip-literal js-tokens@10.0.0 OK for: strip-literal@4.0.0 want: ^10.0.0
4537 silly placeDep ROOT webpack-virtual-modules@0.6.2 OK for: unplugin@2.3.11 want: ^0.6.2
4538 silly placeDep ROOT anymatch@3.1.3 OK for: unstorage@1.17.5 want: ^3.1.3
4539 silly placeDep node_modules/unstorage h3@1.15.11 OK for: unstorage@1.17.5 want: ^1.15.10
4540 silly placeDep node_modules/unstorage lru-cache@11.5.2 OK for: unstorage@1.17.5 want: ^11.2.7
4541 silly fetch manifest picomatch@^2.0.4
4542 silly packumentCache full:https://registry.npmjs.org/picomatch cache-hit
4543 silly placeDep node_modules/anymatch picomatch@2.3.2 OK for: anymatch@3.1.3 want: ^2.0.4
4544 silly placeDep node_modules/untyped citty@0.1.6 OK for: untyped@2.0.0 want: ^0.1.6
4545 silly placeDep ROOT escalade@3.2.0 OK for: update-browserslist-db@1.3.2 want: ^3.2.0
4546 silly placeDep ROOT @types/d3-array@3.2.2 OK for: victory-vendor@37.3.6 want: ^3.0.3
4547 silly placeDep ROOT @types/d3-ease@3.0.2 OK for: victory-vendor@37.3.6 want: ^3.0.0
4548 silly placeDep ROOT @types/d3-interpolate@3.0.4 OK for: victory-vendor@37.3.6 want: ^3.0.1
4549 silly placeDep ROOT @types/d3-scale@4.0.9 OK for: victory-vendor@37.3.6 want: ^4.0.2
4550 silly placeDep ROOT @types/d3-shape@3.2.0 OK for: victory-vendor@37.3.6 want: ^3.1.0
4551 silly placeDep ROOT @types/d3-time@3.0.4 OK for: victory-vendor@37.3.6 want: ^3.0.0
4552 silly placeDep ROOT @types/d3-timer@3.0.2 OK for: victory-vendor@37.3.6 want: ^3.0.0
4553 silly placeDep ROOT d3-array@3.2.4 OK for: victory-vendor@37.3.6 want: ^3.1.6
4554 silly placeDep ROOT d3-ease@3.0.1 OK for: victory-vendor@37.3.6 want: ^3.0.1
4555 silly placeDep ROOT d3-interpolate@3.0.1 OK for: victory-vendor@37.3.6 want: ^3.0.1
4556 silly placeDep ROOT d3-scale@4.0.2 OK for: victory-vendor@37.3.6 want: ^4.0.2
4557 silly placeDep ROOT d3-shape@3.2.0 OK for: victory-vendor@37.3.6 want: ^3.1.0
4558 silly placeDep ROOT d3-time@3.1.0 OK for: victory-vendor@37.3.6 want: ^3.0.0
4559 silly placeDep ROOT d3-timer@3.0.1 OK for: victory-vendor@37.3.6 want: ^3.0.1
4560 silly fetch manifest @types/d3-color@*
4561 silly packumentCache full:https://registry.npmjs.org/@types%2fd3-color cache-miss
4562 silly fetch manifest @types/d3-time@*
4563 silly packumentCache full:https://registry.npmjs.org/@types%2fd3-time cache-hit
4564 silly fetch manifest @types/d3-path@*
4565 silly packumentCache full:https://registry.npmjs.org/@types%2fd3-path cache-miss
4566 silly fetch manifest internmap@1 - 2
4567 silly packumentCache full:https://registry.npmjs.org/internmap cache-miss
4568 http fetch GET 200 https://registry.npmjs.org/@types%2fd3-color 234ms (cache revalidated)
4569 silly packumentCache full:https://registry.npmjs.org/@types%2fd3-color set size:69998 disposed:false
4570 silly fetch manifest d3-color@1 - 3
4571 silly packumentCache full:https://registry.npmjs.org/d3-color cache-miss
4572 http fetch GET 200 https://registry.npmjs.org/internmap 239ms (cache revalidated)
4573 silly packumentCache full:https://registry.npmjs.org/internmap set size:19637 disposed:false
4574 silly fetch manifest d3-format@1 - 3
4575 silly packumentCache full:https://registry.npmjs.org/d3-format cache-miss
4576 http fetch GET 200 https://registry.npmjs.org/@types%2fd3-path 254ms (cache revalidated)
4577 silly packumentCache full:https://registry.npmjs.org/@types%2fd3-path set size:41268 disposed:false
4578 silly fetch manifest d3-time@2.1.1 - 3
4579 silly packumentCache full:https://registry.npmjs.org/d3-time cache-hit
4580 silly fetch manifest d3-time-format@2 - 4
4581 silly packumentCache full:https://registry.npmjs.org/d3-time-format cache-miss
4582 http fetch GET 200 https://registry.npmjs.org/d3-color 188ms (cache revalidated)
4583 silly packumentCache full:https://registry.npmjs.org/d3-color set size:142335 disposed:false
4584 silly fetch manifest d3-path@^3.1.0
4585 silly packumentCache full:https://registry.npmjs.org/d3-path cache-miss
4586 http fetch GET 200 https://registry.npmjs.org/d3-time-format 178ms (cache revalidated)
4587 silly packumentCache full:https://registry.npmjs.org/d3-time-format set size:124514 disposed:false
4588 http fetch GET 200 https://registry.npmjs.org/d3-format 193ms (cache revalidated)
4589 silly packumentCache full:https://registry.npmjs.org/d3-format set size:107249 disposed:false
4590 http fetch GET 200 https://registry.npmjs.org/d3-path 329ms (cache revalidated)
4591 silly packumentCache full:https://registry.npmjs.org/d3-path set size:77883 disposed:false
4592 silly placeDep ROOT @types/d3-color@3.1.3 OK for: @types/d3-interpolate@3.0.4 want: *
4593 silly placeDep ROOT @types/d3-path@3.1.1 OK for: @types/d3-shape@3.2.0 want: *
4594 silly placeDep ROOT internmap@2.0.3 OK for: d3-array@3.2.4 want: 1 - 2
4595 silly placeDep ROOT d3-color@3.1.0 OK for: d3-interpolate@3.0.1 want: 1 - 3
4596 silly placeDep ROOT d3-format@3.1.2 OK for: d3-scale@4.0.2 want: 1 - 3
4597 silly placeDep ROOT d3-time-format@4.1.0 OK for: d3-scale@4.0.2 want: 2 - 4
4598 silly placeDep ROOT d3-path@3.1.0 OK for: d3-shape@3.2.0 want: ^3.1.0
4599 silly placeDep ROOT @types/micromatch@4.0.10 OK for: vinxi@0.5.3 want: ^4.0.2
4600 silly placeDep ROOT @vinxi/listhen@1.5.6 OK for: vinxi@0.5.3 want: ^1.5.6
4601 silly placeDep ROOT boxen@7.1.1 OK for: vinxi@0.5.3 want: ^7.1.1
4602 silly placeDep node_modules/vinxi chokidar@3.6.0 OK for: vinxi@0.5.3 want: ^3.5.3
4603 silly placeDep node_modules/vinxi citty@0.1.6 OK for: vinxi@0.5.3 want: ^0.1.4
4604 silly placeDep node_modules/vinxi crossws@0.3.5 OK for: vinxi@0.5.3 want: ^0.3.1
4605 silly placeDep ROOT dax-sh@0.39.2 OK for: vinxi@0.5.3 want: ^0.39.1
4606 silly placeDep ROOT es-module-lexer@1.7.0 OK for: vinxi@0.5.3 want: ^1.3.0
4607 silly placeDep node_modules/vinxi esbuild@0.20.2 OK for: vinxi@0.5.3 want: ^0.20.2
4608 silly placeDep ROOT http-proxy@1.18.1 OK for: vinxi@0.5.3 want: ^1.18.1
4609 silly placeDep node_modules/vinxi path-to-regexp@6.3.0 OK for: vinxi@0.5.3 want: ^6.2.1
4610 silly placeDep node_modules/vinxi pathe@1.1.2 OK for: vinxi@0.5.3 want: ^1.1.1
4611 silly placeDep node_modules/vinxi zod@3.25.76 OK for: vinxi@0.5.3 want: ^3.22.2
4612 silly fetch manifest @types/braces@*
4613 silly packumentCache full:https://registry.npmjs.org/@types%2fbraces cache-miss
4614 silly fetch manifest @parcel/watcher@^2.3.0
4615 silly packumentCache full:https://registry.npmjs.org/@parcel%2fwatcher cache-hit
4616 silly fetch manifest @parcel/watcher-wasm@2.3.0
4617 silly packumentCache full:https://registry.npmjs.org/@parcel%2fwatcher-wasm cache-hit
4618 silly fetch manifest citty@^0.1.5
4619 silly packumentCache full:https://registry.npmjs.org/citty cache-hit
4620 silly fetch manifest clipboardy@^4.0.0
4621 silly packumentCache full:https://registry.npmjs.org/clipboardy cache-miss
4622 silly fetch manifest jiti@^1.21.0
4623 silly packumentCache full:https://registry.npmjs.org/jiti cache-hit
4624 silly fetch manifest std-env@^3.7.0
4625 silly packumentCache full:https://registry.npmjs.org/std-env cache-hit
4626 silly fetch manifest untun@^0.1.3
4627 silly packumentCache full:https://registry.npmjs.org/untun cache-hit
4628 silly fetch manifest chalk@^5.2.0
4629 silly packumentCache full:https://registry.npmjs.org/chalk cache-miss
4630 http fetch GET 200 https://registry.npmjs.org/chalk 246ms (cache revalidated)
4631 silly packumentCache full:https://registry.npmjs.org/chalk set size:134775 disposed:false
4632 silly fetch manifest camelcase@^7.0.1
4633 silly packumentCache full:https://registry.npmjs.org/camelcase cache-miss
4634 http fetch GET 200 https://registry.npmjs.org/camelcase 173ms (cache revalidated)
4635 silly packumentCache full:https://registry.npmjs.org/camelcase set size:60255 disposed:false
4636 silly fetch manifest cli-boxes@^3.0.0
4637 silly packumentCache full:https://registry.npmjs.org/cli-boxes cache-miss
4638 http fetch GET 200 https://registry.npmjs.org/clipboardy 443ms (cache revalidated)
4639 silly packumentCache full:https://registry.npmjs.org/clipboardy set size:63362 disposed:false
4640 silly fetch manifest type-fest@^2.13.0
4641 silly packumentCache full:https://registry.npmjs.org/type-fest cache-hit
4642 silly fetch manifest wrap-ansi@^8.1.0
4643 silly packumentCache full:https://registry.npmjs.org/wrap-ansi cache-miss
4644 http fetch GET 200 https://registry.npmjs.org/cli-boxes 330ms (cache revalidated)
4645 silly packumentCache full:https://registry.npmjs.org/cli-boxes set size:19853 disposed:false
4646 silly fetch manifest ansi-align@^3.0.1
4647 silly packumentCache full:https://registry.npmjs.org/ansi-align cache-miss
4648 http fetch GET 200 https://registry.npmjs.org/@types%2fbraces 782ms (cache revalidated)
4649 silly packumentCache full:https://registry.npmjs.org/@types%2fbraces set size:13811 disposed:false
4650 silly fetch manifest widest-line@^4.0.1
4651 silly packumentCache full:https://registry.npmjs.org/widest-line cache-miss
4652 http fetch GET 200 https://registry.npmjs.org/wrap-ansi 327ms (cache revalidated)
4653 silly packumentCache full:https://registry.npmjs.org/wrap-ansi set size:57461 disposed:false
4654 silly fetch manifest string-width@^5.1.2
4655 silly packumentCache full:https://registry.npmjs.org/string-width cache-hit
4656 silly fetch manifest readdirp@~3.6.0
4657 silly packumentCache full:https://registry.npmjs.org/readdirp cache-hit
4658 silly fetch manifest is-binary-path@~2.1.0
4659 silly packumentCache full:https://registry.npmjs.org/is-binary-path cache-miss
4660 http fetch GET 200 https://registry.npmjs.org/ansi-align 177ms (cache revalidated)
4661 silly packumentCache full:https://registry.npmjs.org/ansi-align set size:13890 disposed:false
4662 silly fetch manifest undici-types@^5.26
4663 silly packumentCache full:https://registry.npmjs.org/undici-types cache-hit
4664 silly fetch manifest @deno/shim-deno@~0.19.0
4665 silly packumentCache full:https://registry.npmjs.org/@deno%2fshim-deno cache-miss
4666 http fetch GET 200 https://registry.npmjs.org/widest-line 177ms (cache revalidated)
4667 silly packumentCache full:https://registry.npmjs.org/widest-line set size:23158 disposed:false
4668 silly fetch manifest @esbuild/aix-ppc64@0.20.2
4669 silly packumentCache full:https://registry.npmjs.org/@esbuild%2faix-ppc64 cache-hit
4670 silly fetch manifest @esbuild/linux-arm@0.20.2
4671 silly packumentCache full:https://registry.npmjs.org/@esbuild%2flinux-arm cache-hit
4672 silly fetch manifest @esbuild/linux-x64@0.20.2
4673 silly packumentCache full:https://registry.npmjs.org/@esbuild%2flinux-x64 cache-hit
4674 silly fetch manifest @esbuild/sunos-x64@0.20.2
4675 silly packumentCache full:https://registry.npmjs.org/@esbuild%2fsunos-x64 cache-hit
4676 silly fetch manifest @esbuild/win32-x64@0.20.2
4677 silly packumentCache full:https://registry.npmjs.org/@esbuild%2fwin32-x64 cache-hit
4678 silly fetch manifest @esbuild/darwin-x64@0.20.2
4679 silly packumentCache full:https://registry.npmjs.org/@esbuild%2fdarwin-x64 cache-hit
4680 silly fetch manifest @esbuild/linux-ia32@0.20.2
4681 silly packumentCache full:https://registry.npmjs.org/@esbuild%2flinux-ia32 cache-hit
4682 silly fetch manifest @esbuild/netbsd-x64@0.20.2
4683 silly packumentCache full:https://registry.npmjs.org/@esbuild%2fnetbsd-x64 cache-hit
4684 silly fetch manifest @esbuild/win32-ia32@0.20.2
4685 silly packumentCache full:https://registry.npmjs.org/@esbuild%2fwin32-ia32 cache-hit
4686 silly fetch manifest @esbuild/android-arm@0.20.2
4687 silly packumentCache full:https://registry.npmjs.org/@esbuild%2fandroid-arm cache-hit
4688 silly fetch manifest @esbuild/android-x64@0.20.2
4689 silly packumentCache full:https://registry.npmjs.org/@esbuild%2fandroid-x64 cache-hit
4690 silly fetch manifest @esbuild/freebsd-x64@0.20.2
4691 silly packumentCache full:https://registry.npmjs.org/@esbuild%2ffreebsd-x64 cache-hit
4692 silly fetch manifest @esbuild/linux-arm64@0.20.2
4693 silly packumentCache full:https://registry.npmjs.org/@esbuild%2flinux-arm64 cache-hit
4694 silly fetch manifest @esbuild/linux-ppc64@0.20.2
4695 silly packumentCache full:https://registry.npmjs.org/@esbuild%2flinux-ppc64 cache-hit
4696 silly fetch manifest @esbuild/linux-s390x@0.20.2
4697 silly packumentCache full:https://registry.npmjs.org/@esbuild%2flinux-s390x cache-hit
4698 silly fetch manifest @esbuild/openbsd-x64@0.20.2
4699 silly packumentCache full:https://registry.npmjs.org/@esbuild%2fopenbsd-x64 cache-hit
4700 silly fetch manifest @esbuild/win32-arm64@0.20.2
4701 silly packumentCache full:https://registry.npmjs.org/@esbuild%2fwin32-arm64 cache-hit
4702 silly fetch manifest @esbuild/darwin-arm64@0.20.2
4703 silly packumentCache full:https://registry.npmjs.org/@esbuild%2fdarwin-arm64 cache-hit
4704 silly fetch manifest @esbuild/android-arm64@0.20.2
4705 silly packumentCache full:https://registry.npmjs.org/@esbuild%2fandroid-arm64 cache-hit
4706 silly fetch manifest @esbuild/freebsd-arm64@0.20.2
4707 silly packumentCache full:https://registry.npmjs.org/@esbuild%2ffreebsd-arm64 cache-hit
4708 silly fetch manifest @esbuild/linux-loong64@0.20.2
4709 silly packumentCache full:https://registry.npmjs.org/@esbuild%2flinux-loong64 cache-hit
4710 silly fetch manifest @esbuild/linux-riscv64@0.20.2
4711 silly packumentCache full:https://registry.npmjs.org/@esbuild%2flinux-riscv64 cache-hit
4712 silly fetch manifest @esbuild/linux-mips64el@0.20.2
4713 silly packumentCache full:https://registry.npmjs.org/@esbuild%2flinux-mips64el cache-hit
4714 silly fetch manifest eventemitter3@^4.0.0
4715 silly packumentCache full:https://registry.npmjs.org/eventemitter3 cache-hit
4716 silly fetch manifest requires-port@^1.0.0
4717 silly packumentCache full:https://registry.npmjs.org/requires-port cache-miss
4718 http fetch GET 200 https://registry.npmjs.org/is-binary-path 220ms (cache revalidated)
4719 silly packumentCache full:https://registry.npmjs.org/is-binary-path set size:13475 disposed:false
4720 http fetch GET 200 https://registry.npmjs.org/requires-port 196ms (cache revalidated)
4721 silly packumentCache full:https://registry.npmjs.org/requires-port set size:8110 disposed:false
4722 http fetch GET 200 https://registry.npmjs.org/@deno%2fshim-deno 728ms (cache revalidated)
4723 silly packumentCache full:https://registry.npmjs.org/@deno%2fshim-deno set size:98012 disposed:false
4724 silly placeDep ROOT @types/braces@3.0.5 OK for: @types/micromatch@4.0.10 want: *
4725 silly placeDep ROOT @parcel/watcher@2.6.0 OK for: @vinxi/listhen@1.5.6 want: ^2.3.0
4726 silly placeDep node_modules/@vinxi/listhen @parcel/watcher-wasm@2.3.0 OK for: @vinxi/listhen@1.5.6 want: 2.3.0
4727 silly placeDep node_modules/@vinxi/listhen citty@0.1.6 OK for: @vinxi/listhen@1.5.6 want: ^0.1.5
4728 silly placeDep ROOT clipboardy@4.0.0 OK for: @vinxi/listhen@1.5.6 want: ^4.0.0
4729 silly placeDep node_modules/@vinxi/listhen jiti@1.21.7 OK for: @vinxi/listhen@1.5.6 want: ^1.21.0
4730 silly placeDep node_modules/@vinxi/listhen pathe@1.1.2 OK for: @vinxi/listhen@1.5.6 want: ^1.1.2
4731 silly placeDep node_modules/@vinxi/listhen std-env@3.10.0 OK for: @vinxi/listhen@1.5.6 want: ^3.7.0
4732 silly placeDep node_modules/@vinxi/listhen untun@0.1.3 OK for: @vinxi/listhen@1.5.6 want: ^0.1.3
4733 silly fetch manifest node-addon-api@^7.0.0
4734 silly packumentCache full:https://registry.npmjs.org/node-addon-api cache-miss
4735 silly fetch manifest @parcel/watcher-darwin-x64@2.6.0
4736 silly packumentCache full:https://registry.npmjs.org/@parcel%2fwatcher-darwin-x64 cache-miss
4737 silly fetch manifest @parcel/watcher-darwin-arm64@2.6.0
4738 silly packumentCache full:https://registry.npmjs.org/@parcel%2fwatcher-darwin-arm64 cache-miss
4739 http fetch GET 200 https://registry.npmjs.org/@parcel%2fwatcher-darwin-arm64 374ms (cache revalidated)
4740 silly packumentCache full:https://registry.npmjs.org/@parcel%2fwatcher-darwin-arm64 set size:28259 disposed:false
4741 silly fetch manifest @parcel/watcher-win32-x64@2.6.0
4742 silly packumentCache full:https://registry.npmjs.org/@parcel%2fwatcher-win32-x64 cache-miss
4743 http fetch GET 200 https://registry.npmjs.org/node-addon-api 386ms (cache revalidated)
4744 silly packumentCache full:https://registry.npmjs.org/node-addon-api set size:385298 disposed:false
4745 silly fetch manifest @parcel/watcher-win32-arm64@2.6.0
4746 silly packumentCache full:https://registry.npmjs.org/@parcel%2fwatcher-win32-arm64 cache-miss
4747 http fetch GET 200 https://registry.npmjs.org/@parcel%2fwatcher-darwin-x64 513ms (cache revalidated)
4748 silly packumentCache full:https://registry.npmjs.org/@parcel%2fwatcher-darwin-x64 set size:28048 disposed:false
4749 silly fetch manifest @parcel/watcher-linux-x64-glibc@2.6.0
4750 silly packumentCache full:https://registry.npmjs.org/@parcel%2fwatcher-linux-x64-glibc cache-miss
4751 http fetch GET 200 https://registry.npmjs.org/@parcel%2fwatcher-win32-x64 192ms (cache revalidated)
4752 silly packumentCache full:https://registry.npmjs.org/@parcel%2fwatcher-win32-x64 set size:27941 disposed:false
4753 silly fetch manifest @parcel/watcher-linux-x64-musl@2.6.0
4754 silly packumentCache full:https://registry.npmjs.org/@parcel%2fwatcher-linux-x64-musl cache-miss
4755 http fetch GET 200 https://registry.npmjs.org/@parcel%2fwatcher-win32-arm64 398ms (cache revalidated)
4756 silly packumentCache full:https://registry.npmjs.org/@parcel%2fwatcher-win32-arm64 set size:26524 disposed:false
4757 silly fetch manifest @parcel/watcher-linux-arm64-glibc@2.6.0
4758 silly packumentCache full:https://registry.npmjs.org/@parcel%2fwatcher-linux-arm64-glibc cache-miss
4759 http fetch GET 200 https://registry.npmjs.org/@parcel%2fwatcher-linux-x64-glibc 381ms (cache revalidated)
4760 silly packumentCache full:https://registry.npmjs.org/@parcel%2fwatcher-linux-x64-glibc set size:28760 disposed:false
4761 silly fetch manifest @parcel/watcher-linux-arm64-musl@2.6.0
4762 silly packumentCache full:https://registry.npmjs.org/@parcel%2fwatcher-linux-arm64-musl cache-miss
4763 http fetch GET 200 https://registry.npmjs.org/@parcel%2fwatcher-linux-arm64-musl 426ms (cache revalidated)
4764 silly packumentCache full:https://registry.npmjs.org/@parcel%2fwatcher-linux-arm64-musl set size:28863 disposed:false
4765 silly fetch manifest @parcel/watcher-linux-arm-glibc@2.6.0
4766 silly packumentCache full:https://registry.npmjs.org/@parcel%2fwatcher-linux-arm-glibc cache-miss
4767 http fetch GET 200 https://registry.npmjs.org/@parcel%2fwatcher-linux-x64-musl 759ms (cache revalidated)
4768 silly packumentCache full:https://registry.npmjs.org/@parcel%2fwatcher-linux-x64-musl set size:28654 disposed:false
4769 silly fetch manifest @parcel/watcher-linux-arm-musl@2.6.0
4770 silly packumentCache full:https://registry.npmjs.org/@parcel%2fwatcher-linux-arm-musl cache-miss
4771 http fetch GET 200 https://registry.npmjs.org/@parcel%2fwatcher-linux-arm64-glibc 556ms (cache revalidated)
4772 silly packumentCache full:https://registry.npmjs.org/@parcel%2fwatcher-linux-arm64-glibc set size:28972 disposed:false
4773 silly fetch manifest @parcel/watcher-android-arm64@2.6.0
4774 silly packumentCache full:https://registry.npmjs.org/@parcel%2fwatcher-android-arm64 cache-miss
4775 http fetch GET 200 https://registry.npmjs.org/@parcel%2fwatcher-linux-arm-glibc 220ms (cache revalidated)
4776 silly packumentCache full:https://registry.npmjs.org/@parcel%2fwatcher-linux-arm-glibc set size:28757 disposed:false
4777 silly fetch manifest @parcel/watcher-freebsd-x64@2.6.0
4778 silly packumentCache full:https://registry.npmjs.org/@parcel%2fwatcher-freebsd-x64 cache-miss
4779 http fetch GET 200 https://registry.npmjs.org/@parcel%2fwatcher-linux-arm-musl 228ms (cache revalidated)
4780 silly packumentCache full:https://registry.npmjs.org/@parcel%2fwatcher-linux-arm-musl set size:8932 disposed:false
4781 silly fetch manifest execa@^8.0.1
4782 silly packumentCache full:https://registry.npmjs.org/execa cache-miss
4783 http fetch GET 200 https://registry.npmjs.org/@parcel%2fwatcher-android-arm64 238ms (cache revalidated)
4784 silly packumentCache full:https://registry.npmjs.org/@parcel%2fwatcher-android-arm64 set size:26719 disposed:false
4785 silly fetch manifest is64bit@^2.0.0
4786 silly packumentCache full:https://registry.npmjs.org/is64bit cache-miss
4787 http fetch GET 200 https://registry.npmjs.org/execa 191ms (cache revalidated)
4788 silly packumentCache full:https://registry.npmjs.org/execa set size:188760 disposed:false
4789 http fetch GET 200 https://registry.npmjs.org/is64bit 484ms (cache revalidated)
4790 silly packumentCache full:https://registry.npmjs.org/is64bit set size:11351 disposed:false
4791 http fetch GET 200 https://registry.npmjs.org/@parcel%2fwatcher-freebsd-x64 540ms (cache revalidated)
4792 silly packumentCache full:https://registry.npmjs.org/@parcel%2fwatcher-freebsd-x64 set size:21676 disposed:false
4793 silly placeDep ROOT @parcel/watcher-android-arm64@2.6.0 OK for: @parcel/watcher@2.6.0 want: 2.6.0
4794 silly placeDep ROOT @parcel/watcher-darwin-arm64@2.6.0 OK for: @parcel/watcher@2.6.0 want: 2.6.0
4795 silly placeDep ROOT @parcel/watcher-darwin-x64@2.6.0 OK for: @parcel/watcher@2.6.0 want: 2.6.0
4796 silly placeDep ROOT @parcel/watcher-freebsd-x64@2.6.0 OK for: @parcel/watcher@2.6.0 want: 2.6.0
4797 silly placeDep ROOT @parcel/watcher-linux-arm-glibc@2.6.0 OK for: @parcel/watcher@2.6.0 want: 2.6.0
4798 silly placeDep ROOT @parcel/watcher-linux-arm-musl@2.6.0 OK for: @parcel/watcher@2.6.0 want: 2.6.0
4799 silly placeDep ROOT @parcel/watcher-linux-arm64-glibc@2.6.0 OK for: @parcel/watcher@2.6.0 want: 2.6.0
4800 silly placeDep ROOT @parcel/watcher-linux-arm64-musl@2.6.0 OK for: @parcel/watcher@2.6.0 want: 2.6.0
4801 silly placeDep ROOT @parcel/watcher-linux-x64-glibc@2.6.0 OK for: @parcel/watcher@2.6.0 want: 2.6.0
4802 silly placeDep ROOT @parcel/watcher-linux-x64-musl@2.6.0 OK for: @parcel/watcher@2.6.0 want: 2.6.0
4803 silly placeDep ROOT @parcel/watcher-win32-arm64@2.6.0 OK for: @parcel/watcher@2.6.0 want: 2.6.0
4804 silly placeDep ROOT @parcel/watcher-win32-x64@2.6.0 OK for: @parcel/watcher@2.6.0 want: 2.6.0
4805 silly placeDep ROOT node-addon-api@7.1.1 OK for: @parcel/watcher@2.6.0 want: ^7.0.0
4806 silly placeDep ROOT ansi-align@3.0.1 OK for: boxen@7.1.1 want: ^3.0.1
4807 silly placeDep ROOT camelcase@7.0.1 OK for: boxen@7.1.1 want: ^7.0.1
4808 silly placeDep ROOT chalk@5.6.2 OK for: boxen@7.1.1 want: ^5.2.0
4809 silly placeDep ROOT cli-boxes@3.0.0 OK for: boxen@7.1.1 want: ^3.0.0
4810 silly placeDep ROOT string-width@5.1.2 OK for: boxen@7.1.1 want: ^5.1.2
4811 silly placeDep node_modules/boxen type-fest@2.19.0 OK for: boxen@7.1.1 want: ^2.13.0
4812 silly placeDep ROOT widest-line@4.0.1 OK for: boxen@7.1.1 want: ^4.0.1
4813 silly placeDep ROOT wrap-ansi@8.1.0 OK for: boxen@7.1.1 want: ^8.1.0
4814 silly fetch manifest string-width@^4.1.0
4815 silly packumentCache full:https://registry.npmjs.org/string-width cache-hit
4816 silly fetch manifest strip-ansi@^7.0.1
4817 silly packumentCache full:https://registry.npmjs.org/strip-ansi cache-miss
4818 silly fetch manifest emoji-regex@^9.2.2
4819 silly packumentCache full:https://registry.npmjs.org/emoji-regex cache-miss
4820 silly fetch manifest eastasianwidth@^0.2.0
4821 silly packumentCache full:https://registry.npmjs.org/eastasianwidth cache-miss
4822 http fetch GET 200 https://registry.npmjs.org/strip-ansi 234ms (cache revalidated)
4823 silly packumentCache full:https://registry.npmjs.org/strip-ansi set size:44998 disposed:false
4824 silly fetch manifest ansi-styles@^6.1.0
4825 silly packumentCache full:https://registry.npmjs.org/ansi-styles cache-miss
4826 http fetch GET 200 https://registry.npmjs.org/eastasianwidth 350ms (cache revalidated)
4827 silly packumentCache full:https://registry.npmjs.org/eastasianwidth set size:7890 disposed:false
4828 http fetch GET 200 https://registry.npmjs.org/emoji-regex 363ms (cache revalidated)
4829 silly packumentCache full:https://registry.npmjs.org/emoji-regex set size:89064 disposed:false
4830 http fetch GET 200 https://registry.npmjs.org/ansi-styles 317ms (cache revalidated)
4831 silly packumentCache full:https://registry.npmjs.org/ansi-styles set size:71772 disposed:false
4832 silly placeDep node_modules/ansi-align string-width@4.2.3 OK for: ansi-align@3.0.1 want: ^4.1.0
4833 silly fetch manifest strip-ansi@^6.0.1
4834 silly packumentCache full:https://registry.npmjs.org/strip-ansi cache-hit
4835 silly fetch manifest emoji-regex@^8.0.0
4836 silly packumentCache full:https://registry.npmjs.org/emoji-regex cache-hit
4837 silly fetch manifest is-fullwidth-code-point@^3.0.0
4838 silly packumentCache full:https://registry.npmjs.org/is-fullwidth-code-point cache-miss
4839 http fetch GET 200 https://registry.npmjs.org/is-fullwidth-code-point 171ms (cache revalidated)
4840 silly packumentCache full:https://registry.npmjs.org/is-fullwidth-code-point set size:14578 disposed:false
4841 silly placeDep ROOT execa@8.0.1 OK for: clipboardy@4.0.0 want: ^8.0.1
4842 silly placeDep ROOT is-wsl@3.1.1 OK for: clipboardy@4.0.0 want: ^3.1.0
4843 silly placeDep ROOT is64bit@2.0.0 OK for: clipboardy@4.0.0 want: ^2.0.0
4844 silly fetch manifest onetime@^6.0.0
4845 silly packumentCache full:https://registry.npmjs.org/onetime cache-miss
4846 silly fetch manifest is-stream@^3.0.0
4847 silly packumentCache full:https://registry.npmjs.org/is-stream cache-hit
4848 silly fetch manifest get-stream@^8.0.1
4849 silly packumentCache full:https://registry.npmjs.org/get-stream cache-miss
4850 silly fetch manifest cross-spawn@^7.0.3
4851 silly packumentCache full:https://registry.npmjs.org/cross-spawn cache-miss
4852 http fetch GET 200 https://registry.npmjs.org/cross-spawn 615ms (cache revalidated)
4853 silly packumentCache full:https://registry.npmjs.org/cross-spawn set size:109066 disposed:false
4854 silly fetch manifest signal-exit@^4.1.0
4855 silly packumentCache full:https://registry.npmjs.org/signal-exit cache-miss
4856 http fetch GET 200 https://registry.npmjs.org/get-stream 646ms (cache revalidated)
4857 silly packumentCache full:https://registry.npmjs.org/get-stream set size:57536 disposed:false
4858 silly fetch manifest merge-stream@^2.0.0
4859 silly packumentCache full:https://registry.npmjs.org/merge-stream cache-miss
4860 http fetch GET 200 https://registry.npmjs.org/onetime 673ms (cache revalidated)
4861 silly packumentCache full:https://registry.npmjs.org/onetime set size:32314 disposed:false
4862 silly fetch manifest npm-run-path@^5.1.0
4863 silly packumentCache full:https://registry.npmjs.org/npm-run-path cache-miss
4864 http fetch GET 200 https://registry.npmjs.org/merge-stream 272ms (cache revalidated)
4865 silly packumentCache full:https://registry.npmjs.org/merge-stream set size:22168 disposed:false
4866 silly fetch manifest human-signals@^5.0.0
4867 silly packumentCache full:https://registry.npmjs.org/human-signals cache-miss
4868 http fetch GET 200 https://registry.npmjs.org/signal-exit 352ms (cache revalidated)
4869 silly packumentCache full:https://registry.npmjs.org/signal-exit set size:53489 disposed:false
4870 silly fetch manifest strip-final-newline@^3.0.0
4871 silly packumentCache full:https://registry.npmjs.org/strip-final-newline cache-miss
4872 http fetch GET 200 https://registry.npmjs.org/npm-run-path 373ms (cache revalidated)
4873 silly packumentCache full:https://registry.npmjs.org/npm-run-path set size:33596 disposed:false
4874 silly fetch manifest system-architecture@^0.1.0
4875 silly packumentCache full:https://registry.npmjs.org/system-architecture cache-miss
4876 http fetch GET 200 https://registry.npmjs.org/human-signals 216ms (cache revalidated)
4877 silly packumentCache full:https://registry.npmjs.org/human-signals set size:47322 disposed:false
4878 http fetch GET 200 https://registry.npmjs.org/strip-final-newline 171ms (cache revalidated)
4879 silly packumentCache full:https://registry.npmjs.org/strip-final-newline set size:9328 disposed:false
4880 http fetch GET 200 https://registry.npmjs.org/system-architecture 362ms (cache revalidated)
4881 silly packumentCache full:https://registry.npmjs.org/system-architecture set size:5751 disposed:false
4882 silly placeDep ROOT @deno/shim-deno@0.19.2 OK for: dax-sh@0.39.2 want: ~0.19.0
4883 silly placeDep node_modules/dax-sh undici-types@5.28.4 OK for: dax-sh@0.39.2 want: ^5.26
4884 silly fetch manifest which@^4.0.0
4885 silly packumentCache full:https://registry.npmjs.org/which cache-miss
4886 silly fetch manifest @deno/shim-deno-test@^0.5.0
4887 silly packumentCache full:https://registry.npmjs.org/@deno%2fshim-deno-test cache-miss
4888 http fetch GET 200 https://registry.npmjs.org/which 551ms (cache revalidated)
4889 silly packumentCache full:https://registry.npmjs.org/which set size:70087 disposed:false
4890 http fetch GET 200 https://registry.npmjs.org/@deno%2fshim-deno-test 570ms (cache revalidated)
4891 silly packumentCache full:https://registry.npmjs.org/@deno%2fshim-deno-test set size:22129 disposed:false
4892 silly placeDep ROOT @deno/shim-deno-test@0.5.0 OK for: @deno/shim-deno@0.19.2 want: ^0.5.0
4893 silly placeDep ROOT which@4.0.0 OK for: @deno/shim-deno@0.19.2 want: ^4.0.0
4894 silly fetch manifest isexe@^3.1.1
4895 silly packumentCache full:https://registry.npmjs.org/isexe cache-miss
4896 http fetch GET 200 https://registry.npmjs.org/isexe 529ms (cache revalidated)
4897 silly packumentCache full:https://registry.npmjs.org/isexe set size:31756 disposed:false
4898 silly placeDep ROOT cross-spawn@7.0.6 OK for: execa@8.0.1 want: ^7.0.3
4899 silly placeDep ROOT get-stream@8.0.1 OK for: execa@8.0.1 want: ^8.0.1
4900 silly placeDep ROOT human-signals@5.0.0 OK for: execa@8.0.1 want: ^5.0.0
4901 silly placeDep node_modules/execa is-stream@3.0.0 OK for: execa@8.0.1 want: ^3.0.0
4902 silly placeDep ROOT merge-stream@2.0.0 OK for: execa@8.0.1 want: ^2.0.0
4903 silly placeDep ROOT npm-run-path@5.3.0 OK for: execa@8.0.1 want: ^5.1.0
4904 silly placeDep ROOT onetime@6.0.0 OK for: execa@8.0.1 want: ^6.0.0
4905 silly placeDep ROOT signal-exit@4.1.0 OK for: execa@8.0.1 want: ^4.1.0
4906 silly placeDep ROOT strip-final-newline@3.0.0 OK for: execa@8.0.1 want: ^3.0.0
4907 silly fetch manifest which@^2.0.1
4908 silly packumentCache full:https://registry.npmjs.org/which cache-hit
4909 silly fetch manifest path-key@^3.1.0
4910 silly packumentCache full:https://registry.npmjs.org/path-key cache-miss
4911 silly fetch manifest shebang-command@^2.0.0
4912 silly packumentCache full:https://registry.npmjs.org/shebang-command cache-miss
4913 silly fetch manifest path-key@^4.0.0
4914 silly packumentCache full:https://registry.npmjs.org/path-key cache-miss
4915 http fetch GET 200 https://registry.npmjs.org/shebang-command 232ms (cache revalidated)
4916 silly packumentCache full:https://registry.npmjs.org/shebang-command set size:8525 disposed:false
4917 silly fetch manifest mimic-fn@^4.0.0
4918 silly packumentCache full:https://registry.npmjs.org/mimic-fn cache-miss
4919 http fetch GET 200 https://registry.npmjs.org/path-key 387ms (cache revalidated)
4920 silly packumentCache full:https://registry.npmjs.org/path-key set size:16975 disposed:false
4921 http fetch GET 200 https://registry.npmjs.org/path-key 398ms (cache revalidated)
4922 silly packumentCache full:https://registry.npmjs.org/path-key set size:16975 disposed:false
4923 silly packumentCache full:https://registry.npmjs.org/path-key dispose
4924 http fetch GET 200 https://registry.npmjs.org/mimic-fn 165ms (cache revalidated)
4925 silly packumentCache full:https://registry.npmjs.org/mimic-fn set size:22257 disposed:false
4926 silly placeDep ROOT path-key@3.1.1 OK for: cross-spawn@7.0.6 want: ^3.1.0
4927 silly placeDep ROOT shebang-command@2.0.0 OK for: cross-spawn@7.0.6 want: ^2.0.0
4928 silly placeDep node_modules/cross-spawn which@2.0.2 OK for: cross-spawn@7.0.6 want: ^2.0.1
4929 silly fetch manifest shebang-regex@^3.0.0
4930 silly packumentCache full:https://registry.npmjs.org/shebang-regex cache-miss
4931 silly fetch manifest isexe@^2.0.0
4932 silly packumentCache full:https://registry.npmjs.org/isexe cache-hit
4933 http fetch GET 200 https://registry.npmjs.org/shebang-regex 159ms (cache revalidated)
4934 silly packumentCache full:https://registry.npmjs.org/shebang-regex set size:9763 disposed:false
4935 silly placeDep node_modules/http-proxy eventemitter3@4.0.7 OK for: http-proxy@1.18.1 want: ^4.0.0
4936 silly placeDep ROOT requires-port@1.0.0 OK for: http-proxy@1.18.1 want: ^1.0.0
4937 silly placeDep ROOT system-architecture@0.1.0 OK for: is64bit@2.0.0 want: ^0.1.0
4938 silly placeDep node_modules/npm-run-path path-key@4.0.0 OK for: npm-run-path@5.3.0 want: ^4.0.0
4939 silly placeDep ROOT mimic-fn@4.0.0 OK for: onetime@6.0.0 want: ^4.0.0
4940 silly placeDep ROOT shebang-regex@3.0.0 OK for: shebang-command@2.0.0 want: ^3.0.0
4941 silly placeDep ROOT eastasianwidth@0.2.0 OK for: string-width@5.1.2 want: ^0.2.0
4942 silly placeDep ROOT emoji-regex@9.2.2 OK for: string-width@5.1.2 want: ^9.2.2
4943 silly placeDep ROOT strip-ansi@7.2.0 OK for: string-width@5.1.2 want: ^7.0.1
4944 silly fetch manifest ansi-regex@^6.2.2
4945 silly packumentCache full:https://registry.npmjs.org/ansi-regex cache-miss
4946 http fetch GET 200 https://registry.npmjs.org/ansi-regex 162ms (cache revalidated)
4947 silly packumentCache full:https://registry.npmjs.org/ansi-regex set size:48203 disposed:false
4948 silly placeDep ROOT ansi-regex@6.3.0 OK for: strip-ansi@7.2.0 want: ^6.2.2
4949 silly placeDep ROOT isexe@3.1.5 OK for: which@4.0.0 want: ^3.1.1
4950 silly placeDep ROOT ansi-styles@6.2.3 OK for: wrap-ansi@8.1.0 want: ^6.1.0
4951 silly placeDep node_modules/wsl-utils powershell-utils@0.1.0 OK for: wsl-utils@1.0.0 want: ^0.1.0
4952 silly placeDep ROOT @oozcitak/dom@1.15.10 OK for: xmlbuilder2@3.1.1 want: 1.15.10
4953 silly placeDep ROOT @oozcitak/infra@1.0.8 OK for: xmlbuilder2@3.1.1 want: 1.0.8
4954 silly placeDep ROOT @oozcitak/util@8.3.8 OK for: xmlbuilder2@3.1.1 want: 8.3.8
4955 silly placeDep ROOT js-yaml@3.14.1 OK for: xmlbuilder2@3.1.1 want: 3.14.1
4956 silly fetch manifest @oozcitak/url@1.0.4
4957 silly packumentCache full:https://registry.npmjs.org/@oozcitak%2furl cache-miss
4958 silly fetch manifest esprima@^4.0.0
4959 silly packumentCache full:https://registry.npmjs.org/esprima cache-miss
4960 silly fetch manifest argparse@^1.0.7
4961 silly packumentCache full:https://registry.npmjs.org/argparse cache-miss
4962 http fetch GET 200 https://registry.npmjs.org/esprima 156ms (cache revalidated)
4963 silly packumentCache full:https://registry.npmjs.org/esprima set size:118410 disposed:false
4964 http fetch GET 200 https://registry.npmjs.org/argparse 167ms (cache revalidated)
4965 silly packumentCache full:https://registry.npmjs.org/argparse set size:53174 disposed:false
4966 http fetch GET 200 https://registry.npmjs.org/@oozcitak%2furl 212ms (cache revalidated)
4967 silly packumentCache full:https://registry.npmjs.org/@oozcitak%2furl set size:48211 disposed:false
4968 silly placeDep ROOT @oozcitak/url@1.0.4 OK for: @oozcitak/dom@1.15.10 want: 1.0.4
4969 silly placeDep ROOT argparse@1.0.10 OK for: js-yaml@3.14.1 want: ^1.0.7
4970 silly placeDep ROOT esprima@4.0.1 OK for: js-yaml@3.14.1 want: ^4.0.0
4971 silly fetch manifest sprintf-js@~1.0.2
4972 silly packumentCache full:https://registry.npmjs.org/sprintf-js cache-miss
4973 http fetch GET 200 https://registry.npmjs.org/sprintf-js 156ms (cache revalidated)
4974 silly packumentCache full:https://registry.npmjs.org/sprintf-js set size:20495 disposed:false
4975 silly placeDep ROOT sprintf-js@1.0.3 OK for: argparse@1.0.10 want: ~1.0.2
4976 silly placeDep ROOT cliui@9.0.1 OK for: yargs@18.1.0 want: ^9.0.1
4977 silly placeDep ROOT get-caller-file@2.0.5 OK for: yargs@18.1.0 want: ^2.0.5
4978 silly placeDep node_modules/yargs string-width@8.2.2 OK for: yargs@18.1.0 want: ^8.2.1
4979 silly placeDep ROOT y18n@5.0.8 OK for: yargs@18.1.0 want: ^5.0.5
4980 silly placeDep ROOT yargs-parser@22.0.0 OK for: yargs@18.1.0 want: ^22.0.0
4981 silly fetch manifest string-width@^7.2.0
4982 silly packumentCache full:https://registry.npmjs.org/string-width cache-hit
4983 silly fetch manifest wrap-ansi@^9.0.0
4984 silly packumentCache full:https://registry.npmjs.org/wrap-ansi cache-hit
4985 silly fetch manifest get-east-asian-width@^1.5.0
4986 silly packumentCache full:https://registry.npmjs.org/get-east-asian-width cache-miss
4987 http fetch GET 200 https://registry.npmjs.org/get-east-asian-width 176ms (cache revalidated)
4988 silly packumentCache full:https://registry.npmjs.org/get-east-asian-width set size:20538 disposed:false
4989 silly placeDep node_modules/cliui string-width@7.2.0 OK for: cliui@9.0.1 want: ^7.2.0
4990 silly placeDep node_modules/cliui wrap-ansi@9.0.2 OK for: cliui@9.0.1 want: ^9.0.0
4991 silly fetch manifest emoji-regex@^10.3.0
4992 silly packumentCache full:https://registry.npmjs.org/emoji-regex cache-hit
4993 silly fetch manifest get-east-asian-width@^1.0.0
4994 silly packumentCache full:https://registry.npmjs.org/get-east-asian-width cache-hit
4995 silly placeDep ROOT @poppinss/colors@4.1.6 OK for: youch@4.1.1 want: ^4.1.6
4996 silly placeDep ROOT @poppinss/dumper@0.7.0 OK for: youch@4.1.1 want: ^0.7.0
4997 silly placeDep ROOT @speed-highlight/core@1.2.24 OK for: youch@4.1.1 want: ^1.2.14
4998 silly placeDep node_modules/youch cookie-es@3.1.1 OK for: youch@4.1.1 want: ^3.0.1
4999 silly fetch manifest kleur@^4.1.5
5000 silly packumentCache full:https://registry.npmjs.org/kleur cache-miss
5001 silly fetch manifest @sindresorhus/is@^7.0.2
5002 silly packumentCache full:https://registry.npmjs.org/@sindresorhus%2fis cache-miss
5003 silly fetch manifest supports-color@^10.0.0
5004 silly packumentCache full:https://registry.npmjs.org/supports-color cache-miss
5005 http fetch GET 200 https://registry.npmjs.org/kleur 924ms (cache revalidated)
5006 silly packumentCache full:https://registry.npmjs.org/kleur set size:61853 disposed:false
5007 http fetch GET 200 https://registry.npmjs.org/supports-color 930ms (cache revalidated)
5008 silly packumentCache full:https://registry.npmjs.org/supports-color set size:124169 disposed:false
5009 http fetch GET 200 https://registry.npmjs.org/@sindresorhus%2fis 956ms (cache revalidated)
5010 silly packumentCache full:https://registry.npmjs.org/@sindresorhus%2fis set size:202184 disposed:false
5011 silly placeDep ROOT kleur@4.1.5 OK for: @poppinss/colors@4.1.6 want: ^4.1.5
5012 silly placeDep ROOT @sindresorhus/is@7.2.0 OK for: @poppinss/dumper@0.7.0 want: ^7.0.2
5013 silly placeDep ROOT supports-color@10.2.2 OK for: @poppinss/dumper@0.7.0 want: ^10.0.0
5014 silly placeDep ROOT @poppinss/exception@1.2.3 OK for: youch-core@0.3.3 want: ^1.2.2
5015 silly placeDep ROOT error-stack-parser-es@1.0.5 OK for: youch-core@0.3.3 want: ^1.0.5
5016 silly placeDep ROOT compress-commons@6.0.2 OK for: zip-stream@6.0.1 want: ^6.0.2
5017 silly fetch manifest crc-32@^1.2.0
5018 silly packumentCache full:https://registry.npmjs.org/crc-32 cache-miss
5019 silly fetch manifest crc32-stream@^6.0.0
5020 silly packumentCache full:https://registry.npmjs.org/crc32-stream cache-miss
5021 http fetch GET 200 https://registry.npmjs.org/crc-32 402ms (cache revalidated)
5022 silly packumentCache full:https://registry.npmjs.org/crc-32 set size:32170 disposed:false
5023 http fetch GET 200 https://registry.npmjs.org/crc32-stream 406ms (cache revalidated)
5024 silly packumentCache full:https://registry.npmjs.org/crc32-stream set size:49384 disposed:false
5025 silly placeDep ROOT crc-32@1.2.2 OK for: compress-commons@6.0.2 want: ^1.2.0
5026 silly placeDep ROOT crc32-stream@6.0.0 OK for: compress-commons@6.0.2 want: ^6.0.0
5027 silly placeDep node_modules/@mapbox/node-pre-gyp agent-base@7.1.4 OK for: https-proxy-agent@7.0.6 want: ^7.1.2
5028 silly placeDep ROOT whatwg-url@5.0.0 OK for: node-fetch@2.7.0 want: ^5.0.0
5029 silly fetch manifest tr46@~0.0.3
5030 silly packumentCache full:https://registry.npmjs.org/tr46 cache-miss
5031 silly fetch manifest webidl-conversions@^3.0.0
5032 silly packumentCache full:https://registry.npmjs.org/webidl-conversions cache-miss
5033 http fetch GET 200 https://registry.npmjs.org/webidl-conversions 365ms (cache revalidated)
5034 silly packumentCache full:https://registry.npmjs.org/webidl-conversions set size:46073 disposed:false
5035 http fetch GET 200 https://registry.npmjs.org/tr46 375ms (cache revalidated)
5036 silly packumentCache full:https://registry.npmjs.org/tr46 set size:47377 disposed:false
5037 silly placeDep ROOT tr46@0.0.3 OK for: whatwg-url@5.0.0 want: ~0.0.3
5038 silly placeDep ROOT webidl-conversions@3.0.1 OK for: whatwg-url@5.0.0 want: ^3.0.0
5039 silly fetch manifest @babel/core@^7.27.4
5040 silly packumentCache full:https://registry.npmjs.org/@babel%2fcore cache-hit
5041 silly placeDep ROOT @babel/preset-typescript@7.29.7 OK for: @tanstack/router-utils@1.141.0 want: ^7.27.1
5042 silly fetch manifest @babel/plugin-transform-typescript@^7.29.7
5043 silly packumentCache full:https://registry.npmjs.org/@babel%2fplugin-transform-typescript cache-miss
5044 silly fetch manifest @babel/plugin-transform-modules-commonjs@^7.29.7
5045 silly packumentCache full:https://registry.npmjs.org/@babel%2fplugin-transform-modules-commonjs cache-miss
5046 http fetch GET 200 https://registry.npmjs.org/@babel%2fplugin-transform-modules-commonjs 812ms (cache revalidated)
5047 silly packumentCache full:https://registry.npmjs.org/@babel%2fplugin-transform-modules-commonjs set size:313445 disposed:false
5048 http fetch GET 200 https://registry.npmjs.org/@babel%2fplugin-transform-typescript 843ms (cache revalidated)
5049 silly packumentCache full:https://registry.npmjs.org/@babel%2fplugin-transform-typescript set size:402797 disposed:false
5050 silly fetch manifest @babel/core@^7.0.0-0
5051 silly packumentCache full:https://registry.npmjs.org/@babel%2fcore cache-hit
5052 silly placeDep ROOT @babel/plugin-transform-modules-commonjs@7.29.7 OK for: @babel/preset-typescript@7.29.7 want: ^7.29.7
5053 silly placeDep ROOT @babel/plugin-transform-typescript@7.29.7 OK for: @babel/preset-typescript@7.29.7 want: ^7.29.7
5054 silly fetch manifest @babel/helper-annotate-as-pure@^7.29.7
5055 silly packumentCache full:https://registry.npmjs.org/@babel%2fhelper-annotate-as-pure cache-miss
5056 silly fetch manifest @babel/helper-create-class-features-plugin@^7.29.7
5057 silly packumentCache full:https://registry.npmjs.org/@babel%2fhelper-create-class-features-plugin cache-miss
5058 silly fetch manifest @babel/helper-skip-transparent-expression-wrappers@^7.29.7
5059 silly packumentCache full:https://registry.npmjs.org/@babel%2fhelper-skip-transparent-expression-wrappers cache-miss
5060 http fetch GET 200 https://registry.npmjs.org/@babel%2fhelper-create-class-features-plugin 810ms (cache revalidated)
5061 silly packumentCache full:https://registry.npmjs.org/@babel%2fhelper-create-class-features-plugin set size:382403 disposed:false
5062 http fetch GET 200 https://registry.npmjs.org/@babel%2fhelper-annotate-as-pure 832ms (cache revalidated)
5063 silly packumentCache full:https://registry.npmjs.org/@babel%2fhelper-annotate-as-pure set size:181560 disposed:false
5064 http fetch GET 200 https://registry.npmjs.org/@babel%2fhelper-skip-transparent-expression-wrappers 842ms (cache revalidated)
5065 silly packumentCache full:https://registry.npmjs.org/@babel%2fhelper-skip-transparent-expression-wrappers set size:105696 disposed:false
5066 silly placeDep ROOT @babel/helper-annotate-as-pure@7.29.7 OK for: @babel/plugin-transform-typescript@7.29.7 want: ^7.29.7
5067 silly placeDep ROOT @babel/helper-create-class-features-plugin@7.29.7 OK for: @babel/plugin-transform-typescript@7.29.7 want: ^7.29.7
5068 silly placeDep ROOT @babel/helper-skip-transparent-expression-wrappers@7.29.7 OK for: @babel/plugin-transform-typescript@7.29.7 want: ^7.29.7
5069 silly fetch manifest @babel/helper-replace-supers@^7.29.7
5070 silly packumentCache full:https://registry.npmjs.org/@babel%2fhelper-replace-supers cache-miss
5071 silly fetch manifest @babel/helper-optimise-call-expression@^7.29.7
5072 silly packumentCache full:https://registry.npmjs.org/@babel%2fhelper-optimise-call-expression cache-miss
5073 silly fetch manifest @babel/helper-member-expression-to-functions@^7.29.7
5074 silly packumentCache full:https://registry.npmjs.org/@babel%2fhelper-member-expression-to-functions cache-miss
5075 http fetch GET 200 https://registry.npmjs.org/@babel%2fhelper-optimise-call-expression 525ms (cache revalidated)
5076 silly packumentCache full:https://registry.npmjs.org/@babel%2fhelper-optimise-call-expression set size:193007 disposed:false
5077 http fetch GET 200 https://registry.npmjs.org/@babel%2fhelper-replace-supers 544ms (cache revalidated)
5078 silly packumentCache full:https://registry.npmjs.org/@babel%2fhelper-replace-supers set size:270231 disposed:false
5079 http fetch GET 200 https://registry.npmjs.org/@babel%2fhelper-member-expression-to-functions 593ms (cache revalidated)
5080 silly packumentCache full:https://registry.npmjs.org/@babel%2fhelper-member-expression-to-functions set size:229230 disposed:false
5081 silly placeDep ROOT @babel/helper-member-expression-to-functions@7.29.7 OK for: @babel/helper-create-class-features-plugin@7.29.7 want: ^7.29.7
5082 silly placeDep ROOT @babel/helper-optimise-call-expression@7.29.7 OK for: @babel/helper-create-class-features-plugin@7.29.7 want: ^7.29.7
5083 silly placeDep ROOT @babel/helper-replace-supers@7.29.7 OK for: @babel/helper-create-class-features-plugin@7.29.7 want: ^7.29.7
5084 silly placeDep node_modules/@tanstack/react-start-client @tanstack/history@1.162.1 OK for: @tanstack/react-router@1.170.32 want: 1.162.1
5085 silly placeDep node_modules/@tanstack/react-start-client @tanstack/react-store@0.9.3 OK for: @tanstack/react-router@1.170.32 want: ^0.9.3
5086 silly placeDep ROOT isbot@5.2.2 OK for: @tanstack/react-router@1.170.32 want: ^5.1.22
5087 silly fetch manifest @tanstack/store@0.9.3
5088 silly packumentCache full:https://registry.npmjs.org/@tanstack%2fstore cache-hit
5089 silly placeDep node_modules/@tanstack/react-start-client @tanstack/store@0.9.3 OK for: @tanstack/react-store@0.9.3 want: 0.9.3
5090 silly placeDep node_modules/@tanstack/react-start-client cookie-es@3.1.1 OK for: @tanstack/router-core@1.171.27 want: ^3.0.0
5091 silly placeDep ROOT seroval-plugins@1.6.4 OK for: @tanstack/router-core@1.171.27 want: ^1.6.2
5092 silly placeDep node_modules/@tanstack/react-start-config @tanstack/history@1.162.1 OK for: @tanstack/react-router@1.170.32 want: 1.162.1
5093 silly placeDep node_modules/@tanstack/react-start-config @tanstack/react-store@0.9.3 OK for: @tanstack/react-router@1.170.32 want: ^0.9.3
5094 silly placeDep node_modules/@tanstack/react-start-config @tanstack/store@0.9.3 OK for: @tanstack/react-store@0.9.3 want: 0.9.3
5095 silly placeDep node_modules/@tanstack/react-start-config cookie-es@3.1.1 OK for: @tanstack/router-core@1.171.27 want: ^3.0.0
5096 silly fetch manifest rolldown@*
5097 silly packumentCache full:https://registry.npmjs.org/rolldown cache-miss
5098 http cache https://registry.npmjs.org/rolldown 37ms (cache hit)
5099 silly packumentCache full:https://registry.npmjs.org/rolldown set size:3801673 disposed:false
5100 silly fetch manifest vite@>=5.0.0 || >=6.0.0 || >=7.0.0 || >=8.0.0
5101 silly packumentCache full:https://registry.npmjs.org/vite cache-miss
5102 http cache https://registry.npmjs.org/vite 173ms (cache hit)
5103 silly packumentCache full:https://registry.npmjs.org/vite set size:38929639 disposed:false
5104 silly placeDep node_modules/@tanstack/react-start-config/node_modules/@tanstack/router-plugin unplugin@3.3.0 CONFLICT for: @tanstack/router-plugin@1.168.35 want: ^3.0.0
5105 silly placeDep node_modules/@tanstack/react-start-config/node_modules/@tanstack/router-plugin zod@4.5.4 OK for: @tanstack/router-plugin@1.168.35 want: ^4.4.3
5106 silly placeDep node_modules/@tanstack/react-start-config @rolldown/pluginutils@1.0.0-beta.27 OK for: @vitejs/plugin-react@4.7.0 want: 1.0.0-beta.27
5107 silly placeDep node_modules/@tanstack/react-start-config react-refresh@0.17.0 OK for: @vitejs/plugin-react@4.7.0 want: ^0.17.0
5108 silly placeDep node_modules/@tanstack/react-start-router-manifest @tanstack/history@1.162.1 OK for: @tanstack/router-core@1.171.27 want: 1.162.1
5109 silly placeDep node_modules/@tanstack/react-start-router-manifest cookie-es@3.1.1 OK for: @tanstack/router-core@1.171.27 want: ^3.0.0
5110 silly placeDep node_modules/@tanstack/react-start-server @tanstack/history@1.162.1 OK for: @tanstack/react-router@1.170.32 want: 1.162.1
5111 silly placeDep node_modules/@tanstack/react-start-server @tanstack/react-store@0.9.3 OK for: @tanstack/react-router@1.170.32 want: ^0.9.3
5112 silly placeDep node_modules/@tanstack/react-start-server @tanstack/store@0.9.3 OK for: @tanstack/react-store@0.9.3 want: 0.9.3
5113 silly placeDep node_modules/@tanstack/react-start-server cookie-es@3.1.1 OK for: @tanstack/router-core@1.171.27 want: ^3.0.0
5114 silly placeDep node_modules/@tanstack/router-generator @tanstack/history@1.162.1 OK for: @tanstack/router-core@1.171.27 want: 1.162.1
5115 silly placeDep node_modules/@tanstack/router-generator cookie-es@3.1.1 OK for: @tanstack/router-core@1.171.27 want: ^3.0.0
5116 silly placeDep node_modules/@tanstack/start-api-routes @tanstack/history@1.162.1 OK for: @tanstack/router-core@1.171.27 want: 1.162.1
5117 silly placeDep node_modules/@tanstack/start-api-routes cookie-es@3.1.1 OK for: @tanstack/router-core@1.171.27 want: ^3.0.0
5118 silly placeDep node_modules/@tanstack/start-client-core @tanstack/history@1.162.1 OK for: @tanstack/router-core@1.171.27 want: 1.162.1
5119 silly placeDep node_modules/@tanstack/start-client-core cookie-es@3.1.1 OK for: @tanstack/router-core@1.171.27 want: ^3.0.0
5120 silly placeDep node_modules/@tanstack/start-plugin-core @tanstack/history@1.162.1 OK for: @tanstack/react-router@1.170.32 want: 1.162.1
5121 silly placeDep node_modules/@tanstack/start-plugin-core @tanstack/react-store@0.9.3 OK for: @tanstack/react-router@1.170.32 want: ^0.9.3
5122 silly placeDep node_modules/@tanstack/start-plugin-core/node_modules/@tanstack/react-router @tanstack/router-core@1.171.27 OK for: @tanstack/react-router@1.170.32 want: 1.171.27
5123 silly placeDep node_modules/@tanstack/start-plugin-core/node_modules/@tanstack/react-store @tanstack/store@0.9.3 OK for: @tanstack/react-store@0.9.3 want: 0.9.3
5124 silly placeDep node_modules/@tanstack/start-plugin-core/node_modules/@tanstack/router-core @tanstack/history@1.131.2 OK for: @tanstack/router-core@1.131.50 want: 1.131.2
5125 silly placeDep node_modules/@tanstack/start-plugin-core @tanstack/virtual-file-routes@1.131.2 OK for: @tanstack/router-generator@1.131.50 want: 1.131.2
5126 silly placeDep ROOT recast@0.23.21 OK for: @tanstack/router-generator@1.131.50 want: ^0.23.11
5127 silly fetch manifest ast-types@^0.16.1
5128 silly packumentCache full:https://registry.npmjs.org/ast-types cache-miss
5129 silly fetch manifest source-map@~0.6.1
5130 silly packumentCache full:https://registry.npmjs.org/source-map cache-hit
5131 http fetch GET 200 https://registry.npmjs.org/ast-types 185ms (cache revalidated)
5132 silly packumentCache full:https://registry.npmjs.org/ast-types set size:443020 disposed:false
5133 silly placeDep ROOT ast-types@0.16.1 OK for: recast@0.23.21 want: ^0.16.1
5134 silly placeDep node_modules/recast source-map@0.6.1 OK for: recast@0.23.21 want: ~0.6.1
5135 silly placeDep node_modules/@tanstack/start-plugin-core chokidar@3.6.0 OK for: @tanstack/router-plugin@1.131.50 want: ^3.6.0
5136 silly placeDep node_modules/@tanstack/start-plugin-core/node_modules/@tanstack/server-functions-plugin @babel/code-frame@7.27.1 OK for: @tanstack/server-functions-plugin@1.131.2 want: 7.27.1
5137 silly placeDep node_modules/@tanstack/start-plugin-core @tanstack/directive-functions-plugin@1.131.2 OK for: @tanstack/server-functions-plugin@1.131.2 want: 1.131.2
5138 silly placeDep node_modules/@tanstack/start-plugin-core/node_modules/@tanstack/directive-functions-plugin @babel/code-frame@7.27.1 OK for: @tanstack/directive-functions-plugin@1.131.2 want: 7.27.1
5139 silly placeDep node_modules/@tanstack/start-plugin-core/node_modules/@tanstack/start-server-core @tanstack/history@1.131.2 OK for: @tanstack/start-server-core@1.131.50 want: 1.131.2
5140 silly placeDep node_modules/@tanstack/start-plugin-core @tanstack/start-client-core@1.131.50 OK for: @tanstack/start-server-core@1.131.50 want: 1.131.50
5141 silly placeDep node_modules/@tanstack/start-plugin-core @tanstack/start-storage-context@1.131.50 OK for: @tanstack/start-server-core@1.131.50 want: 1.131.50
5142 silly placeDep ROOT is-binary-path@2.1.0 OK for: chokidar@3.6.0 want: ~2.1.0
5143 silly placeDep node_modules/@tanstack/start-plugin-core readdirp@3.6.0 OK for: chokidar@3.6.0 want: ~3.6.0
5144 silly fetch manifest binary-extensions@^2.0.0
5145 silly packumentCache full:https://registry.npmjs.org/binary-extensions cache-miss
5146 silly fetch manifest picomatch@^2.2.1
5147 silly packumentCache full:https://registry.npmjs.org/picomatch cache-hit
5148 http fetch GET 200 https://registry.npmjs.org/binary-extensions 219ms (cache revalidated)
5149 silly packumentCache full:https://registry.npmjs.org/binary-extensions set size:51551 disposed:false
5150 silly placeDep ROOT binary-extensions@2.3.0 OK for: is-binary-path@2.1.0 want: ^2.0.0
5151 silly placeDep node_modules/@tanstack/start-plugin-core picomatch@2.3.2 OK for: readdirp@3.6.0 want: ^2.2.1
5152 silly placeDep node_modules/@tanstack/start-server-core cookie-es@3.1.1 OK for: @tanstack/router-core@1.171.27 want: ^3.0.0
5153 silly placeDep node_modules/@tanstack/start-server-functions-client @tanstack/directive-functions-plugin@1.131.2 OK for: @tanstack/server-functions-plugin@1.131.2 want: 1.131.2
5154 silly placeDep node_modules/@tanstack/start-server-functions-client @tanstack/router-utils@1.131.2 OK for: @tanstack/directive-functions-plugin@1.131.2 want: 1.131.2
5155 silly placeDep node_modules/@tanstack/start-server-functions-fetcher @tanstack/history@1.131.2 OK for: @tanstack/router-core@1.131.50 want: 1.131.2
5156 silly placeDep node_modules/@tanstack/start-server-functions-fetcher @tanstack/start-storage-context@1.131.50 OK for: @tanstack/start-client-core@1.131.50 want: 1.131.50
5157 silly placeDep node_modules/@tanstack/start-server-functions-handler @tanstack/history@1.162.1 OK for: @tanstack/router-core@1.171.27 want: 1.162.1
5158 silly placeDep node_modules/@tanstack/start-server-functions-handler cookie-es@3.1.1 OK for: @tanstack/router-core@1.171.27 want: ^3.0.0
5159 silly placeDep node_modules/@tanstack/start-server-functions-server @tanstack/directive-functions-plugin@1.131.2 OK for: @tanstack/server-functions-plugin@1.131.2 want: 1.131.2
5160 silly placeDep node_modules/@tanstack/start-server-functions-server @tanstack/router-utils@1.131.2 OK for: @tanstack/directive-functions-plugin@1.131.2 want: 1.131.2
5161 silly placeDep node_modules/@tanstack/start-storage-context @tanstack/history@1.162.1 OK for: @tanstack/router-core@1.171.27 want: 1.162.1
5162 silly placeDep node_modules/@tanstack/start-storage-context cookie-es@3.1.1 OK for: @tanstack/router-core@1.171.27 want: ^3.0.0
5163 silly placeDep ROOT @types/mime@1.3.5 OK for: @types/send@0.17.6 want: ^1
5164 silly placeDep node_modules/ansi-align emoji-regex@8.0.0 OK for: string-width@4.2.3 want: ^8.0.0
5165 silly placeDep ROOT is-fullwidth-code-point@3.0.0 OK for: string-width@4.2.3 want: ^3.0.0
5166 silly placeDep node_modules/ansi-align strip-ansi@6.0.1 OK for: string-width@4.2.3 want: ^6.0.1
5167 silly fetch manifest ansi-regex@^5.0.1
5168 silly packumentCache full:https://registry.npmjs.org/ansi-regex cache-hit
5169 silly placeDep node_modules/ansi-align ansi-regex@5.0.1 OK for: strip-ansi@6.0.1 want: ^5.0.1
5170 silly placeDep ROOT foreground-child@3.3.1 OK for: glob@10.5.0 want: ^3.1.0
5171 silly placeDep ROOT jackspeak@3.4.3 OK for: glob@10.5.0 want: ^3.1.2
5172 silly placeDep node_modules/archiver-utils minimatch@9.0.9 OK for: glob@10.5.0 want: ^9.0.4
5173 silly placeDep ROOT package-json-from-dist@1.0.1 OK for: glob@10.5.0 want: ^1.0.0
5174 silly placeDep node_modules/archiver-utils path-scurry@1.11.1 OK for: glob@10.5.0 want: ^1.11.1
5175 silly fetch manifest @isaacs/cliui@^8.0.2
5176 silly packumentCache full:https://registry.npmjs.org/@isaacs%2fcliui cache-miss
5177 silly fetch manifest @pkgjs/parseargs@^0.11.0
5178 silly packumentCache full:https://registry.npmjs.org/@pkgjs%2fparseargs cache-miss
5179 silly fetch manifest brace-expansion@^2.0.2
5180 silly packumentCache full:https://registry.npmjs.org/brace-expansion cache-hit
5181 silly fetch manifest lru-cache@^10.2.0
5182 silly packumentCache full:https://registry.npmjs.org/lru-cache cache-hit
5183 http fetch GET 200 https://registry.npmjs.org/@pkgjs%2fparseargs 792ms (cache revalidated)
5184 silly packumentCache full:https://registry.npmjs.org/@pkgjs%2fparseargs set size:51085 disposed:false
5185 http fetch GET 200 https://registry.npmjs.org/@isaacs%2fcliui 797ms (cache revalidated)
5186 silly packumentCache full:https://registry.npmjs.org/@isaacs%2fcliui set size:12263 disposed:false
5187 silly placeDep ROOT @isaacs/cliui@8.0.2 OK for: jackspeak@3.4.3 want: ^8.0.2
5188 silly placeDep ROOT @pkgjs/parseargs@0.11.0 OK for: jackspeak@3.4.3 want: ^0.11.0
5189 silly fetch manifest wrap-ansi-cjs@npm:wrap-ansi@^7.0.0
5190 silly packumentCache full:https://registry.npmjs.org/wrap-ansi cache-hit
5191 silly fetch manifest strip-ansi-cjs@npm:strip-ansi@^6.0.1
5192 silly packumentCache full:https://registry.npmjs.org/strip-ansi cache-hit
5193 silly fetch manifest string-width-cjs@npm:string-width@^4.2.0
5194 silly packumentCache full:https://registry.npmjs.org/string-width cache-hit
5195 silly placeDep ROOT string-width-cjs@4.2.3 OK for: @isaacs/cliui@8.0.2 want: npm:string-width@^4.2.0
5196 silly placeDep ROOT strip-ansi-cjs@6.0.1 OK for: @isaacs/cliui@8.0.2 want: npm:strip-ansi@^6.0.1
5197 silly placeDep ROOT wrap-ansi-cjs@7.0.0 OK for: @isaacs/cliui@8.0.2 want: npm:wrap-ansi@^7.0.0
5198 silly fetch manifest strip-ansi@^6.0.0
5199 silly packumentCache full:https://registry.npmjs.org/strip-ansi cache-hit
5200 silly fetch manifest ansi-styles@^4.0.0
5201 silly packumentCache full:https://registry.npmjs.org/ansi-styles cache-hit
5202 silly placeDep node_modules/string-width-cjs emoji-regex@8.0.0 OK for: string-width@4.2.3 want: ^8.0.0
5203 silly placeDep node_modules/string-width-cjs strip-ansi@6.0.1 OK for: string-width@4.2.3 want: ^6.0.1
5204 silly placeDep node_modules/strip-ansi-cjs ansi-regex@5.0.1 OK for: strip-ansi@6.0.1 want: ^5.0.1
5205 silly placeDep node_modules/wrap-ansi-cjs ansi-styles@4.3.0 OK for: wrap-ansi@7.0.0 want: ^4.0.0
5206 silly placeDep node_modules/wrap-ansi-cjs string-width@4.2.3 OK for: wrap-ansi@7.0.0 want: ^4.1.0
5207 silly placeDep node_modules/wrap-ansi-cjs strip-ansi@6.0.1 OK for: wrap-ansi@7.0.0 want: ^6.0.0
5208 silly fetch manifest color-convert@^2.0.1
5209 silly packumentCache full:https://registry.npmjs.org/color-convert cache-miss
5210 http fetch GET 200 https://registry.npmjs.org/color-convert 501ms (cache revalidated)
5211 silly packumentCache full:https://registry.npmjs.org/color-convert set size:72663 disposed:false
5212 silly placeDep node_modules/archiver-utils brace-expansion@2.1.4 OK for: minimatch@9.0.9 want: ^2.0.2
5213 silly fetch manifest balanced-match@^1.0.0
5214 silly packumentCache full:https://registry.npmjs.org/balanced-match cache-hit
5215 silly placeDep node_modules/archiver-utils balanced-match@1.0.2 OK for: brace-expansion@2.1.4 want: ^1.0.0
5216 silly placeDep node_modules/archiver-utils lru-cache@10.4.3 OK for: path-scurry@1.11.1 want: ^10.2.0
5217 silly placeDep node_modules/body-parser ms@2.0.0 OK for: debug@2.6.9 want: 2.0.0
5218 silly placeDep node_modules/cliui emoji-regex@10.6.0 OK for: string-width@7.2.0 want: ^10.3.0
5219 silly placeDep ROOT get-east-asian-width@1.6.0 OK for: string-width@7.2.0 want: ^1.0.0
5220 silly placeDep node_modules/cross-spawn isexe@2.0.0 OK for: which@2.0.2 want: ^2.0.0
5221 silly placeDep node_modules/express ms@2.0.0 OK for: debug@2.6.9 want: 2.0.0
5222 silly placeDep node_modules/finalhandler ms@2.0.0 OK for: debug@2.6.9 want: 2.0.0
5223 silly placeDep node_modules/gaxios agent-base@7.1.4 OK for: https-proxy-agent@7.0.6 want: ^7.1.2
5224 silly placeDep ROOT core-util-is@1.0.3 OK for: readable-stream@2.3.8 want: ~1.0.0
5225 silly placeDep ROOT isarray@1.0.0 OK for: readable-stream@2.3.8 want: ~1.0.0
5226 silly placeDep ROOT process-nextick-args@2.0.1 OK for: readable-stream@2.3.8 want: ~2.0.0
5227 silly placeDep node_modules/lazystream safe-buffer@5.1.2 OK for: readable-stream@2.3.8 want: ~5.1.1
5228 silly placeDep node_modules/lazystream string_decoder@1.1.1 OK for: readable-stream@2.3.8 want: ~1.1.1
5229 silly placeDep ROOT util-deprecate@1.0.2 OK for: readable-stream@2.3.8 want: ~1.0.1
5230 silly placeDep node_modules/listhen/node_modules/h3 crossws@0.3.5 OK for: h3@1.15.11 want: ^0.3.5
5231 silly placeDep node_modules/mlly confbox@0.1.8 OK for: pkg-types@1.3.1 want: ^0.1.8
5232 silly placeDep node_modules/nitropack @esbuild/aix-ppc64@0.28.2 OK for: esbuild@0.28.2 want: 0.28.2
5233 silly placeDep node_modules/nitropack @esbuild/android-arm@0.28.2 OK for: esbuild@0.28.2 want: 0.28.2
5234 silly placeDep node_modules/nitropack @esbuild/android-arm64@0.28.2 OK for: esbuild@0.28.2 want: 0.28.2
5235 silly placeDep node_modules/nitropack @esbuild/android-x64@0.28.2 OK for: esbuild@0.28.2 want: 0.28.2
5236 silly placeDep node_modules/nitropack @esbuild/darwin-arm64@0.28.2 OK for: esbuild@0.28.2 want: 0.28.2
5237 silly placeDep node_modules/nitropack @esbuild/darwin-x64@0.28.2 OK for: esbuild@0.28.2 want: 0.28.2
5238 silly placeDep node_modules/nitropack @esbuild/freebsd-arm64@0.28.2 OK for: esbuild@0.28.2 want: 0.28.2
5239 silly placeDep node_modules/nitropack @esbuild/freebsd-x64@0.28.2 OK for: esbuild@0.28.2 want: 0.28.2
5240 silly placeDep node_modules/nitropack @esbuild/linux-arm@0.28.2 OK for: esbuild@0.28.2 want: 0.28.2
5241 silly placeDep node_modules/nitropack @esbuild/linux-arm64@0.28.2 OK for: esbuild@0.28.2 want: 0.28.2
5242 silly placeDep node_modules/nitropack @esbuild/linux-ia32@0.28.2 OK for: esbuild@0.28.2 want: 0.28.2
5243 silly placeDep node_modules/nitropack @esbuild/linux-loong64@0.28.2 OK for: esbuild@0.28.2 want: 0.28.2
5244 silly placeDep node_modules/nitropack @esbuild/linux-mips64el@0.28.2 OK for: esbuild@0.28.2 want: 0.28.2
5245 silly placeDep node_modules/nitropack @esbuild/linux-ppc64@0.28.2 OK for: esbuild@0.28.2 want: 0.28.2
5246 silly placeDep node_modules/nitropack @esbuild/linux-riscv64@0.28.2 OK for: esbuild@0.28.2 want: 0.28.2
5247 silly placeDep node_modules/nitropack @esbuild/linux-s390x@0.28.2 OK for: esbuild@0.28.2 want: 0.28.2
5248 silly placeDep node_modules/nitropack @esbuild/linux-x64@0.28.2 OK for: esbuild@0.28.2 want: 0.28.2
5249 silly placeDep node_modules/nitropack @esbuild/netbsd-arm64@0.28.2 OK for: esbuild@0.28.2 want: 0.28.2
5250 silly placeDep node_modules/nitropack @esbuild/netbsd-x64@0.28.2 OK for: esbuild@0.28.2 want: 0.28.2
5251 silly placeDep node_modules/nitropack @esbuild/openbsd-arm64@0.28.2 OK for: esbuild@0.28.2 want: 0.28.2
5252 silly placeDep node_modules/nitropack @esbuild/openbsd-x64@0.28.2 OK for: esbuild@0.28.2 want: 0.28.2
5253 silly placeDep node_modules/nitropack @esbuild/openharmony-arm64@0.28.2 OK for: esbuild@0.28.2 want: 0.28.2
5254 silly placeDep node_modules/nitropack @esbuild/sunos-x64@0.28.2 OK for: esbuild@0.28.2 want: 0.28.2
5255 silly placeDep node_modules/nitropack @esbuild/win32-arm64@0.28.2 OK for: esbuild@0.28.2 want: 0.28.2
5256 silly placeDep node_modules/nitropack @esbuild/win32-ia32@0.28.2 OK for: esbuild@0.28.2 want: 0.28.2
5257 silly placeDep node_modules/nitropack @esbuild/win32-x64@0.28.2 OK for: esbuild@0.28.2 want: 0.28.2
5258 silly placeDep node_modules/nitropack/node_modules/h3 cookie-es@1.2.3 OK for: h3@1.15.11 want: ^1.2.3
5259 silly placeDep node_modules/nitropack send@1.2.1 OK for: serve-static@2.2.1 want: ^1.2.0
5260 silly fetch manifest fresh@^2.0.0
5261 silly packumentCache full:https://registry.npmjs.org/fresh cache-hit
5262 silly fetch manifest mime-types@^3.0.2
5263 silly packumentCache full:https://registry.npmjs.org/mime-types cache-hit
5264 silly placeDep node_modules/nitropack fresh@2.0.0 OK for: send@1.2.1 want: ^2.0.0
5265 silly placeDep node_modules/nitropack mime-types@3.0.2 OK for: send@1.2.1 want: ^3.0.2
5266 silly fetch manifest mime-db@^1.54.0
5267 silly packumentCache full:https://registry.npmjs.org/mime-db cache-hit
5268 silly placeDep node_modules/nitropack mime-db@1.54.0 OK for: mime-types@3.0.2 want: ^1.54.0
5269 silly placeDep node_modules/readdir-glob brace-expansion@2.1.4 OK for: minimatch@5.1.9 want: ^2.0.1
5270 silly placeDep node_modules/readdir-glob balanced-match@1.0.2 OK for: brace-expansion@2.1.4 want: ^1.0.0
5271 silly placeDep node_modules/send/node_modules/debug ms@2.0.0 OK for: debug@2.6.9 want: 2.0.0
5272 silly placeDep node_modules/string-width-cjs ansi-regex@5.0.1 OK for: strip-ansi@6.0.1 want: ^5.0.1
5273 silly placeDep node_modules/tsx @esbuild/aix-ppc64@0.28.2 OK for: esbuild@0.28.2 want: 0.28.2
5274 silly placeDep node_modules/tsx @esbuild/android-arm@0.28.2 OK for: esbuild@0.28.2 want: 0.28.2
5275 silly placeDep node_modules/tsx @esbuild/android-arm64@0.28.2 OK for: esbuild@0.28.2 want: 0.28.2
5276 silly placeDep node_modules/tsx @esbuild/android-x64@0.28.2 OK for: esbuild@0.28.2 want: 0.28.2
5277 silly placeDep node_modules/tsx @esbuild/darwin-arm64@0.28.2 OK for: esbuild@0.28.2 want: 0.28.2
5278 silly placeDep node_modules/tsx @esbuild/darwin-x64@0.28.2 OK for: esbuild@0.28.2 want: 0.28.2
5279 silly placeDep node_modules/tsx @esbuild/freebsd-arm64@0.28.2 OK for: esbuild@0.28.2 want: 0.28.2
5280 silly placeDep node_modules/tsx @esbuild/freebsd-x64@0.28.2 OK for: esbuild@0.28.2 want: 0.28.2
5281 silly placeDep node_modules/tsx @esbuild/linux-arm@0.28.2 OK for: esbuild@0.28.2 want: 0.28.2
5282 silly placeDep node_modules/tsx @esbuild/linux-arm64@0.28.2 OK for: esbuild@0.28.2 want: 0.28.2
5283 silly placeDep node_modules/tsx @esbuild/linux-ia32@0.28.2 OK for: esbuild@0.28.2 want: 0.28.2
5284 silly placeDep node_modules/tsx @esbuild/linux-loong64@0.28.2 OK for: esbuild@0.28.2 want: 0.28.2
5285 silly placeDep node_modules/tsx @esbuild/linux-mips64el@0.28.2 OK for: esbuild@0.28.2 want: 0.28.2
5286 silly placeDep node_modules/tsx @esbuild/linux-ppc64@0.28.2 OK for: esbuild@0.28.2 want: 0.28.2
5287 silly placeDep node_modules/tsx @esbuild/linux-riscv64@0.28.2 OK for: esbuild@0.28.2 want: 0.28.2
5288 silly placeDep node_modules/tsx @esbuild/linux-s390x@0.28.2 OK for: esbuild@0.28.2 want: 0.28.2
5289 silly placeDep node_modules/tsx @esbuild/linux-x64@0.28.2 OK for: esbuild@0.28.2 want: 0.28.2
5290 silly placeDep node_modules/tsx @esbuild/netbsd-arm64@0.28.2 OK for: esbuild@0.28.2 want: 0.28.2
5291 silly placeDep node_modules/tsx @esbuild/netbsd-x64@0.28.2 OK for: esbuild@0.28.2 want: 0.28.2
5292 silly placeDep node_modules/tsx @esbuild/openbsd-arm64@0.28.2 OK for: esbuild@0.28.2 want: 0.28.2
5293 silly placeDep node_modules/tsx @esbuild/openbsd-x64@0.28.2 OK for: esbuild@0.28.2 want: 0.28.2
5294 silly placeDep node_modules/tsx @esbuild/openharmony-arm64@0.28.2 OK for: esbuild@0.28.2 want: 0.28.2
5295 silly placeDep node_modules/tsx @esbuild/sunos-x64@0.28.2 OK for: esbuild@0.28.2 want: 0.28.2
5296 silly placeDep node_modules/tsx @esbuild/win32-arm64@0.28.2 OK for: esbuild@0.28.2 want: 0.28.2
5297 silly placeDep node_modules/tsx @esbuild/win32-ia32@0.28.2 OK for: esbuild@0.28.2 want: 0.28.2
5298 silly placeDep node_modules/tsx @esbuild/win32-x64@0.28.2 OK for: esbuild@0.28.2 want: 0.28.2
5299 silly placeDep node_modules/unstorage crossws@0.3.5 OK for: h3@1.15.11 want: ^0.3.5
5300 silly placeDep node_modules/vinxi readdirp@3.6.0 OK for: chokidar@3.6.0 want: ~3.6.0
5301 silly placeDep node_modules/vinxi @esbuild/aix-ppc64@0.20.2 OK for: esbuild@0.20.2 want: 0.20.2
5302 silly placeDep node_modules/vinxi @esbuild/android-arm@0.20.2 OK for: esbuild@0.20.2 want: 0.20.2
5303 silly placeDep node_modules/vinxi @esbuild/android-arm64@0.20.2 OK for: esbuild@0.20.2 want: 0.20.2
5304 silly placeDep node_modules/vinxi @esbuild/android-x64@0.20.2 OK for: esbuild@0.20.2 want: 0.20.2
5305 silly placeDep node_modules/vinxi @esbuild/darwin-arm64@0.20.2 OK for: esbuild@0.20.2 want: 0.20.2
5306 silly placeDep node_modules/vinxi @esbuild/darwin-x64@0.20.2 OK for: esbuild@0.20.2 want: 0.20.2
5307 silly placeDep node_modules/vinxi @esbuild/freebsd-arm64@0.20.2 OK for: esbuild@0.20.2 want: 0.20.2
5308 silly placeDep node_modules/vinxi @esbuild/freebsd-x64@0.20.2 OK for: esbuild@0.20.2 want: 0.20.2
5309 silly placeDep node_modules/vinxi @esbuild/linux-arm@0.20.2 OK for: esbuild@0.20.2 want: 0.20.2
5310 silly placeDep node_modules/vinxi @esbuild/linux-arm64@0.20.2 OK for: esbuild@0.20.2 want: 0.20.2
5311 silly placeDep node_modules/vinxi @esbuild/linux-ia32@0.20.2 OK for: esbuild@0.20.2 want: 0.20.2
5312 silly placeDep node_modules/vinxi @esbuild/linux-loong64@0.20.2 OK for: esbuild@0.20.2 want: 0.20.2
5313 silly placeDep node_modules/vinxi @esbuild/linux-mips64el@0.20.2 OK for: esbuild@0.20.2 want: 0.20.2
5314 silly placeDep node_modules/vinxi @esbuild/linux-ppc64@0.20.2 OK for: esbuild@0.20.2 want: 0.20.2
5315 silly placeDep node_modules/vinxi @esbuild/linux-riscv64@0.20.2 OK for: esbuild@0.20.2 want: 0.20.2
5316 silly placeDep node_modules/vinxi @esbuild/linux-s390x@0.20.2 OK for: esbuild@0.20.2 want: 0.20.2
5317 silly placeDep node_modules/vinxi @esbuild/linux-x64@0.20.2 OK for: esbuild@0.20.2 want: 0.20.2
5318 silly placeDep node_modules/vinxi @esbuild/netbsd-x64@0.20.2 OK for: esbuild@0.20.2 want: 0.20.2
5319 silly placeDep node_modules/vinxi @esbuild/openbsd-x64@0.20.2 OK for: esbuild@0.20.2 want: 0.20.2
5320 silly placeDep node_modules/vinxi @esbuild/sunos-x64@0.20.2 OK for: esbuild@0.20.2 want: 0.20.2
5321 silly placeDep node_modules/vinxi @esbuild/win32-arm64@0.20.2 OK for: esbuild@0.20.2 want: 0.20.2
5322 silly placeDep node_modules/vinxi @esbuild/win32-ia32@0.20.2 OK for: esbuild@0.20.2 want: 0.20.2
5323 silly placeDep node_modules/vinxi @esbuild/win32-x64@0.20.2 OK for: esbuild@0.20.2 want: 0.20.2
5324 silly placeDep node_modules/vinxi picomatch@2.3.2 OK for: readdirp@3.6.0 want: ^2.2.1
5325 silly placeDep ROOT color-convert@2.0.1 OK for: ansi-styles@4.3.0 want: ^2.0.1
5326 silly fetch manifest color-name@~1.1.4
5327 silly packumentCache full:https://registry.npmjs.org/color-name cache-miss
5328 http fetch GET 200 https://registry.npmjs.org/color-name 165ms (cache revalidated)
5329 silly packumentCache full:https://registry.npmjs.org/color-name set size:20968 disposed:false
5330 silly placeDep ROOT color-name@1.1.4 OK for: color-convert@2.0.1 want: ~1.1.4
5331 silly placeDep node_modules/wrap-ansi-cjs emoji-regex@8.0.0 OK for: string-width@4.2.3 want: ^8.0.0
5332 silly placeDep node_modules/wrap-ansi-cjs ansi-regex@5.0.1 OK for: strip-ansi@6.0.1 want: ^5.0.1
5333 silly placeDep node_modules/@tanstack/start-plugin-core/node_modules/@tanstack/react-router cookie-es@3.1.1 OK for: @tanstack/router-core@1.171.27 want: ^3.0.0
5334 silly reify moves {}
5335 http cache @parcel/watcher-wasm@https://registry.npmjs.org/@parcel/watcher-wasm/-/watcher-wasm-2.6.0.tgz 0ms (cache hit)
5336 silly tarball no local data for @parcel/watcher-wasm@https://registry.npmjs.org/@parcel/watcher-wasm/-/watcher-wasm-2.6.0.tgz. Extracting by manifest.
5337 http fetch GET 200 https://registry.npmjs.org/@parcel/watcher-wasm/-/watcher-wasm-2.6.0.tgz 5111ms (cache miss)
5338 http cache @parcel/watcher-wasm@https://registry.npmjs.org/@parcel/watcher-wasm/-/watcher-wasm-2.3.0.tgz 0ms (cache hit)
5339 silly tarball no local data for @parcel/watcher-wasm@https://registry.npmjs.org/@parcel/watcher-wasm/-/watcher-wasm-2.3.0.tgz. Extracting by manifest.
5340 http fetch GET 200 https://registry.npmjs.org/@parcel/watcher-wasm/-/watcher-wasm-2.3.0.tgz 4527ms (cache miss)
5341 silly audit bulk request {
5341 silly audit   '@google/genai': [ '2.19.0' ],
5341 silly audit   '@hookform/resolvers': [ '5.9.1' ],
5341 silly audit   'react-hook-form': [ '7.87.0' ],
5341 silly audit   react: [ '19.2.8' ],
5341 silly audit   '@supabase/supabase-js': [ '2.112.4' ],
5341 silly audit   '@tailwindcss/vite': [ '4.3.3' ],
5341 silly audit   vite: [ '6.4.3' ],
5341 silly audit   '@tanstack/react-query': [ '5.102.8' ],
5341 silly audit   '@tanstack/react-router': [ '1.120.0', '1.170.32' ],
5341 silly audit   'react-dom': [ '19.2.8' ],
5341 silly audit   '@tanstack/react-start': [ '1.120.0' ],
5341 silly audit   '@types/express': [ '4.17.25' ],
5341 silly audit   '@types/node': [ '22.20.1' ],
5341 silly audit   '@vitejs/plugin-react': [ '5.2.0', '4.7.0' ],
5341 silly audit   autoprefixer: [ '10.5.4' ],
5341 silly audit   postcss: [ '8.5.26' ],
5341 silly audit   axios: [ '1.20.0' ],
5341 silly audit   'class-variance-authority': [ '0.7.1' ],
5341 silly audit   clsx: [ '2.1.1' ],
5341 silly audit   dotenv: [ '17.4.2' ],
5341 silly audit   esbuild: [ '0.25.12', '0.28.2', '0.20.2' ],
5341 silly audit   express: [ '4.22.2' ],
5341 silly audit   'lucide-react': [ '0.546.0' ],
5341 silly audit   motion: [ '12.43.0' ],
5341 silly audit   'pdf-lib': [ '1.17.1' ],
5341 silly audit   recharts: [ '3.10.1' ],
5341 silly audit   'react-is': [ '19.2.8' ],
5341 silly audit   supabase: [ '2.116.0' ],
5341 silly audit   'tailwind-merge': [ '3.6.0' ],
5341 silly audit   tailwindcss: [ '4.3.3' ],
5341 silly audit   tsx: [ '4.23.13' ],
5341 silly audit   typescript: [ '5.8.3' ],
5341 silly audit   zod: [ '4.5.4', '3.25.76' ],
5341 silly audit   zustand: [ '5.0.15' ],
5341 silly audit   'google-auth-library': [ '10.9.1' ],
5341 silly audit   'p-retry': [ '4.6.2' ],
5341 silly audit   protobufjs: [ '7.6.6' ],
5341 silly audit   ws: [ '8.21.3' ],
5341 silly audit   '@standard-schema/utils': [ '0.3.0' ],
5341 silly audit   '@supabase/auth-js': [ '2.112.4' ],
5341 silly audit   '@supabase/functions-js': [ '2.112.4' ],
5341 silly audit   '@supabase/postgrest-js': [ '2.112.4' ],
5341 silly audit   '@supabase/realtime-js': [ '2.112.4' ],
5341 silly audit   '@supabase/storage-js': [ '2.112.4' ],
5341 silly audit   tslib: [ '2.8.1', '1.14.1' ],
5341 silly audit   '@supabase/phoenix': [ '0.4.5' ],
5341 silly audit   'iceberg-js': [ '0.8.1' ],
5341 silly audit   '@tailwindcss/node': [ '4.3.3' ],
5341 silly audit   '@tailwindcss/oxide': [ '4.3.3' ],
5341 silly audit   '@jridgewell/remapping': [ '2.3.5' ],
5341 silly audit   'enhanced-resolve': [ '5.24.5' ],
5341 silly audit   jiti: [ '2.7.0', '1.21.7' ],
5341 silly audit   lightningcss: [ '1.32.0' ],
5341 silly audit   'magic-string': [ '0.30.21', '1.2.3' ],
5341 silly audit   'source-map-js': [ '1.2.1' ],
5341 silly audit   '@jridgewell/gen-mapping': [ '0.3.13' ],
5341 silly audit   '@jridgewell/trace-mapping': [ '0.3.31' ],
5341 silly audit   '@jridgewell/sourcemap-codec': [ '1.6.0' ],
5341 silly audit   '@jridgewell/resolve-uri': [ '3.1.2' ],
5341 silly audit   '@tailwindcss/oxide-android-arm64': [ '4.3.3' ],
5341 silly audit   '@tailwindcss/oxide-darwin-arm64': [ '4.3.3' ],
5341 silly audit   '@tailwindcss/oxide-darwin-x64': [ '4.3.3' ],
5341 silly audit   '@tailwindcss/oxide-freebsd-x64': [ '4.3.3' ],
5341 silly audit   '@tailwindcss/oxide-linux-arm-gnueabihf': [ '4.3.3' ],
5341 silly audit   '@tailwindcss/oxide-linux-arm64-gnu': [ '4.3.3' ],
5341 silly audit   '@tailwindcss/oxide-linux-arm64-musl': [ '4.3.3' ],
5341 silly audit   '@tailwindcss/oxide-linux-x64-gnu': [ '4.3.3' ],
5341 silly audit   '@tailwindcss/oxide-linux-x64-musl': [ '4.3.3' ],
5341 silly audit   '@tailwindcss/oxide-wasm32-wasi': [ '4.3.3' ],
5341 silly audit   '@tailwindcss/oxide-win32-arm64-msvc': [ '4.3.3' ],
5341 silly audit   '@tailwindcss/oxide-win32-x64-msvc': [ '4.3.3' ],
5341 silly audit   '@tanstack/query-core': [ '5.102.8' ],
5341 silly audit   '@tanstack/history': [ '1.115.0', '1.162.1', '1.131.2' ],
5341 silly audit   '@tanstack/react-store': [ '0.7.7', '0.9.3' ],
5341 silly audit   '@tanstack/router-core': [ '1.119.0', '1.171.27', '1.131.50' ],
5341 silly audit   jsesc: [ '3.1.0' ],
5341 silly audit   'tiny-invariant': [ '1.3.3' ],
5341 silly audit   'tiny-warning': [ '1.0.3' ],
5341 silly audit   '@tanstack/react-start-client': [ '1.168.30' ],
5341 silly audit   '@tanstack/react-start-config': [ '1.120.20' ],
5341 silly audit   '@tanstack/react-start-router-manifest': [ '1.120.19' ],
5341 silly audit   '@tanstack/react-start-server': [ '1.167.37' ],
5341 silly audit   '@tanstack/start-api-routes': [ '1.120.19' ],
5341 silly audit   '@tanstack/start-server-functions-client': [ '1.131.50' ],
5341 silly audit   '@tanstack/start-server-functions-handler': [ '1.120.19' ],
5341 silly audit   '@tanstack/start-server-functions-server': [ '1.131.2' ],
5341 silly audit   '@tanstack/start-server-functions-ssr': [ '1.120.19' ],
5341 silly audit   '@tanstack/start-client-core': [ '1.170.27', '1.131.50' ],
5341 silly audit   '@tanstack/react-start-plugin': [ '1.131.50' ],
5341 silly audit   '@tanstack/router-generator': [ '1.167.33', '1.131.50' ],
5341 silly audit   '@tanstack/router-plugin': [ '1.168.35', '1.131.50' ],
5341 silly audit   '@tanstack/server-functions-plugin': [ '1.142.1', '1.131.2' ],
5341 silly audit   'import-meta-resolve': [ '4.2.0' ],
5341 silly audit   nitropack: [ '2.13.4' ],
5341 silly audit   ofetch: [ '1.5.1' ],
5341 silly audit   vinxi: [ '0.5.3' ],
5341 silly audit   '@tanstack/start-plugin-core': [ '1.131.50' ],
5341 silly audit   pathe: [ '2.0.3', '1.1.2' ],
5341 silly audit   '@tanstack/start-server-core': [ '1.169.31', '1.131.50' ],
5341 silly audit   '@tanstack/store': [ '0.7.7', '0.9.3' ],
5341 silly audit   'use-sync-external-store': [ '1.6.0' ],
5341 silly audit   '@babel/types': [ '7.29.8' ],
5341 silly audit   '@tanstack/router-utils': [ '1.162.2', '1.141.0', '1.131.2' ],
5341 silly audit   '@tanstack/virtual-file-routes': [ '1.162.0', '1.131.2' ],
5341 silly audit   prettier: [ '3.9.6' ],
5341 silly audit   '@babel/helper-string-parser': [ '7.29.7' ],
5341 silly audit   '@babel/helper-validator-identifier': [ '7.29.7' ],
5341 silly audit   '@babel/generator': [ '7.29.8' ],
5341 silly audit   '@babel/parser': [ '7.29.8' ],
5341 silly audit   ansis: [ '4.3.1' ],
5341 silly audit   'babel-dead-code-elimination': [ '1.0.12' ],
5341 silly audit   diff: [ '8.0.4' ],
5341 silly audit   tinyglobby: [ '0.2.17' ],
5341 silly audit   '@babel/code-frame': [ '7.27.1', '7.29.7', '7.26.2' ],
5341 silly audit   '@babel/core': [ '7.29.7' ],
5341 silly audit   '@babel/plugin-syntax-jsx': [ '7.29.7' ],
5341 silly audit   '@babel/plugin-syntax-typescript': [ '7.29.7' ],
5341 silly audit   '@babel/template': [ '7.29.7' ],
5341 silly audit   '@babel/traverse': [ '7.29.8' ],
5341 silly audit   '@tanstack/directive-functions-plugin': [ '1.142.1', '1.131.2' ],
5341 silly audit   'js-tokens': [ '4.0.0', '10.0.0' ],
5341 silly audit   picocolors: [ '1.1.1' ],
5341 silly audit   '@babel/helper-compilation-targets': [ '7.29.7' ],
5341 silly audit   '@babel/helper-module-transforms': [ '7.29.7' ],
5341 silly audit   '@babel/helpers': [ '7.29.7' ],
5341 silly audit   'convert-source-map': [ '2.0.0' ],
5341 silly audit   debug: [ '4.4.3', '2.6.9' ],
5341 silly audit   gensync: [ '1.0.0-beta.2' ],
5341 silly audit   json5: [ '2.2.3' ],
5341 silly audit   semver: [ '6.3.1', '7.8.5' ],
5341 silly audit   '@babel/compat-data': [ '7.29.7' ],
5341 silly audit   '@babel/helper-validator-option': [ '7.29.7' ],
5341 silly audit   browserslist: [ '4.28.8' ],
5341 silly audit   'lru-cache': [ '5.1.1', '11.5.2', '10.4.3' ],
5341 silly audit   '@babel/helper-module-imports': [ '7.29.7' ],
5341 silly audit   '@babel/helper-plugin-utils': [ '7.29.7' ],
5341 silly audit   '@babel/helper-globals': [ '7.29.7' ],
5341 silly audit   '@tanstack/start-fn-stubs': [ '1.162.0' ],
5341 silly audit   '@tanstack/start-storage-context': [ '1.167.29', '1.131.50' ],
5341 silly audit   seroval: [ '1.6.4' ],
5341 silly audit   '@types/babel__code-frame': [ '7.27.0' ],
5341 silly audit   '@types/babel__core': [ '7.20.5' ],
5341 silly audit   cheerio: [ '1.2.0' ],
5341 silly audit   h3: [ '1.13.0', '2.0.1-rc.20', '1.15.11' ],
5341 silly audit   ufo: [ '1.6.4' ],
5341 silly audit   vitefu: [ '1.1.3' ],
5341 silly audit   xmlbuilder2: [ '3.1.1' ],
5341 silly audit   fetchdts: [ '0.1.7' ],
5341 silly audit   '@tanstack/start-server-functions-fetcher': [ '1.131.50' ],
5341 silly audit   '@types/babel__generator': [ '7.27.0' ],
5341 silly audit   '@types/babel__template': [ '7.4.4' ],
5341 silly audit   '@types/babel__traverse': [ '7.28.0' ],
5341 silly audit   '@types/body-parser': [ '1.19.6' ],
5341 silly audit   '@types/express-serve-static-core': [ '4.19.9' ],
5341 silly audit   '@types/qs': [ '6.15.1' ],
5341 silly audit   '@types/serve-static': [ '1.15.10' ],
5341 silly audit   '@types/connect': [ '3.4.38' ],
5341 silly audit   '@types/range-parser': [ '1.2.7' ],
5341 silly audit   '@types/send': [ '1.2.1', '0.17.6' ],
5341 silly audit   'undici-types': [ '6.21.0', '5.28.4' ],
5341 silly audit   '@types/http-errors': [ '2.0.5' ],
5341 silly audit   '@babel/plugin-transform-react-jsx-self': [ '7.29.7' ],
5341 silly audit   '@babel/plugin-transform-react-jsx-source': [ '7.29.7' ],
5341 silly audit   '@rolldown/pluginutils': [ '1.0.0-rc.3', '1.0.0-beta.27' ],
5341 silly audit   'react-refresh': [ '0.18.0', '0.17.0' ],
5341 silly audit   'caniuse-lite': [ '1.0.30001810' ],
5341 silly audit   'fraction.js': [ '5.3.4' ],
5341 silly audit   'postcss-value-parser': [ '4.2.0' ],
5341 silly audit   'follow-redirects': [ '1.16.0' ],
5341 silly audit   'form-data': [ '4.0.6' ],
5341 silly audit   'https-proxy-agent': [ '5.0.1', '7.0.6' ],
5341 silly audit   'proxy-from-env': [ '2.1.0' ],
5341 silly audit   'baseline-browser-mapping': [ '2.11.20' ],
5341 silly audit   'electron-to-chromium': [ '1.5.416' ],
5341 silly audit   'node-releases': [ '2.0.54' ],
5341 silly audit   'update-browserslist-db': [ '1.3.2' ],
5341 silly audit   'cheerio-select': [ '2.1.0' ],
5341 silly audit   'dom-serializer': [ '2.0.0' ],
5341 silly audit   domhandler: [ '5.0.3' ],
5341 silly audit   domutils: [ '3.2.2' ],
5341 silly audit   'encoding-sniffer': [ '0.2.1' ],
5341 silly audit   htmlparser2: [ '10.1.0' ],
5341 silly audit   parse5: [ '7.3.0' ],
5341 silly audit   'parse5-htmlparser2-tree-adapter': [ '7.1.0' ],
5341 silly audit   'parse5-parser-stream': [ '7.1.2' ],
5341 silly audit   undici: [ '7.29.0' ],
5341 silly audit   'whatwg-mimetype': [ '4.0.0' ],
5341 silly audit   boolbase: [ '1.0.0' ],
5341 silly audit   'css-select': [ '5.2.2' ],
5341 silly audit   'css-what': [ '6.2.2' ],
5341 silly audit   domelementtype: [ '2.3.0' ],
5341 silly audit   'nth-check': [ '2.1.1' ],
5341 silly audit   ms: [ '2.1.3', '2.0.0' ],
5341 silly audit   entities: [ '4.5.0', '7.0.1', '6.0.1' ],
5341 silly audit   'iconv-lite': [ '0.6.3', '0.4.24' ],
5341 silly audit   'whatwg-encoding': [ '3.1.1' ],
5341 silly audit   'graceful-fs': [ '4.2.11' ],
5341 silly audit   tapable: [ '2.3.3' ],
5341 silly audit   '@esbuild/aix-ppc64': [ '0.25.12', '0.28.2', '0.20.2' ],
5341 silly audit   '@esbuild/android-arm': [ '0.25.12', '0.28.2', '0.20.2' ],
5341 silly audit   '@esbuild/android-arm64': [ '0.25.12', '0.28.2', '0.20.2' ],
5341 silly audit   '@esbuild/android-x64': [ '0.25.12', '0.28.2', '0.20.2' ],
5341 silly audit   '@esbuild/darwin-arm64': [ '0.25.12', '0.28.2', '0.20.2' ],
5341 silly audit   '@esbuild/darwin-x64': [ '0.25.12', '0.28.2', '0.20.2' ],
5341 silly audit   '@esbuild/freebsd-arm64': [ '0.25.12', '0.28.2', '0.20.2' ],
5341 silly audit   '@esbuild/freebsd-x64': [ '0.25.12', '0.28.2', '0.20.2' ],
5341 silly audit   '@esbuild/linux-arm': [ '0.25.12', '0.28.2', '0.20.2' ],
5341 silly audit   '@esbuild/linux-arm64': [ '0.25.12', '0.28.2', '0.20.2' ],
5341 silly audit   '@esbuild/linux-ia32': [ '0.25.12', '0.28.2', '0.20.2' ],
5341 silly audit   '@esbuild/linux-loong64': [ '0.25.12', '0.28.2', '0.20.2' ],
5341 silly audit   '@esbuild/linux-mips64el': [ '0.25.12', '0.28.2', '0.20.2' ],
5341 silly audit   '@esbuild/linux-ppc64': [ '0.25.12', '0.28.2', '0.20.2' ],
5341 silly audit   '@esbuild/linux-riscv64': [ '0.25.12', '0.28.2', '0.20.2' ],
5341 silly audit   '@esbuild/linux-s390x': [ '0.25.12', '0.28.2', '0.20.2' ],
5341 silly audit   '@esbuild/linux-x64': [ '0.25.12', '0.28.2', '0.20.2' ],
5341 silly audit   '@esbuild/netbsd-arm64': [ '0.25.12', '0.28.2' ],
5341 silly audit   '@esbuild/netbsd-x64': [ '0.25.12', '0.28.2', '0.20.2' ],
5341 silly audit   '@esbuild/openbsd-arm64': [ '0.25.12', '0.28.2' ],
5341 silly audit   '@esbuild/openbsd-x64': [ '0.25.12', '0.28.2', '0.20.2' ],
5341 silly audit   '@esbuild/openharmony-arm64': [ '0.25.12', '0.28.2' ],
5341 silly audit   '@esbuild/sunos-x64': [ '0.25.12', '0.28.2', '0.20.2' ],
5341 silly audit   '@esbuild/win32-arm64': [ '0.25.12', '0.28.2', '0.20.2' ],
5341 silly audit   '@esbuild/win32-ia32': [ '0.25.12', '0.28.2', '0.20.2' ],
5341 silly audit   '@esbuild/win32-x64': [ '0.25.12', '0.28.2', '0.20.2' ],
5341 silly audit   accepts: [ '1.3.8' ],
5341 silly audit   'array-flatten': [ '1.1.1' ],
5341 silly audit   'body-parser': [ '1.20.6' ],
5341 silly audit   'content-disposition': [ '0.5.4' ],
5341 silly audit   'content-type': [ '1.0.5' ],
5341 silly audit   cookie: [ '0.7.2' ],
5341 silly audit   'cookie-signature': [ '1.0.7' ],
5341 silly audit   depd: [ '2.0.0' ],
5341 silly audit   encodeurl: [ '2.0.0' ],
5341 silly audit   'escape-html': [ '1.0.3' ],
5341 silly audit   etag: [ '1.8.1' ],
5341 silly audit   finalhandler: [ '1.3.2' ],
5341 silly audit   fresh: [ '0.5.2', '2.0.0' ],
5341 silly audit   'http-errors': [ '2.0.1' ],
5341 silly audit   'merge-descriptors': [ '1.0.3' ],
5341 silly audit   methods: [ '1.1.2' ],
5341 silly audit   'on-finished': [ '2.4.1' ],
5341 silly audit   parseurl: [ '1.3.3' ],
5341 silly audit   'path-to-regexp': [ '0.1.13', '6.3.0' ],
5341 silly audit   'proxy-addr': [ '2.0.7' ],
5341 silly audit   qs: [ '6.15.3' ],
5341 silly audit   'range-parser': [ '1.2.1' ],
5341 silly audit   'safe-buffer': [ '5.2.1', '5.1.2' ],
5341 silly audit   send: [ '0.19.2', '1.2.1' ],
5341 silly audit   'serve-static': [ '1.16.3', '2.2.1' ],
5341 silly audit   setprototypeof: [ '1.2.0' ],
5341 silly audit   statuses: [ '2.0.2' ],
5341 silly audit   'type-is': [ '1.6.18' ],
5341 silly audit   'utils-merge': [ '1.0.1' ],
5341 silly audit   vary: [ '1.1.2' ],
5341 silly audit   'mime-types': [ '2.1.35', '3.0.2' ],
5341 silly audit   negotiator: [ '0.6.3' ],
5341 silly audit   bytes: [ '3.1.2' ],
5341 silly audit   destroy: [ '1.2.0' ],
5341 silly audit   'raw-body': [ '2.5.3' ],
5341 silly audit   unpipe: [ '1.0.0' ],
5341 silly audit   asynckit: [ '0.4.0' ],
5341 silly audit   'combined-stream': [ '1.0.8' ],
5341 silly audit   'es-set-tostringtag': [ '2.1.0' ],
5341 silly audit   hasown: [ '2.0.4' ],
5341 silly audit   'delayed-stream': [ '1.0.0' ],
5341 silly audit   'es-errors': [ '1.3.0' ],
5341 silly audit   'get-intrinsic': [ '1.3.0' ],
5341 silly audit   'has-tostringtag': [ '1.0.2' ],
5341 silly audit   'call-bind-apply-helpers': [ '1.0.2' ],
5341 silly audit   'es-define-property': [ '1.0.1' ],
5341 silly audit   'es-object-atoms': [ '1.1.2' ],
5341 silly audit   'function-bind': [ '1.1.2' ],
5341 silly audit   'get-proto': [ '1.0.1' ],
5341 silly audit   gopd: [ '1.2.0' ],
5341 silly audit   'has-symbols': [ '1.1.0' ],
5341 silly audit   'math-intrinsics': [ '1.1.0' ],
5341 silly audit   'dunder-proto': [ '1.0.1' ],
5341 silly audit   'base64-js': [ '1.5.1' ],
5341 silly audit   'ecdsa-sig-formatter': [ '1.0.11' ],
5341 silly audit   gaxios: [ '7.3.1' ],
5341 silly audit   'gcp-metadata': [ '8.1.2' ],
5341 silly audit   'google-logging-utils': [ '1.1.3' ],
5341 silly audit   jws: [ '4.0.1' ],
5341 silly audit   extend: [ '3.0.2' ],
5341 silly audit   'node-fetch': [ '3.3.2', '2.7.0' ],
5341 silly audit   'json-bigint': [ '1.0.0' ],
5341 silly audit   'cookie-es': [ '1.2.3', '2.0.1', '3.1.1' ],
5341 silly audit   defu: [ '6.1.7' ],
5341 silly audit   destr: [ '2.0.5' ],
5341 silly audit   'iron-webcrypto': [ '1.2.1' ],
5341 silly audit   ohash: [ '1.1.6', '2.0.12' ],
5341 silly audit   radix3: [ '1.1.2' ],
5341 silly audit   uncrypto: [ '0.1.3' ],
5341 silly audit   unenv: [ '1.10.0', '2.0.0-rc.24' ],
5341 silly audit   crossws: [ '0.4.12', '0.3.5' ],
5341 silly audit   rou3: [ '0.8.1' ],
5341 silly audit   srvx: [ '0.11.22' ],
5341 silly audit   inherits: [ '2.0.4' ],
5341 silly audit   toidentifier: [ '1.0.1' ],
5341 silly audit   'agent-base': [ '6.0.2', '7.1.4' ],
5341 silly audit   'safer-buffer': [ '2.1.2' ],
5341 silly audit   'bignumber.js': [ '9.3.1' ],
5341 silly audit   jwa: [ '2.0.1' ],
5341 silly audit   'buffer-equal-constant-time': [ '1.0.1' ],
5341 silly audit   'detect-libc': [ '2.1.2' ],
5341 silly audit   'lightningcss-android-arm64': [ '1.32.0' ],
5341 silly audit   'lightningcss-darwin-arm64': [ '1.32.0' ],
5341 silly audit   'lightningcss-darwin-x64': [ '1.32.0' ],
5341 silly audit   'lightningcss-freebsd-x64': [ '1.32.0' ],
5341 silly audit   'lightningcss-linux-arm-gnueabihf': [ '1.32.0' ],
5341 silly audit   'lightningcss-linux-arm64-gnu': [ '1.32.0' ],
5341 silly audit   'lightningcss-linux-arm64-musl': [ '1.32.0' ],
5341 silly audit   'lightningcss-linux-x64-gnu': [ '1.32.0' ],
5341 silly audit   'lightningcss-linux-x64-musl': [ '1.32.0' ],
5341 silly audit   'lightningcss-win32-arm64-msvc': [ '1.32.0' ],
5341 silly audit   'lightningcss-win32-x64-msvc': [ '1.32.0' ],
5341 silly audit   yallist: [ '3.1.1', '5.0.0' ],
5341 silly audit   'mime-db': [ '1.52.0', '1.54.0' ],
5341 silly audit   'framer-motion': [ '12.43.0' ],
5341 silly audit   'motion-dom': [ '12.43.0' ],
5341 silly audit   'motion-utils': [ '12.39.0' ],
5341 silly audit   '@cloudflare/kv-asset-handler': [ '0.4.2' ],
5341 silly audit   '@rollup/plugin-alias': [ '6.0.0' ],
5341 silly audit   '@rollup/plugin-commonjs': [ '29.0.3' ],
5341 silly audit   '@rollup/plugin-inject': [ '5.0.5' ],
5341 silly audit   '@rollup/plugin-json': [ '6.1.0' ],
5341 silly audit   '@rollup/plugin-node-resolve': [ '16.0.3' ],
5341 silly audit   '@rollup/plugin-replace': [ '6.0.3' ],
5341 silly audit   '@rollup/plugin-terser': [ '1.0.0' ],
5341 silly audit   '@vercel/nft': [ '1.11.0' ],
5341 silly audit   archiver: [ '7.0.1' ],
5341 silly audit   c12: [ '3.3.4' ],
5341 silly audit   chokidar: [ '5.0.0', '3.6.0' ],
5341 silly audit   citty: [ '0.2.2', '0.1.6' ],
5341 silly audit   compatx: [ '0.2.0' ],
5341 silly audit   confbox: [ '0.2.4', '0.1.8' ],
5341 silly audit   consola: [ '3.4.2' ],
5341 silly audit   croner: [ '10.0.1' ],
5341 silly audit   db0: [ '0.3.4' ],
5341 silly audit   'dot-prop': [ '10.2.0' ],
5341 silly audit   'escape-string-regexp': [ '5.0.0' ],
5341 silly audit   exsolve: [ '1.1.1' ],
5341 silly audit   globby: [ '16.2.4' ],
5341 silly audit   'gzip-size': [ '7.0.0' ],
5341 silly audit   hookable: [ '5.5.3' ],
5341 silly audit   httpxy: [ '0.5.5' ],
5341 silly audit   ioredis: [ '5.11.1' ],
5341 silly audit   klona: [ '2.0.6' ],
5341 silly audit   knitwork: [ '1.3.0' ],
5341 silly audit   listhen: [ '1.10.1' ],
5341 silly audit   magicast: [ '0.5.4' ],
5341 silly audit   mime: [ '4.1.0', '1.6.0', '3.0.0' ],
5341 silly audit   mlly: [ '1.8.2' ],
5341 silly audit   'node-fetch-native': [ '1.6.7' ],
5341 silly audit   'node-mock-http': [ '1.0.5' ],
5341 silly audit   'perfect-debounce': [ '2.1.0' ],
5341 silly audit   'pkg-types': [ '2.3.1', '1.3.1' ],
5341 silly audit   'pretty-bytes': [ '7.1.2' ],
5341 silly audit   rollup: [ '4.63.1' ],
5341 silly audit   'rollup-plugin-visualizer': [ '7.1.1' ],
5341 silly audit   scule: [ '1.3.0' ],
5341 silly audit   'serve-placeholder': [ '2.0.2' ],
5341 silly audit   'source-map': [ '0.7.6', '0.8.0', '0.6.1' ],
5341 silly audit   'std-env': [ '4.2.0', '3.10.0' ],
5341 silly audit   ultrahtml: [ '1.7.0' ],
5341 silly audit   unctx: [ '2.5.0' ],
5341 silly audit   unimport: [ '6.4.0' ],
5341 silly audit   'unplugin-utils': [ '0.3.2' ],
5341 silly audit   unstorage: [ '1.17.5' ],
5341 silly audit   untyped: [ '2.0.0' ],
5341 silly audit   unwasm: [ '0.5.3' ],
5341 silly audit   youch: [ '4.1.1' ],
5341 silly audit   'youch-core': [ '0.3.3' ],
5341 silly audit   '@rollup/pluginutils': [ '5.4.0' ],
5341 silly audit   commondir: [ '1.0.1' ],
5341 silly audit   'estree-walker': [ '2.0.2', '3.0.3' ],
5341 silly audit   fdir: [ '6.5.0' ],
5341 silly audit   'is-reference': [ '1.2.1' ],
5341 silly audit   picomatch: [ '4.0.7', '2.3.2' ],
5341 silly audit   '@types/resolve': [ '1.20.2' ],
5341 silly audit   deepmerge: [ '4.3.1' ],
5341 silly audit   'is-module': [ '1.0.0' ],
5341 silly audit   resolve: [ '1.22.12' ],
5341 silly audit   'serialize-javascript': [ '7.1.1' ],
5341 silly audit   smob: [ '1.6.2' ],
5341 silly audit   terser: [ '5.51.2' ],
5341 silly audit   '@types/estree': [ '1.0.9' ],
5341 silly audit   '@mapbox/node-pre-gyp': [ '2.0.3' ],
5341 silly audit   acorn: [ '8.18.0' ],
5341 silly audit   'acorn-import-attributes': [ '1.9.5' ],
5341 silly audit   'async-sema': [ '3.1.1' ],
5341 silly audit   bindings: [ '1.5.0' ],
5341 silly audit   glob: [ '13.0.6', '10.5.0' ],
5341 silly audit   'node-gyp-build': [ '4.8.4' ],
5341 silly audit   'resolve-from': [ '5.0.0' ],
5341 silly audit   nopt: [ '8.1.0' ],
5341 silly audit   tar: [ '7.5.22' ],
5341 silly audit   'archiver-utils': [ '5.0.2' ],
5341 silly audit   async: [ '3.2.6' ],
5341 silly audit   'buffer-crc32': [ '1.0.0' ],
5341 silly audit   'readable-stream': [ '4.7.0', '2.3.8' ],
5341 silly audit   'readdir-glob': [ '1.1.3' ],
5341 silly audit   'tar-stream': [ '3.2.1' ],
5341 silly audit   'zip-stream': [ '6.0.1' ],
5341 silly audit   'is-stream': [ '2.0.1', '3.0.0' ],
5341 silly audit   lazystream: [ '1.0.1' ],
5341 silly audit   lodash: [ '4.18.1' ],
5341 silly audit   'normalize-path': [ '3.0.0' ],
5341 silly audit   'file-uri-to-path': [ '1.0.0' ],
5341 silly audit   giget: [ '3.3.1' ],
5341 silly audit   rc9: [ '3.0.1' ],
5341 silly audit   readdirp: [ '5.1.1', '3.6.0' ],
5341 silly audit   'type-fest': [ '5.8.0', '2.19.0' ],
5341 silly audit   minimatch: [ '10.2.6', '5.1.9', '9.0.9' ],
5341 silly audit   minipass: [ '7.1.3' ],
5341 silly audit   'path-scurry': [ '2.0.2', '1.11.1' ],
5341 silly audit   '@sindresorhus/merge-streams': [ '4.0.0' ],
5341 silly audit   'fast-glob': [ '3.3.3' ],
5341 silly audit   ignore: [ '7.0.7' ],
5341 silly audit   'is-path-inside': [ '4.0.0' ],
5341 silly audit   micromatch: [ '4.0.8' ],
5341 silly audit   slash: [ '5.1.0' ],
5341 silly audit   'unicorn-magic': [ '0.4.0' ],
5341 silly audit   '@nodelib/fs.stat': [ '2.0.5' ],
5341 silly audit   '@nodelib/fs.walk': [ '1.2.8' ],
5341 silly audit   'glob-parent': [ '5.1.2' ],
5341 silly audit   merge2: [ '1.4.1' ],
5341 silly audit   '@nodelib/fs.scandir': [ '2.1.5' ],
5341 silly audit   fastq: [ '1.20.3' ],
5341 silly audit   'run-parallel': [ '1.2.0' ],
5341 silly audit   reusify: [ '1.1.0' ],
5341 silly audit   'is-glob': [ '4.0.3' ],
5341 silly audit   duplexer: [ '0.1.2' ],
5341 silly audit   '@ioredis/commands': [ '1.10.0' ],
5341 silly audit   'cluster-key-slot': [ '1.1.1' ],
5341 silly audit   denque: [ '2.1.0' ],
5341 silly audit   'redis-errors': [ '1.2.0' ],
5341 silly audit   'redis-parser': [ '3.0.0' ],
5341 silly audit   'standard-as-callback': [ '2.1.0' ],
5341 silly audit   'is-extglob': [ '2.1.1' ],
5341 silly audit   '@parcel/watcher-wasm': [ '2.6.0', '2.3.0' ],
5341 silly audit   'get-port-please': [ '3.2.0' ],
5341 silly audit   'http-shutdown': [ '1.2.2' ],
5341 silly audit   'node-forge': [ '1.4.0' ],
5341 silly audit   tinyclip: [ '0.1.15' ],
5341 silly audit   untun: [ '0.2.2', '0.1.3' ],
5341 silly audit   uqr: [ '0.1.3' ],
5341 silly audit   braces: [ '3.0.3' ],
5341 silly audit   'fill-range': [ '7.1.1' ],
5341 silly audit   'to-regex-range': [ '5.0.1' ],
5341 silly audit   'brace-expansion': [ '5.0.9', '2.1.4' ],
5341 silly audit   'balanced-match': [ '4.0.4', '1.0.2' ],
5341 silly audit   'data-uri-to-buffer': [ '4.0.1' ],
5341 silly audit   'fetch-blob': [ '3.2.0' ],
5341 silly audit   'formdata-polyfill': [ '4.0.10' ],
5341 silly audit   'node-domexception': [ '1.0.0' ],
5341 silly audit   'web-streams-polyfill': [ '3.3.3' ],
5341 silly audit   abbrev: [ '3.0.1' ],
5341 silly audit   'ee-first': [ '1.1.1' ],
5341 silly audit   '@types/retry': [ '0.12.0' ],
5341 silly audit   retry: [ '0.13.1' ],
5341 silly audit   '@pdf-lib/standard-fonts': [ '1.0.0' ],
5341 silly audit   '@pdf-lib/upng': [ '1.0.1' ],
5341 silly audit   pako: [ '1.0.11' ],
5341 silly audit   nanoid: [ '3.3.18' ],
5341 silly audit   '@protobufjs/aspromise': [ '1.1.2' ],
5341 silly audit   '@protobufjs/base64': [ '1.1.2' ],
5341 silly audit   '@protobufjs/codegen': [ '2.0.5' ],
5341 silly audit   '@protobufjs/eventemitter': [ '1.1.1' ],
5341 silly audit   '@protobufjs/fetch': [ '1.1.1' ],
5341 silly audit   '@protobufjs/float': [ '1.0.2' ],
5341 silly audit   '@protobufjs/path': [ '1.1.2' ],
5341 silly audit   '@protobufjs/pool': [ '1.1.0' ],
5341 silly audit   '@protobufjs/utf8': [ '1.1.2' ],
5341 silly audit   long: [ '5.3.2' ],
5341 silly audit   forwarded: [ '0.2.0' ],
5341 silly audit   'ipaddr.js': [ '1.9.1' ],
5341 silly audit   'side-channel': [ '1.1.1' ],
5341 silly audit   scheduler: [ '0.27.0' ],
5341 silly audit   'abort-controller': [ '3.0.0' ],
5341 silly audit   buffer: [ '6.0.3' ],
5341 silly audit   events: [ '3.3.0' ],
5341 silly audit   process: [ '0.11.10' ],
5341 silly audit   string_decoder: [ '1.3.0', '1.1.1' ],
5341 silly audit   'event-target-shim': [ '5.0.1' ],
5341 silly audit   ieee754: [ '1.2.1' ],
5341 silly audit   '@reduxjs/toolkit': [ '2.12.0' ],
5341 silly audit   'decimal.js-light': [ '2.5.1' ],
5341 silly audit   'es-toolkit': [ '1.52.0' ],
5341 silly audit   eventemitter3: [ '5.0.4', '4.0.7' ],
5341 silly audit   immer: [ '11.1.18' ],
5341 silly audit   'react-redux': [ '9.3.0' ],
5341 silly audit   reselect: [ '5.2.0' ],
5341 silly audit   'victory-vendor': [ '37.3.6' ],
5341 silly audit   '@standard-schema/spec': [ '1.1.0' ],
5341 silly audit   redux: [ '5.0.1' ],
5341 silly audit   'redux-thunk': [ '3.1.0' ],
5341 silly audit   '@types/use-sync-external-store': [ '0.0.6' ],
5341 silly audit   'is-core-module': [ '2.16.2' ],
5341 silly audit   'path-parse': [ '1.0.7' ],
5341 silly audit   'supports-preserve-symlinks-flag': [ '1.0.0' ],
5341 silly audit   '@napi-rs/lzma-linux-x64-gnu': [ '1.5.1' ],
5341 silly audit   '@rollup/rollup-android-arm-eabi': [ '4.63.1' ],
5341 silly audit   '@rollup/rollup-android-arm64': [ '4.63.1' ],
5341 silly audit   '@rollup/rollup-darwin-arm64': [ '4.63.1' ],
5341 silly audit   '@rollup/rollup-darwin-x64': [ '4.63.1' ],
5341 silly audit   '@rollup/rollup-freebsd-arm64': [ '4.63.1' ],
5341 silly audit   '@rollup/rollup-freebsd-x64': [ '4.63.1' ],
5341 silly audit   '@rollup/rollup-linux-arm-gnueabihf': [ '4.63.1' ],
5341 silly audit   '@rollup/rollup-linux-arm-musleabihf': [ '4.63.1' ],
5341 silly audit   '@rollup/rollup-linux-arm64-gnu': [ '4.63.1' ],
5341 silly audit   '@rollup/rollup-linux-arm64-musl': [ '4.63.1' ],
5341 silly audit   '@rollup/rollup-linux-loong64-gnu': [ '4.63.1' ],
5341 silly audit   '@rollup/rollup-linux-loong64-musl': [ '4.63.1' ],
5341 silly audit   '@rollup/rollup-linux-ppc64-gnu': [ '4.63.1' ],
5341 silly audit   '@rollup/rollup-linux-ppc64-musl': [ '4.63.1' ],
5341 silly audit   '@rollup/rollup-linux-riscv64-gnu': [ '4.63.1' ],
5341 silly audit   '@rollup/rollup-linux-riscv64-musl': [ '4.63.1' ],
5341 silly audit   '@rollup/rollup-linux-s390x-gnu': [ '4.63.1' ],
5341 silly audit   '@rollup/rollup-linux-x64-gnu': [ '4.63.1' ],
5341 silly audit   '@rollup/rollup-linux-x64-musl': [ '4.63.1' ],
5341 silly audit   '@rollup/rollup-openbsd-x64': [ '4.63.1' ],
5341 silly audit   '@rollup/rollup-openharmony-arm64': [ '4.63.1' ],
5341 silly audit   '@rollup/rollup-win32-arm64-msvc': [ '4.63.1' ],
5341 silly audit   '@rollup/rollup-win32-ia32-msvc': [ '4.63.1' ],
5341 silly audit   '@rollup/rollup-win32-x64-gnu': [ '4.63.1' ],
5341 silly audit   '@rollup/rollup-win32-x64-msvc': [ '4.63.1' ],
5341 silly audit   fsevents: [ '2.3.3' ],
5341 silly audit   open: [ '11.0.2' ],
5341 silly audit   yargs: [ '18.1.0' ],
5341 silly audit   'default-browser': [ '5.5.1' ],
5341 silly audit   'define-lazy-prop': [ '3.0.0' ],
5341 silly audit   'is-in-ssh': [ '1.0.0' ],
5341 silly audit   'is-inside-container': [ '1.0.0' ],
5341 silly audit   'powershell-utils': [ '0.2.1', '0.1.0' ],
5341 silly audit   'wsl-utils': [ '1.0.0' ],
5341 silly audit   'bundle-name': [ '4.1.0' ],
5341 silly audit   'default-browser-id': [ '5.0.1' ],
5341 silly audit   'run-applescript': [ '7.1.0' ],
5341 silly audit   'is-docker': [ '3.0.0' ],
5341 silly audit   'queue-microtask': [ '1.2.3' ],
5341 silly audit   'object-inspect': [ '1.13.4' ],
5341 silly audit   'side-channel-list': [ '1.0.1' ],
5341 silly audit   'side-channel-map': [ '1.0.1' ],
5341 silly audit   'side-channel-weakmap': [ '1.0.2' ],
5341 silly audit   'call-bound': [ '1.0.4' ],
5341 silly audit   '@supabase/cli-darwin-arm64': [ '2.116.0' ],
5341 silly audit   '@supabase/cli-darwin-x64': [ '2.116.0' ],
5341 silly audit   '@supabase/cli-linux-arm64': [ '2.116.0' ],
5341 silly audit   '@supabase/cli-linux-arm64-musl': [ '2.116.0' ],
5341 silly audit   '@supabase/cli-linux-x64': [ '2.116.0' ],
5341 silly audit   '@supabase/cli-linux-x64-musl': [ '2.116.0' ],
5341 silly audit   '@supabase/cli-windows-arm64': [ '2.116.0' ],
5341 silly audit   '@supabase/cli-windows-x64': [ '2.116.0' ],
5341 silly audit   eciesjs: [ '0.5.0' ],
5341 silly audit   jose: [ '6.2.10' ],
5341 silly audit   '@ecies/ciphers': [ '0.2.6' ],
5341 silly audit   '@noble/ciphers': [ '1.3.0' ],
5341 silly audit   '@noble/curves': [ '1.9.7' ],
5341 silly audit   '@noble/hashes': [ '1.8.0' ],
5341 silly audit   '@isaacs/fs-minipass': [ '4.0.1' ],
5341 silly audit   chownr: [ '3.0.0' ],
5341 silly audit   minizlib: [ '3.1.0' ],
5341 silly audit   b4a: [ '1.8.1' ],
5341 silly audit   'bare-fs': [ '4.8.1' ],
5341 silly audit   'fast-fifo': [ '1.3.2' ],
5341 silly audit   streamx: [ '2.28.1' ],
5341 silly audit   'bare-events': [ '2.9.2' ],
5341 silly audit   'bare-path': [ '3.1.1' ],
5341 silly audit   'bare-stream': [ '2.13.4' ],
5341 silly audit   'bare-url': [ '2.5.2' ],
5341 silly audit   teex: [ '1.0.1' ],
5341 silly audit   'events-universal': [ '1.0.1' ],
5341 silly audit   'text-decoder': [ '1.2.7' ],
5341 silly audit   '@jridgewell/source-map': [ '0.3.11' ],
5341 silly audit   commander: [ '2.20.3' ],
5341 silly audit   'source-map-support': [ '0.5.21' ],
5341 silly audit   'buffer-from': [ '1.1.2' ],
5341 silly audit   'is-number': [ '7.0.0' ],
5341 silly audit   'tagged-tag': [ '1.0.0' ],
5341 silly audit   'media-typer': [ '0.3.0' ],
5341 silly audit   unplugin: [ '2.3.11', '3.3.0' ],
5341 silly audit   'local-pkg': [ '1.2.1' ],
5341 silly audit   'strip-literal': [ '4.0.0' ],
5341 silly audit   quansync: [ '0.2.11' ],
5341 silly audit   'webpack-virtual-modules': [ '0.6.2' ],
5341 silly audit   anymatch: [ '3.1.3' ],
5341 silly audit   escalade: [ '3.2.0' ],
5341 silly audit   '@types/d3-array': [ '3.2.2' ],
5341 silly audit   '@types/d3-ease': [ '3.0.2' ],
5341 silly audit   '@types/d3-interpolate': [ '3.0.4' ],
5341 silly audit   '@types/d3-scale': [ '4.0.9' ],
5341 silly audit   '@types/d3-shape': [ '3.2.0' ],
5341 silly audit   '@types/d3-time': [ '3.0.4' ],
5341 silly audit   '@types/d3-timer': [ '3.0.2' ],
5341 silly audit   'd3-array': [ '3.2.4' ],
5341 silly audit   'd3-ease': [ '3.0.1' ],
5341 silly audit   'd3-interpolate': [ '3.0.1' ],
5341 silly audit   'd3-scale': [ '4.0.2' ],
5341 silly audit   'd3-shape': [ '3.2.0' ],
5341 silly audit   'd3-time': [ '3.1.0' ],
5341 silly audit   'd3-timer': [ '3.0.1' ],
5341 silly audit   '@types/d3-color': [ '3.1.3' ],
5341 silly audit   '@types/d3-path': [ '3.1.1' ],
5341 silly audit   internmap: [ '2.0.3' ],
5341 silly audit   'd3-color': [ '3.1.0' ],
5341 silly audit   'd3-format': [ '3.1.2' ],
5341 silly audit   'd3-time-format': [ '4.1.0' ],
5341 silly audit   'd3-path': [ '3.1.0' ],
5341 silly audit   '@types/micromatch': [ '4.0.10' ],
5341 silly audit   '@vinxi/listhen': [ '1.5.6' ],
5341 silly audit   boxen: [ '7.1.1' ],
5341 silly audit   'dax-sh': [ '0.39.2' ],
5341 silly audit   'es-module-lexer': [ '1.7.0' ],
5341 silly audit   'http-proxy': [ '1.18.1' ],
5341 silly audit   '@types/braces': [ '3.0.5' ],
5341 silly audit   '@parcel/watcher': [ '2.6.0' ],
5341 silly audit   clipboardy: [ '4.0.0' ],
5341 silly audit   '@parcel/watcher-android-arm64': [ '2.6.0' ],
5341 silly audit   '@parcel/watcher-darwin-arm64': [ '2.6.0' ],
5341 silly audit   '@parcel/watcher-darwin-x64': [ '2.6.0' ],
5341 silly audit   '@parcel/watcher-freebsd-x64': [ '2.6.0' ],
5341 silly audit   '@parcel/watcher-linux-arm-glibc': [ '2.6.0' ],
5341 silly audit   '@parcel/watcher-linux-arm-musl': [ '2.6.0' ],
5341 silly audit   '@parcel/watcher-linux-arm64-glibc': [ '2.6.0' ],
5341 silly audit   '@parcel/watcher-linux-arm64-musl': [ '2.6.0' ],
5341 silly audit   '@parcel/watcher-linux-x64-glibc': [ '2.6.0' ],
5341 silly audit   '@parcel/watcher-linux-x64-musl': [ '2.6.0' ],
5341 silly audit   '@parcel/watcher-win32-arm64': [ '2.6.0' ],
5341 silly audit   '@parcel/watcher-win32-x64': [ '2.6.0' ],
5341 silly audit   'node-addon-api': [ '7.1.1' ],
5341 silly audit   'ansi-align': [ '3.0.1' ],
5341 silly audit   camelcase: [ '7.0.1' ],
5341 silly audit   chalk: [ '5.6.2' ],
5341 silly audit   'cli-boxes': [ '3.0.0' ],
5341 silly audit   'string-width': [ '5.1.2', '4.2.3', '8.2.2', '7.2.0' ],
5341 silly audit   'widest-line': [ '4.0.1' ],
5341 silly audit   'wrap-ansi': [ '8.1.0', '9.0.2', '7.0.0' ],
5341 silly audit   execa: [ '8.0.1' ],
5341 silly audit   'is-wsl': [ '3.1.1' ],
5341 silly audit   is64bit: [ '2.0.0' ],
5341 silly audit   '@deno/shim-deno': [ '0.19.2' ],
5341 silly audit   '@deno/shim-deno-test': [ '0.5.0' ],
5341 silly audit   which: [ '4.0.0', '2.0.2' ],
5341 silly audit   'cross-spawn': [ '7.0.6' ],
5341 silly audit   'get-stream': [ '8.0.1' ],
5341 silly audit   'human-signals': [ '5.0.0' ],
5341 silly audit   'merge-stream': [ '2.0.0' ],
5341 silly audit   'npm-run-path': [ '5.3.0' ],
5341 silly audit   onetime: [ '6.0.0' ],
5341 silly audit   'signal-exit': [ '4.1.0' ],
5341 silly audit   'strip-final-newline': [ '3.0.0' ],
5341 silly audit   'path-key': [ '3.1.1', '4.0.0' ],
5341 silly audit   'shebang-command': [ '2.0.0' ],
5341 silly audit   'requires-port': [ '1.0.0' ],
5341 silly audit   'system-architecture': [ '0.1.0' ],
5341 silly audit   'mimic-fn': [ '4.0.0' ],
5341 silly audit   'shebang-regex': [ '3.0.0' ],
5341 silly audit   eastasianwidth: [ '0.2.0' ],
5341 silly audit   'emoji-regex': [ '9.2.2', '8.0.0', '10.6.0' ],
5341 silly audit   'strip-ansi': [ '7.2.0', '6.0.1' ],
5341 silly audit   'ansi-regex': [ '6.3.0', '5.0.1' ],
5341 silly audit   isexe: [ '3.1.5', '2.0.0' ],
5341 silly audit   'ansi-styles': [ '6.2.3', '4.3.0' ],
5341 silly audit   '@oozcitak/dom': [ '1.15.10' ],
5341 silly audit   '@oozcitak/infra': [ '1.0.8' ],
5341 silly audit   '@oozcitak/util': [ '8.3.8' ],
5341 silly audit   'js-yaml': [ '3.14.1' ],
5341 silly audit   '@oozcitak/url': [ '1.0.4' ],
5341 silly audit   argparse: [ '1.0.10' ],
5341 silly audit   esprima: [ '4.0.1' ],
5341 silly audit   'sprintf-js': [ '1.0.3' ],
5341 silly audit   cliui: [ '9.0.1' ],
5341 silly audit   'get-caller-file': [ '2.0.5' ],
5341 silly audit   y18n: [ '5.0.8' ],
5341 silly audit   'yargs-parser': [ '22.0.0' ],
5341 silly audit   '@poppinss/colors': [ '4.1.6' ],
5341 silly audit   '@poppinss/dumper': [ '0.7.0' ],
5341 silly audit   '@speed-highlight/core': [ '1.2.24' ],
5341 silly audit   kleur: [ '4.1.5' ],
5341 silly audit   '@sindresorhus/is': [ '7.2.0' ],
5341 silly audit   'supports-color': [ '10.2.2' ],
5341 silly audit   '@poppinss/exception': [ '1.2.3' ],
5341 silly audit   'error-stack-parser-es': [ '1.0.5' ],
5341 silly audit   'compress-commons': [ '6.0.2' ],
5341 silly audit   'crc-32': [ '1.2.2' ],
5341 silly audit   'crc32-stream': [ '6.0.0' ],
5341 silly audit   'whatwg-url': [ '5.0.0' ],
5341 silly audit   tr46: [ '0.0.3' ],
5341 silly audit   'webidl-conversions': [ '3.0.1' ],
5341 silly audit   '@babel/preset-typescript': [ '7.29.7' ],
5341 silly audit   '@babel/plugin-transform-modules-commonjs': [ '7.29.7' ],
5341 silly audit   '@babel/plugin-transform-typescript': [ '7.29.7' ],
5341 silly audit   '@babel/helper-annotate-as-pure': [ '7.29.7' ],
5341 silly audit   '@babel/helper-create-class-features-plugin': [ '7.29.7' ],
5341 silly audit   '@babel/helper-skip-transparent-expression-wrappers': [ '7.29.7' ],
5341 silly audit   '@babel/helper-member-expression-to-functions': [ '7.29.7' ],
5341 silly audit   '@babel/helper-optimise-call-expression': [ '7.29.7' ],
5341 silly audit   '@babel/helper-replace-supers': [ '7.29.7' ],
5341 silly audit   isbot: [ '5.2.2' ],
5341 silly audit   'seroval-plugins': [ '1.6.4' ],
5341 silly audit   recast: [ '0.23.21' ],
5341 silly audit   'ast-types': [ '0.16.1' ],
5341 silly audit   'is-binary-path': [ '2.1.0' ],
5341 silly audit   'binary-extensions': [ '2.3.0' ],
5341 silly audit   '@types/mime': [ '1.3.5' ],
5341 silly audit   'is-fullwidth-code-point': [ '3.0.0' ],
5341 silly audit   'foreground-child': [ '3.3.1' ],
5341 silly audit   jackspeak: [ '3.4.3' ],
5341 silly audit   'package-json-from-dist': [ '1.0.1' ],
5341 silly audit   '@isaacs/cliui': [ '8.0.2' ],
5341 silly audit   '@pkgjs/parseargs': [ '0.11.0' ],
5341 silly audit   'get-east-asian-width': [ '1.6.0' ],
5341 silly audit   'core-util-is': [ '1.0.3' ],
5341 silly audit   isarray: [ '1.0.0' ],
5341 silly audit   'process-nextick-args': [ '2.0.1' ],
5341 silly audit   'util-deprecate': [ '1.0.2' ],
5341 silly audit   'color-convert': [ '2.0.1' ],
5341 silly audit   'color-name': [ '1.1.4' ],
5341 silly audit   'napi-wasm': [ '1.1.0' ]
5341 silly audit }
5342 http cache color-name@https://registry.npmjs.org/color-name/-/color-name-1.1.4.tgz 0ms (cache hit)
5343 http cache util-deprecate@https://registry.npmjs.org/util-deprecate/-/util-deprecate-1.0.2.tgz 0ms (cache hit)
5344 http cache color-convert@https://registry.npmjs.org/color-convert/-/color-convert-2.0.1.tgz 0ms (cache hit)
5345 http cache isarray@https://registry.npmjs.org/isarray/-/isarray-1.0.0.tgz 1ms (cache hit)
5346 http cache process-nextick-args@https://registry.npmjs.org/process-nextick-args/-/process-nextick-args-2.0.1.tgz 0ms (cache hit)
5347 http cache core-util-is@https://registry.npmjs.org/core-util-is/-/core-util-is-1.0.3.tgz 0ms (cache hit)
5348 http cache get-east-asian-width@https://registry.npmjs.org/get-east-asian-width/-/get-east-asian-width-1.6.0.tgz 0ms (cache hit)
5349 http cache strip-ansi-cjs@https://registry.npmjs.org/strip-ansi/-/strip-ansi-6.0.1.tgz 0ms (cache hit)
5350 http cache wrap-ansi-cjs@https://registry.npmjs.org/wrap-ansi/-/wrap-ansi-7.0.0.tgz 0ms (cache hit)
5351 http cache string-width-cjs@https://registry.npmjs.org/string-width/-/string-width-4.2.3.tgz 0ms (cache hit)
5352 http cache @pkgjs/parseargs@https://registry.npmjs.org/@pkgjs/parseargs/-/parseargs-0.11.0.tgz 0ms (cache hit)
5353 http cache @isaacs/cliui@https://registry.npmjs.org/@isaacs/cliui/-/cliui-8.0.2.tgz 0ms (cache hit)
5354 http cache package-json-from-dist@https://registry.npmjs.org/package-json-from-dist/-/package-json-from-dist-1.0.1.tgz 0ms (cache hit)
5355 http cache jackspeak@https://registry.npmjs.org/jackspeak/-/jackspeak-3.4.3.tgz 0ms (cache hit)
5356 http cache foreground-child@https://registry.npmjs.org/foreground-child/-/foreground-child-3.3.1.tgz 0ms (cache hit)
5357 http cache is-fullwidth-code-point@https://registry.npmjs.org/is-fullwidth-code-point/-/is-fullwidth-code-point-3.0.0.tgz 0ms (cache hit)
5358 http cache @types/mime@https://registry.npmjs.org/@types/mime/-/mime-1.3.5.tgz 0ms (cache hit)
5359 http cache binary-extensions@https://registry.npmjs.org/binary-extensions/-/binary-extensions-2.3.0.tgz 0ms (cache hit)
5360 http cache is-binary-path@https://registry.npmjs.org/is-binary-path/-/is-binary-path-2.1.0.tgz 0ms (cache hit)
5361 http cache ast-types@https://registry.npmjs.org/ast-types/-/ast-types-0.16.1.tgz 0ms (cache hit)
5362 http cache recast@https://registry.npmjs.org/recast/-/recast-0.23.21.tgz 0ms (cache hit)
5363 http cache seroval-plugins@https://registry.npmjs.org/seroval-plugins/-/seroval-plugins-1.6.4.tgz 0ms (cache hit)
5364 http cache isbot@https://registry.npmjs.org/isbot/-/isbot-5.2.2.tgz 0ms (cache hit)
5365 http cache @babel/helper-replace-supers@https://registry.npmjs.org/@babel/helper-replace-supers/-/helper-replace-supers-7.29.7.tgz 1ms (cache hit)
5366 http cache @babel/helper-optimise-call-expression@https://registry.npmjs.org/@babel/helper-optimise-call-expression/-/helper-optimise-call-expression-7.29.7.tgz 0ms (cache hit)
5367 http cache @babel/helper-skip-transparent-expression-wrappers@https://registry.npmjs.org/@babel/helper-skip-transparent-expression-wrappers/-/helper-skip-transparent-expression-wrappers-7.29.7.tgz 0ms (cache hit)
5368 http cache @babel/helper-create-class-features-plugin@https://registry.npmjs.org/@babel/helper-create-class-features-plugin/-/helper-create-class-features-plugin-7.29.7.tgz 0ms (cache hit)
5369 http cache @babel/helper-member-expression-to-functions@https://registry.npmjs.org/@babel/helper-member-expression-to-functions/-/helper-member-expression-to-functions-7.29.7.tgz 0ms (cache hit)
5370 http cache @babel/plugin-transform-typescript@https://registry.npmjs.org/@babel/plugin-transform-typescript/-/plugin-transform-typescript-7.29.7.tgz 0ms (cache hit)
5371 http cache @babel/plugin-transform-modules-commonjs@https://registry.npmjs.org/@babel/plugin-transform-modules-commonjs/-/plugin-transform-modules-commonjs-7.29.7.tgz 0ms (cache hit)
5372 http cache @babel/preset-typescript@https://registry.npmjs.org/@babel/preset-typescript/-/preset-typescript-7.29.7.tgz 0ms (cache hit)
5373 http cache webidl-conversions@https://registry.npmjs.org/webidl-conversions/-/webidl-conversions-3.0.1.tgz 0ms (cache hit)
5374 http cache tr46@https://registry.npmjs.org/tr46/-/tr46-0.0.3.tgz 0ms (cache hit)
5375 http cache whatwg-url@https://registry.npmjs.org/whatwg-url/-/whatwg-url-5.0.0.tgz 0ms (cache hit)
5376 http cache crc32-stream@https://registry.npmjs.org/crc32-stream/-/crc32-stream-6.0.0.tgz 0ms (cache hit)
5377 http cache crc-32@https://registry.npmjs.org/crc-32/-/crc-32-1.2.2.tgz 0ms (cache hit)
5378 http cache compress-commons@https://registry.npmjs.org/compress-commons/-/compress-commons-6.0.2.tgz 0ms (cache hit)
5379 http cache error-stack-parser-es@https://registry.npmjs.org/error-stack-parser-es/-/error-stack-parser-es-1.0.5.tgz 0ms (cache hit)
5380 http cache @poppinss/exception@https://registry.npmjs.org/@poppinss/exception/-/exception-1.2.3.tgz 0ms (cache hit)
5381 http cache supports-color@https://registry.npmjs.org/supports-color/-/supports-color-10.2.2.tgz 0ms (cache hit)
5382 http cache @sindresorhus/is@https://registry.npmjs.org/@sindresorhus/is/-/is-7.2.0.tgz 0ms (cache hit)
5383 http cache kleur@https://registry.npmjs.org/kleur/-/kleur-4.1.5.tgz 0ms (cache hit)
5384 http cache @speed-highlight/core@https://registry.npmjs.org/@speed-highlight/core/-/core-1.2.24.tgz 0ms (cache hit)
5385 http cache @poppinss/dumper@https://registry.npmjs.org/@poppinss/dumper/-/dumper-0.7.0.tgz 0ms (cache hit)
5386 http cache @poppinss/colors@https://registry.npmjs.org/@poppinss/colors/-/colors-4.1.6.tgz 0ms (cache hit)
5387 http cache yargs-parser@https://registry.npmjs.org/yargs-parser/-/yargs-parser-22.0.0.tgz 0ms (cache hit)
5388 http cache get-caller-file@https://registry.npmjs.org/get-caller-file/-/get-caller-file-2.0.5.tgz 0ms (cache hit)
5389 http cache cliui@https://registry.npmjs.org/cliui/-/cliui-9.0.1.tgz 0ms (cache hit)
5390 http cache @babel/helper-annotate-as-pure@https://registry.npmjs.org/@babel/helper-annotate-as-pure/-/helper-annotate-as-pure-7.29.7.tgz 0ms (cache hit)
5391 http cache sprintf-js@https://registry.npmjs.org/sprintf-js/-/sprintf-js-1.0.3.tgz 0ms (cache hit)
5392 http cache esprima@https://registry.npmjs.org/esprima/-/esprima-4.0.1.tgz 0ms (cache hit)
5393 http cache argparse@https://registry.npmjs.org/argparse/-/argparse-1.0.10.tgz 0ms (cache hit)
5394 http cache @oozcitak/url@https://registry.npmjs.org/@oozcitak/url/-/url-1.0.4.tgz 0ms (cache hit)
5395 http cache js-yaml@https://registry.npmjs.org/js-yaml/-/js-yaml-3.14.1.tgz 0ms (cache hit)
5396 http cache @oozcitak/util@https://registry.npmjs.org/@oozcitak/util/-/util-8.3.8.tgz 0ms (cache hit)
5397 http cache @oozcitak/infra@https://registry.npmjs.org/@oozcitak/infra/-/infra-1.0.8.tgz 0ms (cache hit)
5398 http cache ansi-styles@https://registry.npmjs.org/ansi-styles/-/ansi-styles-6.2.3.tgz 0ms (cache hit)
5399 http cache isexe@https://registry.npmjs.org/isexe/-/isexe-3.1.5.tgz 0ms (cache hit)
5400 http cache @oozcitak/dom@https://registry.npmjs.org/@oozcitak/dom/-/dom-1.15.10.tgz 0ms (cache hit)
5401 http cache ansi-regex@https://registry.npmjs.org/ansi-regex/-/ansi-regex-6.3.0.tgz 0ms (cache hit)
5402 http cache strip-ansi@https://registry.npmjs.org/strip-ansi/-/strip-ansi-7.2.0.tgz 0ms (cache hit)
5403 http cache emoji-regex@https://registry.npmjs.org/emoji-regex/-/emoji-regex-9.2.2.tgz 0ms (cache hit)
5404 http cache eastasianwidth@https://registry.npmjs.org/eastasianwidth/-/eastasianwidth-0.2.0.tgz 0ms (cache hit)
5405 http cache shebang-regex@https://registry.npmjs.org/shebang-regex/-/shebang-regex-3.0.0.tgz 0ms (cache hit)
5406 http cache mimic-fn@https://registry.npmjs.org/mimic-fn/-/mimic-fn-4.0.0.tgz 0ms (cache hit)
5407 http cache system-architecture@https://registry.npmjs.org/system-architecture/-/system-architecture-0.1.0.tgz 0ms (cache hit)
5408 http cache requires-port@https://registry.npmjs.org/requires-port/-/requires-port-1.0.0.tgz 0ms (cache hit)
5409 http cache shebang-command@https://registry.npmjs.org/shebang-command/-/shebang-command-2.0.0.tgz 0ms (cache hit)
5410 http cache strip-final-newline@https://registry.npmjs.org/strip-final-newline/-/strip-final-newline-3.0.0.tgz 0ms (cache hit)
5411 http cache signal-exit@https://registry.npmjs.org/signal-exit/-/signal-exit-4.1.0.tgz 0ms (cache hit)
5412 http cache path-key@https://registry.npmjs.org/path-key/-/path-key-3.1.1.tgz 0ms (cache hit)
5413 http cache onetime@https://registry.npmjs.org/onetime/-/onetime-6.0.0.tgz 0ms (cache hit)
5414 http cache merge-stream@https://registry.npmjs.org/merge-stream/-/merge-stream-2.0.0.tgz 0ms (cache hit)
5415 http cache npm-run-path@https://registry.npmjs.org/npm-run-path/-/npm-run-path-5.3.0.tgz 0ms (cache hit)
5416 http cache human-signals@https://registry.npmjs.org/human-signals/-/human-signals-5.0.0.tgz 0ms (cache hit)
5417 http cache get-stream@https://registry.npmjs.org/get-stream/-/get-stream-8.0.1.tgz 0ms (cache hit)
5418 http cache cross-spawn@https://registry.npmjs.org/cross-spawn/-/cross-spawn-7.0.6.tgz 0ms (cache hit)
5419 http cache which@https://registry.npmjs.org/which/-/which-4.0.0.tgz 0ms (cache hit)
5420 http cache @deno/shim-deno@https://registry.npmjs.org/@deno/shim-deno/-/shim-deno-0.19.2.tgz 0ms (cache hit)
5421 http cache @deno/shim-deno-test@https://registry.npmjs.org/@deno/shim-deno-test/-/shim-deno-test-0.5.0.tgz 0ms (cache hit)
5422 http cache is64bit@https://registry.npmjs.org/is64bit/-/is64bit-2.0.0.tgz 0ms (cache hit)
5423 http cache y18n@https://registry.npmjs.org/y18n/-/y18n-5.0.8.tgz 0ms (cache hit)
5424 http cache is-wsl@https://registry.npmjs.org/is-wsl/-/is-wsl-3.1.1.tgz 0ms (cache hit)
5425 http cache wrap-ansi@https://registry.npmjs.org/wrap-ansi/-/wrap-ansi-8.1.0.tgz 1ms (cache hit)
5426 http cache widest-line@https://registry.npmjs.org/widest-line/-/widest-line-4.0.1.tgz 0ms (cache hit)
5427 http cache string-width@https://registry.npmjs.org/string-width/-/string-width-5.1.2.tgz 0ms (cache hit)
5428 http cache cli-boxes@https://registry.npmjs.org/cli-boxes/-/cli-boxes-3.0.0.tgz 0ms (cache hit)
5429 http cache chalk@https://registry.npmjs.org/chalk/-/chalk-5.6.2.tgz 0ms (cache hit)
5430 http cache camelcase@https://registry.npmjs.org/camelcase/-/camelcase-7.0.1.tgz 0ms (cache hit)
5431 http cache ansi-align@https://registry.npmjs.org/ansi-align/-/ansi-align-3.0.1.tgz 0ms (cache hit)
5432 http cache node-addon-api@https://registry.npmjs.org/node-addon-api/-/node-addon-api-7.1.1.tgz 0ms (cache hit)
5433 http cache @parcel/watcher-win32-x64@https://registry.npmjs.org/@parcel/watcher-win32-x64/-/watcher-win32-x64-2.6.0.tgz 0ms (cache hit)
5434 http cache clipboardy@https://registry.npmjs.org/clipboardy/-/clipboardy-4.0.0.tgz 0ms (cache hit)
5435 http cache @parcel/watcher@https://registry.npmjs.org/@parcel/watcher/-/watcher-2.6.0.tgz 0ms (cache hit)
5436 http cache @types/braces@https://registry.npmjs.org/@types/braces/-/braces-3.0.5.tgz 0ms (cache hit)
5437 http cache es-module-lexer@https://registry.npmjs.org/es-module-lexer/-/es-module-lexer-1.7.0.tgz 0ms (cache hit)
5438 http cache http-proxy@https://registry.npmjs.org/http-proxy/-/http-proxy-1.18.1.tgz 0ms (cache hit)
5439 http cache dax-sh@https://registry.npmjs.org/dax-sh/-/dax-sh-0.39.2.tgz 0ms (cache hit)
5440 http cache boxen@https://registry.npmjs.org/boxen/-/boxen-7.1.1.tgz 0ms (cache hit)
5441 http cache @vinxi/listhen@https://registry.npmjs.org/@vinxi/listhen/-/listhen-1.5.6.tgz 0ms (cache hit)
5442 http cache untun@https://registry.npmjs.org/untun/-/untun-0.1.3.tgz 0ms (cache hit)
5443 http cache std-env@https://registry.npmjs.org/std-env/-/std-env-3.10.0.tgz 0ms (cache hit)
5444 http cache pathe@https://registry.npmjs.org/pathe/-/pathe-1.1.2.tgz 0ms (cache hit)
5445 http cache @types/micromatch@https://registry.npmjs.org/@types/micromatch/-/micromatch-4.0.10.tgz 0ms (cache hit)
5446 http cache jiti@https://registry.npmjs.org/jiti/-/jiti-1.21.7.tgz 0ms (cache hit)
5447 http cache citty@https://registry.npmjs.org/citty/-/citty-0.1.6.tgz 0ms (cache hit)
5448 http cache d3-path@https://registry.npmjs.org/d3-path/-/d3-path-3.1.0.tgz 0ms (cache hit)
5449 http cache d3-format@https://registry.npmjs.org/d3-format/-/d3-format-3.1.2.tgz 0ms (cache hit)
5450 http cache d3-time-format@https://registry.npmjs.org/d3-time-format/-/d3-time-format-4.1.0.tgz 0ms (cache hit)
5451 http cache d3-color@https://registry.npmjs.org/d3-color/-/d3-color-3.1.0.tgz 0ms (cache hit)
5452 http cache internmap@https://registry.npmjs.org/internmap/-/internmap-2.0.3.tgz 0ms (cache hit)
5453 http cache @types/d3-path@https://registry.npmjs.org/@types/d3-path/-/d3-path-3.1.1.tgz 0ms (cache hit)
5454 http cache @types/d3-color@https://registry.npmjs.org/@types/d3-color/-/d3-color-3.1.3.tgz 0ms (cache hit)
5455 http cache d3-time@https://registry.npmjs.org/d3-time/-/d3-time-3.1.0.tgz 0ms (cache hit)
5456 http cache d3-timer@https://registry.npmjs.org/d3-timer/-/d3-timer-3.0.1.tgz 0ms (cache hit)
5457 http cache d3-scale@https://registry.npmjs.org/d3-scale/-/d3-scale-4.0.2.tgz 0ms (cache hit)
5458 http cache d3-shape@https://registry.npmjs.org/d3-shape/-/d3-shape-3.2.0.tgz 0ms (cache hit)
5459 http cache d3-interpolate@https://registry.npmjs.org/d3-interpolate/-/d3-interpolate-3.0.1.tgz 0ms (cache hit)
5460 http cache d3-ease@https://registry.npmjs.org/d3-ease/-/d3-ease-3.0.1.tgz 0ms (cache hit)
5461 http cache d3-array@https://registry.npmjs.org/d3-array/-/d3-array-3.2.4.tgz 0ms (cache hit)
5462 http cache @types/d3-timer@https://registry.npmjs.org/@types/d3-timer/-/d3-timer-3.0.2.tgz 0ms (cache hit)
5463 http cache @types/d3-time@https://registry.npmjs.org/@types/d3-time/-/d3-time-3.0.4.tgz 0ms (cache hit)
5464 http cache @types/d3-shape@https://registry.npmjs.org/@types/d3-shape/-/d3-shape-3.2.0.tgz 0ms (cache hit)
5465 http cache @types/d3-scale@https://registry.npmjs.org/@types/d3-scale/-/d3-scale-4.0.9.tgz 0ms (cache hit)
5466 http cache @types/d3-interpolate@https://registry.npmjs.org/@types/d3-interpolate/-/d3-interpolate-3.0.4.tgz 0ms (cache hit)
5467 http cache @types/d3-ease@https://registry.npmjs.org/@types/d3-ease/-/d3-ease-3.0.2.tgz 0ms (cache hit)
5468 http cache @types/d3-array@https://registry.npmjs.org/@types/d3-array/-/d3-array-3.2.2.tgz 0ms (cache hit)
5469 http cache escalade@https://registry.npmjs.org/escalade/-/escalade-3.2.0.tgz 0ms (cache hit)
5470 http cache anymatch@https://registry.npmjs.org/anymatch/-/anymatch-3.1.3.tgz 0ms (cache hit)
5471 http cache webpack-virtual-modules@https://registry.npmjs.org/webpack-virtual-modules/-/webpack-virtual-modules-0.6.2.tgz 0ms (cache hit)
5472 http cache quansync@https://registry.npmjs.org/quansync/-/quansync-0.2.11.tgz 0ms (cache hit)
5473 http cache strip-literal@https://registry.npmjs.org/strip-literal/-/strip-literal-4.0.0.tgz 0ms (cache hit)
5474 http cache local-pkg@https://registry.npmjs.org/local-pkg/-/local-pkg-1.2.1.tgz 0ms (cache hit)
5475 http cache media-typer@https://registry.npmjs.org/media-typer/-/media-typer-0.3.0.tgz 0ms (cache hit)
5476 http cache tagged-tag@https://registry.npmjs.org/tagged-tag/-/tagged-tag-1.0.0.tgz 0ms (cache hit)
5477 http cache unplugin@https://registry.npmjs.org/unplugin/-/unplugin-2.3.11.tgz 0ms (cache hit)
5478 http cache source-map-support@https://registry.npmjs.org/source-map-support/-/source-map-support-0.5.21.tgz 0ms (cache hit)
5479 http cache buffer-from@https://registry.npmjs.org/buffer-from/-/buffer-from-1.1.2.tgz 0ms (cache hit)
5480 http cache commander@https://registry.npmjs.org/commander/-/commander-2.20.3.tgz 0ms (cache hit)
5481 http cache @jridgewell/source-map@https://registry.npmjs.org/@jridgewell/source-map/-/source-map-0.3.11.tgz 0ms (cache hit)
5482 http cache events-universal@https://registry.npmjs.org/events-universal/-/events-universal-1.0.1.tgz 0ms (cache hit)
5483 http cache text-decoder@https://registry.npmjs.org/text-decoder/-/text-decoder-1.2.7.tgz 0ms (cache hit)
5484 http cache bare-url@https://registry.npmjs.org/bare-url/-/bare-url-2.5.2.tgz 0ms (cache hit)
5485 http cache is-number@https://registry.npmjs.org/is-number/-/is-number-7.0.0.tgz 0ms (cache hit)
5486 http cache bare-stream@https://registry.npmjs.org/bare-stream/-/bare-stream-2.13.4.tgz 0ms (cache hit)
5487 http cache bare-path@https://registry.npmjs.org/bare-path/-/bare-path-3.1.1.tgz 0ms (cache hit)
5488 http cache bare-events@https://registry.npmjs.org/bare-events/-/bare-events-2.9.2.tgz 0ms (cache hit)
5489 http cache streamx@https://registry.npmjs.org/streamx/-/streamx-2.28.1.tgz 0ms (cache hit)
5490 http cache fast-fifo@https://registry.npmjs.org/fast-fifo/-/fast-fifo-1.3.2.tgz 0ms (cache hit)
5491 http cache bare-fs@https://registry.npmjs.org/bare-fs/-/bare-fs-4.8.1.tgz 0ms (cache hit)
5492 http cache b4a@https://registry.npmjs.org/b4a/-/b4a-1.8.1.tgz 0ms (cache hit)
5493 http cache minizlib@https://registry.npmjs.org/minizlib/-/minizlib-3.1.0.tgz 0ms (cache hit)
5494 http cache chownr@https://registry.npmjs.org/chownr/-/chownr-3.0.0.tgz 0ms (cache hit)
5495 http cache @isaacs/fs-minipass@https://registry.npmjs.org/@isaacs/fs-minipass/-/fs-minipass-4.0.1.tgz 0ms (cache hit)
5496 http cache @noble/hashes@https://registry.npmjs.org/@noble/hashes/-/hashes-1.8.0.tgz 0ms (cache hit)
5497 http cache @noble/ciphers@https://registry.npmjs.org/@noble/ciphers/-/ciphers-1.3.0.tgz 0ms (cache hit)
5498 http cache @noble/curves@https://registry.npmjs.org/@noble/curves/-/curves-1.9.7.tgz 0ms (cache hit)
5499 http cache teex@https://registry.npmjs.org/teex/-/teex-1.0.1.tgz 0ms (cache hit)
5500 http cache @ecies/ciphers@https://registry.npmjs.org/@ecies/ciphers/-/ciphers-0.2.6.tgz 0ms (cache hit)
5501 http cache jose@https://registry.npmjs.org/jose/-/jose-6.2.10.tgz 0ms (cache hit)
5502 http cache eciesjs@https://registry.npmjs.org/eciesjs/-/eciesjs-0.5.0.tgz 0ms (cache hit)
5503 http cache @supabase/cli-windows-x64@https://registry.npmjs.org/@supabase/cli-windows-x64/-/cli-windows-x64-2.116.0.tgz 0ms (cache hit)
5504 http cache call-bound@https://registry.npmjs.org/call-bound/-/call-bound-1.0.4.tgz 0ms (cache hit)
5505 http cache side-channel-weakmap@https://registry.npmjs.org/side-channel-weakmap/-/side-channel-weakmap-1.0.2.tgz 0ms (cache hit)
5506 http cache side-channel-list@https://registry.npmjs.org/side-channel-list/-/side-channel-list-1.0.1.tgz 0ms (cache hit)
5507 http cache side-channel-map@https://registry.npmjs.org/side-channel-map/-/side-channel-map-1.0.1.tgz 0ms (cache hit)
5508 http cache is-docker@https://registry.npmjs.org/is-docker/-/is-docker-3.0.0.tgz 0ms (cache hit)
5509 http cache queue-microtask@https://registry.npmjs.org/queue-microtask/-/queue-microtask-1.2.3.tgz 0ms (cache hit)
5510 http cache run-applescript@https://registry.npmjs.org/run-applescript/-/run-applescript-7.1.0.tgz 0ms (cache hit)
5511 http cache default-browser-id@https://registry.npmjs.org/default-browser-id/-/default-browser-id-5.0.1.tgz 0ms (cache hit)
5512 http cache bundle-name@https://registry.npmjs.org/bundle-name/-/bundle-name-4.1.0.tgz 0ms (cache hit)
5513 http cache wsl-utils@https://registry.npmjs.org/wsl-utils/-/wsl-utils-1.0.0.tgz 0ms (cache hit)
5514 http cache powershell-utils@https://registry.npmjs.org/powershell-utils/-/powershell-utils-0.2.1.tgz 0ms (cache hit)
5515 http cache object-inspect@https://registry.npmjs.org/object-inspect/-/object-inspect-1.13.4.tgz 0ms (cache hit)
5516 http cache is-inside-container@https://registry.npmjs.org/is-inside-container/-/is-inside-container-1.0.0.tgz 0ms (cache hit)
5517 http cache is-in-ssh@https://registry.npmjs.org/is-in-ssh/-/is-in-ssh-1.0.0.tgz 0ms (cache hit)
5518 http cache define-lazy-prop@https://registry.npmjs.org/define-lazy-prop/-/define-lazy-prop-3.0.0.tgz 0ms (cache hit)
5519 http cache yargs@https://registry.npmjs.org/yargs/-/yargs-18.1.0.tgz 0ms (cache hit)
5520 http cache default-browser@https://registry.npmjs.org/default-browser/-/default-browser-5.5.1.tgz 0ms (cache hit)
5521 http cache open@https://registry.npmjs.org/open/-/open-11.0.2.tgz 0ms (cache hit)
5522 http cache @rollup/rollup-win32-x64-msvc@https://registry.npmjs.org/@rollup/rollup-win32-x64-msvc/-/rollup-win32-x64-msvc-4.63.1.tgz 0ms (cache hit)
5523 http cache @rollup/rollup-win32-x64-gnu@https://registry.npmjs.org/@rollup/rollup-win32-x64-gnu/-/rollup-win32-x64-gnu-4.63.1.tgz 0ms (cache hit)
5524 http cache supports-preserve-symlinks-flag@https://registry.npmjs.org/supports-preserve-symlinks-flag/-/supports-preserve-symlinks-flag-1.0.0.tgz 0ms (cache hit)
5525 http cache is-core-module@https://registry.npmjs.org/is-core-module/-/is-core-module-2.16.2.tgz 0ms (cache hit)
5526 http cache path-parse@https://registry.npmjs.org/path-parse/-/path-parse-1.0.7.tgz 0ms (cache hit)
5527 http cache redux-thunk@https://registry.npmjs.org/redux-thunk/-/redux-thunk-3.1.0.tgz 0ms (cache hit)
5528 http cache redux@https://registry.npmjs.org/redux/-/redux-5.0.1.tgz 0ms (cache hit)
5529 http cache victory-vendor@https://registry.npmjs.org/victory-vendor/-/victory-vendor-37.3.6.tgz 0ms (cache hit)
5530 http cache @standard-schema/spec@https://registry.npmjs.org/@standard-schema/spec/-/spec-1.1.0.tgz 0ms (cache hit)
5531 http cache react-redux@https://registry.npmjs.org/react-redux/-/react-redux-9.3.0.tgz 0ms (cache hit)
5532 http cache reselect@https://registry.npmjs.org/reselect/-/reselect-5.2.0.tgz 0ms (cache hit)
5533 http cache eventemitter3@https://registry.npmjs.org/eventemitter3/-/eventemitter3-5.0.4.tgz 0ms (cache hit)
5534 http cache immer@https://registry.npmjs.org/immer/-/immer-11.1.18.tgz 0ms (cache hit)
5535 http cache es-toolkit@https://registry.npmjs.org/es-toolkit/-/es-toolkit-1.52.0.tgz 0ms (cache hit)
5536 http cache @reduxjs/toolkit@https://registry.npmjs.org/@reduxjs/toolkit/-/toolkit-2.12.0.tgz 0ms (cache hit)
5537 http cache decimal.js-light@https://registry.npmjs.org/decimal.js-light/-/decimal.js-light-2.5.1.tgz 0ms (cache hit)
5538 http cache ieee754@https://registry.npmjs.org/ieee754/-/ieee754-1.2.1.tgz 0ms (cache hit)
5539 http cache event-target-shim@https://registry.npmjs.org/event-target-shim/-/event-target-shim-5.0.1.tgz 0ms (cache hit)
5540 http cache string_decoder@https://registry.npmjs.org/string_decoder/-/string_decoder-1.3.0.tgz 0ms (cache hit)
5541 http cache @types/use-sync-external-store@https://registry.npmjs.org/@types/use-sync-external-store/-/use-sync-external-store-0.0.6.tgz 0ms (cache hit)
5542 http cache process@https://registry.npmjs.org/process/-/process-0.11.10.tgz 0ms (cache hit)
5543 http cache events@https://registry.npmjs.org/events/-/events-3.3.0.tgz 0ms (cache hit)
5544 http cache abort-controller@https://registry.npmjs.org/abort-controller/-/abort-controller-3.0.0.tgz 0ms (cache hit)
5545 http cache scheduler@https://registry.npmjs.org/scheduler/-/scheduler-0.27.0.tgz 0ms (cache hit)
5546 http cache side-channel@https://registry.npmjs.org/side-channel/-/side-channel-1.1.1.tgz 0ms (cache hit)
5547 http cache ipaddr.js@https://registry.npmjs.org/ipaddr.js/-/ipaddr.js-1.9.1.tgz 0ms (cache hit)
5548 http cache forwarded@https://registry.npmjs.org/forwarded/-/forwarded-0.2.0.tgz 0ms (cache hit)
5549 http cache long@https://registry.npmjs.org/long/-/long-5.3.2.tgz 0ms (cache hit)
5550 http cache buffer@https://registry.npmjs.org/buffer/-/buffer-6.0.3.tgz 0ms (cache hit)
5551 http cache @protobufjs/utf8@https://registry.npmjs.org/@protobufjs/utf8/-/utf8-1.1.2.tgz 0ms (cache hit)
5552 http cache @protobufjs/pool@https://registry.npmjs.org/@protobufjs/pool/-/pool-1.1.0.tgz 0ms (cache hit)
5553 http cache @protobufjs/path@https://registry.npmjs.org/@protobufjs/path/-/path-1.1.2.tgz 0ms (cache hit)
5554 http cache @protobufjs/fetch@https://registry.npmjs.org/@protobufjs/fetch/-/fetch-1.1.1.tgz 0ms (cache hit)
5555 http cache @protobufjs/float@https://registry.npmjs.org/@protobufjs/float/-/float-1.0.2.tgz 0ms (cache hit)
5556 http cache @protobufjs/eventemitter@https://registry.npmjs.org/@protobufjs/eventemitter/-/eventemitter-1.1.1.tgz 0ms (cache hit)
5557 http cache @protobufjs/codegen@https://registry.npmjs.org/@protobufjs/codegen/-/codegen-2.0.5.tgz 0ms (cache hit)
5558 http cache @protobufjs/base64@https://registry.npmjs.org/@protobufjs/base64/-/base64-1.1.2.tgz 0ms (cache hit)
5559 http cache @protobufjs/aspromise@https://registry.npmjs.org/@protobufjs/aspromise/-/aspromise-1.1.2.tgz 0ms (cache hit)
5560 http cache pako@https://registry.npmjs.org/pako/-/pako-1.0.11.tgz 0ms (cache hit)
5561 http cache nanoid@https://registry.npmjs.org/nanoid/-/nanoid-3.3.18.tgz 0ms (cache hit)
5562 http cache @pdf-lib/upng@https://registry.npmjs.org/@pdf-lib/upng/-/upng-1.0.1.tgz 0ms (cache hit)
5563 http cache @pdf-lib/standard-fonts@https://registry.npmjs.org/@pdf-lib/standard-fonts/-/standard-fonts-1.0.0.tgz 0ms (cache hit)
5564 http cache retry@https://registry.npmjs.org/retry/-/retry-0.13.1.tgz 0ms (cache hit)
5565 http cache @types/retry@https://registry.npmjs.org/@types/retry/-/retry-0.12.0.tgz 0ms (cache hit)
5566 http cache ee-first@https://registry.npmjs.org/ee-first/-/ee-first-1.1.1.tgz 0ms (cache hit)
5567 http cache abbrev@https://registry.npmjs.org/abbrev/-/abbrev-3.0.1.tgz 0ms (cache hit)
5568 http cache node-domexception@https://registry.npmjs.org/node-domexception/-/node-domexception-1.0.0.tgz 0ms (cache hit)
5569 http cache execa@https://registry.npmjs.org/execa/-/execa-8.0.1.tgz 0ms (cache hit)
5570 http cache formdata-polyfill@https://registry.npmjs.org/formdata-polyfill/-/formdata-polyfill-4.0.10.tgz 0ms (cache hit)
5571 http cache web-streams-polyfill@https://registry.npmjs.org/web-streams-polyfill/-/web-streams-polyfill-3.3.3.tgz 0ms (cache hit)
5572 http cache data-uri-to-buffer@https://registry.npmjs.org/data-uri-to-buffer/-/data-uri-to-buffer-4.0.1.tgz 0ms (cache hit)
5573 http cache fetch-blob@https://registry.npmjs.org/fetch-blob/-/fetch-blob-3.2.0.tgz 0ms (cache hit)
5574 http cache brace-expansion@https://registry.npmjs.org/brace-expansion/-/brace-expansion-5.0.9.tgz 0ms (cache hit)
5575 http cache to-regex-range@https://registry.npmjs.org/to-regex-range/-/to-regex-range-5.0.1.tgz 0ms (cache hit)
5576 http cache fill-range@https://registry.npmjs.org/fill-range/-/fill-range-7.1.1.tgz 0ms (cache hit)
5577 http cache braces@https://registry.npmjs.org/braces/-/braces-3.0.3.tgz 0ms (cache hit)
5578 http cache untun@https://registry.npmjs.org/untun/-/untun-0.2.2.tgz 0ms (cache hit)
5579 http cache tinyclip@https://registry.npmjs.org/tinyclip/-/tinyclip-0.1.15.tgz 0ms (cache hit)
5580 http cache node-forge@https://registry.npmjs.org/node-forge/-/node-forge-1.4.0.tgz 0ms (cache hit)
5581 http cache http-shutdown@https://registry.npmjs.org/http-shutdown/-/http-shutdown-1.2.2.tgz 0ms (cache hit)
5582 http cache get-port-please@https://registry.npmjs.org/get-port-please/-/get-port-please-3.2.0.tgz 0ms (cache hit)
5583 http cache is-extglob@https://registry.npmjs.org/is-extglob/-/is-extglob-2.1.1.tgz 0ms (cache hit)
5584 http cache standard-as-callback@https://registry.npmjs.org/standard-as-callback/-/standard-as-callback-2.1.0.tgz 0ms (cache hit)
5585 http cache uqr@https://registry.npmjs.org/uqr/-/uqr-0.1.3.tgz 0ms (cache hit)
5586 http cache redis-parser@https://registry.npmjs.org/redis-parser/-/redis-parser-3.0.0.tgz 0ms (cache hit)
5587 http cache redis-errors@https://registry.npmjs.org/redis-errors/-/redis-errors-1.2.0.tgz 0ms (cache hit)
5588 http cache denque@https://registry.npmjs.org/denque/-/denque-2.1.0.tgz 0ms (cache hit)
5589 http cache cluster-key-slot@https://registry.npmjs.org/cluster-key-slot/-/cluster-key-slot-1.1.1.tgz 0ms (cache hit)
5590 http cache @ioredis/commands@https://registry.npmjs.org/@ioredis/commands/-/commands-1.10.0.tgz 0ms (cache hit)
5591 http cache duplexer@https://registry.npmjs.org/duplexer/-/duplexer-0.1.2.tgz 0ms (cache hit)
5592 http cache is-glob@https://registry.npmjs.org/is-glob/-/is-glob-4.0.3.tgz 0ms (cache hit)
5593 http cache reusify@https://registry.npmjs.org/reusify/-/reusify-1.1.0.tgz 0ms (cache hit)
5594 http cache run-parallel@https://registry.npmjs.org/run-parallel/-/run-parallel-1.2.0.tgz 0ms (cache hit)
5595 http cache fastq@https://registry.npmjs.org/fastq/-/fastq-1.20.3.tgz 0ms (cache hit)
5596 http cache @nodelib/fs.scandir@https://registry.npmjs.org/@nodelib/fs.scandir/-/fs.scandir-2.1.5.tgz 0ms (cache hit)
5597 http cache merge2@https://registry.npmjs.org/merge2/-/merge2-1.4.1.tgz 0ms (cache hit)
5598 http cache glob-parent@https://registry.npmjs.org/glob-parent/-/glob-parent-5.1.2.tgz 0ms (cache hit)
5599 http cache @nodelib/fs.walk@https://registry.npmjs.org/@nodelib/fs.walk/-/fs.walk-1.2.8.tgz 0ms (cache hit)
5600 http cache @nodelib/fs.stat@https://registry.npmjs.org/@nodelib/fs.stat/-/fs.stat-2.0.5.tgz 0ms (cache hit)
5601 http cache unicorn-magic@https://registry.npmjs.org/unicorn-magic/-/unicorn-magic-0.4.0.tgz 0ms (cache hit)
5602 http cache slash@https://registry.npmjs.org/slash/-/slash-5.1.0.tgz 0ms (cache hit)
5603 http cache balanced-match@https://registry.npmjs.org/balanced-match/-/balanced-match-4.0.4.tgz 0ms (cache hit)
5604 http cache is-path-inside@https://registry.npmjs.org/is-path-inside/-/is-path-inside-4.0.0.tgz 0ms (cache hit)
5605 http cache ignore@https://registry.npmjs.org/ignore/-/ignore-7.0.7.tgz 0ms (cache hit)
5606 http cache path-scurry@https://registry.npmjs.org/path-scurry/-/path-scurry-2.0.2.tgz 0ms (cache hit)
5607 http cache fast-glob@https://registry.npmjs.org/fast-glob/-/fast-glob-3.3.3.tgz 0ms (cache hit)
5608 http cache @sindresorhus/merge-streams@https://registry.npmjs.org/@sindresorhus/merge-streams/-/merge-streams-4.0.0.tgz 0ms (cache hit)
5609 http cache minipass@https://registry.npmjs.org/minipass/-/minipass-7.1.3.tgz 0ms (cache hit)
5610 http cache minimatch@https://registry.npmjs.org/minimatch/-/minimatch-10.2.6.tgz 0ms (cache hit)
5611 http cache type-fest@https://registry.npmjs.org/type-fest/-/type-fest-5.8.0.tgz 0ms (cache hit)
5612 http cache readdirp@https://registry.npmjs.org/readdirp/-/readdirp-5.1.1.tgz 0ms (cache hit)
5613 http cache rc9@https://registry.npmjs.org/rc9/-/rc9-3.0.1.tgz 0ms (cache hit)
5614 http cache giget@https://registry.npmjs.org/giget/-/giget-3.3.1.tgz 0ms (cache hit)
5615 http cache file-uri-to-path@https://registry.npmjs.org/file-uri-to-path/-/file-uri-to-path-1.0.0.tgz 0ms (cache hit)
5616 http cache normalize-path@https://registry.npmjs.org/normalize-path/-/normalize-path-3.0.0.tgz 0ms (cache hit)
5617 http cache lodash@https://registry.npmjs.org/lodash/-/lodash-4.18.1.tgz 0ms (cache hit)
5618 http cache is-stream@https://registry.npmjs.org/is-stream/-/is-stream-2.0.1.tgz 0ms (cache hit)
5619 http cache lazystream@https://registry.npmjs.org/lazystream/-/lazystream-1.0.1.tgz 0ms (cache hit)
5620 http cache zip-stream@https://registry.npmjs.org/zip-stream/-/zip-stream-6.0.1.tgz 0ms (cache hit)
5621 http cache readdir-glob@https://registry.npmjs.org/readdir-glob/-/readdir-glob-1.1.3.tgz 0ms (cache hit)
5622 http cache micromatch@https://registry.npmjs.org/micromatch/-/micromatch-4.0.8.tgz 0ms (cache hit)
5623 http cache readable-stream@https://registry.npmjs.org/readable-stream/-/readable-stream-4.7.0.tgz 0ms (cache hit)
5624 http cache async@https://registry.npmjs.org/async/-/async-3.2.6.tgz 0ms (cache hit)
5625 http cache buffer-crc32@https://registry.npmjs.org/buffer-crc32/-/buffer-crc32-1.0.0.tgz 0ms (cache hit)
5626 http cache archiver-utils@https://registry.npmjs.org/archiver-utils/-/archiver-utils-5.0.2.tgz 0ms (cache hit)
5627 http cache nopt@https://registry.npmjs.org/nopt/-/nopt-8.1.0.tgz 0ms (cache hit)
5628 http cache tar@https://registry.npmjs.org/tar/-/tar-7.5.22.tgz 0ms (cache hit)
5629 http cache resolve-from@https://registry.npmjs.org/resolve-from/-/resolve-from-5.0.0.tgz 0ms (cache hit)
5630 http cache node-gyp-build@https://registry.npmjs.org/node-gyp-build/-/node-gyp-build-4.8.4.tgz 0ms (cache hit)
5631 http cache tar-stream@https://registry.npmjs.org/tar-stream/-/tar-stream-3.2.1.tgz 0ms (cache hit)
5632 http cache bindings@https://registry.npmjs.org/bindings/-/bindings-1.5.0.tgz 0ms (cache hit)
5633 http cache acorn-import-attributes@https://registry.npmjs.org/acorn-import-attributes/-/acorn-import-attributes-1.9.5.tgz 0ms (cache hit)
5634 http cache async-sema@https://registry.npmjs.org/async-sema/-/async-sema-3.1.1.tgz 0ms (cache hit)
5635 http cache acorn@https://registry.npmjs.org/acorn/-/acorn-8.18.0.tgz 0ms (cache hit)
5636 http cache @types/estree@https://registry.npmjs.org/@types/estree/-/estree-1.0.9.tgz 0ms (cache hit)
5637 http cache @mapbox/node-pre-gyp@https://registry.npmjs.org/@mapbox/node-pre-gyp/-/node-pre-gyp-2.0.3.tgz 0ms (cache hit)
5638 http cache terser@https://registry.npmjs.org/terser/-/terser-5.51.2.tgz 0ms (cache hit)
5639 http cache serialize-javascript@https://registry.npmjs.org/serialize-javascript/-/serialize-javascript-7.1.1.tgz 0ms (cache hit)
5640 http cache smob@https://registry.npmjs.org/smob/-/smob-1.6.2.tgz 0ms (cache hit)
5641 http cache resolve@https://registry.npmjs.org/resolve/-/resolve-1.22.12.tgz 0ms (cache hit)
5642 http cache is-module@https://registry.npmjs.org/is-module/-/is-module-1.0.0.tgz 0ms (cache hit)
5643 http cache deepmerge@https://registry.npmjs.org/deepmerge/-/deepmerge-4.3.1.tgz 0ms (cache hit)
5644 http cache @types/resolve@https://registry.npmjs.org/@types/resolve/-/resolve-1.20.2.tgz 0ms (cache hit)
5645 http cache fdir@https://registry.npmjs.org/fdir/-/fdir-6.5.0.tgz 0ms (cache hit)
5646 http cache glob@https://registry.npmjs.org/glob/-/glob-13.0.6.tgz 0ms (cache hit)
5647 http cache picomatch@https://registry.npmjs.org/picomatch/-/picomatch-4.0.7.tgz 0ms (cache hit)
5648 http cache estree-walker@https://registry.npmjs.org/estree-walker/-/estree-walker-2.0.2.tgz 0ms (cache hit)
5649 http cache @rollup/pluginutils@https://registry.npmjs.org/@rollup/pluginutils/-/pluginutils-5.4.0.tgz 0ms (cache hit)
5650 http cache commondir@https://registry.npmjs.org/commondir/-/commondir-1.0.1.tgz 0ms (cache hit)
5651 http cache youch-core@https://registry.npmjs.org/youch-core/-/youch-core-0.3.3.tgz 0ms (cache hit)
5652 http cache youch@https://registry.npmjs.org/youch/-/youch-4.1.1.tgz 0ms (cache hit)
5653 http cache unwasm@https://registry.npmjs.org/unwasm/-/unwasm-0.5.3.tgz 0ms (cache hit)
5654 http cache untyped@https://registry.npmjs.org/untyped/-/untyped-2.0.0.tgz 0ms (cache hit)
5655 http cache is-reference@https://registry.npmjs.org/is-reference/-/is-reference-1.2.1.tgz 0ms (cache hit)
5656 http cache unstorage@https://registry.npmjs.org/unstorage/-/unstorage-1.17.5.tgz 0ms (cache hit)
5657 http cache unimport@https://registry.npmjs.org/unimport/-/unimport-6.4.0.tgz 0ms (cache hit)
5658 http cache ultrahtml@https://registry.npmjs.org/ultrahtml/-/ultrahtml-1.7.0.tgz 0ms (cache hit)
5659 http cache unctx@https://registry.npmjs.org/unctx/-/unctx-2.5.0.tgz 0ms (cache hit)
5660 http cache std-env@https://registry.npmjs.org/std-env/-/std-env-4.2.0.tgz 0ms (cache hit)
5661 http cache source-map@https://registry.npmjs.org/source-map/-/source-map-0.7.6.tgz 0ms (cache hit)
5662 http cache serve-placeholder@https://registry.npmjs.org/serve-placeholder/-/serve-placeholder-2.0.2.tgz 0ms (cache hit)
5663 http cache scule@https://registry.npmjs.org/scule/-/scule-1.3.0.tgz 0ms (cache hit)
5664 http cache rollup-plugin-visualizer@https://registry.npmjs.org/rollup-plugin-visualizer/-/rollup-plugin-visualizer-7.1.1.tgz 0ms (cache hit)
5665 http cache rollup@https://registry.npmjs.org/rollup/-/rollup-4.63.1.tgz 0ms (cache hit)
5666 http cache pretty-bytes@https://registry.npmjs.org/pretty-bytes/-/pretty-bytes-7.1.2.tgz 0ms (cache hit)
5667 http cache perfect-debounce@https://registry.npmjs.org/perfect-debounce/-/perfect-debounce-2.1.0.tgz 0ms (cache hit)
5668 http cache pkg-types@https://registry.npmjs.org/pkg-types/-/pkg-types-2.3.1.tgz 0ms (cache hit)
5669 http cache node-mock-http@https://registry.npmjs.org/node-mock-http/-/node-mock-http-1.0.5.tgz 0ms (cache hit)
5670 http cache node-fetch-native@https://registry.npmjs.org/node-fetch-native/-/node-fetch-native-1.6.7.tgz 0ms (cache hit)
5671 http cache mlly@https://registry.npmjs.org/mlly/-/mlly-1.8.2.tgz 0ms (cache hit)
5672 http cache mime@https://registry.npmjs.org/mime/-/mime-4.1.0.tgz 1ms (cache hit)
5673 http cache magicast@https://registry.npmjs.org/magicast/-/magicast-0.5.4.tgz 0ms (cache hit)
5674 http cache listhen@https://registry.npmjs.org/listhen/-/listhen-1.10.1.tgz 0ms (cache hit)
5675 http cache knitwork@https://registry.npmjs.org/knitwork/-/knitwork-1.3.0.tgz 0ms (cache hit)
5676 http cache unplugin-utils@https://registry.npmjs.org/unplugin-utils/-/unplugin-utils-0.3.2.tgz 0ms (cache hit)
5677 http cache klona@https://registry.npmjs.org/klona/-/klona-2.0.6.tgz 0ms (cache hit)
5678 http cache httpxy@https://registry.npmjs.org/httpxy/-/httpxy-0.5.5.tgz 0ms (cache hit)
5679 http cache exsolve@https://registry.npmjs.org/exsolve/-/exsolve-1.1.1.tgz 0ms (cache hit)
5680 http cache hookable@https://registry.npmjs.org/hookable/-/hookable-5.5.3.tgz 0ms (cache hit)
5681 http cache globby@https://registry.npmjs.org/globby/-/globby-16.2.4.tgz 0ms (cache hit)
5682 http cache gzip-size@https://registry.npmjs.org/gzip-size/-/gzip-size-7.0.0.tgz 0ms (cache hit)
5683 http cache escape-string-regexp@https://registry.npmjs.org/escape-string-regexp/-/escape-string-regexp-5.0.0.tgz 1ms (cache hit)
5684 http cache dot-prop@https://registry.npmjs.org/dot-prop/-/dot-prop-10.2.0.tgz 0ms (cache hit)
5685 http cache croner@https://registry.npmjs.org/croner/-/croner-10.0.1.tgz 0ms (cache hit)
5686 http cache db0@https://registry.npmjs.org/db0/-/db0-0.3.4.tgz 0ms (cache hit)
5687 http cache consola@https://registry.npmjs.org/consola/-/consola-3.4.2.tgz 0ms (cache hit)
5688 http cache citty@https://registry.npmjs.org/citty/-/citty-0.2.2.tgz 0ms (cache hit)
5689 http cache compatx@https://registry.npmjs.org/compatx/-/compatx-0.2.0.tgz 0ms (cache hit)
5690 http cache ioredis@https://registry.npmjs.org/ioredis/-/ioredis-5.11.1.tgz 0ms (cache hit)
5691 http cache chokidar@https://registry.npmjs.org/chokidar/-/chokidar-5.0.0.tgz 0ms (cache hit)
5692 http cache c12@https://registry.npmjs.org/c12/-/c12-3.3.4.tgz 0ms (cache hit)
5693 http cache @vercel/nft@https://registry.npmjs.org/@vercel/nft/-/nft-1.11.0.tgz 0ms (cache hit)
5694 http cache archiver@https://registry.npmjs.org/archiver/-/archiver-7.0.1.tgz 0ms (cache hit)
5695 http cache @rollup/plugin-terser@https://registry.npmjs.org/@rollup/plugin-terser/-/plugin-terser-1.0.0.tgz 0ms (cache hit)
5696 http cache @rollup/plugin-replace@https://registry.npmjs.org/@rollup/plugin-replace/-/plugin-replace-6.0.3.tgz 0ms (cache hit)
5697 http cache @rollup/plugin-json@https://registry.npmjs.org/@rollup/plugin-json/-/plugin-json-6.1.0.tgz 0ms (cache hit)
5698 http cache @rollup/plugin-node-resolve@https://registry.npmjs.org/@rollup/plugin-node-resolve/-/plugin-node-resolve-16.0.3.tgz 1ms (cache hit)
5699 http cache @rollup/plugin-inject@https://registry.npmjs.org/@rollup/plugin-inject/-/plugin-inject-5.0.5.tgz 0ms (cache hit)
5700 http cache @rollup/plugin-commonjs@https://registry.npmjs.org/@rollup/plugin-commonjs/-/plugin-commonjs-29.0.3.tgz 0ms (cache hit)
5701 http cache @rollup/plugin-alias@https://registry.npmjs.org/@rollup/plugin-alias/-/plugin-alias-6.0.0.tgz 0ms (cache hit)
5702 http cache @cloudflare/kv-asset-handler@https://registry.npmjs.org/@cloudflare/kv-asset-handler/-/kv-asset-handler-0.4.2.tgz 0ms (cache hit)
5703 http cache motion-utils@https://registry.npmjs.org/motion-utils/-/motion-utils-12.39.0.tgz 0ms (cache hit)
5704 http cache framer-motion@https://registry.npmjs.org/framer-motion/-/framer-motion-12.43.0.tgz 0ms (cache hit)
5705 http cache motion-dom@https://registry.npmjs.org/motion-dom/-/motion-dom-12.43.0.tgz 0ms (cache hit)
5706 http cache mime-db@https://registry.npmjs.org/mime-db/-/mime-db-1.52.0.tgz 0ms (cache hit)
5707 http cache yallist@https://registry.npmjs.org/yallist/-/yallist-3.1.1.tgz 0ms (cache hit)
5708 http cache lightningcss-win32-x64-msvc@https://registry.npmjs.org/lightningcss-win32-x64-msvc/-/lightningcss-win32-x64-msvc-1.32.0.tgz 0ms (cache hit)
5709 http cache detect-libc@https://registry.npmjs.org/detect-libc/-/detect-libc-2.1.2.tgz 0ms (cache hit)
5710 http cache confbox@https://registry.npmjs.org/confbox/-/confbox-0.2.4.tgz 0ms (cache hit)
5711 http cache jwa@https://registry.npmjs.org/jwa/-/jwa-2.0.1.tgz 0ms (cache hit)
5712 http cache bignumber.js@https://registry.npmjs.org/bignumber.js/-/bignumber.js-9.3.1.tgz 0ms (cache hit)
5713 http cache agent-base@https://registry.npmjs.org/agent-base/-/agent-base-6.0.2.tgz 0ms (cache hit)
5714 http cache safer-buffer@https://registry.npmjs.org/safer-buffer/-/safer-buffer-2.1.2.tgz 0ms (cache hit)
5715 http cache toidentifier@https://registry.npmjs.org/toidentifier/-/toidentifier-1.0.1.tgz 0ms (cache hit)
5716 http cache inherits@https://registry.npmjs.org/inherits/-/inherits-2.0.4.tgz 0ms (cache hit)
5717 http cache srvx@https://registry.npmjs.org/srvx/-/srvx-0.11.22.tgz 0ms (cache hit)
5718 http cache rou3@https://registry.npmjs.org/rou3/-/rou3-0.8.1.tgz 0ms (cache hit)
5719 http cache unenv@https://registry.npmjs.org/unenv/-/unenv-1.10.0.tgz 0ms (cache hit)
5720 http cache crossws@https://registry.npmjs.org/crossws/-/crossws-0.4.12.tgz 0ms (cache hit)
5721 http cache uncrypto@https://registry.npmjs.org/uncrypto/-/uncrypto-0.1.3.tgz 0ms (cache hit)
5722 http cache ohash@https://registry.npmjs.org/ohash/-/ohash-1.1.6.tgz 0ms (cache hit)
5723 http cache buffer-equal-constant-time@https://registry.npmjs.org/buffer-equal-constant-time/-/buffer-equal-constant-time-1.0.1.tgz 1ms (cache hit)
5724 http cache iron-webcrypto@https://registry.npmjs.org/iron-webcrypto/-/iron-webcrypto-1.2.1.tgz 0ms (cache hit)
5725 http cache destr@https://registry.npmjs.org/destr/-/destr-2.0.5.tgz 0ms (cache hit)
5726 http cache defu@https://registry.npmjs.org/defu/-/defu-6.1.7.tgz 0ms (cache hit)
5727 http cache cookie-es@https://registry.npmjs.org/cookie-es/-/cookie-es-1.2.3.tgz 0ms (cache hit)
5728 http cache json-bigint@https://registry.npmjs.org/json-bigint/-/json-bigint-1.0.0.tgz 0ms (cache hit)
5729 http cache node-fetch@https://registry.npmjs.org/node-fetch/-/node-fetch-3.3.2.tgz 0ms (cache hit)
5730 http cache extend@https://registry.npmjs.org/extend/-/extend-3.0.2.tgz 0ms (cache hit)
5731 http cache gcp-metadata@https://registry.npmjs.org/gcp-metadata/-/gcp-metadata-8.1.2.tgz 0ms (cache hit)
5732 http cache google-logging-utils@https://registry.npmjs.org/google-logging-utils/-/google-logging-utils-1.1.3.tgz 0ms (cache hit)
5733 http cache jws@https://registry.npmjs.org/jws/-/jws-4.0.1.tgz 0ms (cache hit)
5734 http cache gaxios@https://registry.npmjs.org/gaxios/-/gaxios-7.3.1.tgz 0ms (cache hit)
5735 http cache ecdsa-sig-formatter@https://registry.npmjs.org/ecdsa-sig-formatter/-/ecdsa-sig-formatter-1.0.11.tgz 0ms (cache hit)
5736 http cache dunder-proto@https://registry.npmjs.org/dunder-proto/-/dunder-proto-1.0.1.tgz 0ms (cache hit)
5737 http cache base64-js@https://registry.npmjs.org/base64-js/-/base64-js-1.5.1.tgz 1ms (cache hit)
5738 http cache math-intrinsics@https://registry.npmjs.org/math-intrinsics/-/math-intrinsics-1.1.0.tgz 0ms (cache hit)
5739 http cache has-symbols@https://registry.npmjs.org/has-symbols/-/has-symbols-1.1.0.tgz 0ms (cache hit)
5740 http cache gopd@https://registry.npmjs.org/gopd/-/gopd-1.2.0.tgz 0ms (cache hit)
5741 http cache get-proto@https://registry.npmjs.org/get-proto/-/get-proto-1.0.1.tgz 0ms (cache hit)
5742 http cache function-bind@https://registry.npmjs.org/function-bind/-/function-bind-1.1.2.tgz 0ms (cache hit)
5743 http cache es-object-atoms@https://registry.npmjs.org/es-object-atoms/-/es-object-atoms-1.1.2.tgz 0ms (cache hit)
5744 http cache call-bind-apply-helpers@https://registry.npmjs.org/call-bind-apply-helpers/-/call-bind-apply-helpers-1.0.2.tgz 0ms (cache hit)
5745 http cache es-define-property@https://registry.npmjs.org/es-define-property/-/es-define-property-1.0.1.tgz 0ms (cache hit)
5746 http cache has-tostringtag@https://registry.npmjs.org/has-tostringtag/-/has-tostringtag-1.0.2.tgz 0ms (cache hit)
5747 http cache get-intrinsic@https://registry.npmjs.org/get-intrinsic/-/get-intrinsic-1.3.0.tgz 0ms (cache hit)
5748 http cache es-errors@https://registry.npmjs.org/es-errors/-/es-errors-1.3.0.tgz 0ms (cache hit)
5749 http cache delayed-stream@https://registry.npmjs.org/delayed-stream/-/delayed-stream-1.0.0.tgz 0ms (cache hit)
5750 http cache es-set-tostringtag@https://registry.npmjs.org/es-set-tostringtag/-/es-set-tostringtag-2.1.0.tgz 0ms (cache hit)
5751 http cache hasown@https://registry.npmjs.org/hasown/-/hasown-2.0.4.tgz 0ms (cache hit)
5752 http cache asynckit@https://registry.npmjs.org/asynckit/-/asynckit-0.4.0.tgz 0ms (cache hit)
5753 http cache raw-body@https://registry.npmjs.org/raw-body/-/raw-body-2.5.3.tgz 0ms (cache hit)
5754 http cache combined-stream@https://registry.npmjs.org/combined-stream/-/combined-stream-1.0.8.tgz 0ms (cache hit)
5755 http cache destroy@https://registry.npmjs.org/destroy/-/destroy-1.2.0.tgz 0ms (cache hit)
5756 http cache unpipe@https://registry.npmjs.org/unpipe/-/unpipe-1.0.0.tgz 0ms (cache hit)
5757 http cache bytes@https://registry.npmjs.org/bytes/-/bytes-3.1.2.tgz 0ms (cache hit)
5758 http cache mime-types@https://registry.npmjs.org/mime-types/-/mime-types-2.1.35.tgz 0ms (cache hit)
5759 http cache negotiator@https://registry.npmjs.org/negotiator/-/negotiator-0.6.3.tgz 0ms (cache hit)
5760 http cache vary@https://registry.npmjs.org/vary/-/vary-1.1.2.tgz 0ms (cache hit)
5761 http cache type-is@https://registry.npmjs.org/type-is/-/type-is-1.6.18.tgz 0ms (cache hit)
5762 http cache radix3@https://registry.npmjs.org/radix3/-/radix3-1.1.2.tgz 0ms (cache hit)
5763 http cache statuses@https://registry.npmjs.org/statuses/-/statuses-2.0.2.tgz 0ms (cache hit)
5764 http cache setprototypeof@https://registry.npmjs.org/setprototypeof/-/setprototypeof-1.2.0.tgz 0ms (cache hit)
5765 http cache send@https://registry.npmjs.org/send/-/send-0.19.2.tgz 1ms (cache hit)
5766 http cache safe-buffer@https://registry.npmjs.org/safe-buffer/-/safe-buffer-5.2.1.tgz 0ms (cache hit)
5767 http cache range-parser@https://registry.npmjs.org/range-parser/-/range-parser-1.2.1.tgz 0ms (cache hit)
5768 http cache serve-static@https://registry.npmjs.org/serve-static/-/serve-static-1.16.3.tgz 0ms (cache hit)
5769 http cache qs@https://registry.npmjs.org/qs/-/qs-6.15.3.tgz 0ms (cache hit)
5770 http cache proxy-addr@https://registry.npmjs.org/proxy-addr/-/proxy-addr-2.0.7.tgz 0ms (cache hit)
5771 http cache path-to-regexp@https://registry.npmjs.org/path-to-regexp/-/path-to-regexp-0.1.13.tgz 0ms (cache hit)
5772 http cache parseurl@https://registry.npmjs.org/parseurl/-/parseurl-1.3.3.tgz 0ms (cache hit)
5773 http cache on-finished@https://registry.npmjs.org/on-finished/-/on-finished-2.4.1.tgz 0ms (cache hit)
5774 http cache merge-descriptors@https://registry.npmjs.org/merge-descriptors/-/merge-descriptors-1.0.3.tgz 0ms (cache hit)
5775 http cache methods@https://registry.npmjs.org/methods/-/methods-1.1.2.tgz 0ms (cache hit)
5776 http cache fresh@https://registry.npmjs.org/fresh/-/fresh-0.5.2.tgz 1ms (cache hit)
5777 http cache finalhandler@https://registry.npmjs.org/finalhandler/-/finalhandler-1.3.2.tgz 0ms (cache hit)
5778 http cache http-errors@https://registry.npmjs.org/http-errors/-/http-errors-2.0.1.tgz 0ms (cache hit)
5779 http cache etag@https://registry.npmjs.org/etag/-/etag-1.8.1.tgz 0ms (cache hit)
5780 http cache escape-html@https://registry.npmjs.org/escape-html/-/escape-html-1.0.3.tgz 0ms (cache hit)
5781 http cache depd@https://registry.npmjs.org/depd/-/depd-2.0.0.tgz 0ms (cache hit)
5782 http cache encodeurl@https://registry.npmjs.org/encodeurl/-/encodeurl-2.0.0.tgz 0ms (cache hit)
5783 http cache cookie-signature@https://registry.npmjs.org/cookie-signature/-/cookie-signature-1.0.7.tgz 0ms (cache hit)
5784 http cache cookie@https://registry.npmjs.org/cookie/-/cookie-0.7.2.tgz 1ms (cache hit)
5785 http cache content-disposition@https://registry.npmjs.org/content-disposition/-/content-disposition-0.5.4.tgz 0ms (cache hit)
5786 http cache content-type@https://registry.npmjs.org/content-type/-/content-type-1.0.5.tgz 1ms (cache hit)
5787 http cache accepts@https://registry.npmjs.org/accepts/-/accepts-1.3.8.tgz 0ms (cache hit)
5788 http cache array-flatten@https://registry.npmjs.org/array-flatten/-/array-flatten-1.1.1.tgz 0ms (cache hit)
5789 http cache body-parser@https://registry.npmjs.org/body-parser/-/body-parser-1.20.6.tgz 0ms (cache hit)
5790 http cache @esbuild/win32-x64@https://registry.npmjs.org/@esbuild/win32-x64/-/win32-x64-0.25.12.tgz 0ms (cache hit)
5791 http cache tapable@https://registry.npmjs.org/tapable/-/tapable-2.3.3.tgz 0ms (cache hit)
5792 http cache graceful-fs@https://registry.npmjs.org/graceful-fs/-/graceful-fs-4.2.11.tgz 0ms (cache hit)
5793 http cache whatwg-encoding@https://registry.npmjs.org/whatwg-encoding/-/whatwg-encoding-3.1.1.tgz 0ms (cache hit)
5794 http cache iconv-lite@https://registry.npmjs.org/iconv-lite/-/iconv-lite-0.6.3.tgz 0ms (cache hit)
5795 http cache entities@https://registry.npmjs.org/entities/-/entities-4.5.0.tgz 0ms (cache hit)
5796 http cache ms@https://registry.npmjs.org/ms/-/ms-2.1.3.tgz 0ms (cache hit)
5797 http cache nth-check@https://registry.npmjs.org/nth-check/-/nth-check-2.1.1.tgz 1ms (cache hit)
5798 http cache domelementtype@https://registry.npmjs.org/domelementtype/-/domelementtype-2.3.0.tgz 0ms (cache hit)
5799 http cache css-what@https://registry.npmjs.org/css-what/-/css-what-6.2.2.tgz 0ms (cache hit)
5800 http cache css-select@https://registry.npmjs.org/css-select/-/css-select-5.2.2.tgz 0ms (cache hit)
5801 http cache boolbase@https://registry.npmjs.org/boolbase/-/boolbase-1.0.0.tgz 0ms (cache hit)
5802 http cache whatwg-mimetype@https://registry.npmjs.org/whatwg-mimetype/-/whatwg-mimetype-4.0.0.tgz 0ms (cache hit)
5803 http cache undici@https://registry.npmjs.org/undici/-/undici-7.29.0.tgz 0ms (cache hit)
5804 http cache parse5-htmlparser2-tree-adapter@https://registry.npmjs.org/parse5-htmlparser2-tree-adapter/-/parse5-htmlparser2-tree-adapter-7.1.0.tgz 0ms (cache hit)
5805 http cache parse5-parser-stream@https://registry.npmjs.org/parse5-parser-stream/-/parse5-parser-stream-7.1.2.tgz 0ms (cache hit)
5806 http cache parse5@https://registry.npmjs.org/parse5/-/parse5-7.3.0.tgz 0ms (cache hit)
5807 http cache htmlparser2@https://registry.npmjs.org/htmlparser2/-/htmlparser2-10.1.0.tgz 1ms (cache hit)
5808 http cache encoding-sniffer@https://registry.npmjs.org/encoding-sniffer/-/encoding-sniffer-0.2.1.tgz 0ms (cache hit)
5809 http cache domutils@https://registry.npmjs.org/domutils/-/domutils-3.2.2.tgz 0ms (cache hit)
5810 http cache cheerio-select@https://registry.npmjs.org/cheerio-select/-/cheerio-select-2.1.0.tgz 0ms (cache hit)
5811 http cache dom-serializer@https://registry.npmjs.org/dom-serializer/-/dom-serializer-2.0.0.tgz 0ms (cache hit)
5812 http cache domhandler@https://registry.npmjs.org/domhandler/-/domhandler-5.0.3.tgz 0ms (cache hit)
5813 http cache utils-merge@https://registry.npmjs.org/utils-merge/-/utils-merge-1.0.1.tgz 0ms (cache hit)
5814 http cache update-browserslist-db@https://registry.npmjs.org/update-browserslist-db/-/update-browserslist-db-1.3.2.tgz 0ms (cache hit)
5815 http cache electron-to-chromium@https://registry.npmjs.org/electron-to-chromium/-/electron-to-chromium-1.5.416.tgz 0ms (cache hit)
5816 http cache baseline-browser-mapping@https://registry.npmjs.org/baseline-browser-mapping/-/baseline-browser-mapping-2.11.20.tgz 0ms (cache hit)
5817 http cache proxy-from-env@https://registry.npmjs.org/proxy-from-env/-/proxy-from-env-2.1.0.tgz 0ms (cache hit)
5818 http cache https-proxy-agent@https://registry.npmjs.org/https-proxy-agent/-/https-proxy-agent-5.0.1.tgz 0ms (cache hit)
5819 http cache form-data@https://registry.npmjs.org/form-data/-/form-data-4.0.6.tgz 0ms (cache hit)
5820 http cache follow-redirects@https://registry.npmjs.org/follow-redirects/-/follow-redirects-1.16.0.tgz 0ms (cache hit)
5821 http cache postcss-value-parser@https://registry.npmjs.org/postcss-value-parser/-/postcss-value-parser-4.2.0.tgz 0ms (cache hit)
5822 http cache fraction.js@https://registry.npmjs.org/fraction.js/-/fraction.js-5.3.4.tgz 0ms (cache hit)
5823 http cache react-refresh@https://registry.npmjs.org/react-refresh/-/react-refresh-0.18.0.tgz 0ms (cache hit)
5824 http cache caniuse-lite@https://registry.npmjs.org/caniuse-lite/-/caniuse-lite-1.0.30001810.tgz 0ms (cache hit)
5825 http cache @rolldown/pluginutils@https://registry.npmjs.org/@rolldown/pluginutils/-/pluginutils-1.0.0-rc.3.tgz 0ms (cache hit)
5826 http cache @babel/plugin-transform-react-jsx-source@https://registry.npmjs.org/@babel/plugin-transform-react-jsx-source/-/plugin-transform-react-jsx-source-7.29.7.tgz 0ms (cache hit)
5827 http cache @babel/plugin-transform-react-jsx-self@https://registry.npmjs.org/@babel/plugin-transform-react-jsx-self/-/plugin-transform-react-jsx-self-7.29.7.tgz 0ms (cache hit)
5828 http cache @types/http-errors@https://registry.npmjs.org/@types/http-errors/-/http-errors-2.0.5.tgz 0ms (cache hit)
5829 http cache undici-types@https://registry.npmjs.org/undici-types/-/undici-types-6.21.0.tgz 0ms (cache hit)
5830 http cache @types/send@https://registry.npmjs.org/@types/send/-/send-1.2.1.tgz 0ms (cache hit)
5831 http cache @types/range-parser@https://registry.npmjs.org/@types/range-parser/-/range-parser-1.2.7.tgz 0ms (cache hit)
5832 http cache @types/serve-static@https://registry.npmjs.org/@types/serve-static/-/serve-static-1.15.10.tgz 0ms (cache hit)
5833 http cache @types/connect@https://registry.npmjs.org/@types/connect/-/connect-3.4.38.tgz 0ms (cache hit)
5834 http cache @types/qs@https://registry.npmjs.org/@types/qs/-/qs-6.15.1.tgz 0ms (cache hit)
5835 http cache @types/body-parser@https://registry.npmjs.org/@types/body-parser/-/body-parser-1.19.6.tgz 0ms (cache hit)
5836 http cache @types/express-serve-static-core@https://registry.npmjs.org/@types/express-serve-static-core/-/express-serve-static-core-4.19.9.tgz 0ms (cache hit)
5837 http cache @types/babel__traverse@https://registry.npmjs.org/@types/babel__traverse/-/babel__traverse-7.28.0.tgz 0ms (cache hit)
5838 http cache @types/babel__generator@https://registry.npmjs.org/@types/babel__generator/-/babel__generator-7.27.0.tgz 0ms (cache hit)
5839 http cache @types/babel__template@https://registry.npmjs.org/@types/babel__template/-/babel__template-7.4.4.tgz 0ms (cache hit)
5840 http cache @tanstack/start-server-functions-fetcher@https://registry.npmjs.org/@tanstack/start-server-functions-fetcher/-/start-server-functions-fetcher-1.131.50.tgz 0ms (cache hit)
5841 http cache h3-v2@https://registry.npmjs.org/h3/-/h3-2.0.1-rc.20.tgz 0ms (cache hit)
5842 http cache node-releases@https://registry.npmjs.org/node-releases/-/node-releases-2.0.54.tgz 0ms (cache hit)
5843 http cache vitefu@https://registry.npmjs.org/vitefu/-/vitefu-1.1.3.tgz 0ms (cache hit)
5844 http cache fetchdts@https://registry.npmjs.org/fetchdts/-/fetchdts-0.1.7.tgz 0ms (cache hit)
5845 http cache xmlbuilder2@https://registry.npmjs.org/xmlbuilder2/-/xmlbuilder2-3.1.1.tgz 0ms (cache hit)
5846 http cache ufo@https://registry.npmjs.org/ufo/-/ufo-1.6.4.tgz 0ms (cache hit)
5847 http cache h3@https://registry.npmjs.org/h3/-/h3-1.13.0.tgz 0ms (cache hit)
5848 http cache cheerio@https://registry.npmjs.org/cheerio/-/cheerio-1.2.0.tgz 0ms (cache hit)
5849 http cache @types/babel__code-frame@https://registry.npmjs.org/@types/babel__code-frame/-/babel__code-frame-7.27.0.tgz 0ms (cache hit)
5850 http cache @types/babel__core@https://registry.npmjs.org/@types/babel__core/-/babel__core-7.20.5.tgz 0ms (cache hit)
5851 http cache seroval@https://registry.npmjs.org/seroval/-/seroval-1.6.4.tgz 0ms (cache hit)
5852 http cache @tanstack/start-storage-context@https://registry.npmjs.org/@tanstack/start-storage-context/-/start-storage-context-1.167.29.tgz 0ms (cache hit)
5853 http cache @babel/helper-module-imports@https://registry.npmjs.org/@babel/helper-module-imports/-/helper-module-imports-7.29.7.tgz 0ms (cache hit)
5854 http cache lru-cache@https://registry.npmjs.org/lru-cache/-/lru-cache-5.1.1.tgz 0ms (cache hit)
5855 http cache browserslist@https://registry.npmjs.org/browserslist/-/browserslist-4.28.8.tgz 0ms (cache hit)
5856 http cache @babel/helper-globals@https://registry.npmjs.org/@babel/helper-globals/-/helper-globals-7.29.7.tgz 0ms (cache hit)
5857 http cache @babel/helper-validator-option@https://registry.npmjs.org/@babel/helper-validator-option/-/helper-validator-option-7.29.7.tgz 0ms (cache hit)
5858 http cache @babel/compat-data@https://registry.npmjs.org/@babel/compat-data/-/compat-data-7.29.7.tgz 1ms (cache hit)
5859 http cache semver@https://registry.npmjs.org/semver/-/semver-6.3.1.tgz 0ms (cache hit)
5860 http cache json5@https://registry.npmjs.org/json5/-/json5-2.2.3.tgz 0ms (cache hit)
5861 http cache gensync@https://registry.npmjs.org/gensync/-/gensync-1.0.0-beta.2.tgz 0ms (cache hit)
5862 http cache debug@https://registry.npmjs.org/debug/-/debug-4.4.3.tgz 0ms (cache hit)
5863 http cache convert-source-map@https://registry.npmjs.org/convert-source-map/-/convert-source-map-2.0.0.tgz 0ms (cache hit)
5864 http cache @babel/helpers@https://registry.npmjs.org/@babel/helpers/-/helpers-7.29.7.tgz 0ms (cache hit)
5865 http cache @babel/helper-module-transforms@https://registry.npmjs.org/@babel/helper-module-transforms/-/helper-module-transforms-7.29.7.tgz 0ms (cache hit)
5866 http cache @babel/helper-compilation-targets@https://registry.npmjs.org/@babel/helper-compilation-targets/-/helper-compilation-targets-7.29.7.tgz 0ms (cache hit)
5867 http cache picocolors@https://registry.npmjs.org/picocolors/-/picocolors-1.1.1.tgz 0ms (cache hit)
5868 http cache js-tokens@https://registry.npmjs.org/js-tokens/-/js-tokens-4.0.0.tgz 0ms (cache hit)
5869 http cache @tanstack/directive-functions-plugin@https://registry.npmjs.org/@tanstack/directive-functions-plugin/-/directive-functions-plugin-1.142.1.tgz 0ms (cache hit)
5870 http cache @babel/traverse@https://registry.npmjs.org/@babel/traverse/-/traverse-7.29.8.tgz 0ms (cache hit)
5871 http cache @babel/template@https://registry.npmjs.org/@babel/template/-/template-7.29.7.tgz 0ms (cache hit)
5872 http cache @babel/plugin-syntax-typescript@https://registry.npmjs.org/@babel/plugin-syntax-typescript/-/plugin-syntax-typescript-7.29.7.tgz 0ms (cache hit)
5873 http cache @babel/plugin-syntax-jsx@https://registry.npmjs.org/@babel/plugin-syntax-jsx/-/plugin-syntax-jsx-7.29.7.tgz 0ms (cache hit)
5874 http cache @babel/core@https://registry.npmjs.org/@babel/core/-/core-7.29.7.tgz 0ms (cache hit)
5875 http cache @babel/code-frame@https://registry.npmjs.org/@babel/code-frame/-/code-frame-7.27.1.tgz 0ms (cache hit)
5876 http cache tinyglobby@https://registry.npmjs.org/tinyglobby/-/tinyglobby-0.2.17.tgz 0ms (cache hit)
5877 http cache diff@https://registry.npmjs.org/diff/-/diff-8.0.4.tgz 0ms (cache hit)
5878 http cache babel-dead-code-elimination@https://registry.npmjs.org/babel-dead-code-elimination/-/babel-dead-code-elimination-1.0.12.tgz 0ms (cache hit)
5879 http cache ansis@https://registry.npmjs.org/ansis/-/ansis-4.3.1.tgz 0ms (cache hit)
5880 http cache @babel/generator@https://registry.npmjs.org/@babel/generator/-/generator-7.29.8.tgz 0ms (cache hit)
5881 http cache @babel/helper-validator-identifier@https://registry.npmjs.org/@babel/helper-validator-identifier/-/helper-validator-identifier-7.29.7.tgz 0ms (cache hit)
5882 http cache @babel/helper-string-parser@https://registry.npmjs.org/@babel/helper-string-parser/-/helper-string-parser-7.29.7.tgz 0ms (cache hit)
5883 http cache prettier@https://registry.npmjs.org/prettier/-/prettier-3.9.6.tgz 0ms (cache hit)
5884 http cache @tanstack/virtual-file-routes@https://registry.npmjs.org/@tanstack/virtual-file-routes/-/virtual-file-routes-1.162.0.tgz 0ms (cache hit)
5885 http cache @tanstack/router-utils@https://registry.npmjs.org/@tanstack/router-utils/-/router-utils-1.162.2.tgz 0ms (cache hit)
5886 http cache @babel/types@https://registry.npmjs.org/@babel/types/-/types-7.29.8.tgz 0ms (cache hit)
5887 http cache use-sync-external-store@https://registry.npmjs.org/use-sync-external-store/-/use-sync-external-store-1.6.0.tgz 0ms (cache hit)
5888 http cache @tanstack/store@https://registry.npmjs.org/@tanstack/store/-/store-0.7.7.tgz 0ms (cache hit)
5889 http cache @babel/parser@https://registry.npmjs.org/@babel/parser/-/parser-7.29.8.tgz 0ms (cache hit)
5890 http cache @tanstack/start-server-core@https://registry.npmjs.org/@tanstack/start-server-core/-/start-server-core-1.169.31.tgz 0ms (cache hit)
5891 http cache pathe@https://registry.npmjs.org/pathe/-/pathe-2.0.3.tgz 0ms (cache hit)
5892 http cache @tanstack/start-fn-stubs@https://registry.npmjs.org/@tanstack/start-fn-stubs/-/start-fn-stubs-1.162.0.tgz 0ms (cache hit)
5893 http cache @tanstack/start-plugin-core@https://registry.npmjs.org/@tanstack/start-plugin-core/-/start-plugin-core-1.131.50.tgz 0ms (cache hit)
5894 http cache vinxi@https://registry.npmjs.org/vinxi/-/vinxi-0.5.3.tgz 0ms (cache hit)
5895 http cache ofetch@https://registry.npmjs.org/ofetch/-/ofetch-1.5.1.tgz 0ms (cache hit)
5896 http cache nitropack@https://registry.npmjs.org/nitropack/-/nitropack-2.13.4.tgz 0ms (cache hit)
5897 http cache import-meta-resolve@https://registry.npmjs.org/import-meta-resolve/-/import-meta-resolve-4.2.0.tgz 0ms (cache hit)
5898 http cache @tanstack/server-functions-plugin@https://registry.npmjs.org/@tanstack/server-functions-plugin/-/server-functions-plugin-1.142.1.tgz 0ms (cache hit)
5899 http cache @tanstack/router-generator@https://registry.npmjs.org/@tanstack/router-generator/-/router-generator-1.167.33.tgz 0ms (cache hit)
5900 http cache @tanstack/react-start-plugin@https://registry.npmjs.org/@tanstack/react-start-plugin/-/react-start-plugin-1.131.50.tgz 0ms (cache hit)
5901 http cache @tanstack/start-client-core@https://registry.npmjs.org/@tanstack/start-client-core/-/start-client-core-1.170.27.tgz 0ms (cache hit)
5902 http cache @tanstack/start-server-functions-ssr@https://registry.npmjs.org/@tanstack/start-server-functions-ssr/-/start-server-functions-ssr-1.120.19.tgz 0ms (cache hit)
5903 http cache @tanstack/start-server-functions-server@https://registry.npmjs.org/@tanstack/start-server-functions-server/-/start-server-functions-server-1.131.2.tgz 0ms (cache hit)
5904 http cache @tanstack/start-server-functions-handler@https://registry.npmjs.org/@tanstack/start-server-functions-handler/-/start-server-functions-handler-1.120.19.tgz 0ms (cache hit)
5905 http cache @tanstack/start-api-routes@https://registry.npmjs.org/@tanstack/start-api-routes/-/start-api-routes-1.120.19.tgz 0ms (cache hit)
5906 http cache @tanstack/start-server-functions-client@https://registry.npmjs.org/@tanstack/start-server-functions-client/-/start-server-functions-client-1.131.50.tgz 0ms (cache hit)
5907 http cache @tanstack/react-start-server@https://registry.npmjs.org/@tanstack/react-start-server/-/react-start-server-1.167.37.tgz 0ms (cache hit)
5908 http cache @tanstack/react-start-router-manifest@https://registry.npmjs.org/@tanstack/react-start-router-manifest/-/react-start-router-manifest-1.120.19.tgz 0ms (cache hit)
5909 http cache @tanstack/react-start-config@https://registry.npmjs.org/@tanstack/react-start-config/-/react-start-config-1.120.20.tgz 0ms (cache hit)
5910 http cache @tanstack/react-start-client@https://registry.npmjs.org/@tanstack/react-start-client/-/react-start-client-1.168.30.tgz 0ms (cache hit)
5911 http cache tiny-warning@https://registry.npmjs.org/tiny-warning/-/tiny-warning-1.0.3.tgz 0ms (cache hit)
5912 http cache tiny-invariant@https://registry.npmjs.org/tiny-invariant/-/tiny-invariant-1.3.3.tgz 0ms (cache hit)
5913 http cache jsesc@https://registry.npmjs.org/jsesc/-/jsesc-3.1.0.tgz 0ms (cache hit)
5914 http cache @tanstack/router-core@https://registry.npmjs.org/@tanstack/router-core/-/router-core-1.119.0.tgz 0ms (cache hit)
5915 http cache @tanstack/react-store@https://registry.npmjs.org/@tanstack/react-store/-/react-store-0.7.7.tgz 0ms (cache hit)
5916 http cache @tanstack/query-core@https://registry.npmjs.org/@tanstack/query-core/-/query-core-5.102.8.tgz 0ms (cache hit)
5917 http cache @tanstack/history@https://registry.npmjs.org/@tanstack/history/-/history-1.115.0.tgz 0ms (cache hit)
5918 http cache @tailwindcss/oxide-win32-x64-msvc@https://registry.npmjs.org/@tailwindcss/oxide-win32-x64-msvc/-/oxide-win32-x64-msvc-4.3.3.tgz 0ms (cache hit)
5919 http cache @jridgewell/sourcemap-codec@https://registry.npmjs.org/@jridgewell/sourcemap-codec/-/sourcemap-codec-1.6.0.tgz 0ms (cache hit)
5920 http cache @jridgewell/resolve-uri@https://registry.npmjs.org/@jridgewell/resolve-uri/-/resolve-uri-3.1.2.tgz 0ms (cache hit)
5921 http cache @jridgewell/trace-mapping@https://registry.npmjs.org/@jridgewell/trace-mapping/-/trace-mapping-0.3.31.tgz 0ms (cache hit)
5922 http cache @jridgewell/gen-mapping@https://registry.npmjs.org/@jridgewell/gen-mapping/-/gen-mapping-0.3.13.tgz 0ms (cache hit)
5923 http cache source-map-js@https://registry.npmjs.org/source-map-js/-/source-map-js-1.2.1.tgz 0ms (cache hit)
5924 http cache magic-string@https://registry.npmjs.org/magic-string/-/magic-string-0.30.21.tgz 0ms (cache hit)
5925 http cache lightningcss@https://registry.npmjs.org/lightningcss/-/lightningcss-1.32.0.tgz 0ms (cache hit)
5926 http cache jiti@https://registry.npmjs.org/jiti/-/jiti-2.7.0.tgz 0ms (cache hit)
5927 http cache @jridgewell/remapping@https://registry.npmjs.org/@jridgewell/remapping/-/remapping-2.3.5.tgz 0ms (cache hit)
5928 http cache enhanced-resolve@https://registry.npmjs.org/enhanced-resolve/-/enhanced-resolve-5.24.5.tgz 0ms (cache hit)
5929 http cache @tailwindcss/oxide@https://registry.npmjs.org/@tailwindcss/oxide/-/oxide-4.3.3.tgz 0ms (cache hit)
5930 http cache @tailwindcss/node@https://registry.npmjs.org/@tailwindcss/node/-/node-4.3.3.tgz 0ms (cache hit)
5931 http cache iceberg-js@https://registry.npmjs.org/iceberg-js/-/iceberg-js-0.8.1.tgz 0ms (cache hit)
5932 http cache tslib@https://registry.npmjs.org/tslib/-/tslib-2.8.1.tgz 0ms (cache hit)
5933 http cache @supabase/storage-js@https://registry.npmjs.org/@supabase/storage-js/-/storage-js-2.112.4.tgz 0ms (cache hit)
5934 http cache @supabase/phoenix@https://registry.npmjs.org/@supabase/phoenix/-/phoenix-0.4.5.tgz 0ms (cache hit)
5935 http cache @supabase/realtime-js@https://registry.npmjs.org/@supabase/realtime-js/-/realtime-js-2.112.4.tgz 0ms (cache hit)
5936 http cache @babel/helper-plugin-utils@https://registry.npmjs.org/@babel/helper-plugin-utils/-/helper-plugin-utils-7.29.7.tgz 1ms (cache hit)
5937 http cache @supabase/postgrest-js@https://registry.npmjs.org/@supabase/postgrest-js/-/postgrest-js-2.112.4.tgz 0ms (cache hit)
5938 http cache @supabase/functions-js@https://registry.npmjs.org/@supabase/functions-js/-/functions-js-2.112.4.tgz 0ms (cache hit)
5939 http cache @supabase/auth-js@https://registry.npmjs.org/@supabase/auth-js/-/auth-js-2.112.4.tgz 0ms (cache hit)
5940 http cache @standard-schema/utils@https://registry.npmjs.org/@standard-schema/utils/-/utils-0.3.0.tgz 0ms (cache hit)
5941 http cache ws@https://registry.npmjs.org/ws/-/ws-8.21.3.tgz 0ms (cache hit)
5942 http cache protobufjs@https://registry.npmjs.org/protobufjs/-/protobufjs-7.6.6.tgz 0ms (cache hit)
5943 http cache google-auth-library@https://registry.npmjs.org/google-auth-library/-/google-auth-library-10.9.1.tgz 0ms (cache hit)
5944 http cache p-retry@https://registry.npmjs.org/p-retry/-/p-retry-4.6.2.tgz 0ms (cache hit)
5945 http cache zustand@https://registry.npmjs.org/zustand/-/zustand-5.0.15.tgz 0ms (cache hit)
5946 http cache zod@https://registry.npmjs.org/zod/-/zod-4.5.4.tgz 0ms (cache hit)
5947 http cache typescript@https://registry.npmjs.org/typescript/-/typescript-5.8.3.tgz 0ms (cache hit)
5948 http cache tsx@https://registry.npmjs.org/tsx/-/tsx-4.23.13.tgz 0ms (cache hit)
5949 http cache tailwindcss@https://registry.npmjs.org/tailwindcss/-/tailwindcss-4.3.3.tgz 0ms (cache hit)
5950 http cache tailwind-merge@https://registry.npmjs.org/tailwind-merge/-/tailwind-merge-3.6.0.tgz 0ms (cache hit)
5951 http cache supabase@https://registry.npmjs.org/supabase/-/supabase-2.116.0.tgz 0ms (cache hit)
5952 http cache react-is@https://registry.npmjs.org/react-is/-/react-is-19.2.8.tgz 0ms (cache hit)
5953 http cache pdf-lib@https://registry.npmjs.org/pdf-lib/-/pdf-lib-1.17.1.tgz 0ms (cache hit)
5954 http cache recharts@https://registry.npmjs.org/recharts/-/recharts-3.10.1.tgz 0ms (cache hit)
5955 http cache lucide-react@https://registry.npmjs.org/lucide-react/-/lucide-react-0.546.0.tgz 0ms (cache hit)
5956 http cache express@https://registry.npmjs.org/express/-/express-4.22.2.tgz 0ms (cache hit)
5957 http cache esbuild@https://registry.npmjs.org/esbuild/-/esbuild-0.25.12.tgz 0ms (cache hit)
5958 http cache dotenv@https://registry.npmjs.org/dotenv/-/dotenv-17.4.2.tgz 0ms (cache hit)
5959 http cache clsx@https://registry.npmjs.org/clsx/-/clsx-2.1.1.tgz 0ms (cache hit)
5960 http cache class-variance-authority@https://registry.npmjs.org/class-variance-authority/-/class-variance-authority-0.7.1.tgz 0ms (cache hit)
5961 http cache axios@https://registry.npmjs.org/axios/-/axios-1.20.0.tgz 0ms (cache hit)
5962 http cache postcss@https://registry.npmjs.org/postcss/-/postcss-8.5.26.tgz 0ms (cache hit)
5963 http cache autoprefixer@https://registry.npmjs.org/autoprefixer/-/autoprefixer-10.5.4.tgz 0ms (cache hit)
5964 http cache @vitejs/plugin-react@https://registry.npmjs.org/@vitejs/plugin-react/-/plugin-react-5.2.0.tgz 0ms (cache hit)
5965 http cache @types/node@https://registry.npmjs.org/@types/node/-/node-22.20.1.tgz 0ms (cache hit)
5966 http cache @types/express@https://registry.npmjs.org/@types/express/-/express-4.17.25.tgz 0ms (cache hit)
5967 http cache @tanstack/react-start@https://registry.npmjs.org/@tanstack/react-start/-/react-start-1.120.0.tgz 0ms (cache hit)
5968 http cache react-dom@https://registry.npmjs.org/react-dom/-/react-dom-19.2.8.tgz 0ms (cache hit)
5969 http cache @tanstack/react-router@https://registry.npmjs.org/@tanstack/react-router/-/react-router-1.120.0.tgz 0ms (cache hit)
5970 http cache @tanstack/react-query@https://registry.npmjs.org/@tanstack/react-query/-/react-query-5.102.8.tgz 0ms (cache hit)
5971 http cache vite@https://registry.npmjs.org/vite/-/vite-6.4.3.tgz 0ms (cache hit)
5972 http cache @tailwindcss/vite@https://registry.npmjs.org/@tailwindcss/vite/-/vite-4.3.3.tgz 0ms (cache hit)
5973 http cache react@https://registry.npmjs.org/react/-/react-19.2.8.tgz 0ms (cache hit)
5974 http cache @supabase/supabase-js@https://registry.npmjs.org/@supabase/supabase-js/-/supabase-js-2.112.4.tgz 0ms (cache hit)
5975 http cache @hookform/resolvers@https://registry.npmjs.org/@hookform/resolvers/-/resolvers-5.9.1.tgz 0ms (cache hit)
5976 http cache react-hook-form@https://registry.npmjs.org/react-hook-form/-/react-hook-form-7.87.0.tgz 0ms (cache hit)
5977 http cache @google/genai@https://registry.npmjs.org/@google/genai/-/genai-2.19.0.tgz 0ms (cache hit)
5978 http fetch POST 200 https://registry.npmjs.org/-/npm/v1/security/advisories/bulk 1891ms
5979 silly audit report {
5979 silly audit report   esbuild: [
5979 silly audit report     {
5979 silly audit report       id: 1102341,
5979 silly audit report       url: 'https://github.com/advisories/GHSA-67mh-4wv8-2f99',
5979 silly audit report       title: 'esbuild enables any website to send any requests to the development server and read the response',
5979 silly audit report       severity: 'moderate',
5979 silly audit report       vulnerable_versions: '<=0.24.2',
5979 silly audit report       cwe: [Array],
5979 silly audit report       cvss: [Object]
5979 silly audit report     }
5979 silly audit report   ],
5979 silly audit report   '@tanstack/start-server-core': [
5979 silly audit report     {
5979 silly audit report       id: 1118887,
5979 silly audit report       url: 'https://github.com/advisories/GHSA-9m65-766c-r333',
5979 silly audit report       title: 'TanStack Start - Server Core: Inbound server-function request deserialization could invoke a sibling client-referenced server function',
5979 silly audit report       severity: 'moderate',
5979 silly audit report       vulnerable_versions: '<1.167.30',
5979 silly audit report       cwe: [Array],
5979 silly audit report       cvss: [Object]
5979 silly audit report     }
5979 silly audit report   ],
5979 silly audit report   h3: [
5979 silly audit report     {
5979 silly audit report       id: 1114875,
5979 silly audit report       url: 'https://github.com/advisories/GHSA-wr4h-v87w-p3r7',
5979 silly audit report       title: 'h3 has a Path Traversal via Percent-Encoded Dot Segments in serveStatic Allows Arbitrary File Read',
5979 silly audit report       severity: 'moderate',
5979 silly audit report       vulnerable_versions: '<1.15.6',
5979 silly audit report       cwe: [Array],
5979 silly audit report       cvss: [Object]
5979 silly audit report     },
5979 silly audit report     {
5979 silly audit report       id: 1115114,
5979 silly audit report       url: 'https://github.com/advisories/GHSA-4hxc-9384-m385',
5979 silly audit report       title: 'h3: SSE Event Injection via Unsanitized Carriage Return (`\\r`) in EventStream Data and Comment Fields (Bypass of CVE Fix)',
5979 silly audit report       severity: 'moderate',
5979 silly audit report       vulnerable_versions: '<1.15.9',
5979 silly audit report       cwe: [Array],
5979 silly audit report       cvss: [Object]
5979 silly audit report     },
5979 silly audit report     {
5979 silly audit report       id: 1115117,
5979 silly audit report       url: 'https://github.com/advisories/GHSA-72gr-qfp7-vwhw',
5979 silly audit report       title: 'h3: Double Decoding in `serveStatic` Bypasses `resolveDotSegments` Path Traversal Protection via `%252e%252e`',
5979 silly audit report       severity: 'moderate',
5979 silly audit report       vulnerable_versions: '<=1.15.8',
5979 silly audit report       cwe: [Array],
5979 silly audit report       cvss: [Object]
5979 silly audit report     },
5979 silly audit report     {
5979 silly audit report       id: 1115161,
5979 silly audit report       url: 'https://github.com/advisories/GHSA-22cc-p3c6-wpvm',
5979 silly audit report       title: 'h3 has a Server-Sent Events Injection via Unsanitized Newlines in Event Stream Fields',
5979 silly audit report       severity: 'high',
5979 silly audit report       vulnerable_versions: '<1.15.6',
5979 silly audit report       cwe: [Array],
5979 silly audit report       cvss: [Object]
5979 silly audit report     },
5979 silly audit report     {
5979 silly audit report       id: 1116543,
5979 silly audit report       url: 'https://github.com/advisories/GHSA-mp2g-9vg9-f4cg',
5979 silly audit report       title: 'h3 v1 has Request Smuggling (TE.TE) issue',
5979 silly audit report       severity: 'high',
5979 silly audit report       vulnerable_versions: '<=1.15.4',
5979 silly audit report       cwe: [Array],
5979 silly audit report       cvss: [Object]
5979 silly audit report     }
5979 silly audit report   ],
5979 silly audit report   'js-yaml': [
5979 silly audit report     {
5979 silly audit report       id: 1112714,
5979 silly audit report       url: 'https://github.com/advisories/GHSA-mh29-5h37-fv8m',
5979 silly audit report       title: 'js-yaml has prototype pollution in merge (<<)',
5979 silly audit report       severity: 'moderate',
5979 silly audit report       vulnerable_versions: '<3.14.2',
5979 silly audit report       cwe: [Array],
5979 silly audit report       cvss: [Object]
5979 silly audit report     },
5979 silly audit report     {
5979 silly audit report       id: 1121859,
5979 silly audit report       url: 'https://github.com/advisories/GHSA-h67p-54hq-rp68',
5979 silly audit report       title: 'JS-YAML: Quadratic-complexity DoS in merge key handling via repeated aliases',
5979 silly audit report       severity: 'moderate',
5979 silly audit report       vulnerable_versions: '<3.15.0',
5979 silly audit report       cwe: [Array],
5979 silly audit report       cvss: [Object]
5979 silly audit report     },
5979 silly audit report     {
5979 silly audit report       id: 1123912,
5979 silly audit report       url: 'https://github.com/advisories/GHSA-52cp-r559-cp3m',
5979 silly audit report       title: 'js-yaml: YAML merge-key chains can force quadratic CPU consumption',
5979 silly audit report       severity: 'high',
5979 silly audit report       vulnerable_versions: '>=3.0.0 <3.15.0',
5979 silly audit report       cwe: [Array],
5979 silly audit report       cvss: [Object]
5979 silly audit report     },
5979 silly audit report     {
5979 silly audit report       id: 1138114,
5979 silly audit report       url: 'https://github.com/advisories/GHSA-5p4m-2wfm-xmqj',
5979 silly audit report       title: 'JS-YAML: Quadratic CPU consumption in !!omap resolution (3.x and 4.x) — CVE-2026-59870 fix not backported',
5979 silly audit report       severity: 'high',
5979 silly audit report       vulnerable_versions: '>=3.0.0 <3.15.1',
5979 silly audit report       cwe: [Array],
5979 silly audit report       cvss: [Object]
5979 silly audit report     }
5979 silly audit report   ]
5979 silly audit report }
5980 silly packumentCache corgi:https://registry.npmjs.org/esbuild cache-miss
5981 silly packumentCache corgi:https://registry.npmjs.org/@tanstack%2fstart-server-core cache-miss
5982 silly packumentCache corgi:https://registry.npmjs.org/h3 cache-miss
5983 silly packumentCache corgi:https://registry.npmjs.org/js-yaml cache-miss
5984 http cache ansi-regex@https://registry.npmjs.org/ansi-regex/-/ansi-regex-5.0.1.tgz 0ms (cache hit)
5985 http cache emoji-regex@https://registry.npmjs.org/emoji-regex/-/emoji-regex-8.0.0.tgz 0ms (cache hit)
5986 http cache strip-ansi@https://registry.npmjs.org/strip-ansi/-/strip-ansi-6.0.1.tgz 0ms (cache hit)
5987 http cache ansi-regex@https://registry.npmjs.org/ansi-regex/-/ansi-regex-5.0.1.tgz 0ms (cache hit)
5988 http cache string-width@https://registry.npmjs.org/string-width/-/string-width-4.2.3.tgz 0ms (cache hit)
5989 http cache ansi-regex@https://registry.npmjs.org/ansi-regex/-/ansi-regex-5.0.1.tgz 0ms (cache hit)
5990 http cache ansi-styles@https://registry.npmjs.org/ansi-styles/-/ansi-styles-4.3.0.tgz 0ms (cache hit)
5991 http cache strip-ansi@https://registry.npmjs.org/strip-ansi/-/strip-ansi-6.0.1.tgz 0ms (cache hit)
5992 http cache source-map@https://registry.npmjs.org/source-map/-/source-map-0.6.1.tgz 0ms (cache hit)
5993 http cache wrap-ansi@https://registry.npmjs.org/wrap-ansi/-/wrap-ansi-9.0.2.tgz 1ms (cache hit)
5994 http cache path-key@https://registry.npmjs.org/path-key/-/path-key-4.0.0.tgz 0ms (cache hit)
5995 http cache emoji-regex@https://registry.npmjs.org/emoji-regex/-/emoji-regex-10.6.0.tgz 0ms (cache hit)
5996 http cache isexe@https://registry.npmjs.org/isexe/-/isexe-2.0.0.tgz 0ms (cache hit)
5997 http cache string-width@https://registry.npmjs.org/string-width/-/string-width-7.2.0.tgz 0ms (cache hit)
5998 http cache which@https://registry.npmjs.org/which/-/which-2.0.2.tgz 0ms (cache hit)
5999 http cache is-stream@https://registry.npmjs.org/is-stream/-/is-stream-3.0.0.tgz 0ms (cache hit)
6000 http cache ansi-regex@https://registry.npmjs.org/ansi-regex/-/ansi-regex-5.0.1.tgz 0ms (cache hit)
6001 http cache emoji-regex@https://registry.npmjs.org/emoji-regex/-/emoji-regex-8.0.0.tgz 0ms (cache hit)
6002 http cache eventemitter3@https://registry.npmjs.org/eventemitter3/-/eventemitter3-4.0.7.tgz 0ms (cache hit)
6003 http cache emoji-regex@https://registry.npmjs.org/emoji-regex/-/emoji-regex-8.0.0.tgz 0ms (cache hit)
6004 http cache strip-ansi@https://registry.npmjs.org/strip-ansi/-/strip-ansi-6.0.1.tgz 0ms (cache hit)
6005 http cache undici-types@https://registry.npmjs.org/undici-types/-/undici-types-5.28.4.tgz 0ms (cache hit)
6006 http cache type-fest@https://registry.npmjs.org/type-fest/-/type-fest-2.19.0.tgz 0ms (cache hit)
6007 http cache picomatch@https://registry.npmjs.org/picomatch/-/picomatch-2.3.2.tgz 0ms (cache hit)
6008 http cache js-tokens@https://registry.npmjs.org/js-tokens/-/js-tokens-10.0.0.tgz 0ms (cache hit)
6009 http cache powershell-utils@https://registry.npmjs.org/powershell-utils/-/powershell-utils-0.1.0.tgz 0ms (cache hit)
6010 http cache source-map@https://registry.npmjs.org/source-map/-/source-map-0.6.1.tgz 0ms (cache hit)
6011 http cache string-width@https://registry.npmjs.org/string-width/-/string-width-8.2.2.tgz 0ms (cache hit)
6012 http cache picomatch@https://registry.npmjs.org/picomatch/-/picomatch-2.3.2.tgz 0ms (cache hit)
6013 http cache string-width@https://registry.npmjs.org/string-width/-/string-width-4.2.3.tgz 0ms (cache hit)
6014 http cache lru-cache@https://registry.npmjs.org/lru-cache/-/lru-cache-11.5.2.tgz 0ms (cache hit)
6015 http cache string_decoder@https://registry.npmjs.org/string_decoder/-/string_decoder-1.1.1.tgz 0ms (cache hit)
6016 http cache balanced-match@https://registry.npmjs.org/balanced-match/-/balanced-match-1.0.2.tgz 0ms (cache hit)
6017 http cache safe-buffer@https://registry.npmjs.org/safe-buffer/-/safe-buffer-5.1.2.tgz 0ms (cache hit)
6018 http cache readable-stream@https://registry.npmjs.org/readable-stream/-/readable-stream-2.3.8.tgz 0ms (cache hit)
6019 http cache brace-expansion@https://registry.npmjs.org/brace-expansion/-/brace-expansion-2.1.4.tgz 0ms (cache hit)
6020 http cache minimatch@https://registry.npmjs.org/minimatch/-/minimatch-5.1.9.tgz 0ms (cache hit)
6021 http cache balanced-match@https://registry.npmjs.org/balanced-match/-/balanced-match-1.0.2.tgz 0ms (cache hit)
6022 http cache lru-cache@https://registry.npmjs.org/lru-cache/-/lru-cache-10.4.3.tgz 0ms (cache hit)
6023 http cache brace-expansion@https://registry.npmjs.org/brace-expansion/-/brace-expansion-2.1.4.tgz 0ms (cache hit)
6024 http cache yallist@https://registry.npmjs.org/yallist/-/yallist-5.0.0.tgz 0ms (cache hit)
6025 http cache path-scurry@https://registry.npmjs.org/path-scurry/-/path-scurry-1.11.1.tgz 0ms (cache hit)
6026 http cache minimatch@https://registry.npmjs.org/minimatch/-/minimatch-9.0.9.tgz 0ms (cache hit)
6027 http cache agent-base@https://registry.npmjs.org/agent-base/-/agent-base-7.1.4.tgz 0ms (cache hit)
6028 http cache glob@https://registry.npmjs.org/glob/-/glob-10.5.0.tgz 0ms (cache hit)
6029 http cache semver@https://registry.npmjs.org/semver/-/semver-7.8.5.tgz 0ms (cache hit)
6030 http cache node-fetch@https://registry.npmjs.org/node-fetch/-/node-fetch-2.7.0.tgz 0ms (cache hit)
6031 http cache crossws@https://registry.npmjs.org/crossws/-/crossws-0.3.5.tgz 0ms (cache hit)
6032 http cache https-proxy-agent@https://registry.npmjs.org/https-proxy-agent/-/https-proxy-agent-7.0.6.tgz 0ms (cache hit)
6033 http cache unplugin@https://registry.npmjs.org/unplugin/-/unplugin-3.3.0.tgz 0ms (cache hit)
6034 http cache lru-cache@https://registry.npmjs.org/lru-cache/-/lru-cache-11.5.2.tgz 0ms (cache hit)
6035 http cache magic-string@https://registry.npmjs.org/magic-string/-/magic-string-1.2.3.tgz 0ms (cache hit)
6036 http cache estree-walker@https://registry.npmjs.org/estree-walker/-/estree-walker-3.0.3.tgz 0ms (cache hit)
6037 http cache estree-walker@https://registry.npmjs.org/estree-walker/-/estree-walker-3.0.3.tgz 0ms (cache hit)
6038 http cache source-map@https://registry.npmjs.org/source-map/-/source-map-0.8.0.tgz 0ms (cache hit)
6039 http cache h3@https://registry.npmjs.org/h3/-/h3-1.15.11.tgz 0ms (cache hit)
6040 http cache h3@https://registry.npmjs.org/h3/-/h3-1.15.11.tgz 0ms (cache hit)
6041 http cache confbox@https://registry.npmjs.org/confbox/-/confbox-0.1.8.tgz 0ms (cache hit)
6042 http cache pkg-types@https://registry.npmjs.org/pkg-types/-/pkg-types-1.3.1.tgz 0ms (cache hit)
6043 http cache crossws@https://registry.npmjs.org/crossws/-/crossws-0.3.5.tgz 0ms (cache hit)
6044 http cache ohash@https://registry.npmjs.org/ohash/-/ohash-2.0.12.tgz 0ms (cache hit)
6045 http cache https-proxy-agent@https://registry.npmjs.org/https-proxy-agent/-/https-proxy-agent-7.0.6.tgz 0ms (cache hit)
6046 http cache agent-base@https://registry.npmjs.org/agent-base/-/agent-base-7.1.4.tgz 0ms (cache hit)
6047 http cache pathe@https://registry.npmjs.org/pathe/-/pathe-1.1.2.tgz 0ms (cache hit)
6048 http cache mime@https://registry.npmjs.org/mime/-/mime-3.0.0.tgz 0ms (cache hit)
6049 http cache iconv-lite@https://registry.npmjs.org/iconv-lite/-/iconv-lite-0.4.24.tgz 0ms (cache hit)
6050 http cache ms@https://registry.npmjs.org/ms/-/ms-2.0.0.tgz 0ms (cache hit)
6051 http cache mime@https://registry.npmjs.org/mime/-/mime-1.6.0.tgz 0ms (cache hit)
6052 http cache ms@https://registry.npmjs.org/ms/-/ms-2.0.0.tgz 0ms (cache hit)
6053 http cache debug@https://registry.npmjs.org/debug/-/debug-2.6.9.tgz 0ms (cache hit)
6054 http cache ms@https://registry.npmjs.org/ms/-/ms-2.0.0.tgz 0ms (cache hit)
6055 http cache debug@https://registry.npmjs.org/debug/-/debug-2.6.9.tgz 0ms (cache hit)
6056 http cache entities@https://registry.npmjs.org/entities/-/entities-6.0.1.tgz 0ms (cache hit)
6057 http cache entities@https://registry.npmjs.org/entities/-/entities-7.0.1.tgz 0ms (cache hit)
6058 http cache iconv-lite@https://registry.npmjs.org/iconv-lite/-/iconv-lite-0.4.24.tgz 0ms (cache hit)
6059 http cache debug@https://registry.npmjs.org/debug/-/debug-2.6.9.tgz 0ms (cache hit)
6060 http cache @tanstack/router-core@https://registry.npmjs.org/@tanstack/router-core/-/router-core-1.131.50.tgz 0ms (cache hit)
6061 http cache @types/send@https://registry.npmjs.org/@types/send/-/send-0.17.6.tgz 0ms (cache hit)
6062 http cache @tanstack/start-client-core@https://registry.npmjs.org/@tanstack/start-client-core/-/start-client-core-1.131.50.tgz 0ms (cache hit)
6063 http cache crossws@https://registry.npmjs.org/crossws/-/crossws-0.3.5.tgz 0ms (cache hit)
6064 http cache @tanstack/history@https://registry.npmjs.org/@tanstack/history/-/history-1.131.2.tgz 0ms (cache hit)
6065 http cache @tanstack/start-storage-context@https://registry.npmjs.org/@tanstack/start-storage-context/-/start-storage-context-1.131.50.tgz 0ms (cache hit)
6066 http cache @tanstack/history@https://registry.npmjs.org/@tanstack/history/-/history-1.162.1.tgz 0ms (cache hit)
6067 http cache @tanstack/router-core@https://registry.npmjs.org/@tanstack/router-core/-/router-core-1.171.27.tgz 0ms (cache hit)
6068 http cache @tanstack/router-utils@https://registry.npmjs.org/@tanstack/router-utils/-/router-utils-1.141.0.tgz 0ms (cache hit)
6069 http cache @babel/code-frame@https://registry.npmjs.org/@babel/code-frame/-/code-frame-7.29.7.tgz 0ms (cache hit)
6070 http cache @babel/code-frame@https://registry.npmjs.org/@babel/code-frame/-/code-frame-7.29.7.tgz 0ms (cache hit)
6071 http cache cookie-es@https://registry.npmjs.org/cookie-es/-/cookie-es-3.1.1.tgz 0ms (cache hit)
6072 http cache cookie-es@https://registry.npmjs.org/cookie-es/-/cookie-es-3.1.1.tgz 0ms (cache hit)
6073 http cache @babel/code-frame@https://registry.npmjs.org/@babel/code-frame/-/code-frame-7.29.7.tgz 0ms (cache hit)
6074 http cache picomatch@https://registry.npmjs.org/picomatch/-/picomatch-2.3.2.tgz 0ms (cache hit)
6075 http cache @tanstack/start-storage-context@https://registry.npmjs.org/@tanstack/start-storage-context/-/start-storage-context-1.131.50.tgz 0ms (cache hit)
6076 http cache readdirp@https://registry.npmjs.org/readdirp/-/readdirp-3.6.0.tgz 0ms (cache hit)
6077 http cache @tanstack/start-client-core@https://registry.npmjs.org/@tanstack/start-client-core/-/start-client-core-1.131.50.tgz 0ms (cache hit)
6078 http cache @tanstack/directive-functions-plugin@https://registry.npmjs.org/@tanstack/directive-functions-plugin/-/directive-functions-plugin-1.131.2.tgz 0ms (cache hit)
6079 http cache @babel/code-frame@https://registry.npmjs.org/@babel/code-frame/-/code-frame-7.27.1.tgz 1ms (cache hit)
6080 http cache chokidar@https://registry.npmjs.org/chokidar/-/chokidar-3.6.0.tgz 0ms (cache hit)
6081 http cache @tanstack/router-core@https://registry.npmjs.org/@tanstack/router-core/-/router-core-1.171.27.tgz 0ms (cache hit)
6082 http cache @tanstack/history@https://registry.npmjs.org/@tanstack/history/-/history-1.162.1.tgz 1ms (cache hit)
6083 http cache @tanstack/virtual-file-routes@https://registry.npmjs.org/@tanstack/virtual-file-routes/-/virtual-file-routes-1.131.2.tgz 0ms (cache hit)
6084 http cache @tanstack/store@https://registry.npmjs.org/@tanstack/store/-/store-0.9.3.tgz 0ms (cache hit)
6085 http cache zod@https://registry.npmjs.org/zod/-/zod-3.25.76.tgz 0ms (cache hit)
6086 http cache @tanstack/react-store@https://registry.npmjs.org/@tanstack/react-store/-/react-store-0.9.3.tgz 0ms (cache hit)
6087 http cache @tanstack/history@https://registry.npmjs.org/@tanstack/history/-/history-1.131.2.tgz 0ms (cache hit)
6088 http cache @tanstack/history@https://registry.npmjs.org/@tanstack/history/-/history-1.162.1.tgz 0ms (cache hit)
6089 http cache @tanstack/start-server-core@https://registry.npmjs.org/@tanstack/start-server-core/-/start-server-core-1.131.50.tgz 0ms (cache hit)
6090 http cache @babel/code-frame@https://registry.npmjs.org/@babel/code-frame/-/code-frame-7.27.1.tgz 0ms (cache hit)
6091 http cache @tanstack/router-utils@https://registry.npmjs.org/@tanstack/router-utils/-/router-utils-1.131.2.tgz 0ms (cache hit)
6092 http cache @tanstack/server-functions-plugin@https://registry.npmjs.org/@tanstack/server-functions-plugin/-/server-functions-plugin-1.131.2.tgz 0ms (cache hit)
6093 http cache @tanstack/router-core@https://registry.npmjs.org/@tanstack/router-core/-/router-core-1.171.27.tgz 0ms (cache hit)
6094 http cache cookie-es@https://registry.npmjs.org/cookie-es/-/cookie-es-3.1.1.tgz 0ms (cache hit)
6095 http cache @tanstack/react-router@https://registry.npmjs.org/@tanstack/react-router/-/react-router-1.170.32.tgz 0ms (cache hit)
6096 http cache @tanstack/router-generator@https://registry.npmjs.org/@tanstack/router-generator/-/router-generator-1.131.50.tgz 0ms (cache hit)
6097 http cache @tanstack/history@https://registry.npmjs.org/@tanstack/history/-/history-1.131.2.tgz 0ms (cache hit)
6098 http cache picomatch@https://registry.npmjs.org/picomatch/-/picomatch-2.3.2.tgz 0ms (cache hit)
6099 http cache @babel/code-frame@https://registry.npmjs.org/@babel/code-frame/-/code-frame-7.26.2.tgz 0ms (cache hit)
6100 http cache @tanstack/router-plugin@https://registry.npmjs.org/@tanstack/router-plugin/-/router-plugin-1.131.50.tgz 0ms (cache hit)
6101 http cache @tanstack/router-core@https://registry.npmjs.org/@tanstack/router-core/-/router-core-1.131.50.tgz 0ms (cache hit)
6102 http cache @esbuild/win32-x64@https://registry.npmjs.org/@esbuild/win32-x64/-/win32-x64-0.20.2.tgz 0ms (cache hit)
6103 http cache readdirp@https://registry.npmjs.org/readdirp/-/readdirp-3.6.0.tgz 0ms (cache hit)
6104 http cache pathe@https://registry.npmjs.org/pathe/-/pathe-1.1.2.tgz 1ms (cache hit)
6105 http cache path-to-regexp@https://registry.npmjs.org/path-to-regexp/-/path-to-regexp-6.3.0.tgz 1ms (cache hit)
6106 http cache zod@https://registry.npmjs.org/zod/-/zod-3.25.76.tgz 0ms (cache hit)
6107 http cache esbuild@https://registry.npmjs.org/esbuild/-/esbuild-0.20.2.tgz 0ms (cache hit)
6108 http cache motion@https://registry.npmjs.org/motion/-/motion-12.43.0.tgz 0ms (cache hit)
6109 http cache crossws@https://registry.npmjs.org/crossws/-/crossws-0.3.5.tgz 0ms (cache hit)
6110 http cache chokidar@https://registry.npmjs.org/chokidar/-/chokidar-3.6.0.tgz 0ms (cache hit)
6111 http cache mime-db@https://registry.npmjs.org/mime-db/-/mime-db-1.54.0.tgz 0ms (cache hit)
6112 http cache mime-types@https://registry.npmjs.org/mime-types/-/mime-types-3.0.2.tgz 1ms (cache hit)
6113 http cache fresh@https://registry.npmjs.org/fresh/-/fresh-2.0.0.tgz 0ms (cache hit)
6114 http cache @esbuild/win32-x64@https://registry.npmjs.org/@esbuild/win32-x64/-/win32-x64-0.28.2.tgz 0ms (cache hit)
6115 http cache send@https://registry.npmjs.org/send/-/send-1.2.1.tgz 0ms (cache hit)
6116 http cache unenv@https://registry.npmjs.org/unenv/-/unenv-2.0.0-rc.24.tgz 0ms (cache hit)
6117 http cache serve-static@https://registry.npmjs.org/serve-static/-/serve-static-2.2.1.tgz 0ms (cache hit)
6118 http cache semver@https://registry.npmjs.org/semver/-/semver-7.8.5.tgz 0ms (cache hit)
6119 http cache ohash@https://registry.npmjs.org/ohash/-/ohash-2.0.12.tgz 0ms (cache hit)
6120 http cache cookie-es@https://registry.npmjs.org/cookie-es/-/cookie-es-1.2.3.tgz 0ms (cache hit)
6121 http cache h3@https://registry.npmjs.org/h3/-/h3-1.15.11.tgz 0ms (cache hit)
6122 http cache esbuild@https://registry.npmjs.org/esbuild/-/esbuild-0.28.2.tgz 0ms (cache hit)
6123 http cache cookie-es@https://registry.npmjs.org/cookie-es/-/cookie-es-2.0.1.tgz 0ms (cache hit)
6124 http cache crossws@https://registry.npmjs.org/crossws/-/crossws-0.3.5.tgz 0ms (cache hit)
6125 http cache cookie-es@https://registry.npmjs.org/cookie-es/-/cookie-es-3.1.1.tgz 0ms (cache hit)
6126 http cache zod@https://registry.npmjs.org/zod/-/zod-3.25.76.tgz 0ms (cache hit)
6127 http cache @tanstack/history@https://registry.npmjs.org/@tanstack/history/-/history-1.162.1.tgz 0ms (cache hit)
6128 http cache @tanstack/history@https://registry.npmjs.org/@tanstack/history/-/history-1.162.1.tgz 0ms (cache hit)
6129 http cache @tanstack/router-core@https://registry.npmjs.org/@tanstack/router-core/-/router-core-1.171.27.tgz 0ms (cache hit)
6130 http cache cookie-es@https://registry.npmjs.org/cookie-es/-/cookie-es-3.1.1.tgz 0ms (cache hit)
6131 http cache @tanstack/router-core@https://registry.npmjs.org/@tanstack/router-core/-/router-core-1.171.27.tgz 1ms (cache hit)
6132 http cache cookie-es@https://registry.npmjs.org/cookie-es/-/cookie-es-3.1.1.tgz 1ms (cache hit)
6133 http cache @tanstack/router-utils@https://registry.npmjs.org/@tanstack/router-utils/-/router-utils-1.131.2.tgz 0ms (cache hit)
6134 http cache @tanstack/directive-functions-plugin@https://registry.npmjs.org/@tanstack/directive-functions-plugin/-/directive-functions-plugin-1.131.2.tgz 0ms (cache hit)
6135 http cache @tanstack/history@https://registry.npmjs.org/@tanstack/history/-/history-1.162.1.tgz 0ms (cache hit)
6136 http cache @tanstack/server-functions-plugin@https://registry.npmjs.org/@tanstack/server-functions-plugin/-/server-functions-plugin-1.131.2.tgz 0ms (cache hit)
6137 http cache @tanstack/router-core@https://registry.npmjs.org/@tanstack/router-core/-/router-core-1.171.27.tgz 0ms (cache hit)
6138 http cache cookie-es@https://registry.npmjs.org/cookie-es/-/cookie-es-3.1.1.tgz 0ms (cache hit)
6139 http cache @tanstack/history@https://registry.npmjs.org/@tanstack/history/-/history-1.162.1.tgz 0ms (cache hit)
6140 http cache @tanstack/router-core@https://registry.npmjs.org/@tanstack/router-core/-/router-core-1.171.27.tgz 0ms (cache hit)
6141 http cache @tanstack/directive-functions-plugin@https://registry.npmjs.org/@tanstack/directive-functions-plugin/-/directive-functions-plugin-1.131.2.tgz 0ms (cache hit)
6142 http cache cookie-es@https://registry.npmjs.org/cookie-es/-/cookie-es-3.1.1.tgz 0ms (cache hit)
6143 http cache @tanstack/router-utils@https://registry.npmjs.org/@tanstack/router-utils/-/router-utils-1.131.2.tgz 0ms (cache hit)
6144 http cache @tanstack/store@https://registry.npmjs.org/@tanstack/store/-/store-0.9.3.tgz 0ms (cache hit)
6145 http cache @tanstack/server-functions-plugin@https://registry.npmjs.org/@tanstack/server-functions-plugin/-/server-functions-plugin-1.131.2.tgz 0ms (cache hit)
6146 http cache @tanstack/react-store@https://registry.npmjs.org/@tanstack/react-store/-/react-store-0.9.3.tgz 0ms (cache hit)
6147 http cache @tanstack/router-core@https://registry.npmjs.org/@tanstack/router-core/-/router-core-1.171.27.tgz 0ms (cache hit)
6148 http cache @tanstack/history@https://registry.npmjs.org/@tanstack/history/-/history-1.162.1.tgz 0ms (cache hit)
6149 http cache cookie-es@https://registry.npmjs.org/cookie-es/-/cookie-es-3.1.1.tgz 0ms (cache hit)
6150 http cache react-refresh@https://registry.npmjs.org/react-refresh/-/react-refresh-0.17.0.tgz 0ms (cache hit)
6151 http cache @tanstack/react-router@https://registry.npmjs.org/@tanstack/react-router/-/react-router-1.170.32.tgz 0ms (cache hit)
6152 http cache @rolldown/pluginutils@https://registry.npmjs.org/@rolldown/pluginutils/-/pluginutils-1.0.0-beta.27.tgz 0ms (cache hit)
6153 http cache cookie-es@https://registry.npmjs.org/cookie-es/-/cookie-es-3.1.1.tgz 0ms (cache hit)
6154 http cache @tanstack/router-core@https://registry.npmjs.org/@tanstack/router-core/-/router-core-1.171.27.tgz 0ms (cache hit)
6155 http cache @tanstack/history@https://registry.npmjs.org/@tanstack/history/-/history-1.162.1.tgz 0ms (cache hit)
6156 http cache @tanstack/store@https://registry.npmjs.org/@tanstack/store/-/store-0.9.3.tgz 0ms (cache hit)
6157 http cache @tanstack/react-store@https://registry.npmjs.org/@tanstack/react-store/-/react-store-0.9.3.tgz 0ms (cache hit)
6158 http cache @tanstack/history@https://registry.npmjs.org/@tanstack/history/-/history-1.162.1.tgz 0ms (cache hit)
6159 http cache @vitejs/plugin-react@https://registry.npmjs.org/@vitejs/plugin-react/-/plugin-react-4.7.0.tgz 0ms (cache hit)
6160 http cache zod@https://registry.npmjs.org/zod/-/zod-3.25.76.tgz 0ms (cache hit)
6161 http cache @tanstack/router-plugin@https://registry.npmjs.org/@tanstack/router-plugin/-/router-plugin-1.168.35.tgz 0ms (cache hit)
6162 http cache @tanstack/react-router@https://registry.npmjs.org/@tanstack/react-router/-/react-router-1.170.32.tgz 0ms (cache hit)
6163 http cache zod@https://registry.npmjs.org/zod/-/zod-4.5.4.tgz 0ms (cache hit)
6164 http cache @tanstack/router-core@https://registry.npmjs.org/@tanstack/router-core/-/router-core-1.171.27.tgz 0ms (cache hit)
6165 http cache unplugin@https://registry.npmjs.org/unplugin/-/unplugin-3.3.0.tgz 0ms (cache hit)
6166 http cache cookie-es@https://registry.npmjs.org/cookie-es/-/cookie-es-3.1.1.tgz 0ms (cache hit)
6167 http cache @tanstack/store@https://registry.npmjs.org/@tanstack/store/-/store-0.9.3.tgz 0ms (cache hit)
6168 http cache @tanstack/history@https://registry.npmjs.org/@tanstack/history/-/history-1.162.1.tgz 0ms (cache hit)
6169 http cache @tanstack/react-store@https://registry.npmjs.org/@tanstack/react-store/-/react-store-0.9.3.tgz 0ms (cache hit)
6170 http cache @tanstack/router-core@https://registry.npmjs.org/@tanstack/router-core/-/router-core-1.171.27.tgz 0ms (cache hit)
6171 http cache citty@https://registry.npmjs.org/citty/-/citty-0.1.6.tgz 0ms (cache hit)
6172 http cache cookie-es@https://registry.npmjs.org/cookie-es/-/cookie-es-3.1.1.tgz 0ms (cache hit)
6173 http cache @tanstack/react-router@https://registry.npmjs.org/@tanstack/react-router/-/react-router-1.170.32.tgz 0ms (cache hit)
6174 http cache tslib@https://registry.npmjs.org/tslib/-/tslib-1.14.1.tgz 0ms (cache hit)
6175 http cache @esbuild/win32-x64@https://registry.npmjs.org/@esbuild/win32-x64/-/win32-x64-0.28.2.tgz 0ms (cache hit)
6176 silly tarball no local data for color-name@https://registry.npmjs.org/color-name/-/color-name-1.1.4.tgz. Extracting by manifest.
6177 http cache esbuild@https://registry.npmjs.org/esbuild/-/esbuild-0.28.2.tgz 0ms (cache hit)
6178 silly tarball no local data for util-deprecate@https://registry.npmjs.org/util-deprecate/-/util-deprecate-1.0.2.tgz. Extracting by manifest.
6179 silly tarball no local data for isarray@https://registry.npmjs.org/isarray/-/isarray-1.0.0.tgz. Extracting by manifest.
6180 silly tarball no local data for color-convert@https://registry.npmjs.org/color-convert/-/color-convert-2.0.1.tgz. Extracting by manifest.
6181 silly tarball no local data for process-nextick-args@https://registry.npmjs.org/process-nextick-args/-/process-nextick-args-2.0.1.tgz. Extracting by manifest.
6182 silly tarball no local data for core-util-is@https://registry.npmjs.org/core-util-is/-/core-util-is-1.0.3.tgz. Extracting by manifest.
6183 silly tarball no local data for get-east-asian-width@https://registry.npmjs.org/get-east-asian-width/-/get-east-asian-width-1.6.0.tgz. Extracting by manifest.
6184 silly tarball no local data for strip-ansi-cjs@https://registry.npmjs.org/strip-ansi/-/strip-ansi-6.0.1.tgz. Extracting by manifest.
6185 silly tarball no local data for wrap-ansi-cjs@https://registry.npmjs.org/wrap-ansi/-/wrap-ansi-7.0.0.tgz. Extracting by manifest.
6186 http cache debug@https://registry.npmjs.org/debug/-/debug-2.6.9.tgz 0ms (cache hit)
6187 silly tarball no local data for string-width-cjs@https://registry.npmjs.org/string-width/-/string-width-4.2.3.tgz. Extracting by manifest.
6188 silly tarball no local data for @pkgjs/parseargs@https://registry.npmjs.org/@pkgjs/parseargs/-/parseargs-0.11.0.tgz. Extracting by manifest.
6189 silly tarball no local data for package-json-from-dist@https://registry.npmjs.org/package-json-from-dist/-/package-json-from-dist-1.0.1.tgz. Extracting by manifest.
6190 silly tarball no local data for @isaacs/cliui@https://registry.npmjs.org/@isaacs/cliui/-/cliui-8.0.2.tgz. Extracting by manifest.
6191 silly tarball no local data for jackspeak@https://registry.npmjs.org/jackspeak/-/jackspeak-3.4.3.tgz. Extracting by manifest.
6192 silly tarball no local data for is-fullwidth-code-point@https://registry.npmjs.org/is-fullwidth-code-point/-/is-fullwidth-code-point-3.0.0.tgz. Extracting by manifest.
6193 silly tarball no local data for foreground-child@https://registry.npmjs.org/foreground-child/-/foreground-child-3.3.1.tgz. Extracting by manifest.
6194 silly tarball no local data for @types/mime@https://registry.npmjs.org/@types/mime/-/mime-1.3.5.tgz. Extracting by manifest.
6195 silly tarball no local data for is-binary-path@https://registry.npmjs.org/is-binary-path/-/is-binary-path-2.1.0.tgz. Extracting by manifest.
6196 silly tarball no local data for binary-extensions@https://registry.npmjs.org/binary-extensions/-/binary-extensions-2.3.0.tgz. Extracting by manifest.
6197 http cache citty@https://registry.npmjs.org/citty/-/citty-0.1.6.tgz 0ms (cache hit)
6198 silly tarball no local data for ast-types@https://registry.npmjs.org/ast-types/-/ast-types-0.16.1.tgz. Extracting by manifest.
6199 silly tarball no local data for recast@https://registry.npmjs.org/recast/-/recast-0.23.21.tgz. Extracting by manifest.
6200 silly tarball no local data for seroval-plugins@https://registry.npmjs.org/seroval-plugins/-/seroval-plugins-1.6.4.tgz. Extracting by manifest.
6201 silly tarball no local data for isbot@https://registry.npmjs.org/isbot/-/isbot-5.2.2.tgz. Extracting by manifest.
6202 silly tarball no local data for @babel/helper-replace-supers@https://registry.npmjs.org/@babel/helper-replace-supers/-/helper-replace-supers-7.29.7.tgz. Extracting by manifest.
6203 silly tarball no local data for @babel/helper-optimise-call-expression@https://registry.npmjs.org/@babel/helper-optimise-call-expression/-/helper-optimise-call-expression-7.29.7.tgz. Extracting by manifest.
6204 silly tarball no local data for @babel/helper-skip-transparent-expression-wrappers@https://registry.npmjs.org/@babel/helper-skip-transparent-expression-wrappers/-/helper-skip-transparent-expression-wrappers-7.29.7.tgz. Extracting by manifest.
6205 silly tarball no local data for @babel/helper-create-class-features-plugin@https://registry.npmjs.org/@babel/helper-create-class-features-plugin/-/helper-create-class-features-plugin-7.29.7.tgz. Extracting by manifest.
6206 silly tarball no local data for @babel/helper-member-expression-to-functions@https://registry.npmjs.org/@babel/helper-member-expression-to-functions/-/helper-member-expression-to-functions-7.29.7.tgz. Extracting by manifest.
6207 silly tarball no local data for @babel/plugin-transform-typescript@https://registry.npmjs.org/@babel/plugin-transform-typescript/-/plugin-transform-typescript-7.29.7.tgz. Extracting by manifest.
6208 silly tarball no local data for @babel/plugin-transform-modules-commonjs@https://registry.npmjs.org/@babel/plugin-transform-modules-commonjs/-/plugin-transform-modules-commonjs-7.29.7.tgz. Extracting by manifest.
6209 http cache ms@https://registry.npmjs.org/ms/-/ms-2.0.0.tgz 0ms (cache hit)
6210 silly tarball no local data for @babel/preset-typescript@https://registry.npmjs.org/@babel/preset-typescript/-/preset-typescript-7.29.7.tgz. Extracting by manifest.
6211 silly tarball no local data for webidl-conversions@https://registry.npmjs.org/webidl-conversions/-/webidl-conversions-3.0.1.tgz. Extracting by manifest.
6212 silly tarball no local data for tr46@https://registry.npmjs.org/tr46/-/tr46-0.0.3.tgz. Extracting by manifest.
6213 silly tarball no local data for whatwg-url@https://registry.npmjs.org/whatwg-url/-/whatwg-url-5.0.0.tgz. Extracting by manifest.
6214 silly tarball no local data for crc32-stream@https://registry.npmjs.org/crc32-stream/-/crc32-stream-6.0.0.tgz. Extracting by manifest.
6215 silly tarball no local data for crc-32@https://registry.npmjs.org/crc-32/-/crc-32-1.2.2.tgz. Extracting by manifest.
6216 silly tarball no local data for compress-commons@https://registry.npmjs.org/compress-commons/-/compress-commons-6.0.2.tgz. Extracting by manifest.
6217 silly tarball no local data for error-stack-parser-es@https://registry.npmjs.org/error-stack-parser-es/-/error-stack-parser-es-1.0.5.tgz. Extracting by manifest.
6218 silly tarball no local data for @poppinss/exception@https://registry.npmjs.org/@poppinss/exception/-/exception-1.2.3.tgz. Extracting by manifest.
6219 silly tarball no local data for supports-color@https://registry.npmjs.org/supports-color/-/supports-color-10.2.2.tgz. Extracting by manifest.
6220 silly tarball no local data for @sindresorhus/is@https://registry.npmjs.org/@sindresorhus/is/-/is-7.2.0.tgz. Extracting by manifest.
6221 silly tarball no local data for kleur@https://registry.npmjs.org/kleur/-/kleur-4.1.5.tgz. Extracting by manifest.
6222 silly tarball no local data for @speed-highlight/core@https://registry.npmjs.org/@speed-highlight/core/-/core-1.2.24.tgz. Extracting by manifest.
6223 silly tarball no local data for @poppinss/dumper@https://registry.npmjs.org/@poppinss/dumper/-/dumper-0.7.0.tgz. Extracting by manifest.
6224 silly tarball no local data for @poppinss/colors@https://registry.npmjs.org/@poppinss/colors/-/colors-4.1.6.tgz. Extracting by manifest.
6225 silly tarball no local data for yargs-parser@https://registry.npmjs.org/yargs-parser/-/yargs-parser-22.0.0.tgz. Extracting by manifest.
6226 silly tarball no local data for get-caller-file@https://registry.npmjs.org/get-caller-file/-/get-caller-file-2.0.5.tgz. Extracting by manifest.
6227 silly tarball no local data for cliui@https://registry.npmjs.org/cliui/-/cliui-9.0.1.tgz. Extracting by manifest.
6228 silly tarball no local data for @babel/helper-annotate-as-pure@https://registry.npmjs.org/@babel/helper-annotate-as-pure/-/helper-annotate-as-pure-7.29.7.tgz. Extracting by manifest.
6229 silly tarball no local data for sprintf-js@https://registry.npmjs.org/sprintf-js/-/sprintf-js-1.0.3.tgz. Extracting by manifest.
6230 silly tarball no local data for esprima@https://registry.npmjs.org/esprima/-/esprima-4.0.1.tgz. Extracting by manifest.
6231 silly tarball no local data for argparse@https://registry.npmjs.org/argparse/-/argparse-1.0.10.tgz. Extracting by manifest.
6232 silly tarball no local data for @oozcitak/url@https://registry.npmjs.org/@oozcitak/url/-/url-1.0.4.tgz. Extracting by manifest.
6233 silly tarball no local data for js-yaml@https://registry.npmjs.org/js-yaml/-/js-yaml-3.14.1.tgz. Extracting by manifest.
6234 silly tarball no local data for @oozcitak/util@https://registry.npmjs.org/@oozcitak/util/-/util-8.3.8.tgz. Extracting by manifest.
6235 silly tarball no local data for @oozcitak/infra@https://registry.npmjs.org/@oozcitak/infra/-/infra-1.0.8.tgz. Extracting by manifest.
6236 silly tarball no local data for ansi-styles@https://registry.npmjs.org/ansi-styles/-/ansi-styles-6.2.3.tgz. Extracting by manifest.
6237 silly tarball no local data for isexe@https://registry.npmjs.org/isexe/-/isexe-3.1.5.tgz. Extracting by manifest.
6238 silly tarball no local data for @oozcitak/dom@https://registry.npmjs.org/@oozcitak/dom/-/dom-1.15.10.tgz. Extracting by manifest.
6239 silly tarball no local data for ansi-regex@https://registry.npmjs.org/ansi-regex/-/ansi-regex-6.3.0.tgz. Extracting by manifest.
6240 silly tarball no local data for strip-ansi@https://registry.npmjs.org/strip-ansi/-/strip-ansi-7.2.0.tgz. Extracting by manifest.
6241 silly tarball no local data for emoji-regex@https://registry.npmjs.org/emoji-regex/-/emoji-regex-9.2.2.tgz. Extracting by manifest.
6242 silly tarball no local data for eastasianwidth@https://registry.npmjs.org/eastasianwidth/-/eastasianwidth-0.2.0.tgz. Extracting by manifest.
6243 silly tarball no local data for shebang-regex@https://registry.npmjs.org/shebang-regex/-/shebang-regex-3.0.0.tgz. Extracting by manifest.
6244 silly tarball no local data for mimic-fn@https://registry.npmjs.org/mimic-fn/-/mimic-fn-4.0.0.tgz. Extracting by manifest.
6245 silly tarball no local data for system-architecture@https://registry.npmjs.org/system-architecture/-/system-architecture-0.1.0.tgz. Extracting by manifest.
6246 silly tarball no local data for requires-port@https://registry.npmjs.org/requires-port/-/requires-port-1.0.0.tgz. Extracting by manifest.
6247 silly tarball no local data for shebang-command@https://registry.npmjs.org/shebang-command/-/shebang-command-2.0.0.tgz. Extracting by manifest.
6248 silly tarball no local data for strip-final-newline@https://registry.npmjs.org/strip-final-newline/-/strip-final-newline-3.0.0.tgz. Extracting by manifest.
6249 silly tarball no local data for signal-exit@https://registry.npmjs.org/signal-exit/-/signal-exit-4.1.0.tgz. Extracting by manifest.
6250 silly tarball no local data for path-key@https://registry.npmjs.org/path-key/-/path-key-3.1.1.tgz. Extracting by manifest.
6251 silly tarball no local data for onetime@https://registry.npmjs.org/onetime/-/onetime-6.0.0.tgz. Extracting by manifest.
6252 silly tarball no local data for merge-stream@https://registry.npmjs.org/merge-stream/-/merge-stream-2.0.0.tgz. Extracting by manifest.
6253 silly tarball no local data for npm-run-path@https://registry.npmjs.org/npm-run-path/-/npm-run-path-5.3.0.tgz. Extracting by manifest.
6254 silly tarball no local data for human-signals@https://registry.npmjs.org/human-signals/-/human-signals-5.0.0.tgz. Extracting by manifest.
6255 silly tarball no local data for get-stream@https://registry.npmjs.org/get-stream/-/get-stream-8.0.1.tgz. Extracting by manifest.
6256 silly tarball no local data for cross-spawn@https://registry.npmjs.org/cross-spawn/-/cross-spawn-7.0.6.tgz. Extracting by manifest.
6257 silly tarball no local data for which@https://registry.npmjs.org/which/-/which-4.0.0.tgz. Extracting by manifest.
6258 silly tarball no local data for @deno/shim-deno@https://registry.npmjs.org/@deno/shim-deno/-/shim-deno-0.19.2.tgz. Extracting by manifest.
6259 silly tarball no local data for @deno/shim-deno-test@https://registry.npmjs.org/@deno/shim-deno-test/-/shim-deno-test-0.5.0.tgz. Extracting by manifest.
6260 silly tarball no local data for is64bit@https://registry.npmjs.org/is64bit/-/is64bit-2.0.0.tgz. Extracting by manifest.
6261 silly tarball no local data for y18n@https://registry.npmjs.org/y18n/-/y18n-5.0.8.tgz. Extracting by manifest.
6262 silly tarball no local data for is-wsl@https://registry.npmjs.org/is-wsl/-/is-wsl-3.1.1.tgz. Extracting by manifest.
6263 silly tarball no local data for wrap-ansi@https://registry.npmjs.org/wrap-ansi/-/wrap-ansi-8.1.0.tgz. Extracting by manifest.
6264 silly tarball no local data for widest-line@https://registry.npmjs.org/widest-line/-/widest-line-4.0.1.tgz. Extracting by manifest.
6265 silly tarball no local data for string-width@https://registry.npmjs.org/string-width/-/string-width-5.1.2.tgz. Extracting by manifest.
6266 silly tarball no local data for cli-boxes@https://registry.npmjs.org/cli-boxes/-/cli-boxes-3.0.0.tgz. Extracting by manifest.
6267 silly tarball no local data for chalk@https://registry.npmjs.org/chalk/-/chalk-5.6.2.tgz. Extracting by manifest.
6268 silly tarball no local data for camelcase@https://registry.npmjs.org/camelcase/-/camelcase-7.0.1.tgz. Extracting by manifest.
6269 silly tarball no local data for ansi-align@https://registry.npmjs.org/ansi-align/-/ansi-align-3.0.1.tgz. Extracting by manifest.
6270 silly tarball no local data for node-addon-api@https://registry.npmjs.org/node-addon-api/-/node-addon-api-7.1.1.tgz. Extracting by manifest.
6271 silly tarball no local data for @parcel/watcher-win32-x64@https://registry.npmjs.org/@parcel/watcher-win32-x64/-/watcher-win32-x64-2.6.0.tgz. Extracting by manifest.
6272 silly tarball no local data for clipboardy@https://registry.npmjs.org/clipboardy/-/clipboardy-4.0.0.tgz. Extracting by manifest.
6273 silly tarball no local data for @parcel/watcher@https://registry.npmjs.org/@parcel/watcher/-/watcher-2.6.0.tgz. Extracting by manifest.
6274 silly tarball no local data for @types/braces@https://registry.npmjs.org/@types/braces/-/braces-3.0.5.tgz. Extracting by manifest.
6275 silly tarball no local data for es-module-lexer@https://registry.npmjs.org/es-module-lexer/-/es-module-lexer-1.7.0.tgz. Extracting by manifest.
6276 silly tarball no local data for http-proxy@https://registry.npmjs.org/http-proxy/-/http-proxy-1.18.1.tgz. Extracting by manifest.
6277 silly tarball no local data for dax-sh@https://registry.npmjs.org/dax-sh/-/dax-sh-0.39.2.tgz. Extracting by manifest.
6278 silly tarball no local data for boxen@https://registry.npmjs.org/boxen/-/boxen-7.1.1.tgz. Extracting by manifest.
6279 silly tarball no local data for @vinxi/listhen@https://registry.npmjs.org/@vinxi/listhen/-/listhen-1.5.6.tgz. Extracting by manifest.
6280 silly tarball no local data for untun@https://registry.npmjs.org/untun/-/untun-0.1.3.tgz. Extracting by manifest.
6281 silly tarball no local data for std-env@https://registry.npmjs.org/std-env/-/std-env-3.10.0.tgz. Extracting by manifest.
6282 silly tarball no local data for pathe@https://registry.npmjs.org/pathe/-/pathe-1.1.2.tgz. Extracting by manifest.
6283 silly tarball no local data for @types/micromatch@https://registry.npmjs.org/@types/micromatch/-/micromatch-4.0.10.tgz. Extracting by manifest.
6284 silly tarball no local data for jiti@https://registry.npmjs.org/jiti/-/jiti-1.21.7.tgz. Extracting by manifest.
6285 silly tarball no local data for citty@https://registry.npmjs.org/citty/-/citty-0.1.6.tgz. Extracting by manifest.
6286 silly tarball no local data for d3-path@https://registry.npmjs.org/d3-path/-/d3-path-3.1.0.tgz. Extracting by manifest.
6287 silly tarball no local data for d3-format@https://registry.npmjs.org/d3-format/-/d3-format-3.1.2.tgz. Extracting by manifest.
6288 silly tarball no local data for d3-time-format@https://registry.npmjs.org/d3-time-format/-/d3-time-format-4.1.0.tgz. Extracting by manifest.
6289 silly tarball no local data for d3-color@https://registry.npmjs.org/d3-color/-/d3-color-3.1.0.tgz. Extracting by manifest.
6290 silly tarball no local data for internmap@https://registry.npmjs.org/internmap/-/internmap-2.0.3.tgz. Extracting by manifest.
6291 silly tarball no local data for @types/d3-path@https://registry.npmjs.org/@types/d3-path/-/d3-path-3.1.1.tgz. Extracting by manifest.
6292 silly tarball no local data for @types/d3-color@https://registry.npmjs.org/@types/d3-color/-/d3-color-3.1.3.tgz. Extracting by manifest.
6293 silly tarball no local data for d3-time@https://registry.npmjs.org/d3-time/-/d3-time-3.1.0.tgz. Extracting by manifest.
6294 silly tarball no local data for d3-timer@https://registry.npmjs.org/d3-timer/-/d3-timer-3.0.1.tgz. Extracting by manifest.
6295 silly tarball no local data for d3-scale@https://registry.npmjs.org/d3-scale/-/d3-scale-4.0.2.tgz. Extracting by manifest.
6296 silly tarball no local data for d3-shape@https://registry.npmjs.org/d3-shape/-/d3-shape-3.2.0.tgz. Extracting by manifest.
6297 silly tarball no local data for d3-interpolate@https://registry.npmjs.org/d3-interpolate/-/d3-interpolate-3.0.1.tgz. Extracting by manifest.
6298 silly tarball no local data for d3-ease@https://registry.npmjs.org/d3-ease/-/d3-ease-3.0.1.tgz. Extracting by manifest.
6299 silly tarball no local data for d3-array@https://registry.npmjs.org/d3-array/-/d3-array-3.2.4.tgz. Extracting by manifest.
6300 silly tarball no local data for @types/d3-timer@https://registry.npmjs.org/@types/d3-timer/-/d3-timer-3.0.2.tgz. Extracting by manifest.
6301 silly tarball no local data for @types/d3-time@https://registry.npmjs.org/@types/d3-time/-/d3-time-3.0.4.tgz. Extracting by manifest.
6302 silly tarball no local data for @types/d3-shape@https://registry.npmjs.org/@types/d3-shape/-/d3-shape-3.2.0.tgz. Extracting by manifest.
6303 silly tarball no local data for @types/d3-scale@https://registry.npmjs.org/@types/d3-scale/-/d3-scale-4.0.9.tgz. Extracting by manifest.
6304 silly tarball no local data for @types/d3-interpolate@https://registry.npmjs.org/@types/d3-interpolate/-/d3-interpolate-3.0.4.tgz. Extracting by manifest.
6305 silly tarball no local data for @types/d3-ease@https://registry.npmjs.org/@types/d3-ease/-/d3-ease-3.0.2.tgz. Extracting by manifest.
6306 silly tarball no local data for @types/d3-array@https://registry.npmjs.org/@types/d3-array/-/d3-array-3.2.2.tgz. Extracting by manifest.
6307 silly tarball no local data for escalade@https://registry.npmjs.org/escalade/-/escalade-3.2.0.tgz. Extracting by manifest.
6308 silly tarball no local data for anymatch@https://registry.npmjs.org/anymatch/-/anymatch-3.1.3.tgz. Extracting by manifest.
6309 silly tarball no local data for webpack-virtual-modules@https://registry.npmjs.org/webpack-virtual-modules/-/webpack-virtual-modules-0.6.2.tgz. Extracting by manifest.
6310 silly tarball no local data for quansync@https://registry.npmjs.org/quansync/-/quansync-0.2.11.tgz. Extracting by manifest.
6311 silly tarball no local data for strip-literal@https://registry.npmjs.org/strip-literal/-/strip-literal-4.0.0.tgz. Extracting by manifest.
6312 silly tarball no local data for local-pkg@https://registry.npmjs.org/local-pkg/-/local-pkg-1.2.1.tgz. Extracting by manifest.
6313 silly tarball no local data for media-typer@https://registry.npmjs.org/media-typer/-/media-typer-0.3.0.tgz. Extracting by manifest.
6314 silly tarball no local data for tagged-tag@https://registry.npmjs.org/tagged-tag/-/tagged-tag-1.0.0.tgz. Extracting by manifest.
6315 silly tarball no local data for unplugin@https://registry.npmjs.org/unplugin/-/unplugin-2.3.11.tgz. Extracting by manifest.
6316 silly tarball no local data for source-map-support@https://registry.npmjs.org/source-map-support/-/source-map-support-0.5.21.tgz. Extracting by manifest.
6317 silly tarball no local data for buffer-from@https://registry.npmjs.org/buffer-from/-/buffer-from-1.1.2.tgz. Extracting by manifest.
6318 silly tarball no local data for commander@https://registry.npmjs.org/commander/-/commander-2.20.3.tgz. Extracting by manifest.
6319 silly tarball no local data for @jridgewell/source-map@https://registry.npmjs.org/@jridgewell/source-map/-/source-map-0.3.11.tgz. Extracting by manifest.
6320 silly tarball no local data for events-universal@https://registry.npmjs.org/events-universal/-/events-universal-1.0.1.tgz. Extracting by manifest.
6321 silly tarball no local data for text-decoder@https://registry.npmjs.org/text-decoder/-/text-decoder-1.2.7.tgz. Extracting by manifest.
6322 silly tarball no local data for bare-url@https://registry.npmjs.org/bare-url/-/bare-url-2.5.2.tgz. Extracting by manifest.
6323 silly tarball no local data for is-number@https://registry.npmjs.org/is-number/-/is-number-7.0.0.tgz. Extracting by manifest.
6324 silly tarball no local data for bare-stream@https://registry.npmjs.org/bare-stream/-/bare-stream-2.13.4.tgz. Extracting by manifest.
6325 silly tarball no local data for bare-path@https://registry.npmjs.org/bare-path/-/bare-path-3.1.1.tgz. Extracting by manifest.
6326 silly tarball no local data for bare-events@https://registry.npmjs.org/bare-events/-/bare-events-2.9.2.tgz. Extracting by manifest.
6327 silly tarball no local data for streamx@https://registry.npmjs.org/streamx/-/streamx-2.28.1.tgz. Extracting by manifest.
6328 silly tarball no local data for fast-fifo@https://registry.npmjs.org/fast-fifo/-/fast-fifo-1.3.2.tgz. Extracting by manifest.
6329 silly tarball no local data for bare-fs@https://registry.npmjs.org/bare-fs/-/bare-fs-4.8.1.tgz. Extracting by manifest.
6330 silly tarball no local data for b4a@https://registry.npmjs.org/b4a/-/b4a-1.8.1.tgz. Extracting by manifest.
6331 silly tarball no local data for minizlib@https://registry.npmjs.org/minizlib/-/minizlib-3.1.0.tgz. Extracting by manifest.
6332 silly tarball no local data for chownr@https://registry.npmjs.org/chownr/-/chownr-3.0.0.tgz. Extracting by manifest.
6333 silly tarball no local data for @isaacs/fs-minipass@https://registry.npmjs.org/@isaacs/fs-minipass/-/fs-minipass-4.0.1.tgz. Extracting by manifest.
6334 silly tarball no local data for @noble/hashes@https://registry.npmjs.org/@noble/hashes/-/hashes-1.8.0.tgz. Extracting by manifest.
6335 silly tarball no local data for @noble/ciphers@https://registry.npmjs.org/@noble/ciphers/-/ciphers-1.3.0.tgz. Extracting by manifest.
6336 silly tarball no local data for @noble/curves@https://registry.npmjs.org/@noble/curves/-/curves-1.9.7.tgz. Extracting by manifest.
6337 silly tarball no local data for teex@https://registry.npmjs.org/teex/-/teex-1.0.1.tgz. Extracting by manifest.
6338 silly tarball no local data for @ecies/ciphers@https://registry.npmjs.org/@ecies/ciphers/-/ciphers-0.2.6.tgz. Extracting by manifest.
6339 silly tarball no local data for jose@https://registry.npmjs.org/jose/-/jose-6.2.10.tgz. Extracting by manifest.
6340 silly tarball no local data for eciesjs@https://registry.npmjs.org/eciesjs/-/eciesjs-0.5.0.tgz. Extracting by manifest.
6341 silly tarball no local data for @supabase/cli-windows-x64@https://registry.npmjs.org/@supabase/cli-windows-x64/-/cli-windows-x64-2.116.0.tgz. Extracting by manifest.
6342 silly tarball no local data for call-bound@https://registry.npmjs.org/call-bound/-/call-bound-1.0.4.tgz. Extracting by manifest.
6343 silly tarball no local data for side-channel-weakmap@https://registry.npmjs.org/side-channel-weakmap/-/side-channel-weakmap-1.0.2.tgz. Extracting by manifest.
6344 silly tarball no local data for side-channel-list@https://registry.npmjs.org/side-channel-list/-/side-channel-list-1.0.1.tgz. Extracting by manifest.
6345 silly tarball no local data for side-channel-map@https://registry.npmjs.org/side-channel-map/-/side-channel-map-1.0.1.tgz. Extracting by manifest.
6346 silly tarball no local data for is-docker@https://registry.npmjs.org/is-docker/-/is-docker-3.0.0.tgz. Extracting by manifest.
6347 silly tarball no local data for queue-microtask@https://registry.npmjs.org/queue-microtask/-/queue-microtask-1.2.3.tgz. Extracting by manifest.
6348 silly tarball no local data for run-applescript@https://registry.npmjs.org/run-applescript/-/run-applescript-7.1.0.tgz. Extracting by manifest.
6349 silly tarball no local data for default-browser-id@https://registry.npmjs.org/default-browser-id/-/default-browser-id-5.0.1.tgz. Extracting by manifest.
6350 silly tarball no local data for bundle-name@https://registry.npmjs.org/bundle-name/-/bundle-name-4.1.0.tgz. Extracting by manifest.
6351 silly tarball no local data for wsl-utils@https://registry.npmjs.org/wsl-utils/-/wsl-utils-1.0.0.tgz. Extracting by manifest.
6352 silly tarball no local data for powershell-utils@https://registry.npmjs.org/powershell-utils/-/powershell-utils-0.2.1.tgz. Extracting by manifest.
6353 silly tarball no local data for object-inspect@https://registry.npmjs.org/object-inspect/-/object-inspect-1.13.4.tgz. Extracting by manifest.
6354 silly tarball no local data for is-inside-container@https://registry.npmjs.org/is-inside-container/-/is-inside-container-1.0.0.tgz. Extracting by manifest.
6355 silly tarball no local data for is-in-ssh@https://registry.npmjs.org/is-in-ssh/-/is-in-ssh-1.0.0.tgz. Extracting by manifest.
6356 silly tarball no local data for define-lazy-prop@https://registry.npmjs.org/define-lazy-prop/-/define-lazy-prop-3.0.0.tgz. Extracting by manifest.
6357 silly tarball no local data for yargs@https://registry.npmjs.org/yargs/-/yargs-18.1.0.tgz. Extracting by manifest.
6358 silly tarball no local data for default-browser@https://registry.npmjs.org/default-browser/-/default-browser-5.5.1.tgz. Extracting by manifest.
6359 silly tarball no local data for open@https://registry.npmjs.org/open/-/open-11.0.2.tgz. Extracting by manifest.
6360 silly tarball no local data for @rollup/rollup-win32-x64-msvc@https://registry.npmjs.org/@rollup/rollup-win32-x64-msvc/-/rollup-win32-x64-msvc-4.63.1.tgz. Extracting by manifest.
6361 silly tarball no local data for @rollup/rollup-win32-x64-gnu@https://registry.npmjs.org/@rollup/rollup-win32-x64-gnu/-/rollup-win32-x64-gnu-4.63.1.tgz. Extracting by manifest.
6362 silly tarball no local data for supports-preserve-symlinks-flag@https://registry.npmjs.org/supports-preserve-symlinks-flag/-/supports-preserve-symlinks-flag-1.0.0.tgz. Extracting by manifest.
6363 silly tarball no local data for is-core-module@https://registry.npmjs.org/is-core-module/-/is-core-module-2.16.2.tgz. Extracting by manifest.
6364 silly tarball no local data for path-parse@https://registry.npmjs.org/path-parse/-/path-parse-1.0.7.tgz. Extracting by manifest.
6365 silly tarball no local data for redux-thunk@https://registry.npmjs.org/redux-thunk/-/redux-thunk-3.1.0.tgz. Extracting by manifest.
6366 silly tarball no local data for redux@https://registry.npmjs.org/redux/-/redux-5.0.1.tgz. Extracting by manifest.
6367 silly tarball no local data for victory-vendor@https://registry.npmjs.org/victory-vendor/-/victory-vendor-37.3.6.tgz. Extracting by manifest.
6368 silly tarball no local data for @standard-schema/spec@https://registry.npmjs.org/@standard-schema/spec/-/spec-1.1.0.tgz. Extracting by manifest.
6369 silly tarball no local data for react-redux@https://registry.npmjs.org/react-redux/-/react-redux-9.3.0.tgz. Extracting by manifest.
6370 silly tarball no local data for reselect@https://registry.npmjs.org/reselect/-/reselect-5.2.0.tgz. Extracting by manifest.
6371 silly tarball no local data for eventemitter3@https://registry.npmjs.org/eventemitter3/-/eventemitter3-5.0.4.tgz. Extracting by manifest.
6372 silly tarball no local data for immer@https://registry.npmjs.org/immer/-/immer-11.1.18.tgz. Extracting by manifest.
6373 silly tarball no local data for es-toolkit@https://registry.npmjs.org/es-toolkit/-/es-toolkit-1.52.0.tgz. Extracting by manifest.
6374 silly tarball no local data for @reduxjs/toolkit@https://registry.npmjs.org/@reduxjs/toolkit/-/toolkit-2.12.0.tgz. Extracting by manifest.
6375 silly tarball no local data for decimal.js-light@https://registry.npmjs.org/decimal.js-light/-/decimal.js-light-2.5.1.tgz. Extracting by manifest.
6376 silly tarball no local data for ieee754@https://registry.npmjs.org/ieee754/-/ieee754-1.2.1.tgz. Extracting by manifest.
6377 silly tarball no local data for event-target-shim@https://registry.npmjs.org/event-target-shim/-/event-target-shim-5.0.1.tgz. Extracting by manifest.
6378 silly tarball no local data for string_decoder@https://registry.npmjs.org/string_decoder/-/string_decoder-1.3.0.tgz. Extracting by manifest.
6379 silly tarball no local data for @types/use-sync-external-store@https://registry.npmjs.org/@types/use-sync-external-store/-/use-sync-external-store-0.0.6.tgz. Extracting by manifest.
6380 silly tarball no local data for process@https://registry.npmjs.org/process/-/process-0.11.10.tgz. Extracting by manifest.
6381 silly tarball no local data for events@https://registry.npmjs.org/events/-/events-3.3.0.tgz. Extracting by manifest.
6382 silly tarball no local data for abort-controller@https://registry.npmjs.org/abort-controller/-/abort-controller-3.0.0.tgz. Extracting by manifest.
6383 silly tarball no local data for scheduler@https://registry.npmjs.org/scheduler/-/scheduler-0.27.0.tgz. Extracting by manifest.
6384 silly tarball no local data for side-channel@https://registry.npmjs.org/side-channel/-/side-channel-1.1.1.tgz. Extracting by manifest.
6385 silly tarball no local data for ipaddr.js@https://registry.npmjs.org/ipaddr.js/-/ipaddr.js-1.9.1.tgz. Extracting by manifest.
6386 silly tarball no local data for forwarded@https://registry.npmjs.org/forwarded/-/forwarded-0.2.0.tgz. Extracting by manifest.
6387 silly tarball no local data for long@https://registry.npmjs.org/long/-/long-5.3.2.tgz. Extracting by manifest.
6388 silly tarball no local data for buffer@https://registry.npmjs.org/buffer/-/buffer-6.0.3.tgz. Extracting by manifest.
6389 silly tarball no local data for @protobufjs/utf8@https://registry.npmjs.org/@protobufjs/utf8/-/utf8-1.1.2.tgz. Extracting by manifest.
6390 silly tarball no local data for @protobufjs/pool@https://registry.npmjs.org/@protobufjs/pool/-/pool-1.1.0.tgz. Extracting by manifest.
6391 silly tarball no local data for @protobufjs/path@https://registry.npmjs.org/@protobufjs/path/-/path-1.1.2.tgz. Extracting by manifest.
6392 silly tarball no local data for @protobufjs/fetch@https://registry.npmjs.org/@protobufjs/fetch/-/fetch-1.1.1.tgz. Extracting by manifest.
6393 silly tarball no local data for @protobufjs/float@https://registry.npmjs.org/@protobufjs/float/-/float-1.0.2.tgz. Extracting by manifest.
6394 silly tarball no local data for @protobufjs/eventemitter@https://registry.npmjs.org/@protobufjs/eventemitter/-/eventemitter-1.1.1.tgz. Extracting by manifest.
6395 silly tarball no local data for @protobufjs/codegen@https://registry.npmjs.org/@protobufjs/codegen/-/codegen-2.0.5.tgz. Extracting by manifest.
6396 silly tarball no local data for @protobufjs/base64@https://registry.npmjs.org/@protobufjs/base64/-/base64-1.1.2.tgz. Extracting by manifest.
6397 silly tarball no local data for @protobufjs/aspromise@https://registry.npmjs.org/@protobufjs/aspromise/-/aspromise-1.1.2.tgz. Extracting by manifest.
6398 silly tarball no local data for pako@https://registry.npmjs.org/pako/-/pako-1.0.11.tgz. Extracting by manifest.
6399 silly tarball no local data for nanoid@https://registry.npmjs.org/nanoid/-/nanoid-3.3.18.tgz. Extracting by manifest.
6400 silly tarball no local data for @pdf-lib/upng@https://registry.npmjs.org/@pdf-lib/upng/-/upng-1.0.1.tgz. Extracting by manifest.
6401 silly tarball no local data for @pdf-lib/standard-fonts@https://registry.npmjs.org/@pdf-lib/standard-fonts/-/standard-fonts-1.0.0.tgz. Extracting by manifest.
6402 silly tarball no local data for retry@https://registry.npmjs.org/retry/-/retry-0.13.1.tgz. Extracting by manifest.
6403 silly tarball no local data for @types/retry@https://registry.npmjs.org/@types/retry/-/retry-0.12.0.tgz. Extracting by manifest.
6404 silly tarball no local data for ee-first@https://registry.npmjs.org/ee-first/-/ee-first-1.1.1.tgz. Extracting by manifest.
6405 silly tarball no local data for abbrev@https://registry.npmjs.org/abbrev/-/abbrev-3.0.1.tgz. Extracting by manifest.
6406 silly tarball no local data for node-domexception@https://registry.npmjs.org/node-domexception/-/node-domexception-1.0.0.tgz. Extracting by manifest.
6407 silly tarball no local data for execa@https://registry.npmjs.org/execa/-/execa-8.0.1.tgz. Extracting by manifest.
6408 silly tarball no local data for formdata-polyfill@https://registry.npmjs.org/formdata-polyfill/-/formdata-polyfill-4.0.10.tgz. Extracting by manifest.
6409 silly tarball no local data for web-streams-polyfill@https://registry.npmjs.org/web-streams-polyfill/-/web-streams-polyfill-3.3.3.tgz. Extracting by manifest.
6410 silly tarball no local data for data-uri-to-buffer@https://registry.npmjs.org/data-uri-to-buffer/-/data-uri-to-buffer-4.0.1.tgz. Extracting by manifest.
6411 silly tarball no local data for fetch-blob@https://registry.npmjs.org/fetch-blob/-/fetch-blob-3.2.0.tgz. Extracting by manifest.
6412 silly tarball no local data for brace-expansion@https://registry.npmjs.org/brace-expansion/-/brace-expansion-5.0.9.tgz. Extracting by manifest.
6413 silly tarball no local data for to-regex-range@https://registry.npmjs.org/to-regex-range/-/to-regex-range-5.0.1.tgz. Extracting by manifest.
6414 silly tarball no local data for fill-range@https://registry.npmjs.org/fill-range/-/fill-range-7.1.1.tgz. Extracting by manifest.
6415 silly tarball no local data for braces@https://registry.npmjs.org/braces/-/braces-3.0.3.tgz. Extracting by manifest.
6416 silly tarball no local data for untun@https://registry.npmjs.org/untun/-/untun-0.2.2.tgz. Extracting by manifest.
6417 silly tarball no local data for tinyclip@https://registry.npmjs.org/tinyclip/-/tinyclip-0.1.15.tgz. Extracting by manifest.
6418 silly tarball no local data for node-forge@https://registry.npmjs.org/node-forge/-/node-forge-1.4.0.tgz. Extracting by manifest.
6419 silly tarball no local data for http-shutdown@https://registry.npmjs.org/http-shutdown/-/http-shutdown-1.2.2.tgz. Extracting by manifest.
6420 silly tarball no local data for get-port-please@https://registry.npmjs.org/get-port-please/-/get-port-please-3.2.0.tgz. Extracting by manifest.
6421 silly tarball no local data for is-extglob@https://registry.npmjs.org/is-extglob/-/is-extglob-2.1.1.tgz. Extracting by manifest.
6422 silly tarball no local data for standard-as-callback@https://registry.npmjs.org/standard-as-callback/-/standard-as-callback-2.1.0.tgz. Extracting by manifest.
6423 silly tarball no local data for uqr@https://registry.npmjs.org/uqr/-/uqr-0.1.3.tgz. Extracting by manifest.
6424 silly tarball no local data for redis-parser@https://registry.npmjs.org/redis-parser/-/redis-parser-3.0.0.tgz. Extracting by manifest.
6425 silly tarball no local data for redis-errors@https://registry.npmjs.org/redis-errors/-/redis-errors-1.2.0.tgz. Extracting by manifest.
6426 silly tarball no local data for denque@https://registry.npmjs.org/denque/-/denque-2.1.0.tgz. Extracting by manifest.
6427 silly tarball no local data for cluster-key-slot@https://registry.npmjs.org/cluster-key-slot/-/cluster-key-slot-1.1.1.tgz. Extracting by manifest.
6428 silly tarball no local data for @ioredis/commands@https://registry.npmjs.org/@ioredis/commands/-/commands-1.10.0.tgz. Extracting by manifest.
6429 silly tarball no local data for duplexer@https://registry.npmjs.org/duplexer/-/duplexer-0.1.2.tgz. Extracting by manifest.
6430 silly tarball no local data for is-glob@https://registry.npmjs.org/is-glob/-/is-glob-4.0.3.tgz. Extracting by manifest.
6431 silly tarball no local data for reusify@https://registry.npmjs.org/reusify/-/reusify-1.1.0.tgz. Extracting by manifest.
6432 silly tarball no local data for run-parallel@https://registry.npmjs.org/run-parallel/-/run-parallel-1.2.0.tgz. Extracting by manifest.
6433 silly tarball no local data for fastq@https://registry.npmjs.org/fastq/-/fastq-1.20.3.tgz. Extracting by manifest.
6434 silly tarball no local data for @nodelib/fs.scandir@https://registry.npmjs.org/@nodelib/fs.scandir/-/fs.scandir-2.1.5.tgz. Extracting by manifest.
6435 silly tarball no local data for merge2@https://registry.npmjs.org/merge2/-/merge2-1.4.1.tgz. Extracting by manifest.
6436 silly tarball no local data for glob-parent@https://registry.npmjs.org/glob-parent/-/glob-parent-5.1.2.tgz. Extracting by manifest.
6437 silly tarball no local data for @nodelib/fs.walk@https://registry.npmjs.org/@nodelib/fs.walk/-/fs.walk-1.2.8.tgz. Extracting by manifest.
6438 silly tarball no local data for @nodelib/fs.stat@https://registry.npmjs.org/@nodelib/fs.stat/-/fs.stat-2.0.5.tgz. Extracting by manifest.
6439 silly tarball no local data for unicorn-magic@https://registry.npmjs.org/unicorn-magic/-/unicorn-magic-0.4.0.tgz. Extracting by manifest.
6440 silly tarball no local data for slash@https://registry.npmjs.org/slash/-/slash-5.1.0.tgz. Extracting by manifest.
6441 silly tarball no local data for balanced-match@https://registry.npmjs.org/balanced-match/-/balanced-match-4.0.4.tgz. Extracting by manifest.
6442 silly tarball no local data for is-path-inside@https://registry.npmjs.org/is-path-inside/-/is-path-inside-4.0.0.tgz. Extracting by manifest.
6443 silly tarball no local data for ignore@https://registry.npmjs.org/ignore/-/ignore-7.0.7.tgz. Extracting by manifest.
6444 silly tarball no local data for path-scurry@https://registry.npmjs.org/path-scurry/-/path-scurry-2.0.2.tgz. Extracting by manifest.
6445 silly tarball no local data for fast-glob@https://registry.npmjs.org/fast-glob/-/fast-glob-3.3.3.tgz. Extracting by manifest.
6446 silly tarball no local data for @sindresorhus/merge-streams@https://registry.npmjs.org/@sindresorhus/merge-streams/-/merge-streams-4.0.0.tgz. Extracting by manifest.
6447 silly tarball no local data for minipass@https://registry.npmjs.org/minipass/-/minipass-7.1.3.tgz. Extracting by manifest.
6448 silly tarball no local data for minimatch@https://registry.npmjs.org/minimatch/-/minimatch-10.2.6.tgz. Extracting by manifest.
6449 silly tarball no local data for type-fest@https://registry.npmjs.org/type-fest/-/type-fest-5.8.0.tgz. Extracting by manifest.
6450 silly tarball no local data for readdirp@https://registry.npmjs.org/readdirp/-/readdirp-5.1.1.tgz. Extracting by manifest.
6451 silly tarball no local data for rc9@https://registry.npmjs.org/rc9/-/rc9-3.0.1.tgz. Extracting by manifest.
6452 silly tarball no local data for giget@https://registry.npmjs.org/giget/-/giget-3.3.1.tgz. Extracting by manifest.
6453 silly tarball no local data for file-uri-to-path@https://registry.npmjs.org/file-uri-to-path/-/file-uri-to-path-1.0.0.tgz. Extracting by manifest.
6454 silly tarball no local data for normalize-path@https://registry.npmjs.org/normalize-path/-/normalize-path-3.0.0.tgz. Extracting by manifest.
6455 silly tarball no local data for lodash@https://registry.npmjs.org/lodash/-/lodash-4.18.1.tgz. Extracting by manifest.
6456 silly tarball no local data for is-stream@https://registry.npmjs.org/is-stream/-/is-stream-2.0.1.tgz. Extracting by manifest.
6457 silly tarball no local data for lazystream@https://registry.npmjs.org/lazystream/-/lazystream-1.0.1.tgz. Extracting by manifest.
6458 silly tarball no local data for zip-stream@https://registry.npmjs.org/zip-stream/-/zip-stream-6.0.1.tgz. Extracting by manifest.
6459 silly tarball no local data for readdir-glob@https://registry.npmjs.org/readdir-glob/-/readdir-glob-1.1.3.tgz. Extracting by manifest.
6460 silly tarball no local data for micromatch@https://registry.npmjs.org/micromatch/-/micromatch-4.0.8.tgz. Extracting by manifest.
6461 silly tarball no local data for readable-stream@https://registry.npmjs.org/readable-stream/-/readable-stream-4.7.0.tgz. Extracting by manifest.
6462 silly tarball no local data for async@https://registry.npmjs.org/async/-/async-3.2.6.tgz. Extracting by manifest.
6463 silly tarball no local data for buffer-crc32@https://registry.npmjs.org/buffer-crc32/-/buffer-crc32-1.0.0.tgz. Extracting by manifest.
6464 silly tarball no local data for archiver-utils@https://registry.npmjs.org/archiver-utils/-/archiver-utils-5.0.2.tgz. Extracting by manifest.
6465 silly tarball no local data for nopt@https://registry.npmjs.org/nopt/-/nopt-8.1.0.tgz. Extracting by manifest.
6466 silly tarball no local data for tar@https://registry.npmjs.org/tar/-/tar-7.5.22.tgz. Extracting by manifest.
6467 silly tarball no local data for resolve-from@https://registry.npmjs.org/resolve-from/-/resolve-from-5.0.0.tgz. Extracting by manifest.
6468 silly tarball no local data for node-gyp-build@https://registry.npmjs.org/node-gyp-build/-/node-gyp-build-4.8.4.tgz. Extracting by manifest.
6469 silly tarball no local data for tar-stream@https://registry.npmjs.org/tar-stream/-/tar-stream-3.2.1.tgz. Extracting by manifest.
6470 silly tarball no local data for bindings@https://registry.npmjs.org/bindings/-/bindings-1.5.0.tgz. Extracting by manifest.
6471 silly tarball no local data for acorn-import-attributes@https://registry.npmjs.org/acorn-import-attributes/-/acorn-import-attributes-1.9.5.tgz. Extracting by manifest.
6472 silly tarball no local data for async-sema@https://registry.npmjs.org/async-sema/-/async-sema-3.1.1.tgz. Extracting by manifest.
6473 silly tarball no local data for acorn@https://registry.npmjs.org/acorn/-/acorn-8.18.0.tgz. Extracting by manifest.
6474 silly tarball no local data for @types/estree@https://registry.npmjs.org/@types/estree/-/estree-1.0.9.tgz. Extracting by manifest.
6475 silly tarball no local data for @mapbox/node-pre-gyp@https://registry.npmjs.org/@mapbox/node-pre-gyp/-/node-pre-gyp-2.0.3.tgz. Extracting by manifest.
6476 silly tarball no local data for terser@https://registry.npmjs.org/terser/-/terser-5.51.2.tgz. Extracting by manifest.
6477 silly tarball no local data for serialize-javascript@https://registry.npmjs.org/serialize-javascript/-/serialize-javascript-7.1.1.tgz. Extracting by manifest.
6478 silly tarball no local data for smob@https://registry.npmjs.org/smob/-/smob-1.6.2.tgz. Extracting by manifest.
6479 silly tarball no local data for resolve@https://registry.npmjs.org/resolve/-/resolve-1.22.12.tgz. Extracting by manifest.
6480 silly tarball no local data for is-module@https://registry.npmjs.org/is-module/-/is-module-1.0.0.tgz. Extracting by manifest.
6481 silly tarball no local data for deepmerge@https://registry.npmjs.org/deepmerge/-/deepmerge-4.3.1.tgz. Extracting by manifest.
6482 silly tarball no local data for @types/resolve@https://registry.npmjs.org/@types/resolve/-/resolve-1.20.2.tgz. Extracting by manifest.
6483 silly tarball no local data for fdir@https://registry.npmjs.org/fdir/-/fdir-6.5.0.tgz. Extracting by manifest.
6484 silly tarball no local data for glob@https://registry.npmjs.org/glob/-/glob-13.0.6.tgz. Extracting by manifest.
6485 silly tarball no local data for picomatch@https://registry.npmjs.org/picomatch/-/picomatch-4.0.7.tgz. Extracting by manifest.
6486 silly tarball no local data for estree-walker@https://registry.npmjs.org/estree-walker/-/estree-walker-2.0.2.tgz. Extracting by manifest.
6487 silly tarball no local data for @rollup/pluginutils@https://registry.npmjs.org/@rollup/pluginutils/-/pluginutils-5.4.0.tgz. Extracting by manifest.
6488 silly tarball no local data for commondir@https://registry.npmjs.org/commondir/-/commondir-1.0.1.tgz. Extracting by manifest.
6489 silly tarball no local data for youch-core@https://registry.npmjs.org/youch-core/-/youch-core-0.3.3.tgz. Extracting by manifest.
6490 silly tarball no local data for youch@https://registry.npmjs.org/youch/-/youch-4.1.1.tgz. Extracting by manifest.
6491 silly tarball no local data for unwasm@https://registry.npmjs.org/unwasm/-/unwasm-0.5.3.tgz. Extracting by manifest.
6492 silly tarball no local data for untyped@https://registry.npmjs.org/untyped/-/untyped-2.0.0.tgz. Extracting by manifest.
6493 silly tarball no local data for is-reference@https://registry.npmjs.org/is-reference/-/is-reference-1.2.1.tgz. Extracting by manifest.
6494 silly tarball no local data for unstorage@https://registry.npmjs.org/unstorage/-/unstorage-1.17.5.tgz. Extracting by manifest.
6495 silly tarball no local data for unimport@https://registry.npmjs.org/unimport/-/unimport-6.4.0.tgz. Extracting by manifest.
6496 silly tarball no local data for ultrahtml@https://registry.npmjs.org/ultrahtml/-/ultrahtml-1.7.0.tgz. Extracting by manifest.
6497 silly tarball no local data for unctx@https://registry.npmjs.org/unctx/-/unctx-2.5.0.tgz. Extracting by manifest.
6498 silly tarball no local data for std-env@https://registry.npmjs.org/std-env/-/std-env-4.2.0.tgz. Extracting by manifest.
6499 silly tarball no local data for source-map@https://registry.npmjs.org/source-map/-/source-map-0.7.6.tgz. Extracting by manifest.
6500 silly tarball no local data for serve-placeholder@https://registry.npmjs.org/serve-placeholder/-/serve-placeholder-2.0.2.tgz. Extracting by manifest.
6501 silly tarball no local data for scule@https://registry.npmjs.org/scule/-/scule-1.3.0.tgz. Extracting by manifest.
6502 silly tarball no local data for rollup-plugin-visualizer@https://registry.npmjs.org/rollup-plugin-visualizer/-/rollup-plugin-visualizer-7.1.1.tgz. Extracting by manifest.
6503 silly tarball no local data for rollup@https://registry.npmjs.org/rollup/-/rollup-4.63.1.tgz. Extracting by manifest.
6504 silly tarball no local data for pretty-bytes@https://registry.npmjs.org/pretty-bytes/-/pretty-bytes-7.1.2.tgz. Extracting by manifest.
6505 silly tarball no local data for perfect-debounce@https://registry.npmjs.org/perfect-debounce/-/perfect-debounce-2.1.0.tgz. Extracting by manifest.
6506 silly tarball no local data for pkg-types@https://registry.npmjs.org/pkg-types/-/pkg-types-2.3.1.tgz. Extracting by manifest.
6507 silly tarball no local data for node-mock-http@https://registry.npmjs.org/node-mock-http/-/node-mock-http-1.0.5.tgz. Extracting by manifest.
6508 silly tarball no local data for node-fetch-native@https://registry.npmjs.org/node-fetch-native/-/node-fetch-native-1.6.7.tgz. Extracting by manifest.
6509 silly tarball no local data for mlly@https://registry.npmjs.org/mlly/-/mlly-1.8.2.tgz. Extracting by manifest.
6510 silly tarball no local data for mime@https://registry.npmjs.org/mime/-/mime-4.1.0.tgz. Extracting by manifest.
6511 silly tarball no local data for magicast@https://registry.npmjs.org/magicast/-/magicast-0.5.4.tgz. Extracting by manifest.
6512 silly tarball no local data for listhen@https://registry.npmjs.org/listhen/-/listhen-1.10.1.tgz. Extracting by manifest.
6513 silly tarball no local data for knitwork@https://registry.npmjs.org/knitwork/-/knitwork-1.3.0.tgz. Extracting by manifest.
6514 silly tarball no local data for unplugin-utils@https://registry.npmjs.org/unplugin-utils/-/unplugin-utils-0.3.2.tgz. Extracting by manifest.
6515 silly tarball no local data for klona@https://registry.npmjs.org/klona/-/klona-2.0.6.tgz. Extracting by manifest.
6516 silly tarball no local data for httpxy@https://registry.npmjs.org/httpxy/-/httpxy-0.5.5.tgz. Extracting by manifest.
6517 silly tarball no local data for exsolve@https://registry.npmjs.org/exsolve/-/exsolve-1.1.1.tgz. Extracting by manifest.
6518 silly tarball no local data for hookable@https://registry.npmjs.org/hookable/-/hookable-5.5.3.tgz. Extracting by manifest.
6519 silly tarball no local data for globby@https://registry.npmjs.org/globby/-/globby-16.2.4.tgz. Extracting by manifest.
6520 silly tarball no local data for gzip-size@https://registry.npmjs.org/gzip-size/-/gzip-size-7.0.0.tgz. Extracting by manifest.
6521 silly tarball no local data for escape-string-regexp@https://registry.npmjs.org/escape-string-regexp/-/escape-string-regexp-5.0.0.tgz. Extracting by manifest.
6522 silly tarball no local data for dot-prop@https://registry.npmjs.org/dot-prop/-/dot-prop-10.2.0.tgz. Extracting by manifest.
6523 silly tarball no local data for croner@https://registry.npmjs.org/croner/-/croner-10.0.1.tgz. Extracting by manifest.
6524 silly tarball no local data for db0@https://registry.npmjs.org/db0/-/db0-0.3.4.tgz. Extracting by manifest.
6525 silly tarball no local data for consola@https://registry.npmjs.org/consola/-/consola-3.4.2.tgz. Extracting by manifest.
6526 silly tarball no local data for citty@https://registry.npmjs.org/citty/-/citty-0.2.2.tgz. Extracting by manifest.
6527 silly tarball no local data for compatx@https://registry.npmjs.org/compatx/-/compatx-0.2.0.tgz. Extracting by manifest.
6528 silly tarball no local data for ioredis@https://registry.npmjs.org/ioredis/-/ioredis-5.11.1.tgz. Extracting by manifest.
6529 silly tarball no local data for chokidar@https://registry.npmjs.org/chokidar/-/chokidar-5.0.0.tgz. Extracting by manifest.
6530 silly tarball no local data for c12@https://registry.npmjs.org/c12/-/c12-3.3.4.tgz. Extracting by manifest.
6531 silly tarball no local data for @vercel/nft@https://registry.npmjs.org/@vercel/nft/-/nft-1.11.0.tgz. Extracting by manifest.
6532 silly tarball no local data for archiver@https://registry.npmjs.org/archiver/-/archiver-7.0.1.tgz. Extracting by manifest.
6533 silly tarball no local data for @rollup/plugin-terser@https://registry.npmjs.org/@rollup/plugin-terser/-/plugin-terser-1.0.0.tgz. Extracting by manifest.
6534 silly tarball no local data for @rollup/plugin-replace@https://registry.npmjs.org/@rollup/plugin-replace/-/plugin-replace-6.0.3.tgz. Extracting by manifest.
6535 silly tarball no local data for @rollup/plugin-json@https://registry.npmjs.org/@rollup/plugin-json/-/plugin-json-6.1.0.tgz. Extracting by manifest.
6536 silly tarball no local data for @rollup/plugin-node-resolve@https://registry.npmjs.org/@rollup/plugin-node-resolve/-/plugin-node-resolve-16.0.3.tgz. Extracting by manifest.
6537 silly tarball no local data for @rollup/plugin-inject@https://registry.npmjs.org/@rollup/plugin-inject/-/plugin-inject-5.0.5.tgz. Extracting by manifest.
6538 silly tarball no local data for @rollup/plugin-commonjs@https://registry.npmjs.org/@rollup/plugin-commonjs/-/plugin-commonjs-29.0.3.tgz. Extracting by manifest.
6539 silly tarball no local data for @rollup/plugin-alias@https://registry.npmjs.org/@rollup/plugin-alias/-/plugin-alias-6.0.0.tgz. Extracting by manifest.
6540 silly tarball no local data for @cloudflare/kv-asset-handler@https://registry.npmjs.org/@cloudflare/kv-asset-handler/-/kv-asset-handler-0.4.2.tgz. Extracting by manifest.
6541 silly tarball no local data for motion-utils@https://registry.npmjs.org/motion-utils/-/motion-utils-12.39.0.tgz. Extracting by manifest.
6542 silly tarball no local data for framer-motion@https://registry.npmjs.org/framer-motion/-/framer-motion-12.43.0.tgz. Extracting by manifest.
6543 silly tarball no local data for motion-dom@https://registry.npmjs.org/motion-dom/-/motion-dom-12.43.0.tgz. Extracting by manifest.
6544 silly tarball no local data for mime-db@https://registry.npmjs.org/mime-db/-/mime-db-1.52.0.tgz. Extracting by manifest.
6545 silly tarball no local data for yallist@https://registry.npmjs.org/yallist/-/yallist-3.1.1.tgz. Extracting by manifest.
6546 silly tarball no local data for lightningcss-win32-x64-msvc@https://registry.npmjs.org/lightningcss-win32-x64-msvc/-/lightningcss-win32-x64-msvc-1.32.0.tgz. Extracting by manifest.
6547 silly tarball no local data for detect-libc@https://registry.npmjs.org/detect-libc/-/detect-libc-2.1.2.tgz. Extracting by manifest.
6548 silly tarball no local data for confbox@https://registry.npmjs.org/confbox/-/confbox-0.2.4.tgz. Extracting by manifest.
6549 silly tarball no local data for jwa@https://registry.npmjs.org/jwa/-/jwa-2.0.1.tgz. Extracting by manifest.
6550 silly tarball no local data for bignumber.js@https://registry.npmjs.org/bignumber.js/-/bignumber.js-9.3.1.tgz. Extracting by manifest.
6551 silly tarball no local data for agent-base@https://registry.npmjs.org/agent-base/-/agent-base-6.0.2.tgz. Extracting by manifest.
6552 silly tarball no local data for safer-buffer@https://registry.npmjs.org/safer-buffer/-/safer-buffer-2.1.2.tgz. Extracting by manifest.
6553 silly tarball no local data for toidentifier@https://registry.npmjs.org/toidentifier/-/toidentifier-1.0.1.tgz. Extracting by manifest.
6554 silly tarball no local data for inherits@https://registry.npmjs.org/inherits/-/inherits-2.0.4.tgz. Extracting by manifest.
6555 silly tarball no local data for srvx@https://registry.npmjs.org/srvx/-/srvx-0.11.22.tgz. Extracting by manifest.
6556 silly tarball no local data for rou3@https://registry.npmjs.org/rou3/-/rou3-0.8.1.tgz. Extracting by manifest.
6557 silly tarball no local data for unenv@https://registry.npmjs.org/unenv/-/unenv-1.10.0.tgz. Extracting by manifest.
6558 silly tarball no local data for crossws@https://registry.npmjs.org/crossws/-/crossws-0.4.12.tgz. Extracting by manifest.
6559 silly tarball no local data for uncrypto@https://registry.npmjs.org/uncrypto/-/uncrypto-0.1.3.tgz. Extracting by manifest.
6560 silly tarball no local data for ohash@https://registry.npmjs.org/ohash/-/ohash-1.1.6.tgz. Extracting by manifest.
6561 silly tarball no local data for buffer-equal-constant-time@https://registry.npmjs.org/buffer-equal-constant-time/-/buffer-equal-constant-time-1.0.1.tgz. Extracting by manifest.
6562 silly tarball no local data for iron-webcrypto@https://registry.npmjs.org/iron-webcrypto/-/iron-webcrypto-1.2.1.tgz. Extracting by manifest.
6563 silly tarball no local data for destr@https://registry.npmjs.org/destr/-/destr-2.0.5.tgz. Extracting by manifest.
6564 silly tarball no local data for defu@https://registry.npmjs.org/defu/-/defu-6.1.7.tgz. Extracting by manifest.
6565 silly tarball no local data for cookie-es@https://registry.npmjs.org/cookie-es/-/cookie-es-1.2.3.tgz. Extracting by manifest.
6566 silly tarball no local data for json-bigint@https://registry.npmjs.org/json-bigint/-/json-bigint-1.0.0.tgz. Extracting by manifest.
6567 silly tarball no local data for node-fetch@https://registry.npmjs.org/node-fetch/-/node-fetch-3.3.2.tgz. Extracting by manifest.
6568 silly tarball no local data for extend@https://registry.npmjs.org/extend/-/extend-3.0.2.tgz. Extracting by manifest.
6569 silly tarball no local data for gcp-metadata@https://registry.npmjs.org/gcp-metadata/-/gcp-metadata-8.1.2.tgz. Extracting by manifest.
6570 silly tarball no local data for google-logging-utils@https://registry.npmjs.org/google-logging-utils/-/google-logging-utils-1.1.3.tgz. Extracting by manifest.
6571 silly tarball no local data for jws@https://registry.npmjs.org/jws/-/jws-4.0.1.tgz. Extracting by manifest.
6572 silly tarball no local data for gaxios@https://registry.npmjs.org/gaxios/-/gaxios-7.3.1.tgz. Extracting by manifest.
6573 silly tarball no local data for ecdsa-sig-formatter@https://registry.npmjs.org/ecdsa-sig-formatter/-/ecdsa-sig-formatter-1.0.11.tgz. Extracting by manifest.
6574 silly tarball no local data for dunder-proto@https://registry.npmjs.org/dunder-proto/-/dunder-proto-1.0.1.tgz. Extracting by manifest.
6575 silly tarball no local data for base64-js@https://registry.npmjs.org/base64-js/-/base64-js-1.5.1.tgz. Extracting by manifest.
6576 silly tarball no local data for math-intrinsics@https://registry.npmjs.org/math-intrinsics/-/math-intrinsics-1.1.0.tgz. Extracting by manifest.
6577 silly tarball no local data for has-symbols@https://registry.npmjs.org/has-symbols/-/has-symbols-1.1.0.tgz. Extracting by manifest.
6578 silly tarball no local data for gopd@https://registry.npmjs.org/gopd/-/gopd-1.2.0.tgz. Extracting by manifest.
6579 silly tarball no local data for get-proto@https://registry.npmjs.org/get-proto/-/get-proto-1.0.1.tgz. Extracting by manifest.
6580 silly tarball no local data for function-bind@https://registry.npmjs.org/function-bind/-/function-bind-1.1.2.tgz. Extracting by manifest.
6581 silly tarball no local data for es-object-atoms@https://registry.npmjs.org/es-object-atoms/-/es-object-atoms-1.1.2.tgz. Extracting by manifest.
6582 silly tarball no local data for call-bind-apply-helpers@https://registry.npmjs.org/call-bind-apply-helpers/-/call-bind-apply-helpers-1.0.2.tgz. Extracting by manifest.
6583 silly tarball no local data for es-define-property@https://registry.npmjs.org/es-define-property/-/es-define-property-1.0.1.tgz. Extracting by manifest.
6584 silly tarball no local data for has-tostringtag@https://registry.npmjs.org/has-tostringtag/-/has-tostringtag-1.0.2.tgz. Extracting by manifest.
6585 silly tarball no local data for get-intrinsic@https://registry.npmjs.org/get-intrinsic/-/get-intrinsic-1.3.0.tgz. Extracting by manifest.
6586 silly tarball no local data for es-errors@https://registry.npmjs.org/es-errors/-/es-errors-1.3.0.tgz. Extracting by manifest.
6587 silly tarball no local data for delayed-stream@https://registry.npmjs.org/delayed-stream/-/delayed-stream-1.0.0.tgz. Extracting by manifest.
6588 silly tarball no local data for es-set-tostringtag@https://registry.npmjs.org/es-set-tostringtag/-/es-set-tostringtag-2.1.0.tgz. Extracting by manifest.
6589 silly tarball no local data for hasown@https://registry.npmjs.org/hasown/-/hasown-2.0.4.tgz. Extracting by manifest.
6590 silly tarball no local data for asynckit@https://registry.npmjs.org/asynckit/-/asynckit-0.4.0.tgz. Extracting by manifest.
6591 silly tarball no local data for raw-body@https://registry.npmjs.org/raw-body/-/raw-body-2.5.3.tgz. Extracting by manifest.
6592 silly tarball no local data for combined-stream@https://registry.npmjs.org/combined-stream/-/combined-stream-1.0.8.tgz. Extracting by manifest.
6593 silly tarball no local data for destroy@https://registry.npmjs.org/destroy/-/destroy-1.2.0.tgz. Extracting by manifest.
6594 silly tarball no local data for unpipe@https://registry.npmjs.org/unpipe/-/unpipe-1.0.0.tgz. Extracting by manifest.
6595 silly tarball no local data for bytes@https://registry.npmjs.org/bytes/-/bytes-3.1.2.tgz. Extracting by manifest.
6596 silly tarball no local data for mime-types@https://registry.npmjs.org/mime-types/-/mime-types-2.1.35.tgz. Extracting by manifest.
6597 silly tarball no local data for negotiator@https://registry.npmjs.org/negotiator/-/negotiator-0.6.3.tgz. Extracting by manifest.
6598 silly tarball no local data for vary@https://registry.npmjs.org/vary/-/vary-1.1.2.tgz. Extracting by manifest.
6599 silly tarball no local data for type-is@https://registry.npmjs.org/type-is/-/type-is-1.6.18.tgz. Extracting by manifest.
6600 silly tarball no local data for radix3@https://registry.npmjs.org/radix3/-/radix3-1.1.2.tgz. Extracting by manifest.
6601 silly tarball no local data for statuses@https://registry.npmjs.org/statuses/-/statuses-2.0.2.tgz. Extracting by manifest.
6602 silly tarball no local data for setprototypeof@https://registry.npmjs.org/setprototypeof/-/setprototypeof-1.2.0.tgz. Extracting by manifest.
6603 silly tarball no local data for send@https://registry.npmjs.org/send/-/send-0.19.2.tgz. Extracting by manifest.
6604 silly tarball no local data for safe-buffer@https://registry.npmjs.org/safe-buffer/-/safe-buffer-5.2.1.tgz. Extracting by manifest.
6605 silly tarball no local data for range-parser@https://registry.npmjs.org/range-parser/-/range-parser-1.2.1.tgz. Extracting by manifest.
6606 silly tarball no local data for serve-static@https://registry.npmjs.org/serve-static/-/serve-static-1.16.3.tgz. Extracting by manifest.
6607 silly tarball no local data for qs@https://registry.npmjs.org/qs/-/qs-6.15.3.tgz. Extracting by manifest.
6608 silly tarball no local data for proxy-addr@https://registry.npmjs.org/proxy-addr/-/proxy-addr-2.0.7.tgz. Extracting by manifest.
6609 silly tarball no local data for path-to-regexp@https://registry.npmjs.org/path-to-regexp/-/path-to-regexp-0.1.13.tgz. Extracting by manifest.
6610 silly tarball no local data for parseurl@https://registry.npmjs.org/parseurl/-/parseurl-1.3.3.tgz. Extracting by manifest.
6611 silly tarball no local data for on-finished@https://registry.npmjs.org/on-finished/-/on-finished-2.4.1.tgz. Extracting by manifest.
6612 silly tarball no local data for merge-descriptors@https://registry.npmjs.org/merge-descriptors/-/merge-descriptors-1.0.3.tgz. Extracting by manifest.
6613 silly tarball no local data for methods@https://registry.npmjs.org/methods/-/methods-1.1.2.tgz. Extracting by manifest.
6614 silly tarball no local data for fresh@https://registry.npmjs.org/fresh/-/fresh-0.5.2.tgz. Extracting by manifest.
6615 silly tarball no local data for finalhandler@https://registry.npmjs.org/finalhandler/-/finalhandler-1.3.2.tgz. Extracting by manifest.
6616 silly tarball no local data for http-errors@https://registry.npmjs.org/http-errors/-/http-errors-2.0.1.tgz. Extracting by manifest.
6617 silly tarball no local data for etag@https://registry.npmjs.org/etag/-/etag-1.8.1.tgz. Extracting by manifest.
6618 silly tarball no local data for escape-html@https://registry.npmjs.org/escape-html/-/escape-html-1.0.3.tgz. Extracting by manifest.
6619 silly tarball no local data for depd@https://registry.npmjs.org/depd/-/depd-2.0.0.tgz. Extracting by manifest.
6620 silly tarball no local data for encodeurl@https://registry.npmjs.org/encodeurl/-/encodeurl-2.0.0.tgz. Extracting by manifest.
6621 silly tarball no local data for cookie-signature@https://registry.npmjs.org/cookie-signature/-/cookie-signature-1.0.7.tgz. Extracting by manifest.
6622 silly tarball no local data for cookie@https://registry.npmjs.org/cookie/-/cookie-0.7.2.tgz. Extracting by manifest.
6623 silly tarball no local data for content-disposition@https://registry.npmjs.org/content-disposition/-/content-disposition-0.5.4.tgz. Extracting by manifest.
6624 silly tarball no local data for content-type@https://registry.npmjs.org/content-type/-/content-type-1.0.5.tgz. Extracting by manifest.
6625 silly tarball no local data for accepts@https://registry.npmjs.org/accepts/-/accepts-1.3.8.tgz. Extracting by manifest.
6626 silly tarball no local data for array-flatten@https://registry.npmjs.org/array-flatten/-/array-flatten-1.1.1.tgz. Extracting by manifest.
6627 silly tarball no local data for body-parser@https://registry.npmjs.org/body-parser/-/body-parser-1.20.6.tgz. Extracting by manifest.
6628 silly tarball no local data for @esbuild/win32-x64@https://registry.npmjs.org/@esbuild/win32-x64/-/win32-x64-0.25.12.tgz. Extracting by manifest.
6629 silly tarball no local data for tapable@https://registry.npmjs.org/tapable/-/tapable-2.3.3.tgz. Extracting by manifest.
6630 silly tarball no local data for graceful-fs@https://registry.npmjs.org/graceful-fs/-/graceful-fs-4.2.11.tgz. Extracting by manifest.
6631 silly tarball no local data for whatwg-encoding@https://registry.npmjs.org/whatwg-encoding/-/whatwg-encoding-3.1.1.tgz. Extracting by manifest.
6632 silly tarball no local data for iconv-lite@https://registry.npmjs.org/iconv-lite/-/iconv-lite-0.6.3.tgz. Extracting by manifest.
6633 silly tarball no local data for entities@https://registry.npmjs.org/entities/-/entities-4.5.0.tgz. Extracting by manifest.
6634 silly tarball no local data for ms@https://registry.npmjs.org/ms/-/ms-2.1.3.tgz. Extracting by manifest.
6635 silly tarball no local data for nth-check@https://registry.npmjs.org/nth-check/-/nth-check-2.1.1.tgz. Extracting by manifest.
6636 silly tarball no local data for domelementtype@https://registry.npmjs.org/domelementtype/-/domelementtype-2.3.0.tgz. Extracting by manifest.
6637 silly tarball no local data for css-what@https://registry.npmjs.org/css-what/-/css-what-6.2.2.tgz. Extracting by manifest.
6638 silly tarball no local data for css-select@https://registry.npmjs.org/css-select/-/css-select-5.2.2.tgz. Extracting by manifest.
6639 silly tarball no local data for boolbase@https://registry.npmjs.org/boolbase/-/boolbase-1.0.0.tgz. Extracting by manifest.
6640 silly tarball no local data for whatwg-mimetype@https://registry.npmjs.org/whatwg-mimetype/-/whatwg-mimetype-4.0.0.tgz. Extracting by manifest.
6641 silly tarball no local data for undici@https://registry.npmjs.org/undici/-/undici-7.29.0.tgz. Extracting by manifest.
6642 silly tarball no local data for parse5-htmlparser2-tree-adapter@https://registry.npmjs.org/parse5-htmlparser2-tree-adapter/-/parse5-htmlparser2-tree-adapter-7.1.0.tgz. Extracting by manifest.
6643 silly tarball no local data for parse5-parser-stream@https://registry.npmjs.org/parse5-parser-stream/-/parse5-parser-stream-7.1.2.tgz. Extracting by manifest.
6644 silly tarball no local data for parse5@https://registry.npmjs.org/parse5/-/parse5-7.3.0.tgz. Extracting by manifest.
6645 silly tarball no local data for htmlparser2@https://registry.npmjs.org/htmlparser2/-/htmlparser2-10.1.0.tgz. Extracting by manifest.
6646 silly tarball no local data for encoding-sniffer@https://registry.npmjs.org/encoding-sniffer/-/encoding-sniffer-0.2.1.tgz. Extracting by manifest.
6647 silly tarball no local data for domutils@https://registry.npmjs.org/domutils/-/domutils-3.2.2.tgz. Extracting by manifest.
6648 silly tarball no local data for cheerio-select@https://registry.npmjs.org/cheerio-select/-/cheerio-select-2.1.0.tgz. Extracting by manifest.
6649 silly tarball no local data for dom-serializer@https://registry.npmjs.org/dom-serializer/-/dom-serializer-2.0.0.tgz. Extracting by manifest.
6650 silly tarball no local data for domhandler@https://registry.npmjs.org/domhandler/-/domhandler-5.0.3.tgz. Extracting by manifest.
6651 silly tarball no local data for utils-merge@https://registry.npmjs.org/utils-merge/-/utils-merge-1.0.1.tgz. Extracting by manifest.
6652 silly tarball no local data for update-browserslist-db@https://registry.npmjs.org/update-browserslist-db/-/update-browserslist-db-1.3.2.tgz. Extracting by manifest.
6653 silly tarball no local data for electron-to-chromium@https://registry.npmjs.org/electron-to-chromium/-/electron-to-chromium-1.5.416.tgz. Extracting by manifest.
6654 silly tarball no local data for baseline-browser-mapping@https://registry.npmjs.org/baseline-browser-mapping/-/baseline-browser-mapping-2.11.20.tgz. Extracting by manifest.
6655 silly tarball no local data for proxy-from-env@https://registry.npmjs.org/proxy-from-env/-/proxy-from-env-2.1.0.tgz. Extracting by manifest.
6656 silly tarball no local data for https-proxy-agent@https://registry.npmjs.org/https-proxy-agent/-/https-proxy-agent-5.0.1.tgz. Extracting by manifest.
6657 silly tarball no local data for form-data@https://registry.npmjs.org/form-data/-/form-data-4.0.6.tgz. Extracting by manifest.
6658 silly tarball no local data for follow-redirects@https://registry.npmjs.org/follow-redirects/-/follow-redirects-1.16.0.tgz. Extracting by manifest.
6659 silly tarball no local data for postcss-value-parser@https://registry.npmjs.org/postcss-value-parser/-/postcss-value-parser-4.2.0.tgz. Extracting by manifest.
6660 silly tarball no local data for fraction.js@https://registry.npmjs.org/fraction.js/-/fraction.js-5.3.4.tgz. Extracting by manifest.
6661 silly tarball no local data for react-refresh@https://registry.npmjs.org/react-refresh/-/react-refresh-0.18.0.tgz. Extracting by manifest.
6662 silly tarball no local data for caniuse-lite@https://registry.npmjs.org/caniuse-lite/-/caniuse-lite-1.0.30001810.tgz. Extracting by manifest.
6663 silly tarball no local data for @rolldown/pluginutils@https://registry.npmjs.org/@rolldown/pluginutils/-/pluginutils-1.0.0-rc.3.tgz. Extracting by manifest.
6664 silly tarball no local data for @babel/plugin-transform-react-jsx-source@https://registry.npmjs.org/@babel/plugin-transform-react-jsx-source/-/plugin-transform-react-jsx-source-7.29.7.tgz. Extracting by manifest.
6665 silly tarball no local data for @babel/plugin-transform-react-jsx-self@https://registry.npmjs.org/@babel/plugin-transform-react-jsx-self/-/plugin-transform-react-jsx-self-7.29.7.tgz. Extracting by manifest.
6666 silly tarball no local data for @types/http-errors@https://registry.npmjs.org/@types/http-errors/-/http-errors-2.0.5.tgz. Extracting by manifest.
6667 silly tarball no local data for undici-types@https://registry.npmjs.org/undici-types/-/undici-types-6.21.0.tgz. Extracting by manifest.
6668 silly tarball no local data for @types/send@https://registry.npmjs.org/@types/send/-/send-1.2.1.tgz. Extracting by manifest.
6669 silly tarball no local data for @types/range-parser@https://registry.npmjs.org/@types/range-parser/-/range-parser-1.2.7.tgz. Extracting by manifest.
6670 silly tarball no local data for @types/serve-static@https://registry.npmjs.org/@types/serve-static/-/serve-static-1.15.10.tgz. Extracting by manifest.
6671 silly tarball no local data for @types/connect@https://registry.npmjs.org/@types/connect/-/connect-3.4.38.tgz. Extracting by manifest.
6672 silly tarball no local data for @types/qs@https://registry.npmjs.org/@types/qs/-/qs-6.15.1.tgz. Extracting by manifest.
6673 silly tarball no local data for @types/body-parser@https://registry.npmjs.org/@types/body-parser/-/body-parser-1.19.6.tgz. Extracting by manifest.
6674 silly tarball no local data for @types/express-serve-static-core@https://registry.npmjs.org/@types/express-serve-static-core/-/express-serve-static-core-4.19.9.tgz. Extracting by manifest.
6675 silly tarball no local data for @types/babel__traverse@https://registry.npmjs.org/@types/babel__traverse/-/babel__traverse-7.28.0.tgz. Extracting by manifest.
6676 silly tarball no local data for @types/babel__generator@https://registry.npmjs.org/@types/babel__generator/-/babel__generator-7.27.0.tgz. Extracting by manifest.
6677 silly tarball no local data for @types/babel__template@https://registry.npmjs.org/@types/babel__template/-/babel__template-7.4.4.tgz. Extracting by manifest.
6678 silly tarball no local data for @tanstack/start-server-functions-fetcher@https://registry.npmjs.org/@tanstack/start-server-functions-fetcher/-/start-server-functions-fetcher-1.131.50.tgz. Extracting by manifest.
6679 silly tarball no local data for h3-v2@https://registry.npmjs.org/h3/-/h3-2.0.1-rc.20.tgz. Extracting by manifest.
6680 silly tarball no local data for node-releases@https://registry.npmjs.org/node-releases/-/node-releases-2.0.54.tgz. Extracting by manifest.
6681 silly tarball no local data for vitefu@https://registry.npmjs.org/vitefu/-/vitefu-1.1.3.tgz. Extracting by manifest.
6682 silly tarball no local data for fetchdts@https://registry.npmjs.org/fetchdts/-/fetchdts-0.1.7.tgz. Extracting by manifest.
6683 silly tarball no local data for xmlbuilder2@https://registry.npmjs.org/xmlbuilder2/-/xmlbuilder2-3.1.1.tgz. Extracting by manifest.
6684 silly tarball no local data for ufo@https://registry.npmjs.org/ufo/-/ufo-1.6.4.tgz. Extracting by manifest.
6685 silly tarball no local data for h3@https://registry.npmjs.org/h3/-/h3-1.13.0.tgz. Extracting by manifest.
6686 silly tarball no local data for cheerio@https://registry.npmjs.org/cheerio/-/cheerio-1.2.0.tgz. Extracting by manifest.
6687 silly tarball no local data for @types/babel__code-frame@https://registry.npmjs.org/@types/babel__code-frame/-/babel__code-frame-7.27.0.tgz. Extracting by manifest.
6688 silly tarball no local data for @types/babel__core@https://registry.npmjs.org/@types/babel__core/-/babel__core-7.20.5.tgz. Extracting by manifest.
6689 silly tarball no local data for seroval@https://registry.npmjs.org/seroval/-/seroval-1.6.4.tgz. Extracting by manifest.
6690 silly tarball no local data for @tanstack/start-storage-context@https://registry.npmjs.org/@tanstack/start-storage-context/-/start-storage-context-1.167.29.tgz. Extracting by manifest.
6691 silly tarball no local data for @babel/helper-module-imports@https://registry.npmjs.org/@babel/helper-module-imports/-/helper-module-imports-7.29.7.tgz. Extracting by manifest.
6692 silly tarball no local data for lru-cache@https://registry.npmjs.org/lru-cache/-/lru-cache-5.1.1.tgz. Extracting by manifest.
6693 silly tarball no local data for browserslist@https://registry.npmjs.org/browserslist/-/browserslist-4.28.8.tgz. Extracting by manifest.
6694 silly tarball no local data for @babel/helper-globals@https://registry.npmjs.org/@babel/helper-globals/-/helper-globals-7.29.7.tgz. Extracting by manifest.
6695 silly tarball no local data for @babel/helper-validator-option@https://registry.npmjs.org/@babel/helper-validator-option/-/helper-validator-option-7.29.7.tgz. Extracting by manifest.
6696 silly tarball no local data for @babel/compat-data@https://registry.npmjs.org/@babel/compat-data/-/compat-data-7.29.7.tgz. Extracting by manifest.
6697 silly tarball no local data for semver@https://registry.npmjs.org/semver/-/semver-6.3.1.tgz. Extracting by manifest.
6698 silly tarball no local data for json5@https://registry.npmjs.org/json5/-/json5-2.2.3.tgz. Extracting by manifest.
6699 silly tarball no local data for gensync@https://registry.npmjs.org/gensync/-/gensync-1.0.0-beta.2.tgz. Extracting by manifest.
6700 silly tarball no local data for debug@https://registry.npmjs.org/debug/-/debug-4.4.3.tgz. Extracting by manifest.
6701 silly tarball no local data for convert-source-map@https://registry.npmjs.org/convert-source-map/-/convert-source-map-2.0.0.tgz. Extracting by manifest.
6702 silly tarball no local data for @babel/helpers@https://registry.npmjs.org/@babel/helpers/-/helpers-7.29.7.tgz. Extracting by manifest.
6703 silly tarball no local data for @babel/helper-module-transforms@https://registry.npmjs.org/@babel/helper-module-transforms/-/helper-module-transforms-7.29.7.tgz. Extracting by manifest.
6704 silly tarball no local data for @babel/helper-compilation-targets@https://registry.npmjs.org/@babel/helper-compilation-targets/-/helper-compilation-targets-7.29.7.tgz. Extracting by manifest.
6705 silly tarball no local data for picocolors@https://registry.npmjs.org/picocolors/-/picocolors-1.1.1.tgz. Extracting by manifest.
6706 silly tarball no local data for js-tokens@https://registry.npmjs.org/js-tokens/-/js-tokens-4.0.0.tgz. Extracting by manifest.
6707 silly tarball no local data for @tanstack/directive-functions-plugin@https://registry.npmjs.org/@tanstack/directive-functions-plugin/-/directive-functions-plugin-1.142.1.tgz. Extracting by manifest.
6708 silly tarball no local data for @babel/traverse@https://registry.npmjs.org/@babel/traverse/-/traverse-7.29.8.tgz. Extracting by manifest.
6709 silly tarball no local data for @babel/template@https://registry.npmjs.org/@babel/template/-/template-7.29.7.tgz. Extracting by manifest.
6710 silly tarball no local data for @babel/plugin-syntax-typescript@https://registry.npmjs.org/@babel/plugin-syntax-typescript/-/plugin-syntax-typescript-7.29.7.tgz. Extracting by manifest.
6711 silly tarball no local data for @babel/plugin-syntax-jsx@https://registry.npmjs.org/@babel/plugin-syntax-jsx/-/plugin-syntax-jsx-7.29.7.tgz. Extracting by manifest.
6712 silly tarball no local data for @babel/core@https://registry.npmjs.org/@babel/core/-/core-7.29.7.tgz. Extracting by manifest.
6713 silly tarball no local data for @babel/code-frame@https://registry.npmjs.org/@babel/code-frame/-/code-frame-7.27.1.tgz. Extracting by manifest.
6714 silly tarball no local data for tinyglobby@https://registry.npmjs.org/tinyglobby/-/tinyglobby-0.2.17.tgz. Extracting by manifest.
6715 silly tarball no local data for diff@https://registry.npmjs.org/diff/-/diff-8.0.4.tgz. Extracting by manifest.
6716 silly tarball no local data for babel-dead-code-elimination@https://registry.npmjs.org/babel-dead-code-elimination/-/babel-dead-code-elimination-1.0.12.tgz. Extracting by manifest.
6717 silly tarball no local data for ansis@https://registry.npmjs.org/ansis/-/ansis-4.3.1.tgz. Extracting by manifest.
6718 silly tarball no local data for @babel/generator@https://registry.npmjs.org/@babel/generator/-/generator-7.29.8.tgz. Extracting by manifest.
6719 silly tarball no local data for @babel/helper-validator-identifier@https://registry.npmjs.org/@babel/helper-validator-identifier/-/helper-validator-identifier-7.29.7.tgz. Extracting by manifest.
6720 silly tarball no local data for @babel/helper-string-parser@https://registry.npmjs.org/@babel/helper-string-parser/-/helper-string-parser-7.29.7.tgz. Extracting by manifest.
6721 silly tarball no local data for prettier@https://registry.npmjs.org/prettier/-/prettier-3.9.6.tgz. Extracting by manifest.
6722 silly tarball no local data for @tanstack/virtual-file-routes@https://registry.npmjs.org/@tanstack/virtual-file-routes/-/virtual-file-routes-1.162.0.tgz. Extracting by manifest.
6723 silly tarball no local data for @tanstack/router-utils@https://registry.npmjs.org/@tanstack/router-utils/-/router-utils-1.162.2.tgz. Extracting by manifest.
6724 silly tarball no local data for @babel/types@https://registry.npmjs.org/@babel/types/-/types-7.29.8.tgz. Extracting by manifest.
6725 silly tarball no local data for use-sync-external-store@https://registry.npmjs.org/use-sync-external-store/-/use-sync-external-store-1.6.0.tgz. Extracting by manifest.
6726 silly tarball no local data for @tanstack/store@https://registry.npmjs.org/@tanstack/store/-/store-0.7.7.tgz. Extracting by manifest.
6727 silly tarball no local data for @babel/parser@https://registry.npmjs.org/@babel/parser/-/parser-7.29.8.tgz. Extracting by manifest.
6728 silly tarball no local data for @tanstack/start-server-core@https://registry.npmjs.org/@tanstack/start-server-core/-/start-server-core-1.169.31.tgz. Extracting by manifest.
6729 silly tarball no local data for pathe@https://registry.npmjs.org/pathe/-/pathe-2.0.3.tgz. Extracting by manifest.
6730 silly tarball no local data for @tanstack/start-fn-stubs@https://registry.npmjs.org/@tanstack/start-fn-stubs/-/start-fn-stubs-1.162.0.tgz. Extracting by manifest.
6731 silly tarball no local data for @tanstack/start-plugin-core@https://registry.npmjs.org/@tanstack/start-plugin-core/-/start-plugin-core-1.131.50.tgz. Extracting by manifest.
6732 silly tarball no local data for vinxi@https://registry.npmjs.org/vinxi/-/vinxi-0.5.3.tgz. Extracting by manifest.
6733 silly tarball no local data for ofetch@https://registry.npmjs.org/ofetch/-/ofetch-1.5.1.tgz. Extracting by manifest.
6734 silly tarball no local data for nitropack@https://registry.npmjs.org/nitropack/-/nitropack-2.13.4.tgz. Extracting by manifest.
6735 silly tarball no local data for import-meta-resolve@https://registry.npmjs.org/import-meta-resolve/-/import-meta-resolve-4.2.0.tgz. Extracting by manifest.
6736 silly tarball no local data for @tanstack/server-functions-plugin@https://registry.npmjs.org/@tanstack/server-functions-plugin/-/server-functions-plugin-1.142.1.tgz. Extracting by manifest.
6737 silly tarball no local data for @tanstack/router-generator@https://registry.npmjs.org/@tanstack/router-generator/-/router-generator-1.167.33.tgz. Extracting by manifest.
6738 silly tarball no local data for @tanstack/react-start-plugin@https://registry.npmjs.org/@tanstack/react-start-plugin/-/react-start-plugin-1.131.50.tgz. Extracting by manifest.
6739 silly tarball no local data for @tanstack/start-client-core@https://registry.npmjs.org/@tanstack/start-client-core/-/start-client-core-1.170.27.tgz. Extracting by manifest.
6740 silly tarball no local data for @tanstack/start-server-functions-ssr@https://registry.npmjs.org/@tanstack/start-server-functions-ssr/-/start-server-functions-ssr-1.120.19.tgz. Extracting by manifest.
6741 silly tarball no local data for @tanstack/start-server-functions-server@https://registry.npmjs.org/@tanstack/start-server-functions-server/-/start-server-functions-server-1.131.2.tgz. Extracting by manifest.
6742 silly tarball no local data for @tanstack/start-server-functions-handler@https://registry.npmjs.org/@tanstack/start-server-functions-handler/-/start-server-functions-handler-1.120.19.tgz. Extracting by manifest.
6743 silly tarball no local data for @tanstack/start-api-routes@https://registry.npmjs.org/@tanstack/start-api-routes/-/start-api-routes-1.120.19.tgz. Extracting by manifest.
6744 silly tarball no local data for @tanstack/start-server-functions-client@https://registry.npmjs.org/@tanstack/start-server-functions-client/-/start-server-functions-client-1.131.50.tgz. Extracting by manifest.
6745 silly tarball no local data for @tanstack/react-start-server@https://registry.npmjs.org/@tanstack/react-start-server/-/react-start-server-1.167.37.tgz. Extracting by manifest.
6746 silly tarball no local data for @tanstack/react-start-router-manifest@https://registry.npmjs.org/@tanstack/react-start-router-manifest/-/react-start-router-manifest-1.120.19.tgz. Extracting by manifest.
6747 silly tarball no local data for @tanstack/react-start-config@https://registry.npmjs.org/@tanstack/react-start-config/-/react-start-config-1.120.20.tgz. Extracting by manifest.
6748 silly tarball no local data for @tanstack/react-start-client@https://registry.npmjs.org/@tanstack/react-start-client/-/react-start-client-1.168.30.tgz. Extracting by manifest.
6749 silly tarball no local data for tiny-warning@https://registry.npmjs.org/tiny-warning/-/tiny-warning-1.0.3.tgz. Extracting by manifest.
6750 silly tarball no local data for tiny-invariant@https://registry.npmjs.org/tiny-invariant/-/tiny-invariant-1.3.3.tgz. Extracting by manifest.
6751 silly tarball no local data for jsesc@https://registry.npmjs.org/jsesc/-/jsesc-3.1.0.tgz. Extracting by manifest.
6752 silly tarball no local data for @tanstack/router-core@https://registry.npmjs.org/@tanstack/router-core/-/router-core-1.119.0.tgz. Extracting by manifest.
6753 silly tarball no local data for @tanstack/react-store@https://registry.npmjs.org/@tanstack/react-store/-/react-store-0.7.7.tgz. Extracting by manifest.
6754 silly tarball no local data for @tanstack/query-core@https://registry.npmjs.org/@tanstack/query-core/-/query-core-5.102.8.tgz. Extracting by manifest.
6755 silly tarball no local data for @tanstack/history@https://registry.npmjs.org/@tanstack/history/-/history-1.115.0.tgz. Extracting by manifest.
6756 silly tarball no local data for @tailwindcss/oxide-win32-x64-msvc@https://registry.npmjs.org/@tailwindcss/oxide-win32-x64-msvc/-/oxide-win32-x64-msvc-4.3.3.tgz. Extracting by manifest.
6757 silly tarball no local data for @jridgewell/sourcemap-codec@https://registry.npmjs.org/@jridgewell/sourcemap-codec/-/sourcemap-codec-1.6.0.tgz. Extracting by manifest.
6758 silly tarball no local data for @jridgewell/resolve-uri@https://registry.npmjs.org/@jridgewell/resolve-uri/-/resolve-uri-3.1.2.tgz. Extracting by manifest.
6759 silly tarball no local data for @jridgewell/trace-mapping@https://registry.npmjs.org/@jridgewell/trace-mapping/-/trace-mapping-0.3.31.tgz. Extracting by manifest.
6760 silly tarball no local data for @jridgewell/gen-mapping@https://registry.npmjs.org/@jridgewell/gen-mapping/-/gen-mapping-0.3.13.tgz. Extracting by manifest.
6761 silly tarball no local data for source-map-js@https://registry.npmjs.org/source-map-js/-/source-map-js-1.2.1.tgz. Extracting by manifest.
6762 silly tarball no local data for magic-string@https://registry.npmjs.org/magic-string/-/magic-string-0.30.21.tgz. Extracting by manifest.
6763 silly tarball no local data for lightningcss@https://registry.npmjs.org/lightningcss/-/lightningcss-1.32.0.tgz. Extracting by manifest.
6764 silly tarball no local data for jiti@https://registry.npmjs.org/jiti/-/jiti-2.7.0.tgz. Extracting by manifest.
6765 silly tarball no local data for @jridgewell/remapping@https://registry.npmjs.org/@jridgewell/remapping/-/remapping-2.3.5.tgz. Extracting by manifest.
6766 silly tarball no local data for enhanced-resolve@https://registry.npmjs.org/enhanced-resolve/-/enhanced-resolve-5.24.5.tgz. Extracting by manifest.
6767 silly tarball no local data for @tailwindcss/oxide@https://registry.npmjs.org/@tailwindcss/oxide/-/oxide-4.3.3.tgz. Extracting by manifest.
6768 silly tarball no local data for @tailwindcss/node@https://registry.npmjs.org/@tailwindcss/node/-/node-4.3.3.tgz. Extracting by manifest.
6769 silly tarball no local data for iceberg-js@https://registry.npmjs.org/iceberg-js/-/iceberg-js-0.8.1.tgz. Extracting by manifest.
6770 silly tarball no local data for tslib@https://registry.npmjs.org/tslib/-/tslib-2.8.1.tgz. Extracting by manifest.
6771 silly tarball no local data for @supabase/storage-js@https://registry.npmjs.org/@supabase/storage-js/-/storage-js-2.112.4.tgz. Extracting by manifest.
6772 silly tarball no local data for @supabase/phoenix@https://registry.npmjs.org/@supabase/phoenix/-/phoenix-0.4.5.tgz. Extracting by manifest.
6773 silly tarball no local data for @supabase/realtime-js@https://registry.npmjs.org/@supabase/realtime-js/-/realtime-js-2.112.4.tgz. Extracting by manifest.
6774 silly tarball no local data for @babel/helper-plugin-utils@https://registry.npmjs.org/@babel/helper-plugin-utils/-/helper-plugin-utils-7.29.7.tgz. Extracting by manifest.
6775 silly tarball no local data for @supabase/postgrest-js@https://registry.npmjs.org/@supabase/postgrest-js/-/postgrest-js-2.112.4.tgz. Extracting by manifest.
6776 silly tarball no local data for @supabase/functions-js@https://registry.npmjs.org/@supabase/functions-js/-/functions-js-2.112.4.tgz. Extracting by manifest.
6777 silly tarball no local data for @supabase/auth-js@https://registry.npmjs.org/@supabase/auth-js/-/auth-js-2.112.4.tgz. Extracting by manifest.
6778 silly tarball no local data for @standard-schema/utils@https://registry.npmjs.org/@standard-schema/utils/-/utils-0.3.0.tgz. Extracting by manifest.
6779 silly tarball no local data for ws@https://registry.npmjs.org/ws/-/ws-8.21.3.tgz. Extracting by manifest.
6780 silly tarball no local data for protobufjs@https://registry.npmjs.org/protobufjs/-/protobufjs-7.6.6.tgz. Extracting by manifest.
6781 silly tarball no local data for google-auth-library@https://registry.npmjs.org/google-auth-library/-/google-auth-library-10.9.1.tgz. Extracting by manifest.
6782 silly tarball no local data for p-retry@https://registry.npmjs.org/p-retry/-/p-retry-4.6.2.tgz. Extracting by manifest.
6783 silly tarball no local data for zustand@https://registry.npmjs.org/zustand/-/zustand-5.0.15.tgz. Extracting by manifest.
6784 silly tarball no local data for zod@https://registry.npmjs.org/zod/-/zod-4.5.4.tgz. Extracting by manifest.
6785 silly tarball no local data for typescript@https://registry.npmjs.org/typescript/-/typescript-5.8.3.tgz. Extracting by manifest.
6786 silly tarball no local data for tsx@https://registry.npmjs.org/tsx/-/tsx-4.23.13.tgz. Extracting by manifest.
6787 silly tarball no local data for tailwindcss@https://registry.npmjs.org/tailwindcss/-/tailwindcss-4.3.3.tgz. Extracting by manifest.
6788 silly tarball no local data for tailwind-merge@https://registry.npmjs.org/tailwind-merge/-/tailwind-merge-3.6.0.tgz. Extracting by manifest.
6789 silly tarball no local data for supabase@https://registry.npmjs.org/supabase/-/supabase-2.116.0.tgz. Extracting by manifest.
6790 silly tarball no local data for react-is@https://registry.npmjs.org/react-is/-/react-is-19.2.8.tgz. Extracting by manifest.
6791 silly tarball no local data for pdf-lib@https://registry.npmjs.org/pdf-lib/-/pdf-lib-1.17.1.tgz. Extracting by manifest.
6792 silly tarball no local data for recharts@https://registry.npmjs.org/recharts/-/recharts-3.10.1.tgz. Extracting by manifest.
6793 silly tarball no local data for lucide-react@https://registry.npmjs.org/lucide-react/-/lucide-react-0.546.0.tgz. Extracting by manifest.
6794 silly tarball no local data for express@https://registry.npmjs.org/express/-/express-4.22.2.tgz. Extracting by manifest.
6795 silly tarball no local data for esbuild@https://registry.npmjs.org/esbuild/-/esbuild-0.25.12.tgz. Extracting by manifest.
6796 silly tarball no local data for dotenv@https://registry.npmjs.org/dotenv/-/dotenv-17.4.2.tgz. Extracting by manifest.
6797 silly tarball no local data for clsx@https://registry.npmjs.org/clsx/-/clsx-2.1.1.tgz. Extracting by manifest.
6798 silly tarball no local data for class-variance-authority@https://registry.npmjs.org/class-variance-authority/-/class-variance-authority-0.7.1.tgz. Extracting by manifest.
6799 silly tarball no local data for axios@https://registry.npmjs.org/axios/-/axios-1.20.0.tgz. Extracting by manifest.
6800 silly tarball no local data for postcss@https://registry.npmjs.org/postcss/-/postcss-8.5.26.tgz. Extracting by manifest.
6801 silly tarball no local data for autoprefixer@https://registry.npmjs.org/autoprefixer/-/autoprefixer-10.5.4.tgz. Extracting by manifest.
6802 silly tarball no local data for @vitejs/plugin-react@https://registry.npmjs.org/@vitejs/plugin-react/-/plugin-react-5.2.0.tgz. Extracting by manifest.
6803 silly tarball no local data for @types/node@https://registry.npmjs.org/@types/node/-/node-22.20.1.tgz. Extracting by manifest.
6804 silly tarball no local data for @types/express@https://registry.npmjs.org/@types/express/-/express-4.17.25.tgz. Extracting by manifest.
6805 silly tarball no local data for @tanstack/react-start@https://registry.npmjs.org/@tanstack/react-start/-/react-start-1.120.0.tgz. Extracting by manifest.
6806 silly tarball no local data for react-dom@https://registry.npmjs.org/react-dom/-/react-dom-19.2.8.tgz. Extracting by manifest.
6807 silly tarball no local data for @tanstack/react-router@https://registry.npmjs.org/@tanstack/react-router/-/react-router-1.120.0.tgz. Extracting by manifest.
6808 silly tarball no local data for @tanstack/react-query@https://registry.npmjs.org/@tanstack/react-query/-/react-query-5.102.8.tgz. Extracting by manifest.
6809 silly tarball no local data for vite@https://registry.npmjs.org/vite/-/vite-6.4.3.tgz. Extracting by manifest.
6810 silly tarball no local data for @tailwindcss/vite@https://registry.npmjs.org/@tailwindcss/vite/-/vite-4.3.3.tgz. Extracting by manifest.
6811 silly tarball no local data for react@https://registry.npmjs.org/react/-/react-19.2.8.tgz. Extracting by manifest.
6812 silly tarball no local data for @supabase/supabase-js@https://registry.npmjs.org/@supabase/supabase-js/-/supabase-js-2.112.4.tgz. Extracting by manifest.
6813 silly tarball no local data for @hookform/resolvers@https://registry.npmjs.org/@hookform/resolvers/-/resolvers-5.9.1.tgz. Extracting by manifest.
6814 silly tarball no local data for react-hook-form@https://registry.npmjs.org/react-hook-form/-/react-hook-form-7.87.0.tgz. Extracting by manifest.
6815 silly tarball no local data for @google/genai@https://registry.npmjs.org/@google/genai/-/genai-2.19.0.tgz. Extracting by manifest.
6816 silly tarball no local data for ansi-regex@https://registry.npmjs.org/ansi-regex/-/ansi-regex-5.0.1.tgz. Extracting by manifest.
6817 silly tarball no local data for emoji-regex@https://registry.npmjs.org/emoji-regex/-/emoji-regex-8.0.0.tgz. Extracting by manifest.
6818 silly tarball no local data for strip-ansi@https://registry.npmjs.org/strip-ansi/-/strip-ansi-6.0.1.tgz. Extracting by manifest.
6819 silly tarball no local data for ansi-regex@https://registry.npmjs.org/ansi-regex/-/ansi-regex-5.0.1.tgz. Extracting by manifest.
6820 silly tarball no local data for string-width@https://registry.npmjs.org/string-width/-/string-width-4.2.3.tgz. Extracting by manifest.
6821 silly tarball no local data for ansi-regex@https://registry.npmjs.org/ansi-regex/-/ansi-regex-5.0.1.tgz. Extracting by manifest.
6822 silly tarball no local data for ansi-styles@https://registry.npmjs.org/ansi-styles/-/ansi-styles-4.3.0.tgz. Extracting by manifest.
6823 silly tarball no local data for strip-ansi@https://registry.npmjs.org/strip-ansi/-/strip-ansi-6.0.1.tgz. Extracting by manifest.
6824 silly tarball no local data for source-map@https://registry.npmjs.org/source-map/-/source-map-0.6.1.tgz. Extracting by manifest.
6825 silly tarball no local data for wrap-ansi@https://registry.npmjs.org/wrap-ansi/-/wrap-ansi-9.0.2.tgz. Extracting by manifest.
6826 silly tarball no local data for path-key@https://registry.npmjs.org/path-key/-/path-key-4.0.0.tgz. Extracting by manifest.
6827 silly tarball no local data for emoji-regex@https://registry.npmjs.org/emoji-regex/-/emoji-regex-10.6.0.tgz. Extracting by manifest.
6828 silly tarball no local data for isexe@https://registry.npmjs.org/isexe/-/isexe-2.0.0.tgz. Extracting by manifest.
6829 silly tarball no local data for string-width@https://registry.npmjs.org/string-width/-/string-width-7.2.0.tgz. Extracting by manifest.
6830 silly tarball no local data for which@https://registry.npmjs.org/which/-/which-2.0.2.tgz. Extracting by manifest.
6831 silly tarball no local data for is-stream@https://registry.npmjs.org/is-stream/-/is-stream-3.0.0.tgz. Extracting by manifest.
6832 silly tarball no local data for ansi-regex@https://registry.npmjs.org/ansi-regex/-/ansi-regex-5.0.1.tgz. Extracting by manifest.
6833 silly tarball no local data for emoji-regex@https://registry.npmjs.org/emoji-regex/-/emoji-regex-8.0.0.tgz. Extracting by manifest.
6834 silly tarball no local data for eventemitter3@https://registry.npmjs.org/eventemitter3/-/eventemitter3-4.0.7.tgz. Extracting by manifest.
6835 silly tarball no local data for emoji-regex@https://registry.npmjs.org/emoji-regex/-/emoji-regex-8.0.0.tgz. Extracting by manifest.
6836 silly tarball no local data for strip-ansi@https://registry.npmjs.org/strip-ansi/-/strip-ansi-6.0.1.tgz. Extracting by manifest.
6837 silly tarball no local data for undici-types@https://registry.npmjs.org/undici-types/-/undici-types-5.28.4.tgz. Extracting by manifest.
6838 silly tarball no local data for type-fest@https://registry.npmjs.org/type-fest/-/type-fest-2.19.0.tgz. Extracting by manifest.
6839 silly tarball no local data for picomatch@https://registry.npmjs.org/picomatch/-/picomatch-2.3.2.tgz. Extracting by manifest.
6840 silly tarball no local data for js-tokens@https://registry.npmjs.org/js-tokens/-/js-tokens-10.0.0.tgz. Extracting by manifest.
6841 silly tarball no local data for powershell-utils@https://registry.npmjs.org/powershell-utils/-/powershell-utils-0.1.0.tgz. Extracting by manifest.
6842 silly tarball no local data for source-map@https://registry.npmjs.org/source-map/-/source-map-0.6.1.tgz. Extracting by manifest.
6843 silly tarball no local data for string-width@https://registry.npmjs.org/string-width/-/string-width-8.2.2.tgz. Extracting by manifest.
6844 silly tarball no local data for picomatch@https://registry.npmjs.org/picomatch/-/picomatch-2.3.2.tgz. Extracting by manifest.
6845 silly tarball no local data for string-width@https://registry.npmjs.org/string-width/-/string-width-4.2.3.tgz. Extracting by manifest.
6846 silly tarball no local data for lru-cache@https://registry.npmjs.org/lru-cache/-/lru-cache-11.5.2.tgz. Extracting by manifest.
6847 silly tarball no local data for string_decoder@https://registry.npmjs.org/string_decoder/-/string_decoder-1.1.1.tgz. Extracting by manifest.
6848 silly tarball no local data for balanced-match@https://registry.npmjs.org/balanced-match/-/balanced-match-1.0.2.tgz. Extracting by manifest.
6849 silly tarball no local data for safe-buffer@https://registry.npmjs.org/safe-buffer/-/safe-buffer-5.1.2.tgz. Extracting by manifest.
6850 silly tarball no local data for readable-stream@https://registry.npmjs.org/readable-stream/-/readable-stream-2.3.8.tgz. Extracting by manifest.
6851 silly tarball no local data for brace-expansion@https://registry.npmjs.org/brace-expansion/-/brace-expansion-2.1.4.tgz. Extracting by manifest.
6852 silly tarball no local data for minimatch@https://registry.npmjs.org/minimatch/-/minimatch-5.1.9.tgz. Extracting by manifest.
6853 silly tarball no local data for balanced-match@https://registry.npmjs.org/balanced-match/-/balanced-match-1.0.2.tgz. Extracting by manifest.
6854 silly tarball no local data for lru-cache@https://registry.npmjs.org/lru-cache/-/lru-cache-10.4.3.tgz. Extracting by manifest.
6855 silly tarball no local data for brace-expansion@https://registry.npmjs.org/brace-expansion/-/brace-expansion-2.1.4.tgz. Extracting by manifest.
6856 silly tarball no local data for yallist@https://registry.npmjs.org/yallist/-/yallist-5.0.0.tgz. Extracting by manifest.
6857 silly tarball no local data for minimatch@https://registry.npmjs.org/minimatch/-/minimatch-9.0.9.tgz. Extracting by manifest.
6858 silly tarball no local data for path-scurry@https://registry.npmjs.org/path-scurry/-/path-scurry-1.11.1.tgz. Extracting by manifest.
6859 silly tarball no local data for agent-base@https://registry.npmjs.org/agent-base/-/agent-base-7.1.4.tgz. Extracting by manifest.
6860 silly tarball no local data for glob@https://registry.npmjs.org/glob/-/glob-10.5.0.tgz. Extracting by manifest.
6861 silly tarball no local data for semver@https://registry.npmjs.org/semver/-/semver-7.8.5.tgz. Extracting by manifest.
6862 silly tarball no local data for node-fetch@https://registry.npmjs.org/node-fetch/-/node-fetch-2.7.0.tgz. Extracting by manifest.
6863 silly tarball no local data for crossws@https://registry.npmjs.org/crossws/-/crossws-0.3.5.tgz. Extracting by manifest.
6864 silly tarball no local data for https-proxy-agent@https://registry.npmjs.org/https-proxy-agent/-/https-proxy-agent-7.0.6.tgz. Extracting by manifest.
6865 silly tarball no local data for unplugin@https://registry.npmjs.org/unplugin/-/unplugin-3.3.0.tgz. Extracting by manifest.
6866 silly tarball no local data for lru-cache@https://registry.npmjs.org/lru-cache/-/lru-cache-11.5.2.tgz. Extracting by manifest.
6867 silly tarball no local data for magic-string@https://registry.npmjs.org/magic-string/-/magic-string-1.2.3.tgz. Extracting by manifest.
6868 silly tarball no local data for estree-walker@https://registry.npmjs.org/estree-walker/-/estree-walker-3.0.3.tgz. Extracting by manifest.
6869 silly tarball no local data for estree-walker@https://registry.npmjs.org/estree-walker/-/estree-walker-3.0.3.tgz. Extracting by manifest.
6870 silly tarball no local data for source-map@https://registry.npmjs.org/source-map/-/source-map-0.8.0.tgz. Extracting by manifest.
6871 silly tarball no local data for h3@https://registry.npmjs.org/h3/-/h3-1.15.11.tgz. Extracting by manifest.
6872 silly tarball no local data for confbox@https://registry.npmjs.org/confbox/-/confbox-0.1.8.tgz. Extracting by manifest.
6873 silly tarball no local data for pkg-types@https://registry.npmjs.org/pkg-types/-/pkg-types-1.3.1.tgz. Extracting by manifest.
6874 silly tarball no local data for crossws@https://registry.npmjs.org/crossws/-/crossws-0.3.5.tgz. Extracting by manifest.
6875 silly tarball no local data for ohash@https://registry.npmjs.org/ohash/-/ohash-2.0.12.tgz. Extracting by manifest.
6876 silly tarball no local data for https-proxy-agent@https://registry.npmjs.org/https-proxy-agent/-/https-proxy-agent-7.0.6.tgz. Extracting by manifest.
6877 silly tarball no local data for h3@https://registry.npmjs.org/h3/-/h3-1.15.11.tgz. Extracting by manifest.
6878 silly tarball no local data for agent-base@https://registry.npmjs.org/agent-base/-/agent-base-7.1.4.tgz. Extracting by manifest.
6879 silly tarball no local data for pathe@https://registry.npmjs.org/pathe/-/pathe-1.1.2.tgz. Extracting by manifest.
6880 silly tarball no local data for mime@https://registry.npmjs.org/mime/-/mime-3.0.0.tgz. Extracting by manifest.
6881 silly tarball no local data for iconv-lite@https://registry.npmjs.org/iconv-lite/-/iconv-lite-0.4.24.tgz. Extracting by manifest.
6882 silly tarball no local data for ms@https://registry.npmjs.org/ms/-/ms-2.0.0.tgz. Extracting by manifest.
6883 silly tarball no local data for mime@https://registry.npmjs.org/mime/-/mime-1.6.0.tgz. Extracting by manifest.
6884 silly tarball no local data for ms@https://registry.npmjs.org/ms/-/ms-2.0.0.tgz. Extracting by manifest.
6885 silly tarball no local data for debug@https://registry.npmjs.org/debug/-/debug-2.6.9.tgz. Extracting by manifest.
6886 silly tarball no local data for ms@https://registry.npmjs.org/ms/-/ms-2.0.0.tgz. Extracting by manifest.
6887 silly tarball no local data for debug@https://registry.npmjs.org/debug/-/debug-2.6.9.tgz. Extracting by manifest.
6888 silly tarball no local data for entities@https://registry.npmjs.org/entities/-/entities-6.0.1.tgz. Extracting by manifest.
6889 silly tarball no local data for entities@https://registry.npmjs.org/entities/-/entities-7.0.1.tgz. Extracting by manifest.
6890 silly tarball no local data for iconv-lite@https://registry.npmjs.org/iconv-lite/-/iconv-lite-0.4.24.tgz. Extracting by manifest.
6891 silly tarball no local data for debug@https://registry.npmjs.org/debug/-/debug-2.6.9.tgz. Extracting by manifest.
6892 silly tarball no local data for @tanstack/router-core@https://registry.npmjs.org/@tanstack/router-core/-/router-core-1.131.50.tgz. Extracting by manifest.
6893 silly tarball no local data for @types/send@https://registry.npmjs.org/@types/send/-/send-0.17.6.tgz. Extracting by manifest.
6894 silly tarball no local data for @tanstack/start-client-core@https://registry.npmjs.org/@tanstack/start-client-core/-/start-client-core-1.131.50.tgz. Extracting by manifest.
6895 silly tarball no local data for crossws@https://registry.npmjs.org/crossws/-/crossws-0.3.5.tgz. Extracting by manifest.
6896 silly tarball no local data for @tanstack/history@https://registry.npmjs.org/@tanstack/history/-/history-1.131.2.tgz. Extracting by manifest.
6897 silly tarball no local data for @tanstack/start-storage-context@https://registry.npmjs.org/@tanstack/start-storage-context/-/start-storage-context-1.131.50.tgz. Extracting by manifest.
6898 silly tarball no local data for @tanstack/history@https://registry.npmjs.org/@tanstack/history/-/history-1.162.1.tgz. Extracting by manifest.
6899 silly tarball no local data for @tanstack/router-core@https://registry.npmjs.org/@tanstack/router-core/-/router-core-1.171.27.tgz. Extracting by manifest.
6900 silly tarball no local data for @tanstack/router-utils@https://registry.npmjs.org/@tanstack/router-utils/-/router-utils-1.141.0.tgz. Extracting by manifest.
6901 silly tarball no local data for @babel/code-frame@https://registry.npmjs.org/@babel/code-frame/-/code-frame-7.29.7.tgz. Extracting by manifest.
6902 silly tarball no local data for @babel/code-frame@https://registry.npmjs.org/@babel/code-frame/-/code-frame-7.29.7.tgz. Extracting by manifest.
6903 silly tarball no local data for cookie-es@https://registry.npmjs.org/cookie-es/-/cookie-es-3.1.1.tgz. Extracting by manifest.
6904 silly tarball no local data for cookie-es@https://registry.npmjs.org/cookie-es/-/cookie-es-3.1.1.tgz. Extracting by manifest.
6905 silly tarball no local data for @babel/code-frame@https://registry.npmjs.org/@babel/code-frame/-/code-frame-7.29.7.tgz. Extracting by manifest.
6906 silly tarball no local data for picomatch@https://registry.npmjs.org/picomatch/-/picomatch-2.3.2.tgz. Extracting by manifest.
6907 silly tarball no local data for @tanstack/start-storage-context@https://registry.npmjs.org/@tanstack/start-storage-context/-/start-storage-context-1.131.50.tgz. Extracting by manifest.
6908 silly tarball no local data for readdirp@https://registry.npmjs.org/readdirp/-/readdirp-3.6.0.tgz. Extracting by manifest.
6909 silly tarball no local data for @tanstack/start-client-core@https://registry.npmjs.org/@tanstack/start-client-core/-/start-client-core-1.131.50.tgz. Extracting by manifest.
6910 silly tarball no local data for @tanstack/directive-functions-plugin@https://registry.npmjs.org/@tanstack/directive-functions-plugin/-/directive-functions-plugin-1.131.2.tgz. Extracting by manifest.
6911 silly tarball no local data for @babel/code-frame@https://registry.npmjs.org/@babel/code-frame/-/code-frame-7.27.1.tgz. Extracting by manifest.
6912 silly tarball no local data for chokidar@https://registry.npmjs.org/chokidar/-/chokidar-3.6.0.tgz. Extracting by manifest.
6913 silly tarball no local data for @tanstack/router-core@https://registry.npmjs.org/@tanstack/router-core/-/router-core-1.171.27.tgz. Extracting by manifest.
6914 silly tarball no local data for @tanstack/history@https://registry.npmjs.org/@tanstack/history/-/history-1.162.1.tgz. Extracting by manifest.
6915 silly tarball no local data for @tanstack/virtual-file-routes@https://registry.npmjs.org/@tanstack/virtual-file-routes/-/virtual-file-routes-1.131.2.tgz. Extracting by manifest.
6916 silly tarball no local data for @tanstack/store@https://registry.npmjs.org/@tanstack/store/-/store-0.9.3.tgz. Extracting by manifest.
6917 silly tarball no local data for zod@https://registry.npmjs.org/zod/-/zod-3.25.76.tgz. Extracting by manifest.
6918 silly tarball no local data for @tanstack/react-store@https://registry.npmjs.org/@tanstack/react-store/-/react-store-0.9.3.tgz. Extracting by manifest.
6919 silly tarball no local data for @tanstack/history@https://registry.npmjs.org/@tanstack/history/-/history-1.131.2.tgz. Extracting by manifest.
6920 silly tarball no local data for @tanstack/history@https://registry.npmjs.org/@tanstack/history/-/history-1.162.1.tgz. Extracting by manifest.
6921 silly tarball no local data for @tanstack/start-server-core@https://registry.npmjs.org/@tanstack/start-server-core/-/start-server-core-1.131.50.tgz. Extracting by manifest.
6922 silly tarball no local data for @babel/code-frame@https://registry.npmjs.org/@babel/code-frame/-/code-frame-7.27.1.tgz. Extracting by manifest.
6923 silly tarball no local data for @tanstack/router-utils@https://registry.npmjs.org/@tanstack/router-utils/-/router-utils-1.131.2.tgz. Extracting by manifest.
6924 silly tarball no local data for @tanstack/server-functions-plugin@https://registry.npmjs.org/@tanstack/server-functions-plugin/-/server-functions-plugin-1.131.2.tgz. Extracting by manifest.
6925 silly tarball no local data for @tanstack/router-core@https://registry.npmjs.org/@tanstack/router-core/-/router-core-1.171.27.tgz. Extracting by manifest.
6926 silly tarball no local data for cookie-es@https://registry.npmjs.org/cookie-es/-/cookie-es-3.1.1.tgz. Extracting by manifest.
6927 silly tarball no local data for @tanstack/react-router@https://registry.npmjs.org/@tanstack/react-router/-/react-router-1.170.32.tgz. Extracting by manifest.
6928 silly tarball no local data for @tanstack/router-generator@https://registry.npmjs.org/@tanstack/router-generator/-/router-generator-1.131.50.tgz. Extracting by manifest.
6929 silly tarball no local data for @tanstack/history@https://registry.npmjs.org/@tanstack/history/-/history-1.131.2.tgz. Extracting by manifest.
6930 silly tarball no local data for picomatch@https://registry.npmjs.org/picomatch/-/picomatch-2.3.2.tgz. Extracting by manifest.
6931 silly tarball no local data for @babel/code-frame@https://registry.npmjs.org/@babel/code-frame/-/code-frame-7.26.2.tgz. Extracting by manifest.
6932 silly tarball no local data for @tanstack/router-plugin@https://registry.npmjs.org/@tanstack/router-plugin/-/router-plugin-1.131.50.tgz. Extracting by manifest.
6933 silly tarball no local data for @tanstack/router-core@https://registry.npmjs.org/@tanstack/router-core/-/router-core-1.131.50.tgz. Extracting by manifest.
6934 silly tarball no local data for @esbuild/win32-x64@https://registry.npmjs.org/@esbuild/win32-x64/-/win32-x64-0.20.2.tgz. Extracting by manifest.
6935 silly tarball no local data for readdirp@https://registry.npmjs.org/readdirp/-/readdirp-3.6.0.tgz. Extracting by manifest.
6936 silly tarball no local data for pathe@https://registry.npmjs.org/pathe/-/pathe-1.1.2.tgz. Extracting by manifest.
6937 silly tarball no local data for path-to-regexp@https://registry.npmjs.org/path-to-regexp/-/path-to-regexp-6.3.0.tgz. Extracting by manifest.
6938 silly tarball no local data for zod@https://registry.npmjs.org/zod/-/zod-3.25.76.tgz. Extracting by manifest.
6939 silly tarball no local data for esbuild@https://registry.npmjs.org/esbuild/-/esbuild-0.20.2.tgz. Extracting by manifest.
6940 silly tarball no local data for motion@https://registry.npmjs.org/motion/-/motion-12.43.0.tgz. Extracting by manifest.
6941 silly tarball no local data for crossws@https://registry.npmjs.org/crossws/-/crossws-0.3.5.tgz. Extracting by manifest.
6942 silly tarball no local data for chokidar@https://registry.npmjs.org/chokidar/-/chokidar-3.6.0.tgz. Extracting by manifest.
6943 silly tarball no local data for mime-db@https://registry.npmjs.org/mime-db/-/mime-db-1.54.0.tgz. Extracting by manifest.
6944 silly tarball no local data for mime-types@https://registry.npmjs.org/mime-types/-/mime-types-3.0.2.tgz. Extracting by manifest.
6945 silly tarball no local data for fresh@https://registry.npmjs.org/fresh/-/fresh-2.0.0.tgz. Extracting by manifest.
6946 silly tarball no local data for @esbuild/win32-x64@https://registry.npmjs.org/@esbuild/win32-x64/-/win32-x64-0.28.2.tgz. Extracting by manifest.
6947 silly tarball no local data for send@https://registry.npmjs.org/send/-/send-1.2.1.tgz. Extracting by manifest.
6948 silly tarball no local data for unenv@https://registry.npmjs.org/unenv/-/unenv-2.0.0-rc.24.tgz. Extracting by manifest.
6949 silly tarball no local data for serve-static@https://registry.npmjs.org/serve-static/-/serve-static-2.2.1.tgz. Extracting by manifest.
6950 silly tarball no local data for semver@https://registry.npmjs.org/semver/-/semver-7.8.5.tgz. Extracting by manifest.
6951 silly tarball no local data for ohash@https://registry.npmjs.org/ohash/-/ohash-2.0.12.tgz. Extracting by manifest.
6952 silly tarball no local data for cookie-es@https://registry.npmjs.org/cookie-es/-/cookie-es-1.2.3.tgz. Extracting by manifest.
6953 silly tarball no local data for h3@https://registry.npmjs.org/h3/-/h3-1.15.11.tgz. Extracting by manifest.
6954 silly tarball no local data for esbuild@https://registry.npmjs.org/esbuild/-/esbuild-0.28.2.tgz. Extracting by manifest.
6955 silly tarball no local data for cookie-es@https://registry.npmjs.org/cookie-es/-/cookie-es-2.0.1.tgz. Extracting by manifest.
6956 silly tarball no local data for crossws@https://registry.npmjs.org/crossws/-/crossws-0.3.5.tgz. Extracting by manifest.
6957 silly tarball no local data for cookie-es@https://registry.npmjs.org/cookie-es/-/cookie-es-3.1.1.tgz. Extracting by manifest.
6958 silly tarball no local data for zod@https://registry.npmjs.org/zod/-/zod-3.25.76.tgz. Extracting by manifest.
6959 silly tarball no local data for @tanstack/history@https://registry.npmjs.org/@tanstack/history/-/history-1.162.1.tgz. Extracting by manifest.
6960 silly tarball no local data for @tanstack/history@https://registry.npmjs.org/@tanstack/history/-/history-1.162.1.tgz. Extracting by manifest.
6961 silly tarball no local data for @tanstack/router-core@https://registry.npmjs.org/@tanstack/router-core/-/router-core-1.171.27.tgz. Extracting by manifest.
6962 silly tarball no local data for cookie-es@https://registry.npmjs.org/cookie-es/-/cookie-es-3.1.1.tgz. Extracting by manifest.
6963 silly tarball no local data for @tanstack/router-core@https://registry.npmjs.org/@tanstack/router-core/-/router-core-1.171.27.tgz. Extracting by manifest.
6964 silly tarball no local data for cookie-es@https://registry.npmjs.org/cookie-es/-/cookie-es-3.1.1.tgz. Extracting by manifest.
6965 silly tarball no local data for @tanstack/router-utils@https://registry.npmjs.org/@tanstack/router-utils/-/router-utils-1.131.2.tgz. Extracting by manifest.
6966 silly tarball no local data for @tanstack/directive-functions-plugin@https://registry.npmjs.org/@tanstack/directive-functions-plugin/-/directive-functions-plugin-1.131.2.tgz. Extracting by manifest.
6967 silly tarball no local data for @tanstack/history@https://registry.npmjs.org/@tanstack/history/-/history-1.162.1.tgz. Extracting by manifest.
6968 silly tarball no local data for @tanstack/server-functions-plugin@https://registry.npmjs.org/@tanstack/server-functions-plugin/-/server-functions-plugin-1.131.2.tgz. Extracting by manifest.
6969 silly tarball no local data for @tanstack/router-core@https://registry.npmjs.org/@tanstack/router-core/-/router-core-1.171.27.tgz. Extracting by manifest.
6970 silly tarball no local data for cookie-es@https://registry.npmjs.org/cookie-es/-/cookie-es-3.1.1.tgz. Extracting by manifest.
6971 silly tarball no local data for @tanstack/history@https://registry.npmjs.org/@tanstack/history/-/history-1.162.1.tgz. Extracting by manifest.
6972 silly tarball no local data for @tanstack/router-core@https://registry.npmjs.org/@tanstack/router-core/-/router-core-1.171.27.tgz. Extracting by manifest.
6973 silly tarball no local data for @tanstack/directive-functions-plugin@https://registry.npmjs.org/@tanstack/directive-functions-plugin/-/directive-functions-plugin-1.131.2.tgz. Extracting by manifest.
6974 silly tarball no local data for cookie-es@https://registry.npmjs.org/cookie-es/-/cookie-es-3.1.1.tgz. Extracting by manifest.
6975 silly tarball no local data for @tanstack/router-utils@https://registry.npmjs.org/@tanstack/router-utils/-/router-utils-1.131.2.tgz. Extracting by manifest.
6976 silly tarball no local data for @tanstack/store@https://registry.npmjs.org/@tanstack/store/-/store-0.9.3.tgz. Extracting by manifest.
6977 silly tarball no local data for @tanstack/server-functions-plugin@https://registry.npmjs.org/@tanstack/server-functions-plugin/-/server-functions-plugin-1.131.2.tgz. Extracting by manifest.
6978 silly tarball no local data for @tanstack/react-store@https://registry.npmjs.org/@tanstack/react-store/-/react-store-0.9.3.tgz. Extracting by manifest.
6979 silly tarball no local data for @tanstack/router-core@https://registry.npmjs.org/@tanstack/router-core/-/router-core-1.171.27.tgz. Extracting by manifest.
6980 silly tarball no local data for @tanstack/history@https://registry.npmjs.org/@tanstack/history/-/history-1.162.1.tgz. Extracting by manifest.
6981 silly tarball no local data for cookie-es@https://registry.npmjs.org/cookie-es/-/cookie-es-3.1.1.tgz. Extracting by manifest.
6982 silly tarball no local data for react-refresh@https://registry.npmjs.org/react-refresh/-/react-refresh-0.17.0.tgz. Extracting by manifest.
6983 silly tarball no local data for @tanstack/react-router@https://registry.npmjs.org/@tanstack/react-router/-/react-router-1.170.32.tgz. Extracting by manifest.
6984 silly tarball no local data for @rolldown/pluginutils@https://registry.npmjs.org/@rolldown/pluginutils/-/pluginutils-1.0.0-beta.27.tgz. Extracting by manifest.
6985 silly tarball no local data for cookie-es@https://registry.npmjs.org/cookie-es/-/cookie-es-3.1.1.tgz. Extracting by manifest.
6986 silly tarball no local data for @tanstack/router-core@https://registry.npmjs.org/@tanstack/router-core/-/router-core-1.171.27.tgz. Extracting by manifest.
6987 silly tarball no local data for @tanstack/history@https://registry.npmjs.org/@tanstack/history/-/history-1.162.1.tgz. Extracting by manifest.
6988 silly tarball no local data for @tanstack/store@https://registry.npmjs.org/@tanstack/store/-/store-0.9.3.tgz. Extracting by manifest.
6989 silly tarball no local data for @tanstack/react-store@https://registry.npmjs.org/@tanstack/react-store/-/react-store-0.9.3.tgz. Extracting by manifest.
6990 silly tarball no local data for @tanstack/history@https://registry.npmjs.org/@tanstack/history/-/history-1.162.1.tgz. Extracting by manifest.
6991 silly tarball no local data for @vitejs/plugin-react@https://registry.npmjs.org/@vitejs/plugin-react/-/plugin-react-4.7.0.tgz. Extracting by manifest.
6992 silly tarball no local data for zod@https://registry.npmjs.org/zod/-/zod-3.25.76.tgz. Extracting by manifest.
6993 silly tarball no local data for @tanstack/router-plugin@https://registry.npmjs.org/@tanstack/router-plugin/-/router-plugin-1.168.35.tgz. Extracting by manifest.
6994 silly tarball no local data for @tanstack/react-router@https://registry.npmjs.org/@tanstack/react-router/-/react-router-1.170.32.tgz. Extracting by manifest.
6995 silly tarball no local data for zod@https://registry.npmjs.org/zod/-/zod-4.5.4.tgz. Extracting by manifest.
6996 silly tarball no local data for @tanstack/router-core@https://registry.npmjs.org/@tanstack/router-core/-/router-core-1.171.27.tgz. Extracting by manifest.
6997 silly tarball no local data for unplugin@https://registry.npmjs.org/unplugin/-/unplugin-3.3.0.tgz. Extracting by manifest.
6998 silly tarball no local data for cookie-es@https://registry.npmjs.org/cookie-es/-/cookie-es-3.1.1.tgz. Extracting by manifest.
6999 silly tarball no local data for @tanstack/store@https://registry.npmjs.org/@tanstack/store/-/store-0.9.3.tgz. Extracting by manifest.
7000 silly tarball no local data for @tanstack/history@https://registry.npmjs.org/@tanstack/history/-/history-1.162.1.tgz. Extracting by manifest.
7001 silly tarball no local data for @tanstack/react-store@https://registry.npmjs.org/@tanstack/react-store/-/react-store-0.9.3.tgz. Extracting by manifest.
7002 silly tarball no local data for @tanstack/router-core@https://registry.npmjs.org/@tanstack/router-core/-/router-core-1.171.27.tgz. Extracting by manifest.
7003 silly tarball no local data for citty@https://registry.npmjs.org/citty/-/citty-0.1.6.tgz. Extracting by manifest.
7004 silly tarball no local data for cookie-es@https://registry.npmjs.org/cookie-es/-/cookie-es-3.1.1.tgz. Extracting by manifest.
7005 silly tarball no local data for @tanstack/react-router@https://registry.npmjs.org/@tanstack/react-router/-/react-router-1.170.32.tgz. Extracting by manifest.
7006 silly tarball no local data for tslib@https://registry.npmjs.org/tslib/-/tslib-1.14.1.tgz. Extracting by manifest.
7007 silly tarball no local data for @esbuild/win32-x64@https://registry.npmjs.org/@esbuild/win32-x64/-/win32-x64-0.28.2.tgz. Extracting by manifest.
7008 silly tarball no local data for esbuild@https://registry.npmjs.org/esbuild/-/esbuild-0.28.2.tgz. Extracting by manifest.
7009 silly tarball no local data for debug@https://registry.npmjs.org/debug/-/debug-2.6.9.tgz. Extracting by manifest.
7010 silly tarball no local data for citty@https://registry.npmjs.org/citty/-/citty-0.1.6.tgz. Extracting by manifest.
7011 silly tarball no local data for ms@https://registry.npmjs.org/ms/-/ms-2.0.0.tgz. Extracting by manifest.
7012 http fetch GET 200 https://registry.npmjs.org/color-name/-/color-name-1.1.4.tgz 3970ms (cache miss)
7013 http fetch GET 200 https://registry.npmjs.org/util-deprecate/-/util-deprecate-1.0.2.tgz 4147ms (cache miss)
7014 http fetch GET 200 https://registry.npmjs.org/isarray/-/isarray-1.0.0.tgz 4301ms (cache miss)
7015 http fetch GET 200 https://registry.npmjs.org/foreground-child/-/foreground-child-3.3.1.tgz 5950ms (cache miss)
7016 http fetch GET 200 https://registry.npmjs.org/is-binary-path/-/is-binary-path-2.1.0.tgz 5988ms (cache miss)
7017 http fetch GET 200 https://registry.npmjs.org/@types/mime/-/mime-1.3.5.tgz 8821ms (cache miss)
7018 http fetch GET 200 https://registry.npmjs.org/binary-extensions/-/binary-extensions-2.3.0.tgz 15871ms (cache miss)
7019 http fetch GET 200 https://registry.npmjs.org/seroval-plugins/-/seroval-plugins-1.6.4.tgz 40478ms (cache miss)
7020 http fetch GET 200 https://registry.npmjs.org/isbot/-/isbot-5.2.2.tgz 40483ms (cache miss)
7021 http fetch GET 200 https://registry.npmjs.org/@babel/helper-optimise-call-expression/-/helper-optimise-call-expression-7.29.7.tgz 71418ms (cache miss)
7022 http fetch GET 200 https://registry.npmjs.org/@babel/helper-skip-transparent-expression-wrappers/-/helper-skip-transparent-expression-wrappers-7.29.7.tgz 72217ms (cache miss)
7023 http fetch GET 200 https://registry.npmjs.org/process-nextick-args/-/process-nextick-args-2.0.1.tgz 97424ms (cache miss)
7024 http fetch GET 200 https://registry.npmjs.org/core-util-is/-/core-util-is-1.0.3.tgz 103658ms (cache miss)
7025 http fetch GET 200 https://registry.npmjs.org/whatwg-url/-/whatwg-url-5.0.0.tgz 110935ms (cache miss)
7026 http fetch GET 200 https://registry.npmjs.org/supports-color/-/supports-color-10.2.2.tgz 119900ms (cache miss)
7027 http fetch GET 200 https://registry.npmjs.org/wrap-ansi/-/wrap-ansi-7.0.0.tgz 123825ms (cache miss)
7028 http fetch GET 200 https://registry.npmjs.org/get-caller-file/-/get-caller-file-2.0.5.tgz 134141ms (cache miss)
7029 http fetch GET 200 https://registry.npmjs.org/string-width/-/string-width-4.2.3.tgz 134831ms (cache miss)
7030 http fetch GET 200 https://registry.npmjs.org/strip-ansi/-/strip-ansi-6.0.1.tgz 139958ms (cache miss)
7031 http fetch GET 200 https://registry.npmjs.org/strip-ansi/-/strip-ansi-7.2.0.tgz 140228ms (cache miss)
7032 http fetch GET 200 https://registry.npmjs.org/shebang-regex/-/shebang-regex-3.0.0.tgz 147423ms (cache miss)
7033 http fetch GET 200 https://registry.npmjs.org/onetime/-/onetime-6.0.0.tgz 153099ms (cache miss)
7034 http fetch GET 200 https://registry.npmjs.org/which/-/which-4.0.0.tgz 153167ms (cache miss)
7035 http fetch GET 200 https://registry.npmjs.org/is-wsl/-/is-wsl-3.1.1.tgz 153647ms (cache miss)
7036 http fetch GET 200 https://registry.npmjs.org/y18n/-/y18n-5.0.8.tgz 153680ms (cache miss)
7037 http fetch GET 200 https://registry.npmjs.org/string-width/-/string-width-5.1.2.tgz 154186ms (cache miss)
7038 http fetch GET 200 https://registry.npmjs.org/requires-port/-/requires-port-1.0.0.tgz 162498ms (cache miss)
7039 http fetch GET 200 https://registry.npmjs.org/cli-boxes/-/cli-boxes-3.0.0.tgz 162452ms (cache miss)
7040 http fetch GET 200 https://registry.npmjs.org/shebang-command/-/shebang-command-2.0.0.tgz 162503ms (cache miss)
7041 http fetch GET 200 https://registry.npmjs.org/ansi-align/-/ansi-align-3.0.1.tgz 162625ms (cache miss)
7042 http fetch GET 200 https://registry.npmjs.org/camelcase/-/camelcase-7.0.1.tgz 162746ms (cache miss)
7043 http fetch GET 200 https://registry.npmjs.org/is-fullwidth-code-point/-/is-fullwidth-code-point-3.0.0.tgz 162976ms (cache miss)
7044 http fetch GET 200 https://registry.npmjs.org/@types/braces/-/braces-3.0.5.tgz 164317ms (cache miss)
7045 http fetch GET 200 https://registry.npmjs.org/d3-path/-/d3-path-3.1.0.tgz 164809ms (cache miss)
7046 http fetch GET 200 https://registry.npmjs.org/d3-timer/-/d3-timer-3.0.1.tgz 166299ms (cache miss)
7047 http fetch GET 200 https://registry.npmjs.org/@types/d3-timer/-/d3-timer-3.0.2.tgz 166871ms (cache miss)
7048 http fetch GET 200 https://registry.npmjs.org/widest-line/-/widest-line-4.0.1.tgz 167306ms (cache miss)
7049 http fetch GET 200 https://registry.npmjs.org/eastasianwidth/-/eastasianwidth-0.2.0.tgz 168498ms (cache miss)
7050 http fetch GET 200 https://registry.npmjs.org/strip-final-newline/-/strip-final-newline-3.0.0.tgz 169494ms (cache miss)
7051 http fetch GET 200 https://registry.npmjs.org/path-key/-/path-key-3.1.1.tgz 171503ms (cache miss)
7052 http fetch GET 200 https://registry.npmjs.org/@types/d3-ease/-/d3-ease-3.0.2.tgz 171616ms (cache miss)
7053 http fetch GET 200 https://registry.npmjs.org/anymatch/-/anymatch-3.1.3.tgz 171603ms (cache miss)
7054 http fetch GET 200 https://registry.npmjs.org/escalade/-/escalade-3.2.0.tgz 171778ms (cache miss)
7055 http fetch GET 200 https://registry.npmjs.org/tagged-tag/-/tagged-tag-1.0.0.tgz 172573ms (cache miss)
7056 http fetch GET 200 https://registry.npmjs.org/events-universal/-/events-universal-1.0.1.tgz 173251ms (cache miss)
7057 http fetch GET 200 https://registry.npmjs.org/@jridgewell/source-map/-/source-map-0.3.11.tgz 173370ms (cache miss)
7058 http fetch GET 200 https://registry.npmjs.org/text-decoder/-/text-decoder-1.2.7.tgz 173357ms (cache miss)
7059 http fetch GET 200 https://registry.npmjs.org/fast-fifo/-/fast-fifo-1.3.2.tgz 173338ms (cache miss)
7060 http fetch GET 200 https://registry.npmjs.org/@isaacs/fs-minipass/-/fs-minipass-4.0.1.tgz 174227ms (cache miss)
7061 http fetch GET 200 https://registry.npmjs.org/teex/-/teex-1.0.1.tgz 174399ms (cache miss)
7062 http fetch GET 200 https://registry.npmjs.org/@types/micromatch/-/micromatch-4.0.10.tgz 174615ms (cache miss)
7063 http fetch GET 200 https://registry.npmjs.org/chownr/-/chownr-3.0.0.tgz 174439ms (cache miss)
7064 http fetch GET 200 https://registry.npmjs.org/@types/d3-color/-/d3-color-3.1.3.tgz 175826ms (cache miss)
7065 http fetch GET 200 https://registry.npmjs.org/merge-stream/-/merge-stream-2.0.0.tgz 176248ms (cache miss)
7066 http fetch GET 200 https://registry.npmjs.org/is-docker/-/is-docker-3.0.0.tgz 177643ms (cache miss)
7067 http fetch GET 200 https://registry.npmjs.org/queue-microtask/-/queue-microtask-1.2.3.tgz 177643ms (cache miss)
7068 http fetch GET 200 https://registry.npmjs.org/run-applescript/-/run-applescript-7.1.0.tgz 177873ms (cache miss)
7069 http fetch GET 200 https://registry.npmjs.org/default-browser-id/-/default-browser-id-5.0.1.tgz 177872ms (cache miss)
7070 http fetch GET 200 https://registry.npmjs.org/bundle-name/-/bundle-name-4.1.0.tgz 177871ms (cache miss)
7071 http fetch GET 200 https://registry.npmjs.org/wsl-utils/-/wsl-utils-1.0.0.tgz 177880ms (cache miss)
7072 http fetch GET 200 https://registry.npmjs.org/is-in-ssh/-/is-in-ssh-1.0.0.tgz 178206ms (cache miss)
7073 http fetch GET 200 https://registry.npmjs.org/is-inside-container/-/is-inside-container-1.0.0.tgz 178221ms (cache miss)
7074 http fetch GET 200 https://registry.npmjs.org/define-lazy-prop/-/define-lazy-prop-3.0.0.tgz 178215ms (cache miss)
7075 http fetch GET 200 https://registry.npmjs.org/default-browser/-/default-browser-5.5.1.tgz 178323ms (cache miss)
7076 http fetch GET 200 https://registry.npmjs.org/supports-preserve-symlinks-flag/-/supports-preserve-symlinks-flag-1.0.0.tgz 178314ms (cache miss)
7077 http fetch GET 200 https://registry.npmjs.org/@standard-schema/spec/-/spec-1.1.0.tgz 178398ms (cache miss)
7078 http fetch GET 200 https://registry.npmjs.org/strip-literal/-/strip-literal-4.0.0.tgz 181245ms (cache miss)
7079 http fetch GET 200 https://registry.npmjs.org/is-number/-/is-number-7.0.0.tgz 182708ms (cache miss)
7080 http fetch GET 200 https://registry.npmjs.org/@types/use-sync-external-store/-/use-sync-external-store-0.0.6.tgz 182722ms (cache miss)
7081 http fetch GET 200 https://registry.npmjs.org/process/-/process-0.11.10.tgz 182714ms (cache miss)
7082 http fetch GET 200 https://registry.npmjs.org/ieee754/-/ieee754-1.2.1.tgz 182746ms (cache miss)
7083 http fetch GET 200 https://registry.npmjs.org/@types/d3-path/-/d3-path-3.1.1.tgz 183323ms (cache miss)
7084 http fetch GET 200 https://registry.npmjs.org/ipaddr.js/-/ipaddr.js-1.9.1.tgz 183428ms (cache miss)
7085 http fetch GET 200 https://registry.npmjs.org/@protobufjs/pool/-/pool-1.1.0.tgz 183422ms (cache miss)
7086 http fetch GET 200 https://registry.npmjs.org/@protobufjs/path/-/path-1.1.2.tgz 183426ms (cache miss)
7087 http fetch GET 200 https://registry.npmjs.org/@protobufjs/fetch/-/fetch-1.1.1.tgz 183425ms (cache miss)
7088 http fetch GET 200 https://registry.npmjs.org/@protobufjs/eventemitter/-/eventemitter-1.1.1.tgz 183675ms (cache miss)
7089 http fetch GET 200 https://registry.npmjs.org/forwarded/-/forwarded-0.2.0.tgz 183703ms (cache miss)
7090 http fetch GET 200 https://registry.npmjs.org/@protobufjs/aspromise/-/aspromise-1.1.2.tgz 183680ms (cache miss)
7091 http fetch GET 200 https://registry.npmjs.org/@protobufjs/base64/-/base64-1.1.2.tgz 183788ms (cache miss)
7092 http fetch GET 200 https://registry.npmjs.org/@types/retry/-/retry-0.12.0.tgz 183729ms (cache miss)
7093 http fetch GET 200 https://registry.npmjs.org/@protobufjs/codegen/-/codegen-2.0.5.tgz 183950ms (cache miss)
7094 http fetch GET 200 https://registry.npmjs.org/ee-first/-/ee-first-1.1.1.tgz 184017ms (cache miss)
7095 http fetch GET 200 https://registry.npmjs.org/data-uri-to-buffer/-/data-uri-to-buffer-4.0.1.tgz 183992ms (cache miss)
7096 http fetch GET 200 https://registry.npmjs.org/fetch-blob/-/fetch-blob-3.2.0.tgz 184133ms (cache miss)
7097 http fetch GET 200 https://registry.npmjs.org/fill-range/-/fill-range-7.1.1.tgz 184755ms (cache miss)
7098 http fetch GET 200 https://registry.npmjs.org/braces/-/braces-3.0.3.tgz 184756ms (cache miss)
7099 http fetch GET 200 https://registry.npmjs.org/untun/-/untun-0.2.2.tgz 184780ms (cache miss)
7100 http fetch GET 200 https://registry.npmjs.org/tinyclip/-/tinyclip-0.1.15.tgz 185340ms (cache miss)
7101 http fetch GET 200 https://registry.npmjs.org/get-port-please/-/get-port-please-3.2.0.tgz 185334ms (cache miss)
7102 http fetch GET 200 https://registry.npmjs.org/standard-as-callback/-/standard-as-callback-2.1.0.tgz 185328ms (cache miss)
7103 http fetch GET 200 https://registry.npmjs.org/http-shutdown/-/http-shutdown-1.2.2.tgz 185340ms (cache miss)
7104 http fetch GET 200 https://registry.npmjs.org/is-extglob/-/is-extglob-2.1.1.tgz 185714ms (cache miss)
7105 http fetch GET 200 https://registry.npmjs.org/cluster-key-slot/-/cluster-key-slot-1.1.1.tgz 185708ms (cache miss)
7106 http fetch GET 200 https://registry.npmjs.org/duplexer/-/duplexer-0.1.2.tgz 185709ms (cache miss)
7107 http fetch GET 200 https://registry.npmjs.org/reusify/-/reusify-1.1.0.tgz 185713ms (cache miss)
7108 http fetch GET 200 https://registry.npmjs.org/@ioredis/commands/-/commands-1.10.0.tgz 185726ms (cache miss)
7109 http fetch GET 200 https://registry.npmjs.org/redis-errors/-/redis-errors-1.2.0.tgz 185738ms (cache miss)
7110 http fetch GET 200 https://registry.npmjs.org/run-parallel/-/run-parallel-1.2.0.tgz 186114ms (cache miss)
7111 http fetch GET 200 https://registry.npmjs.org/fastq/-/fastq-1.20.3.tgz 186132ms (cache miss)
7112 http fetch GET 200 https://registry.npmjs.org/merge2/-/merge2-1.4.1.tgz 186158ms (cache miss)
7113 http fetch GET 200 https://registry.npmjs.org/glob-parent/-/glob-parent-5.1.2.tgz 186159ms (cache miss)
7114 http fetch GET 200 https://registry.npmjs.org/@nodelib/fs.scandir/-/fs.scandir-2.1.5.tgz 186168ms (cache miss)
7115 http fetch GET 200 https://registry.npmjs.org/@nodelib/fs.walk/-/fs.walk-1.2.8.tgz 186210ms (cache miss)
7116 http fetch GET 200 https://registry.npmjs.org/@nodelib/fs.stat/-/fs.stat-2.0.5.tgz 186209ms (cache miss)
7117 http fetch GET 200 https://registry.npmjs.org/slash/-/slash-5.1.0.tgz 186208ms (cache miss)
7118 http fetch GET 200 https://registry.npmjs.org/unicorn-magic/-/unicorn-magic-0.4.0.tgz 186211ms (cache miss)
7119 http fetch GET 200 https://registry.npmjs.org/balanced-match/-/balanced-match-4.0.4.tgz 186210ms (cache miss)
7120 http fetch GET 200 https://registry.npmjs.org/@types/d3-time/-/d3-time-3.0.4.tgz 186972ms (cache miss)
7121 http fetch GET 200 https://registry.npmjs.org/ansi-regex/-/ansi-regex-6.3.0.tgz 188433ms (cache miss)
7122 http fetch GET 200 https://registry.npmjs.org/is-path-inside/-/is-path-inside-4.0.0.tgz 187994ms (cache miss)
7123 http fetch GET 200 https://registry.npmjs.org/@sindresorhus/merge-streams/-/merge-streams-4.0.0.tgz 187992ms (cache miss)
7124 http fetch GET 200 https://registry.npmjs.org/readdirp/-/readdirp-5.1.1.tgz 187986ms (cache miss)
7125 http fetch GET 200 https://registry.npmjs.org/zip-stream/-/zip-stream-6.0.1.tgz 188039ms (cache miss)
7126 http fetch GET 200 https://registry.npmjs.org/normalize-path/-/normalize-path-3.0.0.tgz 188057ms (cache miss)
7127 http fetch GET 200 https://registry.npmjs.org/file-uri-to-path/-/file-uri-to-path-1.0.0.tgz 188098ms (cache miss)
7128 http fetch GET 200 https://registry.npmjs.org/is-stream/-/is-stream-2.0.1.tgz 188106ms (cache miss)
7129 http fetch GET 200 https://registry.npmjs.org/nopt/-/nopt-8.1.0.tgz 188414ms (cache miss)
7130 http fetch GET 200 https://registry.npmjs.org/buffer-crc32/-/buffer-crc32-1.0.0.tgz 188421ms (cache miss)
7131 http fetch GET 200 https://registry.npmjs.org/node-gyp-build/-/node-gyp-build-4.8.4.tgz 188515ms (cache miss)
7132 http fetch GET 200 https://registry.npmjs.org/resolve-from/-/resolve-from-5.0.0.tgz 188522ms (cache miss)
7133 http fetch GET 200 https://registry.npmjs.org/tar-stream/-/tar-stream-3.2.1.tgz 188514ms (cache miss)
7134 http fetch GET 200 https://registry.npmjs.org/async-sema/-/async-sema-3.1.1.tgz 188547ms (cache miss)
7135 http fetch GET 200 https://registry.npmjs.org/acorn-import-attributes/-/acorn-import-attributes-1.9.5.tgz 188550ms (cache miss)
7136 http fetch GET 200 https://registry.npmjs.org/@types/estree/-/estree-1.0.9.tgz 188547ms (cache miss)
7137 http fetch GET 200 https://registry.npmjs.org/smob/-/smob-1.6.2.tgz 188545ms (cache miss)
7138 http fetch GET 200 https://registry.npmjs.org/serialize-javascript/-/serialize-javascript-7.1.1.tgz 188550ms (cache miss)
7139 http fetch GET 200 https://registry.npmjs.org/system-architecture/-/system-architecture-0.1.0.tgz 189354ms (cache miss)
7140 http fetch GET 200 https://registry.npmjs.org/archiver-utils/-/archiver-utils-5.0.2.tgz 188641ms (cache miss)
7141 http fetch GET 200 https://registry.npmjs.org/is-module/-/is-module-1.0.0.tgz 188903ms (cache miss)
7142 http fetch GET 200 https://registry.npmjs.org/@types/d3-interpolate/-/d3-interpolate-3.0.4.tgz 189747ms (cache miss)
7143 http fetch GET 200 https://registry.npmjs.org/commondir/-/commondir-1.0.1.tgz 189204ms (cache miss)
7144 http fetch GET 200 https://registry.npmjs.org/is-reference/-/is-reference-1.2.1.tgz 189237ms (cache miss)
7145 http fetch GET 200 https://registry.npmjs.org/unctx/-/unctx-2.5.0.tgz 189358ms (cache miss)
7146 http fetch GET 200 https://registry.npmjs.org/std-env/-/std-env-4.2.0.tgz 189503ms (cache miss)
7147 http fetch GET 200 https://registry.npmjs.org/youch-core/-/youch-core-0.3.3.tgz 189597ms (cache miss)
7148 http fetch GET 200 https://registry.npmjs.org/buffer-from/-/buffer-from-1.1.2.tgz 190220ms (cache miss)
7149 http fetch GET 200 https://registry.npmjs.org/serve-placeholder/-/serve-placeholder-2.0.2.tgz 191470ms (cache miss)
7150 http fetch GET 200 https://registry.npmjs.org/scule/-/scule-1.3.0.tgz 191474ms (cache miss)
7151 http fetch GET 200 https://registry.npmjs.org/string_decoder/-/string_decoder-1.3.0.tgz 192049ms (cache miss)
7152 http fetch GET 200 https://registry.npmjs.org/perfect-debounce/-/perfect-debounce-2.1.0.tgz 191735ms (cache miss)
7153 http fetch GET 200 https://registry.npmjs.org/pkg-types/-/pkg-types-2.3.1.tgz 192133ms (cache miss)
7154 http fetch GET 200 https://registry.npmjs.org/pretty-bytes/-/pretty-bytes-7.1.2.tgz 192196ms (cache miss)
7155 http fetch GET 200 https://registry.npmjs.org/abbrev/-/abbrev-3.0.1.tgz 196155ms (cache miss)
7156 http fetch GET 200 https://registry.npmjs.org/node-domexception/-/node-domexception-1.0.0.tgz 196314ms (cache miss)
7157 http fetch GET 200 https://registry.npmjs.org/hookable/-/hookable-5.5.3.tgz 196193ms (cache miss)
7158 http fetch GET 200 https://registry.npmjs.org/klona/-/klona-2.0.6.tgz 196197ms (cache miss)
7159 http fetch GET 200 https://registry.npmjs.org/unplugin-utils/-/unplugin-utils-0.3.2.tgz 196354ms (cache miss)
7160 http fetch GET 200 https://registry.npmjs.org/to-regex-range/-/to-regex-range-5.0.1.tgz 196638ms (cache miss)
7161 http fetch GET 200 https://registry.npmjs.org/escape-string-regexp/-/escape-string-regexp-5.0.0.tgz 196375ms (cache miss)
7162 http fetch GET 200 https://registry.npmjs.org/gzip-size/-/gzip-size-7.0.0.tgz 196396ms (cache miss)
7163 http fetch GET 200 https://registry.npmjs.org/db0/-/db0-0.3.4.tgz 196386ms (cache miss)
7164 http fetch GET 200 https://registry.npmjs.org/redis-parser/-/redis-parser-3.0.0.tgz 196636ms (cache miss)
7165 http fetch GET 200 https://registry.npmjs.org/npm-run-path/-/npm-run-path-5.3.0.tgz 197281ms (cache miss)
7166 http fetch GET 200 https://registry.npmjs.org/citty/-/citty-0.2.2.tgz 197130ms (cache miss)
7167 http fetch GET 200 https://registry.npmjs.org/compatx/-/compatx-0.2.0.tgz 197131ms (cache miss)
7168 http fetch GET 200 https://registry.npmjs.org/archiver/-/archiver-7.0.1.tgz 197118ms (cache miss)
7169 http fetch GET 200 https://registry.npmjs.org/@rollup/plugin-replace/-/plugin-replace-6.0.3.tgz 197123ms (cache miss)
7170 http fetch GET 200 https://registry.npmjs.org/wrap-ansi/-/wrap-ansi-8.1.0.tgz 198084ms (cache miss)
7171 http fetch GET 200 https://registry.npmjs.org/@rollup/plugin-inject/-/plugin-inject-5.0.5.tgz 198351ms (cache miss)
7172 http fetch GET 200 https://registry.npmjs.org/yallist/-/yallist-3.1.1.tgz 198536ms (cache miss)
7173 http fetch GET 200 https://registry.npmjs.org/@rollup/plugin-json/-/plugin-json-6.1.0.tgz 198563ms (cache miss)
7174 http fetch GET 200 https://registry.npmjs.org/detect-libc/-/detect-libc-2.1.2.tgz 198537ms (cache miss)
7175 http fetch GET 200 https://registry.npmjs.org/@rollup/plugin-alias/-/plugin-alias-6.0.0.tgz 198560ms (cache miss)
7176 http fetch GET 200 https://registry.npmjs.org/path-parse/-/path-parse-1.0.7.tgz 199080ms (cache miss)
7177 http fetch GET 200 https://registry.npmjs.org/@babel/helper-replace-supers/-/helper-replace-supers-7.29.7.tgz 199824ms (cache miss)
7178 http fetch GET 200 https://registry.npmjs.org/jwa/-/jwa-2.0.1.tgz 200282ms (cache miss)
7179 http fetch GET 200 https://registry.npmjs.org/toidentifier/-/toidentifier-1.0.1.tgz 200277ms (cache miss)
7180 http fetch GET 200 https://registry.npmjs.org/safer-buffer/-/safer-buffer-2.1.2.tgz 200295ms (cache miss)
7181 http fetch GET 200 https://registry.npmjs.org/inherits/-/inherits-2.0.4.tgz 200291ms (cache miss)
7182 http fetch GET 200 https://registry.npmjs.org/rou3/-/rou3-0.8.1.tgz 200288ms (cache miss)
7183 http fetch GET 200 https://registry.npmjs.org/agent-base/-/agent-base-6.0.2.tgz 200353ms (cache miss)
7184 http fetch GET 200 https://registry.npmjs.org/uncrypto/-/uncrypto-0.1.3.tgz 200339ms (cache miss)
7185 http fetch GET 200 https://registry.npmjs.org/defu/-/defu-6.1.7.tgz 200329ms (cache miss)
7186 http fetch GET 200 https://registry.npmjs.org/buffer-equal-constant-time/-/buffer-equal-constant-time-1.0.1.tgz 200342ms (cache miss)
7187 http fetch GET 200 https://registry.npmjs.org/destr/-/destr-2.0.5.tgz 200545ms (cache miss)
7188 http fetch GET 200 https://registry.npmjs.org/bindings/-/bindings-1.5.0.tgz 200763ms (cache miss)
7189 http fetch GET 200 https://registry.npmjs.org/cookie-es/-/cookie-es-1.2.3.tgz 201228ms (cache miss)
7190 http fetch GET 200 https://registry.npmjs.org/mimic-fn/-/mimic-fn-4.0.0.tgz 202220ms (cache miss)
7191 http fetch GET 200 https://registry.npmjs.org/ecdsa-sig-formatter/-/ecdsa-sig-formatter-1.0.11.tgz 201903ms (cache miss)
7192 http fetch GET 200 https://registry.npmjs.org/math-intrinsics/-/math-intrinsics-1.1.0.tgz 201930ms (cache miss)
7193 http fetch GET 200 https://registry.npmjs.org/gopd/-/gopd-1.2.0.tgz 201932ms (cache miss)
7194 http fetch GET 200 https://registry.npmjs.org/function-bind/-/function-bind-1.1.2.tgz 202025ms (cache miss)
7195 http fetch GET 200 https://registry.npmjs.org/get-proto/-/get-proto-1.0.1.tgz 202028ms (cache miss)
7196 http fetch GET 200 https://registry.npmjs.org/es-define-property/-/es-define-property-1.0.1.tgz 202024ms (cache miss)
7197 http fetch GET 200 https://registry.npmjs.org/call-bind-apply-helpers/-/call-bind-apply-helpers-1.0.2.tgz 202225ms (cache miss)
7198 http fetch GET 200 https://registry.npmjs.org/@types/d3-array/-/d3-array-3.2.2.tgz 203187ms (cache miss)
7199 http fetch GET 200 https://registry.npmjs.org/delayed-stream/-/delayed-stream-1.0.0.tgz 202447ms (cache miss)
7200 http fetch GET 200 https://registry.npmjs.org/es-set-tostringtag/-/es-set-tostringtag-2.1.0.tgz 202451ms (cache miss)
7201 http fetch GET 200 https://registry.npmjs.org/has-tostringtag/-/has-tostringtag-1.0.2.tgz 202617ms (cache miss)
7202 http fetch GET 200 https://registry.npmjs.org/hasown/-/hasown-2.0.4.tgz 202603ms (cache miss)
7203 http fetch GET 200 https://registry.npmjs.org/destroy/-/destroy-1.2.0.tgz 202597ms (cache miss)
7204 http fetch GET 200 https://registry.npmjs.org/unpipe/-/unpipe-1.0.0.tgz 202598ms (cache miss)
7205 http fetch GET 200 https://registry.npmjs.org/get-intrinsic/-/get-intrinsic-1.3.0.tgz 202630ms (cache miss)
7206 http fetch GET 200 https://registry.npmjs.org/raw-body/-/raw-body-2.5.3.tgz 202615ms (cache miss)
7207 http fetch GET 200 https://registry.npmjs.org/mime-types/-/mime-types-2.1.35.tgz 202608ms (cache miss)
7208 http fetch GET 200 https://registry.npmjs.org/negotiator/-/negotiator-0.6.3.tgz 202608ms (cache miss)
7209 http fetch GET 200 https://registry.npmjs.org/combined-stream/-/combined-stream-1.0.8.tgz 202892ms (cache miss)
7210 http fetch GET 200 https://registry.npmjs.org/statuses/-/statuses-2.0.2.tgz 202880ms (cache miss)
7211 http fetch GET 200 https://registry.npmjs.org/safe-buffer/-/safe-buffer-5.2.1.tgz 202879ms (cache miss)
7212 http fetch GET 200 https://registry.npmjs.org/type-is/-/type-is-1.6.18.tgz 202886ms (cache miss)
7213 http fetch GET 200 https://registry.npmjs.org/radix3/-/radix3-1.1.2.tgz 202911ms (cache miss)
7214 http fetch GET 200 https://registry.npmjs.org/range-parser/-/range-parser-1.2.1.tgz 202910ms (cache miss)
7215 http fetch GET 200 https://registry.npmjs.org/setprototypeof/-/setprototypeof-1.2.0.tgz 202914ms (cache miss)
7216 http fetch GET 200 https://registry.npmjs.org/serve-static/-/serve-static-1.16.3.tgz 202910ms (cache miss)
7217 http fetch GET 200 https://registry.npmjs.org/proxy-addr/-/proxy-addr-2.0.7.tgz 202908ms (cache miss)
7218 http fetch GET 200 https://registry.npmjs.org/path-to-regexp/-/path-to-regexp-0.1.13.tgz 202912ms (cache miss)
7219 http fetch GET 200 https://registry.npmjs.org/merge-descriptors/-/merge-descriptors-1.0.3.tgz 203346ms (cache miss)
7220 http fetch GET 200 https://registry.npmjs.org/parseurl/-/parseurl-1.3.3.tgz 203385ms (cache miss)
7221 http fetch GET 200 https://registry.npmjs.org/on-finished/-/on-finished-2.4.1.tgz 203388ms (cache miss)
7222 http fetch GET 200 https://registry.npmjs.org/methods/-/methods-1.1.2.tgz 203390ms (cache miss)
7223 http fetch GET 200 https://registry.npmjs.org/fresh/-/fresh-0.5.2.tgz 203391ms (cache miss)
7224 http fetch GET 200 https://registry.npmjs.org/etag/-/etag-1.8.1.tgz 203385ms (cache miss)
7225 http fetch GET 200 https://registry.npmjs.org/depd/-/depd-2.0.0.tgz 203397ms (cache miss)
7226 http fetch GET 200 https://registry.npmjs.org/side-channel/-/side-channel-1.1.1.tgz 204000ms (cache miss)
7227 http fetch GET 200 https://registry.npmjs.org/encodeurl/-/encodeurl-2.0.0.tgz 203462ms (cache miss)
7228 http fetch GET 200 https://registry.npmjs.org/cookie-signature/-/cookie-signature-1.0.7.tgz 203593ms (cache miss)
7229 http fetch GET 200 https://registry.npmjs.org/cookie/-/cookie-0.7.2.tgz 203593ms (cache miss)
7230 http fetch GET 200 https://registry.npmjs.org/escape-html/-/escape-html-1.0.3.tgz 203599ms (cache miss)
7231 http fetch GET 200 https://registry.npmjs.org/content-type/-/content-type-1.0.5.tgz 203589ms (cache miss)
7232 http fetch GET 200 https://registry.npmjs.org/@protobufjs/utf8/-/utf8-1.1.2.tgz 204187ms (cache miss)
7233 http fetch GET 200 https://registry.npmjs.org/array-flatten/-/array-flatten-1.1.1.tgz 203732ms (cache miss)
7234 http fetch GET 200 https://registry.npmjs.org/body-parser/-/body-parser-1.20.6.tgz 203732ms (cache miss)
7235 http fetch GET 200 https://registry.npmjs.org/whatwg-encoding/-/whatwg-encoding-3.1.1.tgz 203733ms (cache miss)
7236 http fetch GET 200 https://registry.npmjs.org/accepts/-/accepts-1.3.8.tgz 203870ms (cache miss)
7237 http fetch GET 200 https://registry.npmjs.org/ms/-/ms-2.1.3.tgz 203859ms (cache miss)
7238 http fetch GET 200 https://registry.npmjs.org/domelementtype/-/domelementtype-2.3.0.tgz 204519ms (cache miss)
7239 http fetch GET 200 https://registry.npmjs.org/boolbase/-/boolbase-1.0.0.tgz 204522ms (cache miss)
7240 http fetch GET 200 https://registry.npmjs.org/retry/-/retry-0.13.1.tgz 205233ms (cache miss)
7241 http fetch GET 200 https://registry.npmjs.org/dom-serializer/-/dom-serializer-2.0.0.tgz 205491ms (cache miss)
7242 http fetch GET 200 https://registry.npmjs.org/parse5-htmlparser2-tree-adapter/-/parse5-htmlparser2-tree-adapter-7.1.0.tgz 205503ms (cache miss)
7243 http fetch GET 200 https://registry.npmjs.org/cheerio-select/-/cheerio-select-2.1.0.tgz 205499ms (cache miss)
7244 http fetch GET 200 https://registry.npmjs.org/utils-merge/-/utils-merge-1.0.1.tgz 205499ms (cache miss)
7245 http fetch GET 200 https://registry.npmjs.org/update-browserslist-db/-/update-browserslist-db-1.3.2.tgz 205501ms (cache miss)
7246 http fetch GET 200 https://registry.npmjs.org/parse5-parser-stream/-/parse5-parser-stream-7.1.2.tgz 205518ms (cache miss)
7247 http fetch GET 200 https://registry.npmjs.org/proxy-from-env/-/proxy-from-env-2.1.0.tgz 213917ms (cache miss)
7248 http fetch GET 200 https://registry.npmjs.org/exsolve/-/exsolve-1.1.1.tgz 214187ms (cache miss)
7249 http fetch GET 200 https://registry.npmjs.org/is-glob/-/is-glob-4.0.3.tgz 214589ms (cache miss)
7250 http fetch GET 200 https://registry.npmjs.org/follow-redirects/-/follow-redirects-1.16.0.tgz 214126ms (cache miss)
7251 http fetch GET 200 https://registry.npmjs.org/react-refresh/-/react-refresh-0.18.0.tgz 214356ms (cache miss)
7252 http fetch GET 200 https://registry.npmjs.org/@rolldown/pluginutils/-/pluginutils-1.0.0-rc.3.tgz 214416ms (cache miss)
7253 http fetch GET 200 https://registry.npmjs.org/@babel/plugin-transform-react-jsx-source/-/plugin-transform-react-jsx-source-7.29.7.tgz 214424ms (cache miss)
7254 http fetch GET 200 https://registry.npmjs.org/@babel/plugin-transform-react-jsx-self/-/plugin-transform-react-jsx-self-7.29.7.tgz 214535ms (cache miss)
7255 http fetch GET 200 https://registry.npmjs.org/@types/range-parser/-/range-parser-1.2.7.tgz 214847ms (cache miss)
7256 http fetch GET 200 https://registry.npmjs.org/@types/send/-/send-1.2.1.tgz 214852ms (cache miss)
7257 http fetch GET 200 https://registry.npmjs.org/@types/serve-static/-/serve-static-1.15.10.tgz 216265ms (cache miss)
7258 http fetch GET 200 https://registry.npmjs.org/@types/connect/-/connect-3.4.38.tgz 216262ms (cache miss)
7259 http fetch GET 200 https://registry.npmjs.org/@types/qs/-/qs-6.15.1.tgz 216275ms (cache miss)
7260 http fetch GET 200 https://registry.npmjs.org/@types/body-parser/-/body-parser-1.19.6.tgz 216703ms (cache miss)
7261 http fetch GET 200 https://registry.npmjs.org/@types/babel__template/-/babel__template-7.4.4.tgz 216693ms (cache miss)
7262 http fetch GET 200 https://registry.npmjs.org/webidl-conversions/-/webidl-conversions-3.0.1.tgz 218196ms (cache miss)
7263 http fetch GET 200 https://registry.npmjs.org/dunder-proto/-/dunder-proto-1.0.1.tgz 217287ms (cache miss)
7264 http fetch GET 200 https://registry.npmjs.org/base64-js/-/base64-js-1.5.1.tgz 217313ms (cache miss)
7265 http fetch GET 200 https://registry.npmjs.org/@types/babel__generator/-/babel__generator-7.27.0.tgz 217157ms (cache miss)
7266 http fetch GET 200 https://registry.npmjs.org/vitefu/-/vitefu-1.1.3.tgz 217389ms (cache miss)
7267 http fetch GET 200 https://registry.npmjs.org/@tanstack/start-server-functions-fetcher/-/start-server-functions-fetcher-1.131.50.tgz 217808ms (cache miss)
7268 http fetch GET 200 https://registry.npmjs.org/@types/babel__code-frame/-/babel__code-frame-7.27.0.tgz 217809ms (cache miss)
7269 http fetch GET 200 https://registry.npmjs.org/@babel/helper-module-imports/-/helper-module-imports-7.29.7.tgz 217801ms (cache miss)
7270 http fetch GET 200 https://registry.npmjs.org/lru-cache/-/lru-cache-5.1.1.tgz 217809ms (cache miss)
7271 http fetch GET 200 https://registry.npmjs.org/@tanstack/start-storage-context/-/start-storage-context-1.167.29.tgz 217817ms (cache miss)
7272 http fetch GET 200 https://registry.npmjs.org/@babel/helper-globals/-/helper-globals-7.29.7.tgz 217811ms (cache miss)
7273 http fetch GET 200 https://registry.npmjs.org/gensync/-/gensync-1.0.0-beta.2.tgz 217804ms (cache miss)
7274 http fetch GET 200 https://registry.npmjs.org/convert-source-map/-/convert-source-map-2.0.0.tgz 217802ms (cache miss)
7275 http fetch GET 200 https://registry.npmjs.org/debug/-/debug-4.4.3.tgz 217805ms (cache miss)
7276 http fetch GET 200 https://registry.npmjs.org/@babel/helper-validator-option/-/helper-validator-option-7.29.7.tgz 217961ms (cache miss)
7277 http fetch GET 200 https://registry.npmjs.org/js-tokens/-/js-tokens-4.0.0.tgz 217946ms (cache miss)
7278 http fetch GET 200 https://registry.npmjs.org/@babel/helper-compilation-targets/-/helper-compilation-targets-7.29.7.tgz 217984ms (cache miss)
7279 http fetch GET 200 https://registry.npmjs.org/@babel/plugin-syntax-typescript/-/plugin-syntax-typescript-7.29.7.tgz 218199ms (cache miss)
7280 http fetch GET 200 https://registry.npmjs.org/@babel/compat-data/-/compat-data-7.29.7.tgz 218223ms (cache miss)
7281 http fetch GET 200 https://registry.npmjs.org/picocolors/-/picocolors-1.1.1.tgz 218215ms (cache miss)
7282 http fetch GET 200 https://registry.npmjs.org/vary/-/vary-1.1.2.tgz 218870ms (cache miss)
7283 http fetch GET 200 https://registry.npmjs.org/@babel/code-frame/-/code-frame-7.27.1.tgz 218664ms (cache miss)
7284 http fetch GET 200 https://registry.npmjs.org/tinyglobby/-/tinyglobby-0.2.17.tgz 218667ms (cache miss)
7285 http fetch GET 200 https://registry.npmjs.org/@babel/plugin-syntax-jsx/-/plugin-syntax-jsx-7.29.7.tgz 218679ms (cache miss)
7286 http fetch GET 200 https://registry.npmjs.org/ansis/-/ansis-4.3.1.tgz 218671ms (cache miss)
7287 http fetch GET 200 https://registry.npmjs.org/media-typer/-/media-typer-0.3.0.tgz 219685ms (cache miss)
7288 http fetch GET 200 https://registry.npmjs.org/use-sync-external-store/-/use-sync-external-store-1.6.0.tgz 219853ms (cache miss)
7289 http fetch GET 200 https://registry.npmjs.org/@tanstack/virtual-file-routes/-/virtual-file-routes-1.162.0.tgz 219949ms (cache miss)
7290 http fetch GET 200 https://registry.npmjs.org/@tanstack/store/-/store-0.7.7.tgz 220571ms (cache miss)
7291 http fetch GET 200 https://registry.npmjs.org/@tanstack/start-fn-stubs/-/start-fn-stubs-1.162.0.tgz 221601ms (cache miss)
7292 http fetch GET 200 https://registry.npmjs.org/@babel/helper-annotate-as-pure/-/helper-annotate-as-pure-7.29.7.tgz 223000ms (cache miss)
7293 http fetch GET 200 https://registry.npmjs.org/https-proxy-agent/-/https-proxy-agent-5.0.1.tgz 222679ms (cache miss)
7294 http fetch GET 200 https://registry.npmjs.org/@tanstack/server-functions-plugin/-/server-functions-plugin-1.142.1.tgz 223739ms (cache miss)
7295 http fetch GET 200 https://registry.npmjs.org/@tanstack/start-server-functions-server/-/start-server-functions-server-1.131.2.tgz 223736ms (cache miss)
7296 http fetch GET 200 https://registry.npmjs.org/tiny-warning/-/tiny-warning-1.0.3.tgz 223735ms (cache miss)
7297 http fetch GET 200 https://registry.npmjs.org/@tanstack/start-server-functions-ssr/-/start-server-functions-ssr-1.120.19.tgz 223794ms (cache miss)
7298 http fetch GET 200 https://registry.npmjs.org/@tanstack/start-server-functions-client/-/start-server-functions-client-1.131.50.tgz 223789ms (cache miss)
7299 http fetch GET 200 https://registry.npmjs.org/@tanstack/start-api-routes/-/start-api-routes-1.120.19.tgz 223795ms (cache miss)
7300 http fetch GET 200 https://registry.npmjs.org/tiny-invariant/-/tiny-invariant-1.3.3.tgz 223782ms (cache miss)
7301 http fetch GET 200 https://registry.npmjs.org/@tanstack/react-start-server/-/react-start-server-1.167.37.tgz 223790ms (cache miss)
7302 http fetch GET 200 https://registry.npmjs.org/@tanstack/react-start-router-manifest/-/react-start-router-manifest-1.120.19.tgz 223800ms (cache miss)
7303 http fetch GET 200 https://registry.npmjs.org/@tanstack/react-store/-/react-store-0.7.7.tgz 223790ms (cache miss)
7304 http fetch GET 200 https://registry.npmjs.org/@jridgewell/resolve-uri/-/resolve-uri-3.1.2.tgz 223785ms (cache miss)
7305 http fetch GET 200 https://registry.npmjs.org/@rollup/plugin-terser/-/plugin-terser-1.0.0.tgz 224206ms (cache miss)
7306 http fetch GET 200 https://registry.npmjs.org/powershell-utils/-/powershell-utils-0.2.1.tgz 224957ms (cache miss)
7307 http fetch GET 200 https://registry.npmjs.org/@babel/helper-plugin-utils/-/helper-plugin-utils-7.29.7.tgz 224084ms (cache miss)
7308 http fetch GET 200 https://registry.npmjs.org/p-retry/-/p-retry-4.6.2.tgz 224106ms (cache miss)
7309 http fetch GET 200 https://registry.npmjs.org/lazystream/-/lazystream-1.0.1.tgz 226204ms (cache miss)
7310 http fetch GET 200 https://registry.npmjs.org/readdir-glob/-/readdir-glob-1.1.3.tgz 226408ms (cache miss)
7311 http fetch GET 200 https://registry.npmjs.org/@types/resolve/-/resolve-1.20.2.tgz 226900ms (cache miss)
7312 http fetch GET 200 https://registry.npmjs.org/json-bigint/-/json-bigint-1.0.0.tgz 227279ms (cache miss)
7313 http fetch GET 200 https://registry.npmjs.org/boxen/-/boxen-7.1.1.tgz 228155ms (cache miss)
7314 http fetch GET 200 https://registry.npmjs.org/clsx/-/clsx-2.1.1.tgz 227442ms (cache miss)
7315 http fetch GET 200 https://registry.npmjs.org/class-variance-authority/-/class-variance-authority-0.7.1.tgz 227438ms (cache miss)
7316 http fetch GET 200 https://registry.npmjs.org/@vitejs/plugin-react/-/plugin-react-5.2.0.tgz 227829ms (cache miss)
7317 http fetch GET 200 https://registry.npmjs.org/babel-dead-code-elimination/-/babel-dead-code-elimination-1.0.12.tgz 228289ms (cache miss)
7318 http fetch GET 200 https://registry.npmjs.org/citty/-/citty-0.1.6.tgz 227333ms (cache miss)
7319 http fetch GET 200 https://registry.npmjs.org/citty/-/citty-0.1.6.tgz 227438ms (cache miss)
7320 http fetch GET 200 https://registry.npmjs.org/@types/express/-/express-4.17.25.tgz 228166ms (cache miss)
7321 http fetch GET 200 https://registry.npmjs.org/@tailwindcss/vite/-/vite-4.3.3.tgz 228272ms (cache miss)
7322 http fetch GET 200 https://registry.npmjs.org/@tanstack/react-start/-/react-start-1.120.0.tgz 228294ms (cache miss)
7323 http fetch GET 200 https://registry.npmjs.org/ansi-regex/-/ansi-regex-5.0.1.tgz 228800ms (cache miss)
7324 http fetch GET 200 https://registry.npmjs.org/strip-ansi/-/strip-ansi-6.0.1.tgz 228797ms (cache miss)
7325 http fetch GET 200 https://registry.npmjs.org/emoji-regex/-/emoji-regex-8.0.0.tgz 228803ms (cache miss)
7326 http fetch GET 200 https://registry.npmjs.org/strip-ansi/-/strip-ansi-6.0.1.tgz 228762ms (cache miss)
7327 http fetch GET 200 https://registry.npmjs.org/string-width/-/string-width-4.2.3.tgz 228755ms (cache miss)
7328 http fetch GET 200 https://registry.npmjs.org/string-width/-/string-width-4.2.3.tgz 228827ms (cache miss)
7329 http fetch GET 200 https://registry.npmjs.org/ansi-styles/-/ansi-styles-4.3.0.tgz 228825ms (cache miss)
7330 http fetch GET 200 https://registry.npmjs.org/strip-ansi/-/strip-ansi-6.0.1.tgz 228822ms (cache miss)
7331 http fetch GET 200 https://registry.npmjs.org/wrap-ansi/-/wrap-ansi-9.0.2.tgz 229130ms (cache miss)
7332 http fetch GET 200 https://registry.npmjs.org/isexe/-/isexe-2.0.0.tgz 229128ms (cache miss)
7333 http fetch GET 200 https://registry.npmjs.org/which/-/which-2.0.2.tgz 229122ms (cache miss)
7334 http fetch GET 200 https://registry.npmjs.org/string-width/-/string-width-7.2.0.tgz 229129ms (cache miss)
7335 http fetch GET 200 https://registry.npmjs.org/string-width/-/string-width-8.2.2.tgz 229092ms (cache miss)
7336 http fetch GET 200 https://registry.npmjs.org/js-tokens/-/js-tokens-10.0.0.tgz 229303ms (cache miss)
7337 http fetch GET 200 https://registry.npmjs.org/powershell-utils/-/powershell-utils-0.1.0.tgz 229335ms (cache miss)
7338 http fetch GET 200 https://registry.npmjs.org/path-key/-/path-key-4.0.0.tgz 229611ms (cache miss)
7339 http fetch GET 200 https://registry.npmjs.org/brace-expansion/-/brace-expansion-2.1.4.tgz 229546ms (cache miss)
7340 http fetch GET 200 https://registry.npmjs.org/safe-buffer/-/safe-buffer-5.1.2.tgz 229553ms (cache miss)
7341 http fetch GET 200 https://registry.npmjs.org/balanced-match/-/balanced-match-1.0.2.tgz 229556ms (cache miss)
7342 http fetch GET 200 https://registry.npmjs.org/https-proxy-agent/-/https-proxy-agent-7.0.6.tgz 229660ms (cache miss)
7343 http fetch GET 200 https://registry.npmjs.org/agent-base/-/agent-base-7.1.4.tgz 229684ms (cache miss)
7344 http fetch GET 200 https://registry.npmjs.org/string_decoder/-/string_decoder-1.1.1.tgz 229789ms (cache miss)
7345 http fetch GET 200 https://registry.npmjs.org/estree-walker/-/estree-walker-3.0.3.tgz 229968ms (cache miss)
7346 http fetch GET 200 https://registry.npmjs.org/ohash/-/ohash-2.0.12.tgz 229953ms (cache miss)
7347 http fetch GET 200 https://registry.npmjs.org/pkg-types/-/pkg-types-1.3.1.tgz 229967ms (cache miss)
7348 http fetch GET 200 https://registry.npmjs.org/pathe/-/pathe-1.1.2.tgz 229998ms (cache miss)
7349 http fetch GET 200 https://registry.npmjs.org/@types/send/-/send-0.17.6.tgz 230094ms (cache miss)
7350 http fetch GET 200 https://registry.npmjs.org/@babel/code-frame/-/code-frame-7.29.7.tgz 230135ms (cache miss)
7351 http fetch GET 200 https://registry.npmjs.org/cookie-es/-/cookie-es-3.1.1.tgz 230125ms (cache miss)
7352 http fetch GET 200 https://registry.npmjs.org/@tanstack/start-storage-context/-/start-storage-context-1.131.50.tgz 230310ms (cache miss)
7353 http fetch GET 200 https://registry.npmjs.org/readdirp/-/readdirp-3.6.0.tgz 230296ms (cache miss)
7354 http fetch GET 200 https://registry.npmjs.org/ms/-/ms-2.0.0.tgz 230352ms (cache miss)
7355 http fetch GET 200 https://registry.npmjs.org/@tanstack/router-utils/-/router-utils-1.141.0.tgz 230319ms (cache miss)
7356 http fetch GET 200 https://registry.npmjs.org/@tanstack/react-store/-/react-store-0.9.3.tgz 230401ms (cache miss)
7357 http fetch GET 200 https://registry.npmjs.org/@tanstack/server-functions-plugin/-/server-functions-plugin-1.131.2.tgz 230795ms (cache miss)
7358 http fetch GET 200 https://registry.npmjs.org/@tanstack/router-utils/-/router-utils-1.131.2.tgz 230799ms (cache miss)
7359 http fetch GET 200 https://registry.npmjs.org/@tanstack/virtual-file-routes/-/virtual-file-routes-1.131.2.tgz 230916ms (cache miss)
7360 http fetch GET 200 https://registry.npmjs.org/fresh/-/fresh-2.0.0.tgz 231052ms (cache miss)
7361 http fetch GET 200 https://registry.npmjs.org/send/-/send-1.2.1.tgz 231054ms (cache miss)
7362 http fetch GET 200 https://registry.npmjs.org/mime-types/-/mime-types-3.0.2.tgz 231342ms (cache miss)
7363 http fetch GET 200 https://registry.npmjs.org/serve-static/-/serve-static-2.2.1.tgz 231343ms (cache miss)
7364 http fetch GET 200 https://registry.npmjs.org/cookie-es/-/cookie-es-2.0.1.tgz 231332ms (cache miss)
7365 http fetch GET 200 https://registry.npmjs.org/@standard-schema/utils/-/utils-0.3.0.tgz 232844ms (cache miss)
7366 http fetch GET 200 https://registry.npmjs.org/ansi-styles/-/ansi-styles-6.2.3.tgz 234321ms (cache miss)
7367 http fetch GET 200 https://registry.npmjs.org/@rolldown/pluginutils/-/pluginutils-1.0.0-beta.27.tgz 232644ms (cache miss)
7368 http fetch GET 200 https://registry.npmjs.org/tslib/-/tslib-1.14.1.tgz 232867ms (cache miss)
7369 http fetch GET 200 https://registry.npmjs.org/micromatch/-/micromatch-4.0.8.tgz 234593ms (cache miss)
7370 http fetch GET 200 https://registry.npmjs.org/supabase/-/supabase-2.116.0.tgz 236793ms (cache miss)
7371 http fetch GET 200 https://registry.npmjs.org/react-is/-/react-is-19.2.8.tgz 236845ms (cache miss)
7372 http fetch GET 200 https://registry.npmjs.org/@types/babel__core/-/babel__core-7.20.5.tgz 237781ms (cache miss)
7373 http fetch GET 200 https://registry.npmjs.org/node-releases/-/node-releases-2.0.54.tgz 238036ms (cache miss)
7374 http fetch GET 200 https://registry.npmjs.org/bytes/-/bytes-3.1.2.tgz 239229ms (cache miss)
7375 http fetch GET 200 https://registry.npmjs.org/http-errors/-/http-errors-2.0.1.tgz 239817ms (cache miss)
7376 http fetch GET 200 https://registry.npmjs.org/content-disposition/-/content-disposition-0.5.4.tgz 240555ms (cache miss)
7377 http fetch GET 200 https://registry.npmjs.org/is-stream/-/is-stream-3.0.0.tgz 240423ms (cache miss)
7378 http fetch GET 200 https://registry.npmjs.org/whatwg-mimetype/-/whatwg-mimetype-4.0.0.tgz 248094ms (cache miss)
7379 http fetch GET 200 https://registry.npmjs.org/is64bit/-/is64bit-2.0.0.tgz 250678ms (cache miss)
7380 http fetch GET 200 https://registry.npmjs.org/@tailwindcss/oxide/-/oxide-4.3.3.tgz 249941ms (cache miss)
7381 http fetch GET 200 https://registry.npmjs.org/cookie-es/-/cookie-es-1.2.3.tgz 249855ms (cache miss)
7382 http fetch GET 200 https://registry.npmjs.org/@types/http-errors/-/http-errors-2.0.5.tgz 251063ms (cache miss)
7383 http fetch GET 200 https://registry.npmjs.org/@types/express-serve-static-core/-/express-serve-static-core-4.19.9.tgz 251488ms (cache miss)
7384 http fetch GET 200 https://registry.npmjs.org/dot-prop/-/dot-prop-10.2.0.tgz 254677ms (cache miss)
7385 http fetch GET 200 https://registry.npmjs.org/@types/babel__traverse/-/babel__traverse-7.28.0.tgz 256845ms (cache miss)
7386 http fetch GET 200 https://registry.npmjs.org/@babel/code-frame/-/code-frame-7.27.1.tgz 256757ms (cache miss)
7387 http fetch GET 200 https://registry.npmjs.org/crc32-stream/-/crc32-stream-6.0.0.tgz 261096ms (cache miss)
7388 http fetch GET 200 https://registry.npmjs.org/ansi-regex/-/ansi-regex-5.0.1.tgz 266645ms (cache miss)
7389 http fetch GET 200 https://registry.npmjs.org/ansi-regex/-/ansi-regex-5.0.1.tgz 266609ms (cache miss)
7390 http fetch GET 200 https://registry.npmjs.org/ansi-regex/-/ansi-regex-5.0.1.tgz 266649ms (cache miss)
7391 http fetch GET 200 https://registry.npmjs.org/emoji-regex/-/emoji-regex-8.0.0.tgz 266612ms (cache miss)
7392 http fetch GET 200 https://registry.npmjs.org/emoji-regex/-/emoji-regex-8.0.0.tgz 266610ms (cache miss)
7393 http fetch GET 200 https://registry.npmjs.org/brace-expansion/-/brace-expansion-2.1.4.tgz 267095ms (cache miss)
7394 http fetch GET 200 https://registry.npmjs.org/balanced-match/-/balanced-match-1.0.2.tgz 267108ms (cache miss)
7395 http fetch GET 200 https://registry.npmjs.org/https-proxy-agent/-/https-proxy-agent-7.0.6.tgz 267275ms (cache miss)
7396 http fetch GET 200 https://registry.npmjs.org/estree-walker/-/estree-walker-3.0.3.tgz 267461ms (cache miss)
7397 http fetch GET 200 https://registry.npmjs.org/pathe/-/pathe-1.1.2.tgz 267277ms (cache miss)
7398 http fetch GET 200 https://registry.npmjs.org/@poppinss/exception/-/exception-1.2.3.tgz 269316ms (cache miss)
7399 http fetch GET 200 https://registry.npmjs.org/@babel/code-frame/-/code-frame-7.29.7.tgz 267574ms (cache miss)
7400 http fetch GET 200 https://registry.npmjs.org/@babel/code-frame/-/code-frame-7.29.7.tgz 267562ms (cache miss)
7401 http fetch GET 200 https://registry.npmjs.org/cookie-es/-/cookie-es-3.1.1.tgz 267575ms (cache miss)
7402 http fetch GET 200 https://registry.npmjs.org/cookie-es/-/cookie-es-3.1.1.tgz 267431ms (cache miss)
7403 http fetch GET 200 https://registry.npmjs.org/cookie-es/-/cookie-es-3.1.1.tgz 267276ms (cache miss)
7404 http fetch GET 200 https://registry.npmjs.org/cookie-es/-/cookie-es-3.1.1.tgz 267280ms (cache miss)
7405 http fetch GET 200 https://registry.npmjs.org/cookie-es/-/cookie-es-3.1.1.tgz 267253ms (cache miss)
7406 http fetch GET 200 https://registry.npmjs.org/cookie-es/-/cookie-es-3.1.1.tgz 267236ms (cache miss)
7407 http fetch GET 200 https://registry.npmjs.org/cookie-es/-/cookie-es-3.1.1.tgz 267201ms (cache miss)
7408 http fetch GET 200 https://registry.npmjs.org/@tanstack/start-storage-context/-/start-storage-context-1.131.50.tgz 267622ms (cache miss)
7409 http fetch GET 200 https://registry.npmjs.org/ms/-/ms-2.0.0.tgz 267674ms (cache miss)
7410 http fetch GET 200 https://registry.npmjs.org/ms/-/ms-2.0.0.tgz 267674ms (cache miss)
7411 http fetch GET 200 https://registry.npmjs.org/ms/-/ms-2.0.0.tgz 267125ms (cache miss)
7412 http fetch GET 200 https://registry.npmjs.org/readdirp/-/readdirp-3.6.0.tgz 267479ms (cache miss)
7413 http fetch GET 200 https://registry.npmjs.org/@tanstack/react-store/-/react-store-0.9.3.tgz 267791ms (cache miss)
7414 http fetch GET 200 https://registry.npmjs.org/@tanstack/react-store/-/react-store-0.9.3.tgz 267731ms (cache miss)
7415 http fetch GET 200 https://registry.npmjs.org/@tanstack/server-functions-plugin/-/server-functions-plugin-1.131.2.tgz 268033ms (cache miss)
7416 http fetch GET 200 https://registry.npmjs.org/@tanstack/router-utils/-/router-utils-1.131.2.tgz 268044ms (cache miss)
7417 http fetch GET 200 https://registry.npmjs.org/@tanstack/router-utils/-/router-utils-1.131.2.tgz 268024ms (cache miss)
7418 http fetch GET 200 https://registry.npmjs.org/denque/-/denque-2.1.0.tgz 275579ms (cache miss)
7419 http fetch GET 200 https://registry.npmjs.org/get-east-asian-width/-/get-east-asian-width-1.6.0.tgz 278931ms (cache miss)
7420 http fetch GET 200 https://registry.npmjs.org/js-yaml 279865ms (cache miss)
7421 silly packumentCache corgi:https://registry.npmjs.org/js-yaml set size:undefined disposed:false
7422 http fetch GET 200 https://registry.npmjs.org/commander/-/commander-2.20.3.tgz 280365ms (cache miss)
7423 http fetch GET 200 https://registry.npmjs.org/finalhandler/-/finalhandler-1.3.2.tgz 280655ms (cache miss)
7424 http fetch GET 200 https://registry.npmjs.org/open/-/open-11.0.2.tgz 284742ms (cache miss)
7425 http fetch GET 200 https://registry.npmjs.org/@babel/helper-string-parser/-/helper-string-parser-7.29.7.tgz 285337ms (cache miss)
7426 http fetch GET 200 https://registry.npmjs.org/send/-/send-0.19.2.tgz 286199ms (cache miss)
7427 http fetch GET 200 https://registry.npmjs.org/internmap/-/internmap-2.0.3.tgz 288239ms (cache miss)
7428 http fetch GET 200 https://registry.npmjs.org/@babel/preset-typescript/-/preset-typescript-7.29.7.tgz 290822ms (cache miss)
7429 http fetch GET 200 https://registry.npmjs.org/@types/d3-scale/-/d3-scale-4.0.9.tgz 293220ms (cache miss)
7430 http fetch GET 200 https://registry.npmjs.org/emoji-regex/-/emoji-regex-10.6.0.tgz 293971ms (cache miss)
7431 http fetch GET 200 https://registry.npmjs.org/@babel/code-frame/-/code-frame-7.27.1.tgz 294848ms (cache miss)
7432 http fetch GET 200 https://registry.npmjs.org/@babel/code-frame/-/code-frame-7.26.2.tgz 294888ms (cache miss)
7433 http fetch GET 200 https://registry.npmjs.org/httpxy/-/httpxy-0.5.5.tgz 295997ms (cache miss)
7434 http fetch GET 200 https://registry.npmjs.org/@isaacs/cliui/-/cliui-8.0.2.tgz 297649ms (cache miss)
7435 http fetch GET 200 https://registry.npmjs.org/cookie-es/-/cookie-es-3.1.1.tgz 302759ms (cache miss)
7436 http fetch GET 200 https://registry.npmjs.org/@types/d3-shape/-/d3-shape-3.2.0.tgz 304652ms (cache miss)
7437 http fetch GET 200 https://registry.npmjs.org/cookie-es/-/cookie-es-3.1.1.tgz 303594ms (cache miss)
7438 http fetch GET 200 https://registry.npmjs.org/cookie-es/-/cookie-es-3.1.1.tgz 303893ms (cache miss)
7439 http fetch GET 200 https://registry.npmjs.org/cookie-es/-/cookie-es-3.1.1.tgz 304397ms (cache miss)
7440 http fetch GET 200 https://registry.npmjs.org/magic-string/-/magic-string-1.2.3.tgz 307436ms (cache miss)
7441 http fetch GET 200 https://registry.npmjs.org/jsesc/-/jsesc-3.1.0.tgz 310675ms (cache miss)
7442 http fetch GET 200 https://registry.npmjs.org/ignore/-/ignore-7.0.7.tgz 311901ms (cache miss)
7443 http fetch GET 200 https://registry.npmjs.org/source-map-support/-/source-map-support-0.5.21.tgz 314449ms (cache miss)
7444 http fetch GET 200 https://registry.npmjs.org/buffer/-/buffer-6.0.3.tgz 315085ms (cache miss)
7445 http fetch GET 200 https://registry.npmjs.org/graceful-fs/-/graceful-fs-4.2.11.tgz 314481ms (cache miss)
7446 http fetch GET 200 https://registry.npmjs.org/fetchdts/-/fetchdts-0.1.7.tgz 319179ms (cache miss)
7447 http fetch GET 200 https://registry.npmjs.org/color-convert/-/color-convert-2.0.1.tgz 321021ms (cache miss)
7448 http fetch GET 200 https://registry.npmjs.org/semver/-/semver-6.3.1.tgz 319745ms (cache miss)
7449 http fetch GET 200 https://registry.npmjs.org/minimatch/-/minimatch-5.1.9.tgz 320067ms (cache miss)
7450 warn deprecated whatwg-encoding@3.1.1: Use @exodus/bytes instead for a more spec-conformant and faster implementation
7451 http fetch GET 200 https://registry.npmjs.org/formdata-polyfill/-/formdata-polyfill-4.0.10.tgz 329749ms (cache miss)
7452 http fetch GET 200 https://registry.npmjs.org/kleur/-/kleur-4.1.5.tgz 333411ms (cache miss)
7453 http fetch GET 200 https://registry.npmjs.org/chokidar/-/chokidar-5.0.0.tgz 344573ms (cache miss)
7454 http fetch GET 200 https://registry.npmjs.org/@babel/helper-member-expression-to-functions/-/helper-member-expression-to-functions-7.29.7.tgz 346577ms (cache miss)
7455 http fetch GET 200 https://registry.npmjs.org/mime-db/-/mime-db-1.52.0.tgz 353573ms (cache miss)
7456 http fetch GET 200 https://registry.npmjs.org/fdir/-/fdir-6.5.0.tgz 354388ms (cache miss)
7457 http fetch GET 200 https://registry.npmjs.org/globby/-/globby-16.2.4.tgz 356069ms (cache miss)
7458 http fetch GET 200 https://registry.npmjs.org/rc9/-/rc9-3.0.1.tgz 357230ms (cache miss)
7459 http fetch GET 200 https://registry.npmjs.org/streamx/-/streamx-2.28.1.tgz 359460ms (cache miss)
7460 http fetch GET 200 https://registry.npmjs.org/@protobufjs/float/-/float-1.0.2.tgz 360315ms (cache miss)
7461 http fetch GET 200 https://registry.npmjs.org/c12/-/c12-3.3.4.tgz 361056ms (cache miss)
7462 http fetch GET 200 https://registry.npmjs.org/h3 363193ms (cache miss)
7463 silly packumentCache corgi:https://registry.npmjs.org/h3 set size:undefined disposed:false
7464 http fetch GET 200 https://registry.npmjs.org/is-core-module/-/is-core-module-2.16.2.tgz 362589ms (cache miss)
7465 http fetch GET 200 https://registry.npmjs.org/cliui/-/cliui-9.0.1.tgz 369557ms (cache miss)
7466 http fetch GET 200 https://registry.npmjs.org/local-pkg/-/local-pkg-1.2.1.tgz 372136ms (cache miss)
7467 http fetch GET 200 https://registry.npmjs.org/std-env/-/std-env-3.10.0.tgz 373575ms (cache miss)
7468 http fetch GET 200 https://registry.npmjs.org/mime-db/-/mime-db-1.54.0.tgz 373880ms (cache miss)
7469 http fetch GET 200 https://registry.npmjs.org/es-module-lexer/-/es-module-lexer-1.7.0.tgz 377028ms (cache miss)
7470 http fetch GET 200 https://registry.npmjs.org/bare-events/-/bare-events-2.9.2.tgz 376847ms (cache miss)
7471 http fetch GET 200 https://registry.npmjs.org/citty/-/citty-0.1.6.tgz 378409ms (cache miss)
7472 http fetch GET 200 https://registry.npmjs.org/extend/-/extend-3.0.2.tgz 382540ms (cache miss)
7473 http fetch GET 200 https://registry.npmjs.org/bare-stream/-/bare-stream-2.13.4.tgz 385121ms (cache miss)
7474 http fetch GET 200 https://registry.npmjs.org/crc-32/-/crc-32-1.2.2.tgz 385989ms (cache miss)
7475 http fetch GET 200 https://registry.npmjs.org/eventemitter3/-/eventemitter3-4.0.7.tgz 389106ms (cache miss)
7476 http fetch GET 200 https://registry.npmjs.org/esbuild/-/esbuild-0.25.12.tgz 393859ms (cache miss)
7477 http fetch GET 200 https://registry.npmjs.org/call-bound/-/call-bound-1.0.4.tgz 395894ms (cache miss)
7478 http fetch GET 200 https://registry.npmjs.org/knitwork/-/knitwork-1.3.0.tgz 395851ms (cache miss)
7479 http fetch GET 200 https://registry.npmjs.org/esbuild/-/esbuild-0.20.2.tgz 395311ms (cache miss)
7480 http fetch GET 200 https://registry.npmjs.org/form-data/-/form-data-4.0.6.tgz 396814ms (cache miss)
7481 http fetch GET 200 https://registry.npmjs.org/iron-webcrypto/-/iron-webcrypto-1.2.1.tgz 398682ms (cache miss)
7482 http fetch GET 200 https://registry.npmjs.org/node-fetch/-/node-fetch-2.7.0.tgz 400810ms (cache miss)
7483 http fetch GET 200 https://registry.npmjs.org/uqr/-/uqr-0.1.3.tgz 404832ms (cache miss)
7484 http fetch GET 200 https://registry.npmjs.org/esbuild/-/esbuild-0.28.2.tgz 404586ms (cache miss)
7485 http fetch GET 200 https://registry.npmjs.org/esbuild/-/esbuild-0.28.2.tgz 406119ms (cache miss)
7486 http fetch GET 200 https://registry.npmjs.org/chokidar/-/chokidar-3.6.0.tgz 410400ms (cache miss)
7487 http fetch GET 200 https://registry.npmjs.org/chokidar/-/chokidar-3.6.0.tgz 410965ms (cache miss)
7488 http fetch GET 200 https://registry.npmjs.org/cross-spawn/-/cross-spawn-7.0.6.tgz 418850ms (cache miss)
7489 http fetch GET 200 https://registry.npmjs.org/@sindresorhus/is/-/is-7.2.0.tgz 420487ms (cache miss)
7490 http fetch GET 200 https://registry.npmjs.org/redux-thunk/-/redux-thunk-3.1.0.tgz 430226ms (cache miss)
7491 http fetch GET 200 https://registry.npmjs.org/@vitejs/plugin-react/-/plugin-react-4.7.0.tgz 430197ms (cache miss)
7492 http fetch GET 200 https://registry.npmjs.org/jws/-/jws-4.0.1.tgz 431330ms (cache miss)
7493 http fetch GET 200 https://registry.npmjs.org/deepmerge/-/deepmerge-4.3.1.tgz 431537ms (cache miss)
7494 http fetch GET 200 https://registry.npmjs.org/side-channel-map/-/side-channel-map-1.0.1.tgz 437085ms (cache miss)
7495 http fetch GET 200 https://registry.npmjs.org/side-channel-weakmap/-/side-channel-weakmap-1.0.2.tgz 438356ms (cache miss)
7496 http fetch GET 200 https://registry.npmjs.org/human-signals/-/human-signals-5.0.0.tgz 439246ms (cache miss)
7497 http fetch GET 200 https://registry.npmjs.org/react-refresh/-/react-refresh-0.17.0.tgz 439993ms (cache miss)
7498 http fetch GET 200 https://registry.npmjs.org/mime/-/mime-3.0.0.tgz 446687ms (cache miss)
7499 http fetch GET 200 https://registry.npmjs.org/mime/-/mime-1.6.0.tgz 446847ms (cache miss)
7500 http fetch GET 200 https://registry.npmjs.org/path-to-regexp/-/path-to-regexp-6.3.0.tgz 447786ms (cache miss)
7501 http fetch GET 200 https://registry.npmjs.org/browserslist/-/browserslist-4.28.8.tgz 450961ms (cache miss)
7502 http fetch GET 200 https://registry.npmjs.org/ufo/-/ufo-1.6.4.tgz 451233ms (cache miss)
7503 http fetch GET 200 https://registry.npmjs.org/@babel/helper-validator-identifier/-/helper-validator-identifier-7.29.7.tgz 451473ms (cache miss)
7504 http fetch GET 200 https://registry.npmjs.org/postcss-value-parser/-/postcss-value-parser-4.2.0.tgz 452571ms (cache miss)
7505 http fetch GET 200 https://registry.npmjs.org/croner/-/croner-10.0.1.tgz 453480ms (cache miss)
7506 http fetch GET 200 https://registry.npmjs.org/@rollup/pluginutils/-/pluginutils-5.4.0.tgz 454562ms (cache miss)
7507 http fetch GET 200 https://registry.npmjs.org/side-channel-list/-/side-channel-list-1.0.1.tgz 458769ms (cache miss)
7508 http fetch GET 200 https://registry.npmjs.org/picomatch/-/picomatch-2.3.2.tgz 465041ms (cache miss)
7509 http fetch GET 200 https://registry.npmjs.org/picomatch/-/picomatch-2.3.2.tgz 465161ms (cache miss)
7510 http fetch GET 200 https://registry.npmjs.org/@cloudflare/kv-asset-handler/-/kv-asset-handler-0.4.2.tgz 467137ms (cache miss)
7511 http fetch GET 200 https://registry.npmjs.org/picomatch/-/picomatch-2.3.2.tgz 468159ms (cache miss)
7512 http fetch GET 200 https://registry.npmjs.org/picomatch/-/picomatch-2.3.2.tgz 468159ms (cache miss)
7513 http fetch GET 200 https://registry.npmjs.org/picomatch/-/picomatch-4.0.7.tgz 479787ms (cache miss)
7514 http fetch GET 200 https://registry.npmjs.org/long/-/long-5.3.2.tgz 480714ms (cache miss)
7515 http fetch GET 200 https://registry.npmjs.org/mlly/-/mlly-1.8.2.tgz 480611ms (cache miss)
7516 http fetch GET 200 https://registry.npmjs.org/@tanstack%2fstart-server-core 485028ms (cache miss)
7517 silly packumentCache corgi:https://registry.npmjs.org/@tanstack%2fstart-server-core set size:undefined disposed:false
7518 http fetch GET 200 https://registry.npmjs.org/@deno/shim-deno-test/-/shim-deno-test-0.5.0.tgz 488838ms (cache miss)
7519 http fetch GET 200 https://registry.npmjs.org/get-stream/-/get-stream-8.0.1.tgz 490475ms (cache miss)
7520 http fetch GET 200 https://registry.npmjs.org/baseline-browser-mapping/-/baseline-browser-mapping-2.11.20.tgz 490116ms (cache miss)
7521 http fetch GET 200 https://registry.npmjs.org/webpack-virtual-modules/-/webpack-virtual-modules-0.6.2.tgz 492623ms (cache miss)
7522 http fetch GET 200 https://registry.npmjs.org/@rollup/plugin-node-resolve/-/plugin-node-resolve-16.0.3.tgz 494785ms (cache miss)
7523 http fetch GET 200 https://registry.npmjs.org/@parcel/watcher-win32-x64/-/watcher-win32-x64-2.6.0.tgz 499015ms (cache miss)
7524 http fetch GET 200 https://registry.npmjs.org/d3-color/-/d3-color-3.1.0.tgz 508355ms (cache miss)
7525 http fetch GET 200 https://registry.npmjs.org/eventemitter3/-/eventemitter3-5.0.4.tgz 508347ms (cache miss)
7526 http fetch GET 200 https://registry.npmjs.org/@babel/plugin-transform-modules-commonjs/-/plugin-transform-modules-commonjs-7.29.7.tgz 511063ms (cache miss)
7527 http fetch GET 200 https://registry.npmjs.org/iceberg-js/-/iceberg-js-0.8.1.tgz 510364ms (cache miss)
7528 http fetch GET 200 https://registry.npmjs.org/gcp-metadata/-/gcp-metadata-8.1.2.tgz 510750ms (cache miss)
7529 http fetch GET 200 https://registry.npmjs.org/b4a/-/b4a-1.8.1.tgz 515504ms (cache miss)
7530 http fetch GET 200 https://registry.npmjs.org/event-target-shim/-/event-target-shim-5.0.1.tgz 524211ms (cache miss)
7531 http fetch GET 200 https://registry.npmjs.org/electron-to-chromium/-/electron-to-chromium-1.5.416.tgz 531352ms (cache miss)
7532 http fetch GET 200 https://registry.npmjs.org/bignumber.js/-/bignumber.js-9.3.1.tgz 532837ms (cache miss)
7533 http fetch GET 200 https://registry.npmjs.org/@tanstack/history/-/history-1.162.1.tgz 539121ms (cache miss)
7534 http fetch GET 200 https://registry.npmjs.org/@rollup/plugin-commonjs/-/plugin-commonjs-29.0.3.tgz 541039ms (cache miss)
7535 http fetch GET 200 https://registry.npmjs.org/error-stack-parser-es/-/error-stack-parser-es-1.0.5.tgz 542142ms (cache miss)
7536 http fetch GET 200 https://registry.npmjs.org/@tanstack/history/-/history-1.131.2.tgz 543002ms (cache miss)
7537 http fetch GET 200 https://registry.npmjs.org/@tanstack/history/-/history-1.162.1.tgz 542957ms (cache miss)
7538 http fetch GET 200 https://registry.npmjs.org/@tanstack/history/-/history-1.162.1.tgz 543121ms (cache miss)
7539 http fetch GET 200 https://registry.npmjs.org/@tanstack/start-server-functions-handler/-/start-server-functions-handler-1.120.19.tgz 543530ms (cache miss)
7540 http fetch GET 200 https://registry.npmjs.org/@tanstack/history/-/history-1.131.2.tgz 543085ms (cache miss)
7541 http fetch GET 200 https://registry.npmjs.org/@tanstack/history/-/history-1.162.1.tgz 542958ms (cache miss)
7542 http fetch GET 200 https://registry.npmjs.org/@tanstack/history/-/history-1.162.1.tgz 542935ms (cache miss)
7543 http fetch GET 200 https://registry.npmjs.org/@tanstack/history/-/history-1.162.1.tgz 542942ms (cache miss)
7544 http fetch GET 200 https://registry.npmjs.org/@tanstack/history/-/history-1.162.1.tgz 542865ms (cache miss)
7545 http fetch GET 200 https://registry.npmjs.org/@tanstack/history/-/history-1.162.1.tgz 542928ms (cache miss)
7546 http fetch GET 200 https://registry.npmjs.org/@tanstack/history/-/history-1.162.1.tgz 542940ms (cache miss)
7547 http fetch GET 200 https://registry.npmjs.org/@poppinss/colors/-/colors-4.1.6.tgz 545137ms (cache miss)
7548 http fetch GET 200 https://registry.npmjs.org/es-object-atoms/-/es-object-atoms-1.1.2.tgz 544109ms (cache miss)
7549 http fetch GET 200 https://registry.npmjs.org/@tanstack/history/-/history-1.162.1.tgz 543064ms (cache miss)
7550 http fetch GET 200 https://registry.npmjs.org/@tanstack/history/-/history-1.162.1.tgz 543145ms (cache miss)
7551 http fetch GET 200 https://registry.npmjs.org/decimal.js-light/-/decimal.js-light-2.5.1.tgz 545700ms (cache miss)
7552 http fetch GET 200 https://registry.npmjs.org/tr46/-/tr46-0.0.3.tgz 546908ms (cache miss)
7553 http fetch GET 200 https://registry.npmjs.org/@tanstack/server-functions-plugin/-/server-functions-plugin-1.131.2.tgz 546158ms (cache miss)
7554 http fetch GET 200 https://registry.npmjs.org/tslib/-/tslib-2.8.1.tgz 547333ms (cache miss)
7555 http fetch GET 200 https://registry.npmjs.org/@tanstack/history/-/history-1.115.0.tgz 547412ms (cache miss)
7556 http fetch GET 200 https://registry.npmjs.org/@tanstack/history/-/history-1.131.2.tgz 550252ms (cache miss)
7557 http fetch GET 200 https://registry.npmjs.org/esprima/-/esprima-4.0.1.tgz 552746ms (cache miss)
7558 http fetch GET 200 https://registry.npmjs.org/@tailwindcss/node/-/node-4.3.3.tgz 556871ms (cache miss)
7559 http fetch GET 200 https://registry.npmjs.org/execa/-/execa-8.0.1.tgz 563763ms (cache miss)
7560 http fetch GET 200 https://registry.npmjs.org/abort-controller/-/abort-controller-3.0.0.tgz 578833ms (cache miss)
7561 http fetch GET 200 https://registry.npmjs.org/agent-base/-/agent-base-7.1.4.tgz 593612ms (cache miss)
7562 http fetch GET 200 https://registry.npmjs.org/yargs-parser/-/yargs-parser-22.0.0.tgz 639615ms (cache miss)
7563 http fetch GET 200 https://registry.npmjs.org/has-symbols/-/has-symbols-1.1.0.tgz 641832ms (cache miss)
7564 http fetch GET 200 https://registry.npmjs.org/emoji-regex/-/emoji-regex-9.2.2.tgz 642817ms (cache miss)
7565 http fetch GET 200 https://registry.npmjs.org/h3/-/h3-1.13.0.tgz 642951ms (cache miss)
7566 http fetch GET 200 https://registry.npmjs.org/dotenv/-/dotenv-17.4.2.tgz 643808ms (cache miss)
7567 http fetch GET 200 https://registry.npmjs.org/scheduler/-/scheduler-0.27.0.tgz 648829ms (cache miss)
7568 http fetch GET 200 https://registry.npmjs.org/@tanstack/react-start-plugin/-/react-start-plugin-1.131.50.tgz 648453ms (cache miss)
7569 http fetch GET 200 https://registry.npmjs.org/h3/-/h3-1.15.11.tgz 648608ms (cache miss)
7570 http fetch GET 200 https://registry.npmjs.org/esbuild 662089ms (cache miss)
7571 silly packumentCache corgi:https://registry.npmjs.org/esbuild set size:undefined disposed:false
7572 http fetch GET 200 https://registry.npmjs.org/@tanstack/react-start-config/-/react-start-config-1.120.20.tgz 672234ms (cache miss)
7573 http fetch GET 200 https://registry.npmjs.org/debug/-/debug-2.6.9.tgz 675766ms (cache miss)
7574 http fetch GET 200 https://registry.npmjs.org/debug/-/debug-2.6.9.tgz 678368ms (cache miss)
7575 http fetch GET 200 https://registry.npmjs.org/magicast/-/magicast-0.5.4.tgz 680316ms (cache miss)
7576 http fetch GET 200 https://registry.npmjs.org/package-json-from-dist/-/package-json-from-dist-1.0.1.tgz 682139ms (cache miss)
7577 http fetch GET 200 https://registry.npmjs.org/debug/-/debug-2.6.9.tgz 683368ms (cache miss)
7578 http fetch GET 200 https://registry.npmjs.org/debug/-/debug-2.6.9.tgz 683521ms (cache miss)
7579 http fetch GET 200 https://registry.npmjs.org/h3/-/h3-1.15.11.tgz 683917ms (cache miss)
7580 http fetch GET 200 https://registry.npmjs.org/h3/-/h3-1.15.11.tgz 683600ms (cache miss)
7581 http fetch GET 200 https://registry.npmjs.org/sprintf-js/-/sprintf-js-1.0.3.tgz 686381ms (cache miss)
7582 http fetch GET 200 https://registry.npmjs.org/acorn/-/acorn-8.18.0.tgz 702818ms (cache miss)
7583 http fetch GET 200 https://registry.npmjs.org/untun/-/untun-0.1.3.tgz 704007ms (cache miss)
7584 http fetch GET 200 https://registry.npmjs.org/chalk/-/chalk-5.6.2.tgz 708008ms (cache miss)
7585 http fetch GET 200 https://registry.npmjs.org/pathe/-/pathe-1.1.2.tgz 708022ms (cache miss)
7586 http fetch GET 200 https://registry.npmjs.org/@pdf-lib/upng/-/upng-1.0.1.tgz 707621ms (cache miss)
7587 http fetch GET 200 https://registry.npmjs.org/brace-expansion/-/brace-expansion-5.0.9.tgz 716321ms (cache miss)
7588 http fetch GET 200 https://registry.npmjs.org/es-errors/-/es-errors-1.3.0.tgz 717153ms (cache miss)
7589 http fetch GET 200 https://registry.npmjs.org/@babel/plugin-transform-typescript/-/plugin-transform-typescript-7.29.7.tgz 722502ms (cache miss)
7590 http fetch GET 200 https://registry.npmjs.org/magic-string/-/magic-string-0.30.21.tgz 725286ms (cache miss)
7591 http fetch GET 200 https://registry.npmjs.org/ohash/-/ohash-2.0.12.tgz 726115ms (cache miss)
7592 http fetch GET 200 https://registry.npmjs.org/d3-ease/-/d3-ease-3.0.1.tgz 728122ms (cache miss)
7593 http fetch GET 200 https://registry.npmjs.org/pathe/-/pathe-2.0.3.tgz 730312ms (cache miss)
7594 http fetch GET 200 https://registry.npmjs.org/d3-time/-/d3-time-3.1.0.tgz 732278ms (cache miss)
7595 http fetch GET 200 https://registry.npmjs.org/@pkgjs/parseargs/-/parseargs-0.11.0.tgz 733290ms (cache miss)
7596 silly packumentCache corgi:https://registry.npmjs.org/vinxi cache-miss
7597 http fetch GET 200 https://registry.npmjs.org/yallist/-/yallist-5.0.0.tgz 736310ms (cache miss)
7598 http fetch GET 200 https://registry.npmjs.org/compress-commons/-/compress-commons-6.0.2.tgz 740133ms (cache miss)
7599 http fetch GET 200 https://registry.npmjs.org/estree-walker/-/estree-walker-2.0.2.tgz 741964ms (cache miss)
7600 http fetch GET 200 https://registry.npmjs.org/seroval/-/seroval-1.6.4.tgz 744365ms (cache miss)
7601 http fetch GET 200 https://registry.npmjs.org/quansync/-/quansync-0.2.11.tgz 748660ms (cache miss)
7602 http fetch GET 200 https://registry.npmjs.org/http-proxy/-/http-proxy-1.18.1.tgz 751113ms (cache miss)
7603 http fetch GET 200 https://registry.npmjs.org/asynckit/-/asynckit-0.4.0.tgz 754727ms (cache miss)
7604 http fetch GET 200 https://registry.npmjs.org/untyped/-/untyped-2.0.0.tgz 760833ms (cache miss)
7605 http fetch GET 200 https://registry.npmjs.org/@babel/helper-module-transforms/-/helper-module-transforms-7.29.7.tgz 764228ms (cache miss)
7606 http fetch GET 200 https://registry.npmjs.org/giget/-/giget-3.3.1.tgz 766271ms (cache miss)
7607 http fetch GET 200 https://registry.npmjs.org/unimport/-/unimport-6.4.0.tgz 766446ms (cache miss)
7608 http fetch GET 200 https://registry.npmjs.org/@deno/shim-deno/-/shim-deno-0.19.2.tgz 774077ms (cache miss)
7609 http fetch GET 200 https://registry.npmjs.org/domhandler/-/domhandler-5.0.3.tgz 774182ms (cache miss)
7610 http fetch GET 200 https://registry.npmjs.org/google-logging-utils/-/google-logging-utils-1.1.3.tgz 774666ms (cache miss)
7611 http fetch GET 200 https://registry.npmjs.org/source-map-js/-/source-map-js-1.2.1.tgz 774363ms (cache miss)
7612 http fetch GET 200 https://registry.npmjs.org/lightningcss/-/lightningcss-1.32.0.tgz 775302ms (cache miss)
7613 http fetch GET 200 https://registry.npmjs.org/unwasm/-/unwasm-0.5.3.tgz 777250ms (cache miss)
7614 http fetch GET 200 https://registry.npmjs.org/@oozcitak/url/-/url-1.0.4.tgz 778205ms (cache miss)
7615 http fetch GET 200 https://registry.npmjs.org/node-addon-api/-/node-addon-api-7.1.1.tgz 780701ms (cache miss)
7616 http fetch GET 200 https://registry.npmjs.org/@babel/template/-/template-7.29.7.tgz 780185ms (cache miss)
7617 http fetch GET 200 https://registry.npmjs.org/ws/-/ws-8.21.3.tgz 780701ms (cache miss)
7618 http fetch GET 200 https://registry.npmjs.org/express/-/express-4.22.2.tgz 784857ms (cache miss)
7619 http fetch GET 200 https://registry.npmjs.org/ohash/-/ohash-1.1.6.tgz 786471ms (cache miss)
7620 http fetch GET 200 https://registry.npmjs.org/@ecies/ciphers/-/ciphers-0.2.6.tgz 787167ms (cache miss)
7621 http fetch GET 200 https://registry.npmjs.org/minipass/-/minipass-7.1.3.tgz 787187ms (cache miss)
7622 http fetch GET 200 https://registry.npmjs.org/node-fetch/-/node-fetch-3.3.2.tgz 788163ms (cache miss)
7623 http fetch GET 200 https://registry.npmjs.org/source-map/-/source-map-0.7.6.tgz 789164ms (cache miss)
7624 http fetch GET 200 https://registry.npmjs.org/@tanstack/react-store/-/react-store-0.9.3.tgz 788342ms (cache miss)
7625 http fetch GET 200 https://registry.npmjs.org/tapable/-/tapable-2.3.3.tgz 790375ms (cache miss)
7626 http fetch GET 200 https://registry.npmjs.org/@oozcitak/util/-/util-8.3.8.tgz 792746ms (cache miss)
7627 http fetch GET 200 https://registry.npmjs.org/ofetch/-/ofetch-1.5.1.tgz 793055ms (cache miss)
7628 http fetch GET 200 https://registry.npmjs.org/source-map/-/source-map-0.8.0.tgz 793670ms (cache miss)
7629 http fetch GET 200 https://registry.npmjs.org/import-meta-resolve/-/import-meta-resolve-4.2.0.tgz 798746ms (cache miss)
7630 http fetch GET 200 https://registry.npmjs.org/fraction.js/-/fraction.js-5.3.4.tgz 799712ms (cache miss)
7631 http fetch GET 200 https://registry.npmjs.org/path-scurry/-/path-scurry-2.0.2.tgz 810714ms (cache miss)
7632 http fetch GET 200 https://registry.npmjs.org/qs/-/qs-6.15.3.tgz 814901ms (cache miss)
7633 http fetch GET 200 https://registry.npmjs.org/@tanstack/directive-functions-plugin/-/directive-functions-plugin-1.142.1.tgz 815266ms (cache miss)
7634 http fetch GET 200 https://registry.npmjs.org/@tanstack/directive-functions-plugin/-/directive-functions-plugin-1.131.2.tgz 814884ms (cache miss)
7635 http fetch GET 200 https://registry.npmjs.org/@tanstack/directive-functions-plugin/-/directive-functions-plugin-1.131.2.tgz 814706ms (cache miss)
7636 http fetch GET 200 https://registry.npmjs.org/nanoid/-/nanoid-3.3.18.tgz 818134ms (cache miss)
7637 http fetch GET 200 https://registry.npmjs.org/json5/-/json5-2.2.3.tgz 818036ms (cache miss)
7638 http fetch GET 200 https://registry.npmjs.org/@tanstack/directive-functions-plugin/-/directive-functions-plugin-1.131.2.tgz 817445ms (cache miss)
7639 http fetch GET 200 https://registry.npmjs.org/path-scurry/-/path-scurry-1.11.1.tgz 827640ms (cache miss)
7640 http fetch GET 200 https://registry.npmjs.org/@vinxi/listhen/-/listhen-1.5.6.tgz 833207ms (cache miss)
7641 http fetch GET 200 https://registry.npmjs.org/readable-stream/-/readable-stream-2.3.8.tgz 840258ms (cache miss)
7642 http fetch GET 200 https://registry.npmjs.org/unplugin/-/unplugin-3.3.0.tgz 842886ms (cache miss)
7643 http fetch GET 200 https://registry.npmjs.org/unplugin/-/unplugin-3.3.0.tgz 842802ms (cache miss)
7644 http fetch GET 200 https://registry.npmjs.org/clipboardy/-/clipboardy-4.0.0.tgz 855624ms (cache miss)
7645 http fetch GET 200 https://registry.npmjs.org/@babel/helper-create-class-features-plugin/-/helper-create-class-features-plugin-7.29.7.tgz 859850ms (cache miss)
7646 http fetch GET 200 https://registry.npmjs.org/listhen/-/listhen-1.10.1.tgz 866000ms (cache miss)
7647 http fetch GET 200 https://registry.npmjs.org/vinxi 134176ms (cache miss)
7648 silly packumentCache corgi:https://registry.npmjs.org/vinxi set size:undefined disposed:false
7649 http fetch GET 200 https://registry.npmjs.org/react/-/react-19.2.8.tgz 889880ms (cache miss)
7650 http fetch GET 200 https://registry.npmjs.org/minizlib/-/minizlib-3.1.0.tgz 892293ms (cache miss)
7651 http fetch GET 200 https://registry.npmjs.org/mime/-/mime-4.1.0.tgz 893333ms (cache miss)
7652 http fetch GET 200 https://registry.npmjs.org/undici-types/-/undici-types-5.28.4.tgz 898658ms (cache miss)
7653 http fetch GET 200 https://registry.npmjs.org/ultrahtml/-/ultrahtml-1.7.0.tgz 913152ms (cache miss)
7654 silly packumentCache corgi:https://registry.npmjs.org/@tanstack%2fstart-plugin-core cache-miss
7655 http fetch GET 200 https://registry.npmjs.org/source-map/-/source-map-0.6.1.tgz 922824ms (cache miss)
7656 http fetch GET 200 https://registry.npmjs.org/source-map/-/source-map-0.6.1.tgz 931673ms (cache miss)
7657 http fetch GET 200 https://registry.npmjs.org/encoding-sniffer/-/encoding-sniffer-0.2.1.tgz 934425ms (cache miss)
7658 http fetch GET 200 https://registry.npmjs.org/undici-types/-/undici-types-6.21.0.tgz 935208ms (cache miss)
7659 http fetch GET 200 https://registry.npmjs.org/eciesjs/-/eciesjs-0.5.0.tgz 937675ms (cache miss)
7660 http fetch GET 200 https://registry.npmjs.org/@babel/parser/-/parser-7.29.8.tgz 938046ms (cache miss)
7661 http fetch GET 200 https://registry.npmjs.org/@rollup/rollup-win32-x64-gnu/-/rollup-win32-x64-gnu-4.63.1.tgz 939978ms (cache miss)
7662 http fetch GET 200 https://registry.npmjs.org/events/-/events-3.3.0.tgz 942640ms (cache miss)
7663 http fetch GET 200 https://registry.npmjs.org/lru-cache/-/lru-cache-10.4.3.tgz 946200ms (cache miss)
7664 http fetch GET 200 https://registry.npmjs.org/d3-scale/-/d3-scale-4.0.2.tgz 955185ms (cache miss)
7665 http fetch GET 200 https://registry.npmjs.org/jackspeak/-/jackspeak-3.4.3.tgz 955819ms (cache miss)
7666 http fetch GET 200 https://registry.npmjs.org/bare-path/-/bare-path-3.1.1.tgz 960095ms (cache miss)
7667 http fetch GET 200 https://registry.npmjs.org/object-inspect/-/object-inspect-1.13.4.tgz 961742ms (cache miss)
7668 http fetch GET 200 https://registry.npmjs.org/d3-interpolate/-/d3-interpolate-3.0.1.tgz 963068ms (cache miss)
7669 http fetch GET 200 https://registry.npmjs.org/nth-check/-/nth-check-2.1.1.tgz 963633ms (cache miss)
7670 http fetch GET 200 https://registry.npmjs.org/argparse/-/argparse-1.0.10.tgz 964861ms (cache miss)
7671 http fetch GET 200 https://registry.npmjs.org/iconv-lite/-/iconv-lite-0.4.24.tgz 963992ms (cache miss)
7672 http fetch GET 200 https://registry.npmjs.org/@jridgewell/sourcemap-codec/-/sourcemap-codec-1.6.0.tgz 964343ms (cache miss)
7673 http fetch GET 200 https://registry.npmjs.org/iconv-lite/-/iconv-lite-0.4.24.tgz 964051ms (cache miss)
7674 http fetch GET 200 https://registry.npmjs.org/confbox/-/confbox-0.2.4.tgz 965638ms (cache miss)
7675 http fetch GET 200 https://registry.npmjs.org/@jridgewell/remapping/-/remapping-2.3.5.tgz 965545ms (cache miss)
7676 http fetch GET 200 https://registry.npmjs.org/@jridgewell/gen-mapping/-/gen-mapping-0.3.13.tgz 972515ms (cache miss)
7677 http fetch GET 200 https://registry.npmjs.org/redux/-/redux-5.0.1.tgz 986120ms (cache miss)
7678 http fetch GET 200 https://registry.npmjs.org/jiti/-/jiti-1.21.7.tgz 991294ms (cache miss)
7679 http fetch GET 200 https://registry.npmjs.org/css-what/-/css-what-6.2.2.tgz 1005146ms (cache miss)
7680 http fetch GET 200 https://registry.npmjs.org/@rollup/rollup-win32-x64-msvc/-/rollup-win32-x64-msvc-4.63.1.tgz 1013304ms (cache miss)
7681 http fetch GET 200 https://registry.npmjs.org/jiti/-/jiti-2.7.0.tgz 1012433ms (cache miss)
7682 http fetch GET 200 https://registry.npmjs.org/@poppinss/dumper/-/dumper-0.7.0.tgz 1028059ms (cache miss)
7683 http fetch GET 200 https://registry.npmjs.org/signal-exit/-/signal-exit-4.1.0.tgz 1030520ms (cache miss)
7684 http fetch GET 200 https://registry.npmjs.org/iconv-lite/-/iconv-lite-0.6.3.tgz 1032974ms (cache miss)
7685 http fetch GET 200 https://registry.npmjs.org/pako/-/pako-1.0.11.tgz 1034411ms (cache miss)
7686 http fetch GET 200 https://registry.npmjs.org/node-fetch-native/-/node-fetch-native-1.6.7.tgz 1035346ms (cache miss)
7687 warn deprecated node-domexception@1.0.0: Use your platform's native DOMException instead
7688 http fetch GET 200 https://registry.npmjs.org/motion/-/motion-12.43.0.tgz 1048589ms (cache miss)
7689 http fetch GET 200 https://registry.npmjs.org/tailwindcss/-/tailwindcss-4.3.3.tgz 1049347ms (cache miss)
7690 http fetch GET 200 https://registry.npmjs.org/bare-fs/-/bare-fs-4.8.1.tgz 1053602ms (cache miss)
7691 http fetch GET 200 https://registry.npmjs.org/@oozcitak/infra/-/infra-1.0.8.tgz 1055246ms (cache miss)
7692 http fetch GET 200 https://registry.npmjs.org/node-mock-http/-/node-mock-http-1.0.5.tgz 1055355ms (cache miss)
7693 http fetch GET 200 https://registry.npmjs.org/consola/-/consola-3.4.2.tgz 1060692ms (cache miss)
7694 http fetch GET 200 https://registry.npmjs.org/confbox/-/confbox-0.1.8.tgz 1061595ms (cache miss)
7695 http fetch GET 200 https://registry.npmjs.org/@tailwindcss/oxide-win32-x64-msvc/-/oxide-win32-x64-msvc-4.3.3.tgz 1067470ms (cache miss)
7696 http fetch GET 200 https://registry.npmjs.org/unplugin/-/unplugin-2.3.11.tgz 1069921ms (cache miss)
7697 http fetch GET 200 https://registry.npmjs.org/d3-time-format/-/d3-time-format-4.1.0.tgz 1070120ms (cache miss)
7698 http fetch GET 200 https://registry.npmjs.org/reselect/-/reselect-5.2.0.tgz 1069950ms (cache miss)
7699 http fetch GET 200 https://registry.npmjs.org/@mapbox/node-pre-gyp/-/node-pre-gyp-2.0.3.tgz 1087057ms (cache miss)
7700 http fetch GET 200 https://registry.npmjs.org/@tanstack%2fstart-plugin-core 168251ms (cache miss)
7701 silly packumentCache corgi:https://registry.npmjs.org/@tanstack%2fstart-plugin-core set size:undefined disposed:false
7702 http fetch GET 200 https://registry.npmjs.org/tailwind-merge/-/tailwind-merge-3.6.0.tgz 1090194ms (cache miss)
7703 http fetch GET 200 https://registry.npmjs.org/@tanstack/store/-/store-0.9.3.tgz 1090574ms (cache miss)
7704 http fetch GET 200 https://registry.npmjs.org/@tanstack/store/-/store-0.9.3.tgz 1091641ms (cache miss)
7705 http fetch GET 200 https://registry.npmjs.org/@tanstack/store/-/store-0.9.3.tgz 1091756ms (cache miss)
7706 http fetch GET 200 https://registry.npmjs.org/@tanstack/store/-/store-0.9.3.tgz 1092263ms (cache miss)
7707 http fetch GET 200 https://registry.npmjs.org/@supabase/postgrest-js/-/postgrest-js-2.112.4.tgz 1101431ms (cache miss)
7708 silly packumentCache corgi:https://registry.npmjs.org/@vinxi%2flisthen cache-miss
7709 http fetch GET 200 https://registry.npmjs.org/recast/-/recast-0.23.21.tgz 1105775ms (cache miss)
7710 http fetch GET 200 https://registry.npmjs.org/@parcel/watcher/-/watcher-2.6.0.tgz 1116671ms (cache miss)
7711 http fetch GET 200 https://registry.npmjs.org/immer/-/immer-11.1.18.tgz 1117453ms (cache miss)
7712 http fetch GET 200 https://registry.npmjs.org/@supabase/storage-js/-/storage-js-2.112.4.tgz 1116816ms (cache miss)
7713 http fetch GET 200 https://registry.npmjs.org/srvx/-/srvx-0.11.22.tgz 1117325ms (cache miss)
7714 http fetch GET 200 https://registry.npmjs.org/readable-stream/-/readable-stream-4.7.0.tgz 1118655ms (cache miss)
7715 http fetch GET 200 https://registry.npmjs.org/zustand/-/zustand-5.0.15.tgz 1120424ms (cache miss)
7716 http fetch GET 200 https://registry.npmjs.org/semver/-/semver-7.8.5.tgz 1122695ms (cache miss)
7717 http fetch GET 200 https://registry.npmjs.org/semver/-/semver-7.8.5.tgz 1123658ms (cache miss)
7718 http fetch GET 200 https://registry.npmjs.org/isexe/-/isexe-3.1.5.tgz 1129849ms (cache miss)
7719 http fetch GET 200 https://registry.npmjs.org/@jridgewell/trace-mapping/-/trace-mapping-0.3.31.tgz 1132053ms (cache miss)
7720 http fetch GET 200 https://registry.npmjs.org/@vinxi%2flisthen 31538ms (cache miss)
7721 silly packumentCache corgi:https://registry.npmjs.org/@vinxi%2flisthen set size:undefined disposed:false
7722 http fetch GET 200 https://registry.npmjs.org/@vercel/nft/-/nft-1.11.0.tgz 1137764ms (cache miss)
7723 http fetch GET 200 https://registry.npmjs.org/htmlparser2/-/htmlparser2-10.1.0.tgz 1146210ms (cache miss)
7724 http fetch GET 200 https://registry.npmjs.org/@supabase/supabase-js/-/supabase-js-2.112.4.tgz 1152136ms (cache miss)
7725 silly packumentCache corgi:https://registry.npmjs.org/xmlbuilder2 cache-miss
7726 http fetch GET 200 https://registry.npmjs.org/@tanstack/router-utils/-/router-utils-1.162.2.tgz 1154868ms (cache miss)
7727 http fetch GET 200 https://registry.npmjs.org/postcss/-/postcss-8.5.26.tgz 1156887ms (cache miss)
7728 http fetch GET 200 https://registry.npmjs.org/js-yaml/-/js-yaml-3.14.1.tgz 1170997ms (cache miss)
7729 http fetch GET 200 https://registry.npmjs.org/@babel/generator/-/generator-7.29.8.tgz 1184362ms (cache miss)
7730 http fetch GET 200 https://registry.npmjs.org/@pdf-lib/standard-fonts/-/standard-fonts-1.0.0.tgz 1197254ms (cache miss)
7731 http fetch GET 200 https://registry.npmjs.org/youch/-/youch-4.1.1.tgz 1200974ms (cache miss)
7732 http fetch GET 200 https://registry.npmjs.org/tsx/-/tsx-4.23.13.tgz 1215112ms (cache miss)
7733 http fetch GET 200 https://registry.npmjs.org/xmlbuilder2 70753ms (cache miss)
7734 silly packumentCache corgi:https://registry.npmjs.org/xmlbuilder2 set size:undefined disposed:false
7735 http fetch GET 200 https://registry.npmjs.org/crossws/-/crossws-0.3.5.tgz 1223025ms (cache miss)
7736 http fetch GET 200 https://registry.npmjs.org/crossws/-/crossws-0.3.5.tgz 1224515ms (cache miss)
7737 http fetch GET 200 https://registry.npmjs.org/crossws/-/crossws-0.3.5.tgz 1224217ms (cache miss)
7738 http fetch GET 200 https://registry.npmjs.org/crossws/-/crossws-0.3.5.tgz 1224608ms (cache miss)
7739 http fetch GET 200 https://registry.npmjs.org/crossws/-/crossws-0.3.5.tgz 1225381ms (cache miss)
7740 http fetch GET 200 https://registry.npmjs.org/rollup/-/rollup-4.63.1.tgz 1230753ms (cache miss)
7741 silly packumentCache corgi:https://registry.npmjs.org/@tanstack%2freact-start-config cache-miss
7742 silly packumentCache corgi:https://registry.npmjs.org/@tanstack%2freact-start-router-manifest cache-miss
7743 silly packumentCache corgi:https://registry.npmjs.org/@tanstack%2fstart-api-routes cache-miss
7744 http fetch GET 200 https://registry.npmjs.org/enhanced-resolve/-/enhanced-resolve-5.24.5.tgz 1239619ms (cache miss)
7745 http fetch GET 200 https://registry.npmjs.org/react-redux/-/react-redux-9.3.0.tgz 1243066ms (cache miss)
7746 http fetch GET 200 https://registry.npmjs.org/d3-array/-/d3-array-3.2.4.tgz 1246911ms (cache miss)
7747 http fetch GET 200 https://registry.npmjs.org/@supabase/functions-js/-/functions-js-2.112.4.tgz 1256714ms (cache miss)
7748 http fetch GET 200 https://registry.npmjs.org/vite/-/vite-6.4.3.tgz 1258461ms (cache miss)
7749 http fetch GET 200 https://registry.npmjs.org/yargs/-/yargs-18.1.0.tgz 1260390ms (cache miss)
7750 http fetch GET 200 https://registry.npmjs.org/terser/-/terser-5.51.2.tgz 1273415ms (cache miss)
7751 http fetch GET 200 https://registry.npmjs.org/@tanstack%2freact-start-config 35641ms (cache miss)
7752 silly packumentCache corgi:https://registry.npmjs.org/@tanstack%2freact-start-config set size:undefined disposed:false
7753 http fetch GET 200 https://registry.npmjs.org/@tanstack%2freact-start-router-manifest 36301ms (cache miss)
7754 silly packumentCache corgi:https://registry.npmjs.org/@tanstack%2freact-start-router-manifest set size:undefined disposed:false
7755 http fetch GET 200 https://registry.npmjs.org/fast-glob/-/fast-glob-3.3.3.tgz 1281959ms (cache miss)
7756 http fetch GET 200 https://registry.npmjs.org/@tanstack%2fstart-api-routes 41987ms (cache miss)
7757 silly packumentCache corgi:https://registry.npmjs.org/@tanstack%2fstart-api-routes set size:undefined disposed:false
7758 http fetch GET 200 https://registry.npmjs.org/minimatch/-/minimatch-10.2.6.tgz 1282688ms (cache miss)
7759 http fetch GET 200 https://registry.npmjs.org/minimatch/-/minimatch-9.0.9.tgz 1282183ms (cache miss)
7760 http fetch GET 200 https://registry.npmjs.org/@tanstack/react-start-client/-/react-start-client-1.168.30.tgz 1290414ms (cache miss)
7761 http fetch GET 200 https://registry.npmjs.org/bare-url/-/bare-url-2.5.2.tgz 1292319ms (cache miss)
7762 silly packumentCache corgi:https://registry.npmjs.org/@tanstack%2freact-start-plugin cache-miss
7763 http fetch GET 200 https://registry.npmjs.org/d3-format/-/d3-format-3.1.2.tgz 1299294ms (cache miss)
7764 http fetch GET 200 https://registry.npmjs.org/d3-shape/-/d3-shape-3.2.0.tgz 1303732ms (cache miss)
7765 http fetch GET 200 https://registry.npmjs.org/node-forge/-/node-forge-1.4.0.tgz 1307020ms (cache miss)
7766 http fetch GET 200 https://registry.npmjs.org/domutils/-/domutils-3.2.2.tgz 1306693ms (cache miss)
7767 http fetch GET 200 https://registry.npmjs.org/@supabase/phoenix/-/phoenix-0.4.5.tgz 1310787ms (cache miss)
7768 http fetch GET 200 https://registry.npmjs.org/@types/node/-/node-22.20.1.tgz 1320299ms (cache miss)
7769 http fetch GET 200 https://registry.npmjs.org/type-fest/-/type-fest-2.19.0.tgz 1323819ms (cache miss)
7770 http fetch GET 200 https://registry.npmjs.org/h3/-/h3-2.0.1-rc.20.tgz 1324171ms (cache miss)
7771 http fetch GET 200 https://registry.npmjs.org/@tanstack%2freact-start-plugin 37275ms (cache miss)
7772 silly packumentCache corgi:https://registry.npmjs.org/@tanstack%2freact-start-plugin set size:undefined disposed:false
7773 http fetch GET 200 https://registry.npmjs.org/entities/-/entities-4.5.0.tgz 1368907ms (cache miss)
7774 http fetch GET 200 https://registry.npmjs.org/@tanstack/start-server-core/-/start-server-core-1.131.50.tgz 1368258ms (cache miss)
7775 silly packumentCache corgi:https://registry.npmjs.org/@tanstack%2freact-start cache-miss
7776 http fetch GET 200 https://registry.npmjs.org/glob/-/glob-10.5.0.tgz 1370948ms (cache miss)
7777 warn deprecated glob@10.5.0: Old versions of glob are not supported, and contain widely publicized security vulnerabilities, which have been fixed in the current version. Please update. Support for old versions may be purchased (at exorbitant rates) by contacting i@izs.me
7778 http fetch GET 200 https://registry.npmjs.org/@tanstack/start-client-core/-/start-client-core-1.131.50.tgz 1375941ms (cache miss)
7779 http fetch GET 200 https://registry.npmjs.org/@tanstack/start-client-core/-/start-client-core-1.131.50.tgz 1376367ms (cache miss)
7780 http fetch GET 200 https://registry.npmjs.org/@babel/traverse/-/traverse-7.29.8.tgz 1377303ms (cache miss)
7781 http fetch GET 200 https://registry.npmjs.org/crossws/-/crossws-0.4.12.tgz 1388575ms (cache miss)
7782 http fetch GET 200 https://registry.npmjs.org/rollup-plugin-visualizer/-/rollup-plugin-visualizer-7.1.1.tgz 1396545ms (cache miss)
7783 http fetch GET 200 https://registry.npmjs.org/motion-utils/-/motion-utils-12.39.0.tgz 1398427ms (cache miss)
7784 http fetch GET 200 https://registry.npmjs.org/parse5/-/parse5-7.3.0.tgz 1400545ms (cache miss)
7785 http fetch GET 200 https://registry.npmjs.org/@tanstack/start-server-core/-/start-server-core-1.169.31.tgz 1415050ms (cache miss)
7786 http fetch GET 200 https://registry.npmjs.org/glob/-/glob-13.0.6.tgz 1420838ms (cache miss)
7787 http fetch GET 200 https://registry.npmjs.org/autoprefixer/-/autoprefixer-10.5.4.tgz 1421191ms (cache miss)
7788 http fetch GET 200 https://registry.npmjs.org/@tanstack%2freact-start 72013ms (cache miss)
7789 silly packumentCache corgi:https://registry.npmjs.org/@tanstack%2freact-start set size:undefined disposed:false
7790 http fetch GET 200 https://registry.npmjs.org/async/-/async-3.2.6.tgz 1444931ms (cache miss)
7791 http fetch GET 200 https://registry.npmjs.org/xmlbuilder2/-/xmlbuilder2-3.1.1.tgz 1471239ms (cache miss)
7792 http fetch GET 200 https://registry.npmjs.org/lightningcss-win32-x64-msvc/-/lightningcss-win32-x64-msvc-1.32.0.tgz 1478117ms (cache miss)
7793 http fetch GET 200 https://registry.npmjs.org/@noble/ciphers/-/ciphers-1.3.0.tgz 1481261ms (cache miss)
7794 http fetch GET 200 https://registry.npmjs.org/react-dom/-/react-dom-19.2.8.tgz 1482161ms (cache miss)
7795 http fetch GET 200 https://registry.npmjs.org/entities/-/entities-6.0.1.tgz 1483200ms (cache miss)
7796 http fetch GET 200 https://registry.npmjs.org/ioredis/-/ioredis-5.11.1.tgz 1484737ms (cache miss)
7797 http fetch GET 200 https://registry.npmjs.org/protobufjs/-/protobufjs-7.6.6.tgz 1484635ms (cache miss)
7798 http fetch GET 200 https://registry.npmjs.org/@esbuild/win32-x64/-/win32-x64-0.20.2.tgz 1495320ms (cache miss)
7799 http fetch GET 200 https://registry.npmjs.org/gaxios/-/gaxios-7.3.1.tgz 1511649ms (cache miss)
7800 http fetch GET 200 https://registry.npmjs.org/@esbuild/win32-x64/-/win32-x64-0.25.12.tgz 1523950ms (cache miss)
7801 http fetch GET 200 https://registry.npmjs.org/resolve/-/resolve-1.22.12.tgz 1525114ms (cache miss)
7802 http fetch GET 200 https://registry.npmjs.org/ast-types/-/ast-types-0.16.1.tgz 1534657ms (cache miss)
7803 http fetch GET 200 https://registry.npmjs.org/axios/-/axios-1.20.0.tgz 1533151ms (cache miss)
7804 http fetch GET 200 https://registry.npmjs.org/@esbuild/win32-x64/-/win32-x64-0.28.2.tgz 1555746ms (cache miss)
7805 http fetch GET 200 https://registry.npmjs.org/@esbuild/win32-x64/-/win32-x64-0.28.2.tgz 1556390ms (cache miss)
7806 http fetch GET 200 https://registry.npmjs.org/web-streams-polyfill/-/web-streams-polyfill-3.3.3.tgz 1573062ms (cache miss)
7807 http fetch GET 200 https://registry.npmjs.org/@google/genai/-/genai-2.19.0.tgz 1574406ms (cache miss)
7808 http fetch GET 200 https://registry.npmjs.org/jose/-/jose-6.2.10.tgz 1577668ms (cache miss)
7809 http fetch GET 200 https://registry.npmjs.org/css-select/-/css-select-5.2.2.tgz 1586682ms (cache miss)
7810 http fetch GET 200 https://registry.npmjs.org/entities/-/entities-7.0.1.tgz 1587933ms (cache miss)
7811 http fetch GET 200 https://registry.npmjs.org/google-auth-library/-/google-auth-library-10.9.1.tgz 1592589ms (cache miss)
7812 http fetch GET 200 https://registry.npmjs.org/@tanstack/router-generator/-/router-generator-1.167.33.tgz 1595485ms (cache miss)
7813 http fetch GET 200 https://registry.npmjs.org/lru-cache/-/lru-cache-11.5.2.tgz 1607395ms (cache miss)
7814 http fetch GET 200 https://registry.npmjs.org/lru-cache/-/lru-cache-11.5.2.tgz 1609356ms (cache miss)
7815 http fetch GET 200 https://registry.npmjs.org/prettier/-/prettier-3.9.6.tgz 1611077ms (cache miss)
7816 http fetch GET 200 https://registry.npmjs.org/diff/-/diff-8.0.4.tgz 1622042ms (cache miss)
7817 http fetch GET 200 https://registry.npmjs.org/@babel/core/-/core-7.29.7.tgz 1634159ms (cache miss)
7818 http fetch GET 200 https://registry.npmjs.org/@tanstack/router-generator/-/router-generator-1.131.50.tgz 1641740ms (cache miss)
7819 http fetch GET 200 https://registry.npmjs.org/@tanstack/router-plugin/-/router-plugin-1.131.50.tgz 1651054ms (cache miss)
7820 http fetch GET 200 https://registry.npmjs.org/unstorage/-/unstorage-1.17.5.tgz 1678488ms (cache miss)
7821 http fetch GET 200 https://registry.npmjs.org/@tanstack/router-core/-/router-core-1.119.0.tgz 1683893ms (cache miss)
7822 http fetch GET 200 https://registry.npmjs.org/@tanstack/start-client-core/-/start-client-core-1.170.27.tgz 1703517ms (cache miss)
7823 http fetch GET 200 https://registry.npmjs.org/@supabase/realtime-js/-/realtime-js-2.112.4.tgz 1705279ms (cache miss)
7824 http fetch GET 200 https://registry.npmjs.org/@noble/hashes/-/hashes-1.8.0.tgz 1716572ms (cache miss)
7825 http fetch GET 200 https://registry.npmjs.org/type-fest/-/type-fest-5.8.0.tgz 1717781ms (cache miss)
7826 http fetch GET 200 https://registry.npmjs.org/@tanstack/start-plugin-core/-/start-plugin-core-1.131.50.tgz 1746929ms (cache miss)
7827 http fetch GET 200 https://registry.npmjs.org/vinxi/-/vinxi-0.5.3.tgz 1759526ms (cache miss)
7828 http fetch GET 200 https://registry.npmjs.org/@noble/curves/-/curves-1.9.7.tgz 1774405ms (cache miss)
7829 http fetch GET 200 https://registry.npmjs.org/@babel/types/-/types-7.29.8.tgz 1781391ms (cache miss)
7830 http fetch GET 200 https://registry.npmjs.org/react-hook-form/-/react-hook-form-7.87.0.tgz 1814867ms (cache miss)
7831 http fetch GET 200 https://registry.npmjs.org/undici/-/undici-7.29.0.tgz 1826078ms (cache miss)
7832 http fetch GET 200 https://registry.npmjs.org/@tanstack/router-plugin/-/router-plugin-1.168.35.tgz 1834236ms (cache miss)
7833 http fetch GET 200 https://registry.npmjs.org/@reduxjs/toolkit/-/toolkit-2.12.0.tgz 1838995ms (cache miss)
7834 http fetch GET 200 https://registry.npmjs.org/cheerio/-/cheerio-1.2.0.tgz 1862595ms (cache miss)
7835 http fetch GET 200 https://registry.npmjs.org/@supabase/auth-js/-/auth-js-2.112.4.tgz 1865601ms (cache miss)
7836 http fetch GET 200 https://registry.npmjs.org/@babel/helpers/-/helpers-7.29.7.tgz 1865903ms (cache miss)
7837 http fetch GET 200 https://registry.npmjs.org/unenv/-/unenv-1.10.0.tgz 1876772ms (cache miss)
7838 http fetch GET 200 https://registry.npmjs.org/tar/-/tar-7.5.22.tgz 1896459ms (cache miss)
7839 http fetch GET 200 https://registry.npmjs.org/@tanstack/react-router/-/react-router-1.120.0.tgz 1900885ms (cache miss)
7840 http fetch GET 200 https://registry.npmjs.org/@tanstack/router-core/-/router-core-1.131.50.tgz 1906630ms (cache miss)
7841 http fetch GET 200 https://registry.npmjs.org/@tanstack/router-core/-/router-core-1.131.50.tgz 1914568ms (cache miss)
7842 http fetch GET 200 https://registry.npmjs.org/@oozcitak/dom/-/dom-1.15.10.tgz 1917158ms (cache miss)
7843 http fetch GET 200 https://registry.npmjs.org/@speed-highlight/core/-/core-1.2.24.tgz 1921834ms (cache miss)
7844 http fetch GET 200 https://registry.npmjs.org/typescript/-/typescript-5.8.3.tgz 1943384ms (cache miss)
7845 http fetch GET 200 https://registry.npmjs.org/victory-vendor/-/victory-vendor-37.3.6.tgz 1996641ms (cache miss)
7846 http fetch GET 200 https://registry.npmjs.org/@tanstack/react-router/-/react-router-1.170.32.tgz 2031470ms (cache miss)
7847 http fetch GET 200 https://registry.npmjs.org/@tanstack/react-router/-/react-router-1.170.32.tgz 2031447ms (cache miss)
7848 http fetch GET 200 https://registry.npmjs.org/@tanstack/react-router/-/react-router-1.170.32.tgz 2033238ms (cache miss)
7849 http fetch GET 200 https://registry.npmjs.org/@tanstack/react-router/-/react-router-1.170.32.tgz 2034681ms (cache miss)
7850 http fetch GET 200 https://registry.npmjs.org/@tanstack/query-core/-/query-core-5.102.8.tgz 2044914ms (cache miss)
7851 http fetch GET 200 https://registry.npmjs.org/nitropack/-/nitropack-2.13.4.tgz 2103464ms (cache miss)
7852 http fetch GET 200 https://registry.npmjs.org/@tanstack/react-query/-/react-query-5.102.8.tgz 2130697ms (cache miss)
7853 http fetch GET 200 https://registry.npmjs.org/@tanstack/router-core/-/router-core-1.171.27.tgz 2135030ms (cache miss)
7854 http fetch GET 200 https://registry.npmjs.org/@tanstack/router-core/-/router-core-1.171.27.tgz 2134970ms (cache miss)
7855 http fetch GET 200 https://registry.npmjs.org/@tanstack/router-core/-/router-core-1.171.27.tgz 2135217ms (cache miss)
7856 http fetch GET 200 https://registry.npmjs.org/@tanstack/router-core/-/router-core-1.171.27.tgz 2135855ms (cache miss)
7857 http fetch GET 200 https://registry.npmjs.org/@tanstack/router-core/-/router-core-1.171.27.tgz 2135623ms (cache miss)
7858 http fetch GET 200 https://registry.npmjs.org/@tanstack/router-core/-/router-core-1.171.27.tgz 2135829ms (cache miss)
7859 http fetch GET 200 https://registry.npmjs.org/@tanstack/router-core/-/router-core-1.171.27.tgz 2135879ms (cache miss)
7860 http fetch GET 200 https://registry.npmjs.org/@tanstack/router-core/-/router-core-1.171.27.tgz 2136382ms (cache miss)
7861 http fetch GET 200 https://registry.npmjs.org/@tanstack/router-core/-/router-core-1.171.27.tgz 2136474ms (cache miss)
7862 http fetch GET 200 https://registry.npmjs.org/@tanstack/router-core/-/router-core-1.171.27.tgz 2137076ms (cache miss)
7863 http fetch GET 200 https://registry.npmjs.org/@tanstack/router-core/-/router-core-1.171.27.tgz 2137885ms (cache miss)
7864 http fetch GET 200 https://registry.npmjs.org/@hookform/resolvers/-/resolvers-5.9.1.tgz 2153055ms (cache miss)
7865 http fetch GET 200 https://registry.npmjs.org/unenv/-/unenv-2.0.0-rc.24.tgz 2157937ms (cache miss)
7866 http fetch GET 200 https://registry.npmjs.org/dax-sh/-/dax-sh-0.39.2.tgz 2171008ms (cache miss)
7867 warn deprecated dax-sh@0.39.2: This package has moved to simply be 'dax' instead of 'dax-sh'
7868 http fetch GET 200 https://registry.npmjs.org/framer-motion/-/framer-motion-12.43.0.tgz 2187149ms (cache miss)
7869 http fetch GET 200 https://registry.npmjs.org/lodash/-/lodash-4.18.1.tgz 2219587ms (cache miss)
7870 http fetch GET 200 https://registry.npmjs.org/motion-dom/-/motion-dom-12.43.0.tgz 2236459ms (cache miss)
7871 http fetch GET 200 https://registry.npmjs.org/zod/-/zod-3.25.76.tgz 2245210ms (cache miss)
7872 http fetch GET 200 https://registry.npmjs.org/zod/-/zod-3.25.76.tgz 2250615ms (cache miss)
7873 http fetch GET 200 https://registry.npmjs.org/zod/-/zod-3.25.76.tgz 2251884ms (cache miss)
7874 http fetch GET 200 https://registry.npmjs.org/zod/-/zod-3.25.76.tgz 2252791ms (cache miss)
7875 http fetch GET 200 https://registry.npmjs.org/caniuse-lite/-/caniuse-lite-1.0.30001810.tgz 2278694ms (cache miss)
7876 http fetch GET 200 https://registry.npmjs.org/recharts/-/recharts-3.10.1.tgz 2333670ms (cache miss)
7877 http fetch GET 200 https://registry.npmjs.org/zod/-/zod-4.5.4.tgz 2339773ms (cache miss)
7878 http fetch GET 200 https://registry.npmjs.org/@supabase/cli-windows-x64/-/cli-windows-x64-2.116.0.tgz 2342531ms (cache miss)
7879 http fetch GET 200 https://registry.npmjs.org/zod/-/zod-4.5.4.tgz 2342509ms (cache miss)
7880 http fetch GET 200 https://registry.npmjs.org/pdf-lib/-/pdf-lib-1.17.1.tgz 2436343ms (cache miss)
7881 http fetch GET 200 https://registry.npmjs.org/es-toolkit/-/es-toolkit-1.52.0.tgz 2599979ms (cache miss)
7882 http fetch GET 200 https://registry.npmjs.org/lucide-react/-/lucide-react-0.546.0.tgz 2620909ms (cache miss)
7883 info run @google/genai@2.19.0 preinstall node_modules/@google/genai echo 'preinstall: no-op'
7884 info run @google/genai@2.19.0 preinstall { code: 0, signal: null }
7885 info run @parcel/watcher@2.6.0 install node_modules/@parcel/watcher node scripts/build-from-source.js
7886 info run @parcel/watcher@2.6.0 install { code: 0, signal: null }
7887 info run esbuild@0.25.12 postinstall node_modules/esbuild node install.js
7888 info run protobufjs@7.6.6 postinstall node_modules/protobufjs node scripts/postinstall
7889 info run esbuild@0.28.2 postinstall node_modules/nitropack/node_modules/esbuild node install.js
7890 info run protobufjs@7.6.6 postinstall { code: 0, signal: null }
7891 info run esbuild@0.28.2 postinstall node_modules/tsx/node_modules/esbuild node install.js
7892 info run esbuild@0.28.2 postinstall { code: 0, signal: null }
7893 info run esbuild@0.20.2 postinstall node_modules/vinxi/node_modules/esbuild node install.js
7894 info run esbuild@0.25.12 postinstall { code: 0, signal: null }
7895 info run esbuild@0.20.2 postinstall { code: 0, signal: null }
7896 info run esbuild@0.28.2 postinstall { code: 0, signal: null }
7897 silly ADD node_modules/color-name
7898 silly ADD node_modules/color-convert
7899 silly ADD node_modules/util-deprecate
7900 silly ADD node_modules/process-nextick-args
7901 silly ADD node_modules/isarray
7902 silly ADD node_modules/core-util-is
7903 silly ADD node_modules/get-east-asian-width
7904 silly ADD node_modules/wrap-ansi-cjs
7905 silly ADD node_modules/wrap-ansi-cjs/node_modules/ansi-regex
7906 silly ADD node_modules/wrap-ansi-cjs/node_modules/emoji-regex
7907 silly ADD node_modules/wrap-ansi-cjs/node_modules/strip-ansi
7908 silly ADD node_modules/wrap-ansi-cjs/node_modules/string-width
7909 silly ADD node_modules/wrap-ansi-cjs/node_modules/ansi-styles
7910 silly ADD node_modules/strip-ansi-cjs
7911 silly ADD node_modules/strip-ansi-cjs/node_modules/ansi-regex
7912 silly ADD node_modules/string-width-cjs
7913 silly ADD node_modules/string-width-cjs/node_modules/ansi-regex
7914 silly ADD node_modules/string-width-cjs/node_modules/strip-ansi
7915 silly ADD node_modules/string-width-cjs/node_modules/emoji-regex
7916 silly ADD node_modules/@pkgjs/parseargs
7917 silly ADD node_modules/@isaacs/cliui
7918 silly ADD node_modules/package-json-from-dist
7919 silly ADD node_modules/jackspeak
7920 silly ADD node_modules/foreground-child
7921 silly ADD node_modules/is-fullwidth-code-point
7922 silly ADD node_modules/@types/mime
7923 silly ADD node_modules/binary-extensions
7924 silly ADD node_modules/is-binary-path
7925 silly ADD node_modules/ast-types
7926 silly ADD node_modules/recast
7927 silly ADD node_modules/recast/node_modules/source-map
7928 silly ADD node_modules/seroval-plugins
7929 silly ADD node_modules/isbot
7930 silly ADD node_modules/@babel/helper-replace-supers
7931 silly ADD node_modules/@babel/helper-optimise-call-expression
7932 silly ADD node_modules/@babel/helper-member-expression-to-functions
7933 silly ADD node_modules/@babel/helper-skip-transparent-expression-wrappers
7934 silly ADD node_modules/@babel/helper-create-class-features-plugin
7935 silly ADD node_modules/@babel/helper-annotate-as-pure
7936 silly ADD node_modules/@babel/plugin-transform-typescript
7937 silly ADD node_modules/@babel/plugin-transform-modules-commonjs
7938 silly ADD node_modules/@babel/preset-typescript
7939 silly ADD node_modules/webidl-conversions
7940 silly ADD node_modules/tr46
7941 silly ADD node_modules/whatwg-url
7942 silly ADD node_modules/crc32-stream
7943 silly ADD node_modules/crc-32
7944 silly ADD node_modules/compress-commons
7945 silly ADD node_modules/error-stack-parser-es
7946 silly ADD node_modules/@poppinss/exception
7947 silly ADD node_modules/supports-color
7948 silly ADD node_modules/@sindresorhus/is
7949 silly ADD node_modules/kleur
7950 silly ADD node_modules/@speed-highlight/core
7951 silly ADD node_modules/@poppinss/dumper
7952 silly ADD node_modules/@poppinss/colors
7953 silly ADD node_modules/yargs-parser
7954 silly ADD node_modules/y18n
7955 silly ADD node_modules/get-caller-file
7956 silly ADD node_modules/cliui
7957 silly ADD node_modules/cliui/node_modules/emoji-regex
7958 silly ADD node_modules/cliui/node_modules/wrap-ansi
7959 silly ADD node_modules/cliui/node_modules/string-width
7960 silly ADD node_modules/sprintf-js
7961 silly ADD node_modules/esprima
7962 silly ADD node_modules/argparse
7963 silly ADD node_modules/@oozcitak/url
7964 silly ADD node_modules/js-yaml
7965 silly ADD node_modules/@oozcitak/util
7966 silly ADD node_modules/@oozcitak/infra
7967 silly ADD node_modules/@oozcitak/dom
7968 silly ADD node_modules/ansi-styles
7969 silly ADD node_modules/isexe
7970 silly ADD node_modules/ansi-regex
7971 silly ADD node_modules/strip-ansi
7972 silly ADD node_modules/emoji-regex
7973 silly ADD node_modules/eastasianwidth
7974 silly ADD node_modules/shebang-regex
7975 silly ADD node_modules/mimic-fn
7976 silly ADD node_modules/system-architecture
7977 silly ADD node_modules/requires-port
7978 silly ADD node_modules/shebang-command
7979 silly ADD node_modules/path-key
7980 silly ADD node_modules/strip-final-newline
7981 silly ADD node_modules/signal-exit
7982 silly ADD node_modules/onetime
7983 silly ADD node_modules/npm-run-path
7984 silly ADD node_modules/npm-run-path/node_modules/path-key
7985 silly ADD node_modules/merge-stream
7986 silly ADD node_modules/human-signals
7987 silly ADD node_modules/get-stream
7988 silly ADD node_modules/cross-spawn
7989 silly ADD node_modules/cross-spawn/node_modules/isexe
7990 silly ADD node_modules/cross-spawn/node_modules/which
7991 silly ADD node_modules/which
7992 silly ADD node_modules/@deno/shim-deno-test
7993 silly ADD node_modules/@deno/shim-deno
7994 silly ADD node_modules/is64bit
7995 silly ADD node_modules/is-wsl
7996 silly ADD node_modules/execa
7997 silly ADD node_modules/execa/node_modules/is-stream
7998 silly ADD node_modules/wrap-ansi
7999 silly ADD node_modules/widest-line
8000 silly ADD node_modules/string-width
8001 silly ADD node_modules/cli-boxes
8002 silly ADD node_modules/chalk
8003 silly ADD node_modules/camelcase
8004 silly ADD node_modules/ansi-align
8005 silly ADD node_modules/ansi-align/node_modules/ansi-regex
8006 silly ADD node_modules/ansi-align/node_modules/strip-ansi
8007 silly ADD node_modules/ansi-align/node_modules/emoji-regex
8008 silly ADD node_modules/ansi-align/node_modules/string-width
8009 silly ADD node_modules/node-addon-api
8010 silly ADD node_modules/@parcel/watcher-win32-x64
8011 silly ADD node_modules/clipboardy
8012 silly ADD node_modules/@parcel/watcher
8013 silly ADD node_modules/@types/braces
8014 silly ADD node_modules/http-proxy
8015 silly ADD node_modules/http-proxy/node_modules/eventemitter3
8016 silly ADD node_modules/es-module-lexer
8017 silly ADD node_modules/dax-sh
8018 silly ADD node_modules/dax-sh/node_modules/undici-types
8019 silly ADD node_modules/boxen
8020 silly ADD node_modules/boxen/node_modules/type-fest
8021 silly ADD node_modules/@vinxi/listhen
8022 silly ADD node_modules/@vinxi/listhen/node_modules/untun
8023 silly ADD node_modules/@vinxi/listhen/node_modules/std-env
8024 silly ADD node_modules/@vinxi/listhen/node_modules/pathe
8025 silly ADD node_modules/@vinxi/listhen/node_modules/jiti
8026 silly ADD node_modules/@vinxi/listhen/node_modules/citty
8027 silly ADD node_modules/@vinxi/listhen/node_modules/@parcel/watcher-wasm
8028 silly ADD node_modules/@types/micromatch
8029 silly ADD node_modules/d3-path
8030 silly ADD node_modules/d3-time-format
8031 silly ADD node_modules/d3-format
8032 silly ADD node_modules/d3-color
8033 silly ADD node_modules/internmap
8034 silly ADD node_modules/@types/d3-path
8035 silly ADD node_modules/@types/d3-color
8036 silly ADD node_modules/d3-timer
8037 silly ADD node_modules/d3-time
8038 silly ADD node_modules/d3-shape
8039 silly ADD node_modules/d3-scale
8040 silly ADD node_modules/d3-interpolate
8041 silly ADD node_modules/d3-ease
8042 silly ADD node_modules/d3-array
8043 silly ADD node_modules/@types/d3-timer
8044 silly ADD node_modules/@types/d3-time
8045 silly ADD node_modules/@types/d3-shape
8046 silly ADD node_modules/@types/d3-scale
8047 silly ADD node_modules/@types/d3-interpolate
8048 silly ADD node_modules/@types/d3-ease
8049 silly ADD node_modules/@types/d3-array
8050 silly ADD node_modules/escalade
8051 silly ADD node_modules/anymatch
8052 silly ADD node_modules/anymatch/node_modules/picomatch
8053 silly ADD node_modules/webpack-virtual-modules
8054 silly ADD node_modules/quansync
8055 silly ADD node_modules/strip-literal
8056 silly ADD node_modules/strip-literal/node_modules/js-tokens
8057 silly ADD node_modules/local-pkg
8058 silly ADD node_modules/unplugin
8059 silly ADD node_modules/media-typer
8060 silly ADD node_modules/tagged-tag
8061 silly ADD node_modules/is-number
8062 silly ADD node_modules/buffer-from
8063 silly ADD node_modules/source-map-support
8064 silly ADD node_modules/source-map-support/node_modules/source-map
8065 silly ADD node_modules/commander
8066 silly ADD node_modules/@jridgewell/source-map
8067 silly ADD node_modules/text-decoder
8068 silly ADD node_modules/events-universal
8069 silly ADD node_modules/teex
8070 silly ADD node_modules/bare-url
8071 silly ADD node_modules/bare-stream
8072 silly ADD node_modules/bare-path
8073 silly ADD node_modules/bare-events
8074 silly ADD node_modules/streamx
8075 silly ADD node_modules/fast-fifo
8076 silly ADD node_modules/bare-fs
8077 silly ADD node_modules/b4a
8078 silly ADD node_modules/minizlib
8079 silly ADD node_modules/chownr
8080 silly ADD node_modules/@isaacs/fs-minipass
8081 silly ADD node_modules/@noble/hashes
8082 silly ADD node_modules/@noble/curves
8083 silly ADD node_modules/@noble/ciphers
8084 silly ADD node_modules/@ecies/ciphers
8085 silly ADD node_modules/jose
8086 silly ADD node_modules/eciesjs
8087 silly ADD node_modules/@supabase/cli-windows-x64
8088 silly ADD node_modules/call-bound
8089 silly ADD node_modules/side-channel-weakmap
8090 silly ADD node_modules/side-channel-map
8091 silly ADD node_modules/side-channel-list
8092 silly ADD node_modules/object-inspect
8093 silly ADD node_modules/queue-microtask
8094 silly ADD node_modules/is-docker
8095 silly ADD node_modules/run-applescript
8096 silly ADD node_modules/default-browser-id
8097 silly ADD node_modules/bundle-name
8098 silly ADD node_modules/wsl-utils
8099 silly ADD node_modules/wsl-utils/node_modules/powershell-utils
8100 silly ADD node_modules/powershell-utils
8101 silly ADD node_modules/is-inside-container
8102 silly ADD node_modules/is-in-ssh
8103 silly ADD node_modules/define-lazy-prop
8104 silly ADD node_modules/default-browser
8105 silly ADD node_modules/yargs
8106 silly ADD node_modules/yargs/node_modules/string-width
8107 silly ADD node_modules/open
8108 silly ADD node_modules/@rollup/rollup-win32-x64-msvc
8109 silly ADD node_modules/@rollup/rollup-win32-x64-gnu
8110 silly ADD node_modules/supports-preserve-symlinks-flag
8111 silly ADD node_modules/path-parse
8112 silly ADD node_modules/is-core-module
8113 silly ADD node_modules/@types/use-sync-external-store
8114 silly ADD node_modules/redux-thunk
8115 silly ADD node_modules/redux
8116 silly ADD node_modules/@standard-schema/spec
8117 silly ADD node_modules/victory-vendor
8118 silly ADD node_modules/reselect
8119 silly ADD node_modules/react-redux
8120 silly ADD node_modules/immer
8121 silly ADD node_modules/eventemitter3
8122 silly ADD node_modules/es-toolkit
8123 silly ADD node_modules/decimal.js-light
8124 silly ADD node_modules/@reduxjs/toolkit
8125 silly ADD node_modules/ieee754
8126 silly ADD node_modules/event-target-shim
8127 silly ADD node_modules/string_decoder
8128 silly ADD node_modules/process
8129 silly ADD node_modules/events
8130 silly ADD node_modules/buffer
8131 silly ADD node_modules/abort-controller
8132 silly ADD node_modules/scheduler
8133 silly ADD node_modules/side-channel
8134 silly ADD node_modules/ipaddr.js
8135 silly ADD node_modules/forwarded
8136 silly ADD node_modules/long
8137 silly ADD node_modules/@protobufjs/utf8
8138 silly ADD node_modules/@protobufjs/pool
8139 silly ADD node_modules/@protobufjs/path
8140 silly ADD node_modules/@protobufjs/float
8141 silly ADD node_modules/@protobufjs/fetch
8142 silly ADD node_modules/@protobufjs/eventemitter
8143 silly ADD node_modules/@protobufjs/codegen
8144 silly ADD node_modules/@protobufjs/base64
8145 silly ADD node_modules/@protobufjs/aspromise
8146 silly ADD node_modules/nanoid
8147 silly ADD node_modules/pako
8148 silly ADD node_modules/@pdf-lib/upng
8149 silly ADD node_modules/@pdf-lib/standard-fonts
8150 silly ADD node_modules/retry
8151 silly ADD node_modules/@types/retry
8152 silly ADD node_modules/ee-first
8153 silly ADD node_modules/abbrev
8154 silly ADD node_modules/web-streams-polyfill
8155 silly ADD node_modules/node-domexception
8156 silly ADD node_modules/formdata-polyfill
8157 silly ADD node_modules/fetch-blob
8158 silly ADD node_modules/data-uri-to-buffer
8159 silly ADD node_modules/balanced-match
8160 silly ADD node_modules/brace-expansion
8161 silly ADD node_modules/to-regex-range
8162 silly ADD node_modules/fill-range
8163 silly ADD node_modules/braces
8164 silly ADD node_modules/uqr
8165 silly ADD node_modules/untun
8166 silly ADD node_modules/tinyclip
8167 silly ADD node_modules/node-forge
8168 silly ADD node_modules/http-shutdown
8169 silly ADD node_modules/get-port-please
8170 silly ADD node_modules/@parcel/watcher-wasm
8171 silly ADD node_modules/is-extglob
8172 silly ADD node_modules/standard-as-callback
8173 silly ADD node_modules/redis-parser
8174 silly ADD node_modules/redis-errors
8175 silly ADD node_modules/denque
8176 silly ADD node_modules/cluster-key-slot
8177 silly ADD node_modules/@ioredis/commands
8178 silly ADD node_modules/duplexer
8179 silly ADD node_modules/is-glob
8180 silly ADD node_modules/reusify
8181 silly ADD node_modules/run-parallel
8182 silly ADD node_modules/fastq
8183 silly ADD node_modules/@nodelib/fs.scandir
8184 silly ADD node_modules/merge2
8185 silly ADD node_modules/glob-parent
8186 silly ADD node_modules/@nodelib/fs.walk
8187 silly ADD node_modules/@nodelib/fs.stat
8188 silly ADD node_modules/unicorn-magic
8189 silly ADD node_modules/slash
8190 silly ADD node_modules/micromatch
8191 silly ADD node_modules/micromatch/node_modules/picomatch
8192 silly ADD node_modules/is-path-inside
8193 silly ADD node_modules/ignore
8194 silly ADD node_modules/fast-glob
8195 silly ADD node_modules/@sindresorhus/merge-streams
8196 silly ADD node_modules/path-scurry
8197 silly ADD node_modules/path-scurry/node_modules/lru-cache
8198 silly ADD node_modules/minipass
8199 silly ADD node_modules/minimatch
8200 silly ADD node_modules/type-fest
8201 silly ADD node_modules/readdirp
8202 silly ADD node_modules/rc9
8203 silly ADD node_modules/giget
8204 silly ADD node_modules/file-uri-to-path
8205 silly ADD node_modules/normalize-path
8206 silly ADD node_modules/lodash
8207 silly ADD node_modules/lazystream
8208 silly ADD node_modules/lazystream/node_modules/string_decoder
8209 silly ADD node_modules/lazystream/node_modules/safe-buffer
8210 silly ADD node_modules/lazystream/node_modules/readable-stream
8211 silly ADD node_modules/is-stream
8212 silly ADD node_modules/zip-stream
8213 silly ADD node_modules/tar-stream
8214 silly ADD node_modules/readdir-glob
8215 silly ADD node_modules/readdir-glob/node_modules/balanced-match
8216 silly ADD node_modules/readdir-glob/node_modules/brace-expansion
8217 silly ADD node_modules/readdir-glob/node_modules/minimatch
8218 silly ADD node_modules/readable-stream
8219 silly ADD node_modules/buffer-crc32
8220 silly ADD node_modules/async
8221 silly ADD node_modules/archiver-utils
8222 silly ADD node_modules/archiver-utils/node_modules/lru-cache
8223 silly ADD node_modules/archiver-utils/node_modules/balanced-match
8224 silly ADD node_modules/archiver-utils/node_modules/brace-expansion
8225 silly ADD node_modules/archiver-utils/node_modules/path-scurry
8226 silly ADD node_modules/archiver-utils/node_modules/minimatch
8227 silly ADD node_modules/archiver-utils/node_modules/glob
8228 silly ADD node_modules/tar
8229 silly ADD node_modules/tar/node_modules/yallist
8230 silly ADD node_modules/nopt
8231 silly ADD node_modules/resolve-from
8232 silly ADD node_modules/node-gyp-build
8233 silly ADD node_modules/glob
8234 silly ADD node_modules/bindings
8235 silly ADD node_modules/async-sema
8236 silly ADD node_modules/acorn-import-attributes
8237 silly ADD node_modules/acorn
8238 silly ADD node_modules/@mapbox/node-pre-gyp
8239 silly ADD node_modules/@mapbox/node-pre-gyp/node_modules/agent-base
8240 silly ADD node_modules/@mapbox/node-pre-gyp/node_modules/semver
8241 silly ADD node_modules/@mapbox/node-pre-gyp/node_modules/node-fetch
8242 silly ADD node_modules/@mapbox/node-pre-gyp/node_modules/https-proxy-agent
8243 silly ADD node_modules/@types/estree
8244 silly ADD node_modules/terser
8245 silly ADD node_modules/smob
8246 silly ADD node_modules/serialize-javascript
8247 silly ADD node_modules/resolve
8248 silly ADD node_modules/is-module
8249 silly ADD node_modules/deepmerge
8250 silly ADD node_modules/@types/resolve
8251 silly ADD node_modules/picomatch
8252 silly ADD node_modules/is-reference
8253 silly ADD node_modules/fdir
8254 silly ADD node_modules/estree-walker
8255 silly ADD node_modules/commondir
8256 silly ADD node_modules/@rollup/pluginutils
8257 silly ADD node_modules/youch-core
8258 silly ADD node_modules/youch
8259 silly ADD node_modules/youch/node_modules/cookie-es
8260 silly ADD node_modules/unwasm
8261 silly ADD node_modules/untyped
8262 silly ADD node_modules/untyped/node_modules/citty
8263 silly ADD node_modules/unstorage
8264 silly ADD node_modules/unstorage/node_modules/crossws
8265 silly ADD node_modules/unstorage/node_modules/lru-cache
8266 silly ADD node_modules/unstorage/node_modules/h3
8267 silly ADD node_modules/unplugin-utils
8268 silly ADD node_modules/unimport
8269 silly ADD node_modules/unimport/node_modules/unplugin
8270 silly ADD node_modules/unimport/node_modules/magic-string
8271 silly ADD node_modules/unimport/node_modules/estree-walker
8272 silly ADD node_modules/unctx
8273 silly ADD node_modules/unctx/node_modules/estree-walker
8274 silly ADD node_modules/ultrahtml
8275 silly ADD node_modules/std-env
8276 silly ADD node_modules/source-map
8277 silly ADD node_modules/serve-placeholder
8278 silly ADD node_modules/scule
8279 silly ADD node_modules/rollup-plugin-visualizer
8280 silly ADD node_modules/rollup-plugin-visualizer/node_modules/source-map
8281 silly ADD node_modules/rollup
8282 silly ADD node_modules/pretty-bytes
8283 silly ADD node_modules/pkg-types
8284 silly ADD node_modules/perfect-debounce
8285 silly ADD node_modules/node-mock-http
8286 silly ADD node_modules/node-fetch-native
8287 silly ADD node_modules/mlly
8288 silly ADD node_modules/mlly/node_modules/confbox
8289 silly ADD node_modules/mlly/node_modules/pkg-types
8290 silly ADD node_modules/mime
8291 silly ADD node_modules/magicast
8292 silly ADD node_modules/listhen
8293 silly ADD node_modules/listhen/node_modules/h3
8294 silly ADD node_modules/listhen/node_modules/h3/node_modules/crossws
8295 silly ADD node_modules/knitwork
8296 silly ADD node_modules/klona
8297 silly ADD node_modules/ioredis
8298 silly ADD node_modules/httpxy
8299 silly ADD node_modules/hookable
8300 silly ADD node_modules/gzip-size
8301 silly ADD node_modules/globby
8302 silly ADD node_modules/exsolve
8303 silly ADD node_modules/escape-string-regexp
8304 silly ADD node_modules/dot-prop
8305 silly ADD node_modules/db0
8306 silly ADD node_modules/croner
8307 silly ADD node_modules/consola
8308 silly ADD node_modules/confbox
8309 silly ADD node_modules/compatx
8310 silly ADD node_modules/citty
8311 silly ADD node_modules/chokidar
8312 silly ADD node_modules/c12
8313 silly ADD node_modules/c12/node_modules/ohash
8314 silly ADD node_modules/archiver
8315 silly ADD node_modules/@vercel/nft
8316 silly ADD node_modules/@rollup/plugin-terser
8317 silly ADD node_modules/@rollup/plugin-replace
8318 silly ADD node_modules/@rollup/plugin-node-resolve
8319 silly ADD node_modules/@rollup/plugin-json
8320 silly ADD node_modules/@rollup/plugin-inject
8321 silly ADD node_modules/@rollup/plugin-commonjs
8322 silly ADD node_modules/@rollup/plugin-alias
8323 silly ADD node_modules/@cloudflare/kv-asset-handler
8324 silly ADD node_modules/motion-utils
8325 silly ADD node_modules/motion-dom
8326 silly ADD node_modules/framer-motion
8327 silly ADD node_modules/mime-db
8328 silly ADD node_modules/yallist
8329 silly ADD node_modules/lightningcss-win32-x64-msvc
8330 silly ADD node_modules/detect-libc
8331 silly ADD node_modules/buffer-equal-constant-time
8332 silly ADD node_modules/jwa
8333 silly ADD node_modules/bignumber.js
8334 silly ADD node_modules/safer-buffer
8335 silly ADD node_modules/agent-base
8336 silly ADD node_modules/toidentifier
8337 silly ADD node_modules/inherits
8338 silly ADD node_modules/srvx
8339 silly ADD node_modules/rou3
8340 silly ADD node_modules/crossws
8341 silly ADD node_modules/unenv
8342 silly ADD node_modules/unenv/node_modules/pathe
8343 silly ADD node_modules/unenv/node_modules/mime
8344 silly ADD node_modules/uncrypto
8345 silly ADD node_modules/radix3
8346 silly ADD node_modules/ohash
8347 silly ADD node_modules/iron-webcrypto
8348 silly ADD node_modules/destr
8349 silly ADD node_modules/defu
8350 silly ADD node_modules/cookie-es
8351 silly ADD node_modules/json-bigint
8352 silly ADD node_modules/node-fetch
8353 silly ADD node_modules/extend
8354 silly ADD node_modules/jws
8355 silly ADD node_modules/google-logging-utils
8356 silly ADD node_modules/gcp-metadata
8357 silly ADD node_modules/gaxios
8358 silly ADD node_modules/gaxios/node_modules/agent-base
8359 silly ADD node_modules/gaxios/node_modules/https-proxy-agent
8360 silly ADD node_modules/ecdsa-sig-formatter
8361 silly ADD node_modules/base64-js
8362 silly ADD node_modules/dunder-proto
8363 silly ADD node_modules/math-intrinsics
8364 silly ADD node_modules/has-symbols
8365 silly ADD node_modules/gopd
8366 silly ADD node_modules/get-proto
8367 silly ADD node_modules/function-bind
8368 silly ADD node_modules/es-object-atoms
8369 silly ADD node_modules/es-define-property
8370 silly ADD node_modules/call-bind-apply-helpers
8371 silly ADD node_modules/has-tostringtag
8372 silly ADD node_modules/get-intrinsic
8373 silly ADD node_modules/es-errors
8374 silly ADD node_modules/delayed-stream
8375 silly ADD node_modules/hasown
8376 silly ADD node_modules/es-set-tostringtag
8377 silly ADD node_modules/combined-stream
8378 silly ADD node_modules/asynckit
8379 silly ADD node_modules/unpipe
8380 silly ADD node_modules/raw-body
8381 silly ADD node_modules/raw-body/node_modules/iconv-lite
8382 silly ADD node_modules/destroy
8383 silly ADD node_modules/bytes
8384 silly ADD node_modules/negotiator
8385 silly ADD node_modules/mime-types
8386 silly ADD node_modules/vary
8387 silly ADD node_modules/utils-merge
8388 silly ADD node_modules/type-is
8389 silly ADD node_modules/statuses
8390 silly ADD node_modules/setprototypeof
8391 silly ADD node_modules/serve-static
8392 silly ADD node_modules/send
8393 silly ADD node_modules/send/node_modules/mime
8394 silly ADD node_modules/send/node_modules/debug
8395 silly ADD node_modules/send/node_modules/debug/node_modules/ms
8396 silly ADD node_modules/safe-buffer
8397 silly ADD node_modules/range-parser
8398 silly ADD node_modules/qs
8399 silly ADD node_modules/proxy-addr
8400 silly ADD node_modules/path-to-regexp
8401 silly ADD node_modules/parseurl
8402 silly ADD node_modules/on-finished
8403 silly ADD node_modules/methods
8404 silly ADD node_modules/merge-descriptors
8405 silly ADD node_modules/http-errors
8406 silly ADD node_modules/fresh
8407 silly ADD node_modules/finalhandler
8408 silly ADD node_modules/finalhandler/node_modules/ms
8409 silly ADD node_modules/finalhandler/node_modules/debug
8410 silly ADD node_modules/etag
8411 silly ADD node_modules/escape-html
8412 silly ADD node_modules/encodeurl
8413 silly ADD node_modules/depd
8414 silly ADD node_modules/cookie-signature
8415 silly ADD node_modules/cookie
8416 silly ADD node_modules/content-type
8417 silly ADD node_modules/content-disposition
8418 silly ADD node_modules/body-parser
8419 silly ADD node_modules/body-parser/node_modules/ms
8420 silly ADD node_modules/body-parser/node_modules/iconv-lite
8421 silly ADD node_modules/body-parser/node_modules/debug
8422 silly ADD node_modules/array-flatten
8423 silly ADD node_modules/accepts
8424 silly ADD node_modules/@esbuild/win32-x64
8425 silly ADD node_modules/tapable
8426 silly ADD node_modules/graceful-fs
8427 silly ADD node_modules/whatwg-encoding
8428 silly ADD node_modules/iconv-lite
8429 silly ADD node_modules/entities
8430 silly ADD node_modules/ms
8431 silly ADD node_modules/nth-check
8432 silly ADD node_modules/domelementtype
8433 silly ADD node_modules/css-what
8434 silly ADD node_modules/css-select
8435 silly ADD node_modules/boolbase
8436 silly ADD node_modules/whatwg-mimetype
8437 silly ADD node_modules/undici
8438 silly ADD node_modules/parse5-parser-stream
8439 silly ADD node_modules/parse5-htmlparser2-tree-adapter
8440 silly ADD node_modules/parse5
8441 silly ADD node_modules/parse5/node_modules/entities
8442 silly ADD node_modules/htmlparser2
8443 silly ADD node_modules/htmlparser2/node_modules/entities
8444 silly ADD node_modules/encoding-sniffer
8445 silly ADD node_modules/domutils
8446 silly ADD node_modules/domhandler
8447 silly ADD node_modules/dom-serializer
8448 silly ADD node_modules/cheerio-select
8449 silly ADD node_modules/update-browserslist-db
8450 silly ADD node_modules/node-releases
8451 silly ADD node_modules/electron-to-chromium
8452 silly ADD node_modules/baseline-browser-mapping
8453 silly ADD node_modules/proxy-from-env
8454 silly ADD node_modules/https-proxy-agent
8455 silly ADD node_modules/form-data
8456 silly ADD node_modules/follow-redirects
8457 silly ADD node_modules/postcss-value-parser
8458 silly ADD node_modules/fraction.js
8459 silly ADD node_modules/caniuse-lite
8460 silly ADD node_modules/react-refresh
8461 silly ADD node_modules/@rolldown/pluginutils
8462 silly ADD node_modules/@babel/plugin-transform-react-jsx-source
8463 silly ADD node_modules/@babel/plugin-transform-react-jsx-self
8464 silly ADD node_modules/@types/http-errors
8465 silly ADD node_modules/undici-types
8466 silly ADD node_modules/@types/send
8467 silly ADD node_modules/@types/range-parser
8468 silly ADD node_modules/@types/connect
8469 silly ADD node_modules/@types/serve-static
8470 silly ADD node_modules/@types/serve-static/node_modules/@types/send
8471 silly ADD node_modules/@types/qs
8472 silly ADD node_modules/@types/express-serve-static-core
8473 silly ADD node_modules/@types/body-parser
8474 silly ADD node_modules/@types/babel__traverse
8475 silly ADD node_modules/@types/babel__template
8476 silly ADD node_modules/@types/babel__generator
8477 silly ADD node_modules/@tanstack/start-server-functions-fetcher
8478 silly ADD node_modules/@tanstack/start-server-functions-fetcher/node_modules/@tanstack/start-storage-context
8479 silly ADD node_modules/@tanstack/start-server-functions-fetcher/node_modules/@tanstack/history
8480 silly ADD node_modules/@tanstack/start-server-functions-fetcher/node_modules/@tanstack/start-client-core
8481 silly ADD node_modules/@tanstack/start-server-functions-fetcher/node_modules/@tanstack/router-core
8482 silly ADD node_modules/h3-v2
8483 silly ADD node_modules/fetchdts
8484 silly ADD node_modules/xmlbuilder2
8485 silly ADD node_modules/vitefu
8486 silly ADD node_modules/ufo
8487 silly ADD node_modules/h3
8488 silly ADD node_modules/h3/node_modules/crossws
8489 silly ADD node_modules/cheerio
8490 silly ADD node_modules/@types/babel__core
8491 silly ADD node_modules/@types/babel__code-frame
8492 silly ADD node_modules/seroval
8493 silly ADD node_modules/@tanstack/start-storage-context
8494 silly ADD node_modules/@tanstack/start-storage-context/node_modules/cookie-es
8495 silly ADD node_modules/@tanstack/start-storage-context/node_modules/@tanstack/history
8496 silly ADD node_modules/@tanstack/start-storage-context/node_modules/@tanstack/router-core
8497 silly ADD node_modules/@tanstack/start-fn-stubs
8498 silly ADD node_modules/@babel/helper-globals
8499 silly ADD node_modules/@babel/helper-plugin-utils
8500 silly ADD node_modules/@babel/helper-module-imports
8501 silly ADD node_modules/lru-cache
8502 silly ADD node_modules/browserslist
8503 silly ADD node_modules/@babel/helper-validator-option
8504 silly ADD node_modules/@babel/compat-data
8505 silly ADD node_modules/semver
8506 silly ADD node_modules/json5
8507 silly ADD node_modules/gensync
8508 silly ADD node_modules/debug
8509 silly ADD node_modules/convert-source-map
8510 silly ADD node_modules/@babel/helpers
8511 silly ADD node_modules/@babel/helper-module-transforms
8512 silly ADD node_modules/@babel/helper-compilation-targets
8513 silly ADD node_modules/picocolors
8514 silly ADD node_modules/js-tokens
8515 silly ADD node_modules/@tanstack/directive-functions-plugin
8516 silly ADD node_modules/@tanstack/directive-functions-plugin/node_modules/@tanstack/router-utils
8517 silly ADD node_modules/@babel/traverse
8518 silly ADD node_modules/@babel/traverse/node_modules/@babel/code-frame
8519 silly ADD node_modules/@babel/template
8520 silly ADD node_modules/@babel/template/node_modules/@babel/code-frame
8521 silly ADD node_modules/@babel/plugin-syntax-typescript
8522 silly ADD node_modules/@babel/plugin-syntax-jsx
8523 silly ADD node_modules/@babel/core
8524 silly ADD node_modules/@babel/core/node_modules/@babel/code-frame
8525 silly ADD node_modules/@babel/code-frame
8526 silly ADD node_modules/tinyglobby
8527 silly ADD node_modules/diff
8528 silly ADD node_modules/babel-dead-code-elimination
8529 silly ADD node_modules/ansis
8530 silly ADD node_modules/@babel/parser
8531 silly ADD node_modules/@babel/generator
8532 silly ADD node_modules/@babel/helper-validator-identifier
8533 silly ADD node_modules/@babel/helper-string-parser
8534 silly ADD node_modules/prettier
8535 silly ADD node_modules/@tanstack/virtual-file-routes
8536 silly ADD node_modules/@tanstack/router-utils
8537 silly ADD node_modules/@babel/types
8538 silly ADD node_modules/use-sync-external-store
8539 silly ADD node_modules/@tanstack/store
8540 silly ADD node_modules/@tanstack/start-server-core
8541 silly ADD node_modules/@tanstack/start-server-core/node_modules/cookie-es
8542 silly ADD node_modules/@tanstack/start-server-core/node_modules/@tanstack/router-core
8543 silly ADD node_modules/@tanstack/start-server-core/node_modules/@tanstack/history
8544 silly ADD node_modules/pathe
8545 silly ADD node_modules/@tanstack/start-plugin-core
8546 silly ADD node_modules/@tanstack/start-plugin-core/node_modules/picomatch
8547 silly ADD node_modules/@tanstack/start-plugin-core/node_modules/readdirp
8548 silly ADD node_modules/@tanstack/start-plugin-core/node_modules/@tanstack/start-storage-context
8549 silly ADD node_modules/@tanstack/start-plugin-core/node_modules/@tanstack/start-client-core
8550 silly ADD node_modules/@tanstack/start-plugin-core/node_modules/@tanstack/directive-functions-plugin
8551 silly ADD node_modules/@tanstack/start-plugin-core/node_modules/@tanstack/directive-functions-plugin/node_modules/@babel/code-frame
8552 silly ADD node_modules/@tanstack/start-plugin-core/node_modules/chokidar
8553 silly ADD node_modules/@tanstack/start-plugin-core/node_modules/@tanstack/virtual-file-routes
8554 silly ADD node_modules/@tanstack/start-plugin-core/node_modules/@tanstack/react-store
8555 silly ADD node_modules/@tanstack/start-plugin-core/node_modules/@tanstack/react-store/node_modules/@tanstack/store
8556 silly ADD node_modules/@tanstack/start-plugin-core/node_modules/@tanstack/history
8557 silly ADD node_modules/@tanstack/start-plugin-core/node_modules/zod
8558 silly ADD node_modules/@tanstack/start-plugin-core/node_modules/@tanstack/start-server-core
8559 silly ADD node_modules/@tanstack/start-plugin-core/node_modules/@tanstack/start-server-core/node_modules/@tanstack/history
8560 silly ADD node_modules/@tanstack/start-plugin-core/node_modules/@tanstack/server-functions-plugin
8561 silly ADD node_modules/@tanstack/start-plugin-core/node_modules/@tanstack/server-functions-plugin/node_modules/@babel/code-frame
8562 silly ADD node_modules/@tanstack/start-plugin-core/node_modules/@tanstack/router-utils
8563 silly ADD node_modules/@tanstack/start-plugin-core/node_modules/@tanstack/react-router
8564 silly ADD node_modules/@tanstack/start-plugin-core/node_modules/@tanstack/react-router/node_modules/cookie-es
8565 silly ADD node_modules/@tanstack/start-plugin-core/node_modules/@tanstack/react-router/node_modules/@tanstack/router-core
8566 silly ADD node_modules/@tanstack/start-plugin-core/node_modules/@tanstack/router-plugin
8567 silly ADD node_modules/@tanstack/start-plugin-core/node_modules/@tanstack/router-generator
8568 silly ADD node_modules/@tanstack/start-plugin-core/node_modules/@tanstack/router-core
8569 silly ADD node_modules/@tanstack/start-plugin-core/node_modules/@tanstack/router-core/node_modules/@tanstack/history
8570 silly ADD node_modules/@tanstack/start-plugin-core/node_modules/@babel/code-frame
8571 silly ADD node_modules/vinxi
8572 silly ADD node_modules/vinxi/node_modules/picomatch
8573 silly ADD node_modules/vinxi/node_modules/@esbuild/win32-x64
8574 silly ADD node_modules/vinxi/node_modules/readdirp
8575 silly ADD node_modules/vinxi/node_modules/zod
8576 silly ADD node_modules/vinxi/node_modules/pathe
8577 silly ADD node_modules/vinxi/node_modules/path-to-regexp
8578 silly ADD node_modules/vinxi/node_modules/esbuild
8579 silly ADD node_modules/vinxi/node_modules/crossws
8580 silly ADD node_modules/vinxi/node_modules/citty
8581 silly ADD node_modules/vinxi/node_modules/chokidar
8582 silly ADD node_modules/ofetch
8583 silly ADD node_modules/nitropack
8584 silly ADD node_modules/nitropack/node_modules/mime-db
8585 silly ADD node_modules/nitropack/node_modules/mime-types
8586 silly ADD node_modules/nitropack/node_modules/fresh
8587 silly ADD node_modules/nitropack/node_modules/send
8588 silly ADD node_modules/nitropack/node_modules/@esbuild/win32-x64
8589 silly ADD node_modules/nitropack/node_modules/unenv
8590 silly ADD node_modules/nitropack/node_modules/serve-static
8591 silly ADD node_modules/nitropack/node_modules/semver
8592 silly ADD node_modules/nitropack/node_modules/ohash
8593 silly ADD node_modules/nitropack/node_modules/h3
8594 silly ADD node_modules/nitropack/node_modules/h3/node_modules/cookie-es
8595 silly ADD node_modules/nitropack/node_modules/esbuild
8596 silly ADD node_modules/nitropack/node_modules/crossws
8597 silly ADD node_modules/nitropack/node_modules/cookie-es
8598 silly ADD node_modules/import-meta-resolve
8599 silly ADD node_modules/@tanstack/server-functions-plugin
8600 silly ADD node_modules/@tanstack/router-generator
8601 silly ADD node_modules/@tanstack/router-generator/node_modules/cookie-es
8602 silly ADD node_modules/@tanstack/router-generator/node_modules/@tanstack/history
8603 silly ADD node_modules/@tanstack/router-generator/node_modules/@tanstack/router-core
8604 silly ADD node_modules/@tanstack/react-start-plugin
8605 silly ADD node_modules/@tanstack/react-start-plugin/node_modules/zod
8606 silly ADD node_modules/@tanstack/start-client-core
8607 silly ADD node_modules/@tanstack/start-client-core/node_modules/cookie-es
8608 silly ADD node_modules/@tanstack/start-client-core/node_modules/@tanstack/history
8609 silly ADD node_modules/@tanstack/start-client-core/node_modules/@tanstack/router-core
8610 silly ADD node_modules/@tanstack/start-server-functions-ssr
8611 silly ADD node_modules/@tanstack/start-server-functions-server
8612 silly ADD node_modules/@tanstack/start-server-functions-server/node_modules/@tanstack/router-utils
8613 silly ADD node_modules/@tanstack/start-server-functions-server/node_modules/@tanstack/directive-functions-plugin
8614 silly ADD node_modules/@tanstack/start-server-functions-server/node_modules/@tanstack/server-functions-plugin
8615 silly ADD node_modules/@tanstack/start-server-functions-handler
8616 silly ADD node_modules/@tanstack/start-server-functions-handler/node_modules/cookie-es
8617 silly ADD node_modules/@tanstack/start-server-functions-handler/node_modules/@tanstack/history
8618 silly ADD node_modules/@tanstack/start-server-functions-handler/node_modules/@tanstack/router-core
8619 silly ADD node_modules/@tanstack/start-server-functions-client
8620 silly ADD node_modules/@tanstack/start-server-functions-client/node_modules/@tanstack/router-utils
8621 silly ADD node_modules/@tanstack/start-server-functions-client/node_modules/@tanstack/directive-functions-plugin
8622 silly ADD node_modules/@tanstack/start-server-functions-client/node_modules/@tanstack/server-functions-plugin
8623 silly ADD node_modules/@tanstack/start-api-routes
8624 silly ADD node_modules/@tanstack/start-api-routes/node_modules/cookie-es
8625 silly ADD node_modules/@tanstack/start-api-routes/node_modules/@tanstack/history
8626 silly ADD node_modules/@tanstack/start-api-routes/node_modules/@tanstack/router-core
8627 silly ADD node_modules/@tanstack/react-start-server
8628 silly ADD node_modules/@tanstack/react-start-server/node_modules/cookie-es
8629 silly ADD node_modules/@tanstack/react-start-server/node_modules/@tanstack/store
8630 silly ADD node_modules/@tanstack/react-start-server/node_modules/@tanstack/react-store
8631 silly ADD node_modules/@tanstack/react-start-server/node_modules/@tanstack/history
8632 silly ADD node_modules/@tanstack/react-start-server/node_modules/@tanstack/router-core
8633 silly ADD node_modules/@tanstack/react-start-server/node_modules/@tanstack/react-router
8634 silly ADD node_modules/@tanstack/react-start-router-manifest
8635 silly ADD node_modules/@tanstack/react-start-router-manifest/node_modules/cookie-es
8636 silly ADD node_modules/@tanstack/react-start-router-manifest/node_modules/@tanstack/history
8637 silly ADD node_modules/@tanstack/react-start-router-manifest/node_modules/@tanstack/router-core
8638 silly ADD node_modules/@tanstack/react-start-config
8639 silly ADD node_modules/@tanstack/react-start-config/node_modules/react-refresh
8640 silly ADD node_modules/@tanstack/react-start-config/node_modules/@rolldown/pluginutils
8641 silly ADD node_modules/@tanstack/react-start-config/node_modules/cookie-es
8642 silly ADD node_modules/@tanstack/react-start-config/node_modules/@tanstack/store
8643 silly ADD node_modules/@tanstack/react-start-config/node_modules/@tanstack/react-store
8644 silly ADD node_modules/@tanstack/react-start-config/node_modules/@tanstack/history
8645 silly ADD node_modules/@tanstack/react-start-config/node_modules/zod
8646 silly ADD node_modules/@tanstack/react-start-config/node_modules/@vitejs/plugin-react
8647 silly ADD node_modules/@tanstack/react-start-config/node_modules/@tanstack/react-router
8648 silly ADD node_modules/@tanstack/react-start-config/node_modules/@tanstack/router-plugin
8649 silly ADD node_modules/@tanstack/react-start-config/node_modules/@tanstack/router-plugin/node_modules/zod
8650 silly ADD node_modules/@tanstack/react-start-config/node_modules/@tanstack/router-plugin/node_modules/unplugin
8651 silly ADD node_modules/@tanstack/react-start-config/node_modules/@tanstack/router-core
8652 silly ADD node_modules/@tanstack/react-start-client
8653 silly ADD node_modules/@tanstack/react-start-client/node_modules/cookie-es
8654 silly ADD node_modules/@tanstack/react-start-client/node_modules/@tanstack/store
8655 silly ADD node_modules/@tanstack/react-start-client/node_modules/@tanstack/react-store
8656 silly ADD node_modules/@tanstack/react-start-client/node_modules/@tanstack/history
8657 silly ADD node_modules/@tanstack/react-start-client/node_modules/@tanstack/router-core
8658 silly ADD node_modules/@tanstack/react-start-client/node_modules/@tanstack/react-router
8659 silly ADD node_modules/tiny-warning
8660 silly ADD node_modules/tiny-invariant
8661 silly ADD node_modules/jsesc
8662 silly ADD node_modules/@tanstack/router-core
8663 silly ADD node_modules/@tanstack/react-store
8664 silly ADD node_modules/@tanstack/history
8665 silly ADD node_modules/@tanstack/query-core
8666 silly ADD node_modules/@tailwindcss/oxide-win32-x64-msvc
8667 silly ADD node_modules/@jridgewell/resolve-uri
8668 silly ADD node_modules/@jridgewell/sourcemap-codec
8669 silly ADD node_modules/@jridgewell/trace-mapping
8670 silly ADD node_modules/@jridgewell/gen-mapping
8671 silly ADD node_modules/source-map-js
8672 silly ADD node_modules/magic-string
8673 silly ADD node_modules/lightningcss
8674 silly ADD node_modules/jiti
8675 silly ADD node_modules/enhanced-resolve
8676 silly ADD node_modules/@jridgewell/remapping
8677 silly ADD node_modules/@tailwindcss/oxide
8678 silly ADD node_modules/@tailwindcss/node
8679 silly ADD node_modules/iceberg-js
8680 silly ADD node_modules/@supabase/phoenix
8681 silly ADD node_modules/tslib
8682 silly ADD node_modules/@supabase/storage-js
8683 silly ADD node_modules/@supabase/realtime-js
8684 silly ADD node_modules/@supabase/postgrest-js
8685 silly ADD node_modules/@supabase/functions-js
8686 silly ADD node_modules/@supabase/auth-js
8687 silly ADD node_modules/@standard-schema/utils
8688 silly ADD node_modules/ws
8689 silly ADD node_modules/protobufjs
8690 silly ADD node_modules/p-retry
8691 silly ADD node_modules/google-auth-library
8692 silly ADD node_modules/zustand
8693 silly ADD node_modules/zod
8694 silly ADD node_modules/typescript
8695 silly ADD node_modules/tsx
8696 silly ADD node_modules/tsx/node_modules/@esbuild/win32-x64
8697 silly ADD node_modules/tsx/node_modules/esbuild
8698 silly ADD node_modules/tailwindcss
8699 silly ADD node_modules/tailwind-merge
8700 silly ADD node_modules/supabase
8701 silly ADD node_modules/react-is
8702 silly ADD node_modules/recharts
8703 silly ADD node_modules/pdf-lib
8704 silly ADD node_modules/pdf-lib/node_modules/tslib
8705 silly ADD node_modules/motion
8706 silly ADD node_modules/lucide-react
8707 silly ADD node_modules/express
8708 silly ADD node_modules/express/node_modules/ms
8709 silly ADD node_modules/express/node_modules/debug
8710 silly ADD node_modules/esbuild
8711 silly ADD node_modules/dotenv
8712 silly ADD node_modules/clsx
8713 silly ADD node_modules/class-variance-authority
8714 silly ADD node_modules/axios
8715 silly ADD node_modules/postcss
8716 silly ADD node_modules/autoprefixer
8717 silly ADD node_modules/@vitejs/plugin-react
8718 silly ADD node_modules/@types/node
8719 silly ADD node_modules/@types/express
8720 silly ADD node_modules/@tanstack/react-start
8721 silly ADD node_modules/react-dom
8722 silly ADD node_modules/@tanstack/react-router
8723 silly ADD node_modules/@tanstack/react-query
8724 silly ADD node_modules/vite
8725 silly ADD node_modules/@tailwindcss/vite
8726 silly ADD node_modules/@supabase/supabase-js
8727 silly ADD node_modules/react
8728 silly ADD node_modules/react-hook-form
8729 silly ADD node_modules/@hookform/resolvers
8730 silly ADD node_modules/@google/genai
8731 warn allow-scripts 7 packages have install scripts not yet covered by allowScripts:
8731 warn allow-scripts   @google/genai@2.19.0 (preinstall: echo 'preinstall: no-op')
8731 warn allow-scripts   esbuild@0.25.12 (postinstall: node install.js)
8731 warn allow-scripts   protobufjs@7.6.6 (postinstall: node scripts/postinstall)
8731 warn allow-scripts   esbuild@0.28.2 (postinstall: node install.js)
8731 warn allow-scripts   esbuild@0.28.2 (postinstall: node install.js)
8731 warn allow-scripts   esbuild@0.20.2 (postinstall: node install.js)
8731 warn allow-scripts   @parcel/watcher@2.6.0 (install: node scripts/build-from-source.js)
8731 warn allow-scripts
8731 warn allow-scripts Run `npm approve-scripts --allow-scripts-pending` to review, or `npm approve-scripts <pkg>` to allow.
8732 verbose cwd C:\Users\Adetokunbo\Desktop\Pharmatrybe_project\Pharmatrybe
8733 verbose os Windows_NT 10.0.22621
8734 verbose node v24.18.0
8735 verbose npm  v11.16.0
8736 verbose exit 0
8737 info ok
