0 verbose cli C:\Program Files\nodejs\node.exe C:\Program Files\nodejs\node_modules\npm\bin\npm-cli.js
1 info using npm@11.16.0
2 info using node@v24.18.0
3 silly config load:file:C:\Program Files\nodejs\node_modules\npm\npmrc
4 silly config load:file:C:\Users\Adetokunbo\Desktop\Pharmatrybe_project\Pharmatrybe\.npmrc
5 silly config load:file:C:\Users\Adetokunbo\.npmrc
6 silly config load:file:C:\Users\Adetokunbo\AppData\Roaming\npm\etc\npmrc
7 verbose title npm install
8 verbose argv "install" "--no-fund" "--no-audit" "--loglevel" "error" "--cache" ".npm-local-cache"
9 verbose logfile logs-max:10 dir:C:\Users\Adetokunbo\Desktop\Pharmatrybe_project\Pharmatrybe\.npm-local-cache\_logs\2026-08-30T08_31_26_421Z-
10 verbose logfile C:\Users\Adetokunbo\Desktop\Pharmatrybe_project\Pharmatrybe\.npm-local-cache\_logs\2026-08-30T08_31_26_421Z-debug-0.log
11 silly logfile done cleaning log files
12 silly packumentCache heap:2348810240 maxSize:587202560 maxEntrySize:293601280
13 silly idealTree buildDeps
14 silly fetch manifest @google/genai@^2.4.0
15 silly packumentCache full:https://registry.npmjs.org/@google%2fgenai cache-miss
16 http cache https://registry.npmjs.org/@google%2fgenai 783ms (cache hit)
17 silly packumentCache full:https://registry.npmjs.org/@google%2fgenai set size:552329 disposed:false
18 silly fetch manifest @modelcontextprotocol/sdk@^1.25.2
19 silly packumentCache full:https://registry.npmjs.org/@modelcontextprotocol%2fsdk cache-miss
20 http cache https://registry.npmjs.org/@modelcontextprotocol%2fsdk 66ms (cache hit)
21 silly packumentCache full:https://registry.npmjs.org/@modelcontextprotocol%2fsdk set size:302290 disposed:false
22 silly fetch manifest @cfworker/json-schema@^4.1.1
23 silly packumentCache full:https://registry.npmjs.org/@cfworker%2fjson-schema cache-miss
24 http cache https://registry.npmjs.org/@cfworker%2fjson-schema 263ms (cache hit)
25 silly packumentCache full:https://registry.npmjs.org/@cfworker%2fjson-schema set size:144207 disposed:false
26 silly fetch manifest @hookform/resolvers@^5.8.0
27 silly packumentCache full:https://registry.npmjs.org/@hookform%2fresolvers cache-miss
28 http cache https://registry.npmjs.org/@hookform%2fresolvers 58ms (cache hit)
29 silly packumentCache full:https://registry.npmjs.org/@hookform%2fresolvers set size:1104184 disposed:false
30 silly fetch manifest @sinclair/typebox@>=0.25.24
31 silly packumentCache full:https://registry.npmjs.org/@sinclair%2ftypebox cache-miss
32 http cache https://registry.npmjs.org/@sinclair%2ftypebox 86ms (cache hit)
33 silly packumentCache full:https://registry.npmjs.org/@sinclair%2ftypebox set size:1212785 disposed:false
34 silly fetch manifest @standard-schema/spec@^1.0.0
35 silly packumentCache full:https://registry.npmjs.org/@standard-schema%2fspec cache-miss
36 http cache https://registry.npmjs.org/@standard-schema%2fspec 200ms (cache hit)
37 silly packumentCache full:https://registry.npmjs.org/@standard-schema%2fspec set size:27284 disposed:false
38 silly fetch manifest @typeschema/main@>=0.13.7
39 silly packumentCache full:https://registry.npmjs.org/@typeschema%2fmain cache-miss
40 http cache https://registry.npmjs.org/@typeschema%2fmain 64ms (cache hit)
41 silly packumentCache full:https://registry.npmjs.org/@typeschema%2fmain set size:64746 disposed:false
42 silly fetch manifest @typeschema/arktype@0.14.0
43 silly packumentCache full:https://registry.npmjs.org/@typeschema%2farktype cache-miss
44 http cache https://registry.npmjs.org/@typeschema%2farktype 134ms (cache hit)
45 silly packumentCache full:https://registry.npmjs.org/@typeschema%2farktype set size:13451 disposed:false
46 silly fetch manifest arktype@^2.0.0-rc.0
47 silly packumentCache full:https://registry.npmjs.org/arktype cache-miss
48 http cache https://registry.npmjs.org/arktype 160ms (cache hit)
49 silly packumentCache full:https://registry.npmjs.org/arktype set size:423205 disposed:false
50 silly fetch manifest @typeschema/class-validator@0.3.0
51 silly packumentCache full:https://registry.npmjs.org/@typeschema%2fclass-validator cache-miss
52 http cache https://registry.npmjs.org/@typeschema%2fclass-validator 717ms (cache hit)
53 silly packumentCache full:https://registry.npmjs.org/@typeschema%2fclass-validator set size:16735 disposed:false
54 silly fetch manifest class-validator@^0.14.1
55 silly packumentCache full:https://registry.npmjs.org/class-validator cache-miss
56 http cache https://registry.npmjs.org/class-validator 15ms (cache hit)
57 silly packumentCache full:https://registry.npmjs.org/class-validator set size:223768 disposed:false
58 silly fetch manifest @typeschema/deepkit@0.14.0
59 silly packumentCache full:https://registry.npmjs.org/@typeschema%2fdeepkit cache-miss
60 http cache https://registry.npmjs.org/@typeschema%2fdeepkit 231ms (cache hit)
61 silly packumentCache full:https://registry.npmjs.org/@typeschema%2fdeepkit set size:19158 disposed:false
62 silly fetch manifest @deepkit/type@^1.0.1-alpha.145
63 silly packumentCache full:https://registry.npmjs.org/@deepkit%2ftype cache-miss
64 http cache https://registry.npmjs.org/@deepkit%2ftype 19ms (cache hit)
65 silly packumentCache full:https://registry.npmjs.org/@deepkit%2ftype set size:402687 disposed:false
66 silly fetch manifest @deepkit/core@^1.0.1
67 silly packumentCache full:https://registry.npmjs.org/@deepkit%2fcore cache-miss
68 http cache https://registry.npmjs.org/@deepkit%2fcore 477ms (cache hit)
69 silly packumentCache full:https://registry.npmjs.org/@deepkit%2fcore set size:237858 disposed:false
70 silly fetch manifest @typeschema/effect@0.14.0
71 silly packumentCache full:https://registry.npmjs.org/@typeschema%2feffect cache-miss
72 http cache https://registry.npmjs.org/@typeschema%2feffect 73ms (cache hit)
73 silly packumentCache full:https://registry.npmjs.org/@typeschema%2feffect set size:19715 disposed:false
74 silly fetch manifest @effect/schema@^0.71.1
75 silly packumentCache full:https://registry.npmjs.org/@effect%2fschema cache-miss
76 http cache https://registry.npmjs.org/@effect%2fschema 136ms (cache hit)
77 silly packumentCache full:https://registry.npmjs.org/@effect%2fschema set size:1278231 disposed:false
78 silly fetch manifest effect@^3.6.8
79 silly packumentCache full:https://registry.npmjs.org/effect cache-miss
80 http cache https://registry.npmjs.org/effect 241ms (cache hit)
81 silly packumentCache full:https://registry.npmjs.org/effect set size:10322885 disposed:false
82 silly fetch manifest @typeschema/fastest-validator@0.2.0
83 silly packumentCache full:https://registry.npmjs.org/@typeschema%2ffastest-validator cache-miss
84 http cache https://registry.npmjs.org/@typeschema%2ffastest-validator 535ms (cache hit)
85 silly packumentCache full:https://registry.npmjs.org/@typeschema%2ffastest-validator set size:8241 disposed:false
86 silly fetch manifest fastest-validator@^1.19.0
87 silly packumentCache full:https://registry.npmjs.org/fastest-validator cache-miss
88 http cache https://registry.npmjs.org/fastest-validator 151ms (cache hit)
89 silly packumentCache full:https://registry.npmjs.org/fastest-validator set size:240519 disposed:false
90 silly fetch manifest @typeschema/function@0.14.0
91 silly packumentCache full:https://registry.npmjs.org/@typeschema%2ffunction cache-miss
92 http cache https://registry.npmjs.org/@typeschema%2ffunction 457ms (cache hit)
93 silly packumentCache full:https://registry.npmjs.org/@typeschema%2ffunction set size:13118 disposed:false
94 silly fetch manifest @typeschema/io-ts@0.14.0
95 silly packumentCache full:https://registry.npmjs.org/@typeschema%2fio-ts cache-miss
96 http cache https://registry.npmjs.org/@typeschema%2fio-ts 127ms (cache hit)
97 silly packumentCache full:https://registry.npmjs.org/@typeschema%2fio-ts set size:16584 disposed:false
98 silly fetch manifest fp-ts@^2.16.9
99 silly packumentCache full:https://registry.npmjs.org/fp-ts cache-miss
100 http cache https://registry.npmjs.org/fp-ts 55ms (cache hit)
101 silly packumentCache full:https://registry.npmjs.org/fp-ts set size:662771 disposed:false
102 silly fetch manifest io-ts@^2.2.21
103 silly packumentCache full:https://registry.npmjs.org/io-ts cache-miss
104 http cache https://registry.npmjs.org/io-ts 68ms (cache hit)
105 silly packumentCache full:https://registry.npmjs.org/io-ts set size:367490 disposed:false
106 silly fetch manifest @typeschema/joi@0.14.0
107 silly packumentCache full:https://registry.npmjs.org/@typeschema%2fjoi cache-miss
108 http cache https://registry.npmjs.org/@typeschema%2fjoi 44ms (cache hit)
109 silly packumentCache full:https://registry.npmjs.org/@typeschema%2fjoi set size:16153 disposed:false
110 silly fetch manifest joi@^17.13.3
111 silly packumentCache full:https://registry.npmjs.org/joi cache-miss
112 http cache https://registry.npmjs.org/joi 52ms (cache hit)
113 silly packumentCache full:https://registry.npmjs.org/joi set size:533950 disposed:false
114 silly fetch manifest joi-to-json@^4.3.0
115 silly packumentCache full:https://registry.npmjs.org/joi-to-json cache-miss
116 http cache https://registry.npmjs.org/joi-to-json 253ms (cache hit)
117 silly packumentCache full:https://registry.npmjs.org/joi-to-json set size:122751 disposed:false
118 silly fetch manifest @typeschema/json@0.14.0
119 silly packumentCache full:https://registry.npmjs.org/@typeschema%2fjson cache-miss
120 http cache https://registry.npmjs.org/@typeschema%2fjson 31ms (cache hit)
121 silly packumentCache full:https://registry.npmjs.org/@typeschema%2fjson set size:16546 disposed:false
122 silly fetch manifest ajv@^8.17.1
123 silly packumentCache full:https://registry.npmjs.org/ajv cache-miss
124 http cache https://registry.npmjs.org/ajv 44ms (cache hit)
125 silly packumentCache full:https://registry.npmjs.org/ajv set size:1142658 disposed:false
126 silly fetch manifest json-schema-to-ts@^3.1.0
127 silly packumentCache full:https://registry.npmjs.org/json-schema-to-ts cache-miss
128 http cache https://registry.npmjs.org/json-schema-to-ts 24ms (cache hit)
129 silly packumentCache full:https://registry.npmjs.org/json-schema-to-ts set size:287972 disposed:false
130 silly fetch manifest @typeschema/ow@0.14.0
131 silly packumentCache full:https://registry.npmjs.org/@typeschema%2fow cache-miss
132 http cache https://registry.npmjs.org/@typeschema%2fow 110ms (cache hit)
133 silly packumentCache full:https://registry.npmjs.org/@typeschema%2fow set size:15748 disposed:false
134 silly fetch manifest ow@^0.28.2
135 silly packumentCache full:https://registry.npmjs.org/ow cache-miss
136 http cache https://registry.npmjs.org/ow 384ms (cache hit)
137 silly packumentCache full:https://registry.npmjs.org/ow set size:190008 disposed:false
138 silly fetch manifest @typeschema/runtypes@0.14.0
139 silly packumentCache full:https://registry.npmjs.org/@typeschema%2fruntypes cache-miss
140 http cache https://registry.npmjs.org/@typeschema%2fruntypes 1312ms (cache hit)
141 silly packumentCache full:https://registry.npmjs.org/@typeschema%2fruntypes set size:13458 disposed:false
142 silly fetch manifest runtypes@^6.7.0
143 silly packumentCache full:https://registry.npmjs.org/runtypes cache-miss
144 http cache https://registry.npmjs.org/runtypes 85ms (cache hit)
145 silly packumentCache full:https://registry.npmjs.org/runtypes set size:259711 disposed:false
146 silly fetch manifest @typeschema/superstruct@0.14.0
147 silly packumentCache full:https://registry.npmjs.org/@typeschema%2fsuperstruct cache-miss
148 http cache https://registry.npmjs.org/@typeschema%2fsuperstruct 32ms (cache hit)
149 silly packumentCache full:https://registry.npmjs.org/@typeschema%2fsuperstruct set size:13577 disposed:false
150 silly fetch manifest superstruct@^2.0.2
151 silly packumentCache full:https://registry.npmjs.org/superstruct cache-miss
152 http cache https://registry.npmjs.org/superstruct 195ms (cache hit)
153 silly packumentCache full:https://registry.npmjs.org/superstruct set size:403823 disposed:false
154 silly fetch manifest @typeschema/suretype@0.2.0
155 silly packumentCache full:https://registry.npmjs.org/@typeschema%2fsuretype cache-miss
156 http cache https://registry.npmjs.org/@typeschema%2fsuretype 407ms (cache hit)
157 silly packumentCache full:https://registry.npmjs.org/@typeschema%2fsuretype set size:8423 disposed:false
158 silly fetch manifest suretype@^3.3.1
159 silly packumentCache full:https://registry.npmjs.org/suretype cache-miss
160 http cache https://registry.npmjs.org/suretype 60ms (cache hit)
161 silly packumentCache full:https://registry.npmjs.org/suretype set size:96800 disposed:false
162 silly fetch manifest @typeschema/typebox@0.14.0
163 silly packumentCache full:https://registry.npmjs.org/@typeschema%2ftypebox cache-miss
164 http cache https://registry.npmjs.org/@typeschema%2ftypebox 141ms (cache hit)
165 silly packumentCache full:https://registry.npmjs.org/@typeschema%2ftypebox set size:19229 disposed:false
166 silly fetch manifest @sinclair/typebox@^0.33.7
167 silly packumentCache full:https://registry.npmjs.org/@sinclair%2ftypebox cache-miss
168 http cache https://registry.npmjs.org/@sinclair%2ftypebox 96ms (cache hit)
169 silly packumentCache full:https://registry.npmjs.org/@sinclair%2ftypebox set size:1212785 disposed:false
170 silly fetch manifest @typeschema/valibot@0.14.0
171 silly packumentCache full:https://registry.npmjs.org/@typeschema%2fvalibot cache-miss
172 http cache https://registry.npmjs.org/@typeschema%2fvalibot 194ms (cache hit)
173 silly packumentCache full:https://registry.npmjs.org/@typeschema%2fvalibot set size:22952 disposed:false
174 silly fetch manifest @gcornut/valibot-json-schema@^0.37.0
175 silly packumentCache full:https://registry.npmjs.org/@gcornut%2fvalibot-json-schema cache-miss
176 http cache https://registry.npmjs.org/@gcornut%2fvalibot-json-schema 37ms (cache hit)
177 silly packumentCache full:https://registry.npmjs.org/@gcornut%2fvalibot-json-schema set size:212480 disposed:false
178 silly fetch manifest valibot@^0.39.0
179 silly packumentCache full:https://registry.npmjs.org/valibot cache-miss
180 http cache https://registry.npmjs.org/valibot 45ms (cache hit)
181 silly packumentCache full:https://registry.npmjs.org/valibot set size:258931 disposed:false
182 silly fetch manifest typescript@~5.8.2
183 silly packumentCache full:https://registry.npmjs.org/typescript cache-miss
184 http cache https://registry.npmjs.org/typescript 201ms (cache hit)
185 silly packumentCache full:https://registry.npmjs.org/typescript set size:15614421 disposed:false
186 silly fetch manifest @typeschema/valita@0.2.0
187 silly packumentCache full:https://registry.npmjs.org/@typeschema%2fvalita cache-miss
188 http cache https://registry.npmjs.org/@typeschema%2fvalita 981ms (cache hit)
189 silly packumentCache full:https://registry.npmjs.org/@typeschema%2fvalita set size:8271 disposed:false
190 silly fetch manifest @badrap/valita@^0.3.9
191 silly packumentCache full:https://registry.npmjs.org/@badrap%2fvalita cache-miss
192 http cache https://registry.npmjs.org/@badrap%2fvalita 629ms (cache hit)
193 silly packumentCache full:https://registry.npmjs.org/@badrap%2fvalita set size:259629 disposed:false
194 silly fetch manifest @typeschema/vine@0.2.0
195 silly packumentCache full:https://registry.npmjs.org/@typeschema%2fvine cache-miss
196 http cache https://registry.npmjs.org/@typeschema%2fvine 326ms (cache hit)
197 silly packumentCache full:https://registry.npmjs.org/@typeschema%2fvine set size:8211 disposed:false
198 silly fetch manifest @vinejs/vine@^2.1.0
199 silly packumentCache full:https://registry.npmjs.org/@vinejs%2fvine cache-miss
200 http cache https://registry.npmjs.org/@vinejs%2fvine 110ms (cache hit)
201 silly packumentCache full:https://registry.npmjs.org/@vinejs%2fvine set size:114849 disposed:false
202 silly fetch manifest @typeschema/yup@0.14.0
203 silly packumentCache full:https://registry.npmjs.org/@typeschema%2fyup cache-miss
204 http cache https://registry.npmjs.org/@typeschema%2fyup 709ms (cache hit)
205 silly packumentCache full:https://registry.npmjs.org/@typeschema%2fyup set size:16778 disposed:false
206 silly fetch manifest @sodaru/yup-to-json-schema@^2.0.1
207 silly packumentCache full:https://registry.npmjs.org/@sodaru%2fyup-to-json-schema cache-miss
208 http cache https://registry.npmjs.org/@sodaru%2fyup-to-json-schema 315ms (cache hit)
209 silly packumentCache full:https://registry.npmjs.org/@sodaru%2fyup-to-json-schema set size:30812 disposed:false
210 silly fetch manifest yup@^1.4.0
211 silly packumentCache full:https://registry.npmjs.org/yup cache-miss
212 http cache https://registry.npmjs.org/yup 514ms (cache hit)
213 silly packumentCache full:https://registry.npmjs.org/yup set size:439032 disposed:false
214 silly fetch manifest @typeschema/zod@0.14.0
215 silly packumentCache full:https://registry.npmjs.org/@typeschema%2fzod cache-miss
216 http cache https://registry.npmjs.org/@typeschema%2fzod 459ms (cache hit)
217 silly packumentCache full:https://registry.npmjs.org/@typeschema%2fzod set size:16629 disposed:false
218 silly fetch manifest zod@^4.4.3
219 silly packumentCache full:https://registry.npmjs.org/zod cache-miss
220 http cache https://registry.npmjs.org/zod 490ms (cache hit)
221 silly packumentCache full:https://registry.npmjs.org/zod set size:4147901 disposed:false
222 silly fetch manifest zod@^3.23.8
223 silly packumentCache full:https://registry.npmjs.org/zod cache-miss
224 http cache https://registry.npmjs.org/zod 99ms (cache hit)
225 silly packumentCache full:https://registry.npmjs.org/zod set size:4147901 disposed:false
226 silly fetch manifest zod-to-json-schema@^3.23.2
227 silly packumentCache full:https://registry.npmjs.org/zod-to-json-schema cache-miss
228 http cache https://registry.npmjs.org/zod-to-json-schema 1219ms (cache hit)
229 silly packumentCache full:https://registry.npmjs.org/zod-to-json-schema set size:309584 disposed:false
230 silly fetch manifest ajv-errors@^3.0.0
231 silly packumentCache full:https://registry.npmjs.org/ajv-errors cache-miss
232 http cache https://registry.npmjs.org/ajv-errors 1206ms (cache hit)
233 silly packumentCache full:https://registry.npmjs.org/ajv-errors set size:52956 disposed:false
234 silly fetch manifest ajv-formats@^2.1.1
235 silly packumentCache full:https://registry.npmjs.org/ajv-formats cache-miss
236 http cache https://registry.npmjs.org/ajv-formats 1239ms (cache hit)
237 silly packumentCache full:https://registry.npmjs.org/ajv-formats set size:141264 disposed:false
238 silly fetch manifest ata-validator@^1.2.0
239 silly packumentCache full:https://registry.npmjs.org/ata-validator cache-miss
240 http cache https://registry.npmjs.org/ata-validator 718ms (cache hit)
241 silly packumentCache full:https://registry.npmjs.org/ata-validator set size:418917 disposed:false
242 silly fetch manifest yaml@^2.0.0
243 silly packumentCache full:https://registry.npmjs.org/yaml cache-miss
244 http cache https://registry.npmjs.org/yaml 179ms (cache hit)
245 silly packumentCache full:https://registry.npmjs.org/yaml set size:385754 disposed:false
246 silly fetch manifest class-transformer@>=0.4.0
247 silly packumentCache full:https://registry.npmjs.org/class-transformer cache-miss
248 http cache https://registry.npmjs.org/class-transformer 254ms (cache hit)
249 silly packumentCache full:https://registry.npmjs.org/class-transformer set size:106571 disposed:false
250 silly fetch manifest computed-types@^1.0.0
251 silly packumentCache full:https://registry.npmjs.org/computed-types cache-miss
252 http cache https://registry.npmjs.org/computed-types 151ms (cache hit)
253 silly packumentCache full:https://registry.npmjs.org/computed-types set size:165470 disposed:false
254 silly fetch manifest fluentvalidation-ts@^3.0.0
255 silly packumentCache full:https://registry.npmjs.org/fluentvalidation-ts cache-miss
256 http cache https://registry.npmjs.org/fluentvalidation-ts 46ms (cache hit)
257 silly packumentCache full:https://registry.npmjs.org/fluentvalidation-ts set size:361999 disposed:false
258 silly fetch manifest nope-validator@>=0.12.0
259 silly packumentCache full:https://registry.npmjs.org/nope-validator cache-miss
260 http cache https://registry.npmjs.org/nope-validator 505ms (cache hit)
261 silly packumentCache full:https://registry.npmjs.org/nope-validator set size:124638 disposed:false
262 silly fetch manifest react-hook-form@^7.85.0
263 silly packumentCache full:https://registry.npmjs.org/react-hook-form cache-miss
264 http cache https://registry.npmjs.org/react-hook-form 109ms (cache hit)
265 silly packumentCache full:https://registry.npmjs.org/react-hook-form set size:5208386 disposed:false
266 silly fetch manifest react@^19.0.1
267 silly packumentCache full:https://registry.npmjs.org/react cache-miss
268 http cache https://registry.npmjs.org/react 1373ms (cache hit)
269 silly packumentCache full:https://registry.npmjs.org/react set size:6926968 disposed:false
270 silly fetch manifest typanion@^3.3.2
271 silly packumentCache full:https://registry.npmjs.org/typanion cache-miss
272 http cache https://registry.npmjs.org/typanion 780ms (cache hit)
273 silly packumentCache full:https://registry.npmjs.org/typanion set size:72113 disposed:false
274 silly fetch manifest vest@>=6.0.0
275 silly packumentCache full:https://registry.npmjs.org/vest cache-miss
276 http cache https://registry.npmjs.org/vest 542ms (cache hit)
277 silly packumentCache full:https://registry.npmjs.org/vest set size:3691380 disposed:false
278 silly fetch manifest @supabase/supabase-js@^2.112.3
279 silly packumentCache full:https://registry.npmjs.org/@supabase%2fsupabase-js cache-miss
280 http cache https://registry.npmjs.org/@supabase%2fsupabase-js 604ms (cache hit)
281 silly packumentCache full:https://registry.npmjs.org/@supabase%2fsupabase-js set size:3938783 disposed:false
282 silly fetch manifest @opentelemetry/api@>=1.0.0
283 silly packumentCache full:https://registry.npmjs.org/@opentelemetry%2fapi cache-miss
284 http cache https://registry.npmjs.org/@opentelemetry%2fapi 731ms (cache hit)
285 silly packumentCache full:https://registry.npmjs.org/@opentelemetry%2fapi set size:272967 disposed:false
286 silly fetch manifest @tailwindcss/vite@^4.1.14
287 silly packumentCache full:https://registry.npmjs.org/@tailwindcss%2fvite cache-miss
288 http cache https://registry.npmjs.org/@tailwindcss%2fvite 82ms (cache hit)
289 silly packumentCache full:https://registry.npmjs.org/@tailwindcss%2fvite set size:2309488 disposed:false
290 silly fetch manifest vite@^6.2.3
291 silly packumentCache full:https://registry.npmjs.org/vite cache-miss
292 http fetch GET 200 https://registry.npmjs.org/vite 13490ms (cache miss)
293 silly packumentCache full:https://registry.npmjs.org/vite set size:undefined disposed:false
294 silly fetch manifest @types/node@^22.14.0
295 silly packumentCache full:https://registry.npmjs.org/@types%2fnode cache-miss
296 http fetch GET 200 https://registry.npmjs.org/@types%2fnode 2143ms (cache miss)
297 silly packumentCache full:https://registry.npmjs.org/@types%2fnode set size:undefined disposed:false
298 silly fetch manifest jiti@>=1.21.0
299 silly packumentCache full:https://registry.npmjs.org/jiti cache-miss
300 http cache https://registry.npmjs.org/jiti 25ms (cache hit)
301 silly packumentCache full:https://registry.npmjs.org/jiti set size:387989 disposed:false
302 silly fetch manifest less@*
303 silly packumentCache full:https://registry.npmjs.org/less cache-miss
304 http fetch GET 200 https://registry.npmjs.org/less 599ms (cache miss)
305 silly packumentCache full:https://registry.npmjs.org/less set size:undefined disposed:false
306 silly fetch manifest lightningcss@^1.21.0
307 silly packumentCache full:https://registry.npmjs.org/lightningcss cache-miss
308 http fetch GET 200 https://registry.npmjs.org/lightningcss 244ms (cache miss)
309 silly packumentCache full:https://registry.npmjs.org/lightningcss set size:undefined disposed:false
310 silly fetch manifest sass@*
311 silly packumentCache full:https://registry.npmjs.org/sass cache-miss
312 http fetch GET 200 https://registry.npmjs.org/sass 400ms (cache miss)
313 silly packumentCache full:https://registry.npmjs.org/sass set size:undefined disposed:false
314 silly fetch manifest sass-embedded@*
315 silly packumentCache full:https://registry.npmjs.org/sass-embedded cache-miss
316 http fetch GET 200 https://registry.npmjs.org/sass-embedded 440ms (cache miss)
317 silly packumentCache full:https://registry.npmjs.org/sass-embedded set size:undefined disposed:false
318 silly fetch manifest stylus@*
319 silly packumentCache full:https://registry.npmjs.org/stylus cache-miss
320 http fetch GET 200 https://registry.npmjs.org/stylus 2752ms (cache miss)
321 silly packumentCache full:https://registry.npmjs.org/stylus set size:undefined disposed:false
322 silly fetch manifest sugarss@*
323 silly packumentCache full:https://registry.npmjs.org/sugarss cache-miss
324 http fetch GET 200 https://registry.npmjs.org/sugarss 217ms (cache miss)
325 silly packumentCache full:https://registry.npmjs.org/sugarss set size:undefined disposed:false
326 silly fetch manifest postcss@^8.3.3
327 silly packumentCache full:https://registry.npmjs.org/postcss cache-miss
328 http fetch GET 200 https://registry.npmjs.org/postcss 424ms (cache miss)
329 silly packumentCache full:https://registry.npmjs.org/postcss set size:undefined disposed:false
330 silly fetch manifest terser@^5.16.0
331 silly packumentCache full:https://registry.npmjs.org/terser cache-miss
332 http fetch GET 200 https://registry.npmjs.org/terser 875ms (cache miss)
333 silly packumentCache full:https://registry.npmjs.org/terser set size:undefined disposed:false
334 silly fetch manifest tsx@^4.21.0
335 silly packumentCache full:https://registry.npmjs.org/tsx cache-miss
336 http fetch GET 200 https://registry.npmjs.org/tsx 1482ms (cache miss)
337 silly packumentCache full:https://registry.npmjs.org/tsx set size:undefined disposed:false
338 silly fetch manifest yaml@^2.4.2
339 silly packumentCache full:https://registry.npmjs.org/yaml cache-hit
340 silly fetch manifest @tanstack/react-query@^5.101.4
341 silly packumentCache full:https://registry.npmjs.org/@tanstack%2freact-query cache-miss
342 http fetch GET 200 https://registry.npmjs.org/@tanstack%2freact-query 3460ms (cache miss)
343 silly packumentCache full:https://registry.npmjs.org/@tanstack%2freact-query set size:undefined disposed:false
344 silly fetch manifest @tanstack/react-router@1.120.0
345 silly packumentCache full:https://registry.npmjs.org/@tanstack%2freact-router cache-miss
346 http fetch GET 200 https://registry.npmjs.org/@tanstack%2freact-router 898ms (cache miss)
347 silly packumentCache full:https://registry.npmjs.org/@tanstack%2freact-router set size:undefined disposed:false
348 silly fetch manifest react-dom@^19.0.1
349 silly packumentCache full:https://registry.npmjs.org/react-dom cache-miss
350 http fetch GET 200 https://registry.npmjs.org/react-dom 3842ms (cache miss)
351 silly packumentCache full:https://registry.npmjs.org/react-dom set size:undefined disposed:false
352 silly fetch manifest @tanstack/react-start@1.120.0
353 silly packumentCache full:https://registry.npmjs.org/@tanstack%2freact-start cache-miss
354 http fetch GET 200 https://registry.npmjs.org/@tanstack%2freact-start 1315ms (cache miss)
355 silly packumentCache full:https://registry.npmjs.org/@tanstack%2freact-start set size:undefined disposed:false
356 silly fetch manifest @vitejs/plugin-react@^5.0.4
357 silly packumentCache full:https://registry.npmjs.org/@vitejs%2fplugin-react cache-miss
358 http fetch GET 200 https://registry.npmjs.org/@vitejs%2fplugin-react 942ms (cache miss)
359 silly packumentCache full:https://registry.npmjs.org/@vitejs%2fplugin-react set size:undefined disposed:false
360 silly fetch manifest axios@^1.19.0
361 silly packumentCache full:https://registry.npmjs.org/axios cache-miss
362 http fetch GET 200 https://registry.npmjs.org/axios 698ms (cache miss)
363 silly packumentCache full:https://registry.npmjs.org/axios set size:undefined disposed:false
364 silly fetch manifest class-variance-authority@^0.7.1
365 silly packumentCache full:https://registry.npmjs.org/class-variance-authority cache-miss
366 http fetch GET 200 https://registry.npmjs.org/class-variance-authority 511ms (cache miss)
367 silly packumentCache full:https://registry.npmjs.org/class-variance-authority set size:undefined disposed:false
368 silly fetch manifest clsx@^2.1.1
369 silly packumentCache full:https://registry.npmjs.org/clsx cache-miss
370 http fetch GET 200 https://registry.npmjs.org/clsx 383ms (cache miss)
371 silly packumentCache full:https://registry.npmjs.org/clsx set size:undefined disposed:false
372 silly fetch manifest dotenv@^17.2.3
373 silly packumentCache full:https://registry.npmjs.org/dotenv cache-miss
374 http fetch GET 200 https://registry.npmjs.org/dotenv 766ms (cache miss)
375 silly packumentCache full:https://registry.npmjs.org/dotenv set size:undefined disposed:false
376 silly fetch manifest express@^4.21.2
377 silly packumentCache full:https://registry.npmjs.org/express cache-miss
378 http fetch GET 200 https://registry.npmjs.org/express 2704ms (cache miss)
379 silly packumentCache full:https://registry.npmjs.org/express set size:undefined disposed:false
380 silly fetch manifest lucide-react@^0.546.0
381 silly packumentCache full:https://registry.npmjs.org/lucide-react cache-miss
382 http fetch GET 200 https://registry.npmjs.org/lucide-react 3445ms (cache miss)
383 silly packumentCache full:https://registry.npmjs.org/lucide-react set size:undefined disposed:false
384 silly fetch manifest motion@^12.23.24
385 silly packumentCache full:https://registry.npmjs.org/motion cache-miss
386 http fetch GET 200 https://registry.npmjs.org/motion 924ms (cache miss)
387 silly packumentCache full:https://registry.npmjs.org/motion set size:undefined disposed:false
388 silly fetch manifest @emotion/is-prop-valid@*
389 silly packumentCache full:https://registry.npmjs.org/@emotion%2fis-prop-valid cache-miss
390 http fetch GET 200 https://registry.npmjs.org/@emotion%2fis-prop-valid 335ms (cache miss)
391 silly packumentCache full:https://registry.npmjs.org/@emotion%2fis-prop-valid set size:undefined disposed:false
392 silly fetch manifest pdf-lib@^1.17.1
393 silly packumentCache full:https://registry.npmjs.org/pdf-lib cache-miss
394 http fetch GET 200 https://registry.npmjs.org/pdf-lib 2454ms (cache miss)
395 silly packumentCache full:https://registry.npmjs.org/pdf-lib set size:undefined disposed:false
396 silly fetch manifest recharts@^3.10.1
397 silly packumentCache full:https://registry.npmjs.org/recharts cache-miss
398 http fetch GET 200 https://registry.npmjs.org/recharts 567ms (cache miss)
399 silly packumentCache full:https://registry.npmjs.org/recharts set size:undefined disposed:false
400 silly fetch manifest react-is@^16.8.0 || ^17.0.0 || ^18.0.0 || ^19.0.0
401 silly packumentCache full:https://registry.npmjs.org/react-is cache-miss
402 http fetch GET 200 https://registry.npmjs.org/react-is 13232ms (cache miss)
403 silly packumentCache full:https://registry.npmjs.org/react-is set size:undefined disposed:false
404 silly fetch manifest tailwind-merge@^3.6.0
405 silly packumentCache full:https://registry.npmjs.org/tailwind-merge cache-miss
406 http cache https://registry.npmjs.org/tailwind-merge 156ms (cache hit)
407 silly packumentCache full:https://registry.npmjs.org/tailwind-merge set size:1723447 disposed:false
408 silly fetch manifest zustand@^5.0.14
409 silly packumentCache full:https://registry.npmjs.org/zustand cache-miss
410 http fetch GET 200 https://registry.npmjs.org/zustand 381ms (cache miss)
411 silly packumentCache full:https://registry.npmjs.org/zustand set size:undefined disposed:false
412 silly fetch manifest @types/react@>=18.0.0
413 silly packumentCache full:https://registry.npmjs.org/@types%2freact cache-miss
414 http fetch GET 200 https://registry.npmjs.org/@types%2freact 660ms (cache miss)
415 silly packumentCache full:https://registry.npmjs.org/@types%2freact set size:undefined disposed:false
416 silly fetch manifest immer@>=9.0.6
417 silly packumentCache full:https://registry.npmjs.org/immer cache-miss
418 http fetch GET 200 https://registry.npmjs.org/immer 795ms (cache miss)
419 silly packumentCache full:https://registry.npmjs.org/immer set size:undefined disposed:false
420 silly fetch manifest use-sync-external-store@>=1.2.0
421 silly packumentCache full:https://registry.npmjs.org/use-sync-external-store cache-miss
422 http fetch GET 200 https://registry.npmjs.org/use-sync-external-store 1531ms (cache miss)
423 silly packumentCache full:https://registry.npmjs.org/use-sync-external-store set size:undefined disposed:false
424 silly fetch manifest @types/express@^4.17.21
425 silly packumentCache full:https://registry.npmjs.org/@types%2fexpress cache-miss
426 http fetch GET 200 https://registry.npmjs.org/@types%2fexpress 1865ms (cache miss)
427 silly packumentCache full:https://registry.npmjs.org/@types%2fexpress set size:undefined disposed:false
428 silly fetch manifest autoprefixer@^10.4.21
429 silly packumentCache full:https://registry.npmjs.org/autoprefixer cache-miss
430 http fetch GET 200 https://registry.npmjs.org/autoprefixer 378ms (cache miss)
431 silly packumentCache full:https://registry.npmjs.org/autoprefixer set size:undefined disposed:false
432 silly fetch manifest postcss@^8.1.0
433 silly packumentCache full:https://registry.npmjs.org/postcss cache-miss
434 http cache https://registry.npmjs.org/postcss 1173ms (cache hit)
435 silly packumentCache full:https://registry.npmjs.org/postcss set size:760024 disposed:false
436 silly fetch manifest esbuild@^0.25.0
437 silly packumentCache full:https://registry.npmjs.org/esbuild cache-miss
438 http fetch GET 200 https://registry.npmjs.org/esbuild 1022ms (cache miss)
439 silly packumentCache full:https://registry.npmjs.org/esbuild set size:undefined disposed:false
440 silly fetch manifest supabase@^2.115.0
441 silly packumentCache full:https://registry.npmjs.org/supabase cache-miss
442 http fetch GET 200 https://registry.npmjs.org/supabase 1104ms (cache miss)
443 silly packumentCache full:https://registry.npmjs.org/supabase set size:undefined disposed:false
444 silly fetch manifest tailwindcss@^4.1.14
445 silly packumentCache full:https://registry.npmjs.org/tailwindcss cache-miss
446 http fetch GET 200 https://registry.npmjs.org/tailwindcss 8486ms (cache miss)
447 silly packumentCache full:https://registry.npmjs.org/tailwindcss set size:undefined disposed:false
448 silly placeDep ROOT @google/genai@2.19.0 OK for: react-example@0.0.0 want: ^2.4.0
449 silly placeDep ROOT @hookform/resolvers@5.9.1 OK for: react-example@0.0.0 want: ^5.8.0
450 silly placeDep ROOT react-hook-form@7.87.0 OK for: @hookform/resolvers@5.9.1 want: ^7.55.0
451 silly placeDep ROOT react@19.2.8 OK for: react-hook-form@7.87.0 want: ^16.8.0 || ^17 || ^18 || ^19
452 silly placeDep ROOT @supabase/supabase-js@2.112.4 OK for: react-example@0.0.0 want: ^2.112.3
453 silly placeDep ROOT @tailwindcss/vite@4.3.3 OK for: react-example@0.0.0 want: ^4.1.14
454 silly placeDep ROOT vite@6.4.3 OK for: @tailwindcss/vite@4.3.3 want: ^5.2.0 || ^6 || ^7 || ^8
455 silly placeDep ROOT @tanstack/react-query@5.102.8 OK for: react-example@0.0.0 want: ^5.101.4
456 silly placeDep ROOT @tanstack/react-router@1.120.0 OK for: react-example@0.0.0 want: 1.120.0
457 silly placeDep ROOT react-dom@19.2.8 OK for: @tanstack/react-router@1.120.0 want: >=18.0.0 || >=19.0.0
458 silly placeDep ROOT @tanstack/react-start@1.120.0 OK for: react-example@0.0.0 want: 1.120.0
459 silly placeDep ROOT @types/express@4.17.25 OK for: react-example@0.0.0 want: ^4.17.21
460 silly placeDep ROOT @types/node@22.20.1 OK for: react-example@0.0.0 want: ^22.14.0
461 silly placeDep ROOT @vitejs/plugin-react@5.2.0 OK for: react-example@0.0.0 want: ^5.0.4
462 silly placeDep ROOT autoprefixer@10.5.4 OK for: react-example@0.0.0 want: ^10.4.21
463 silly placeDep ROOT postcss@8.5.26 OK for: autoprefixer@10.5.4 want: ^8.1.0
464 silly placeDep ROOT axios@1.20.0 OK for: react-example@0.0.0 want: ^1.19.0
465 silly placeDep ROOT class-variance-authority@0.7.1 OK for: react-example@0.0.0 want: ^0.7.1
466 silly placeDep ROOT clsx@2.1.1 OK for: react-example@0.0.0 want: ^2.1.1
467 silly placeDep ROOT dotenv@17.4.2 OK for: react-example@0.0.0 want: ^17.2.3
468 silly placeDep ROOT esbuild@0.25.12 OK for: react-example@0.0.0 want: ^0.25.0
469 silly placeDep ROOT express@4.22.2 OK for: react-example@0.0.0 want: ^4.21.2
470 silly placeDep ROOT lucide-react@0.546.0 OK for: react-example@0.0.0 want: ^0.546.0
471 silly placeDep ROOT motion@12.43.0 OK for: react-example@0.0.0 want: ^12.23.24
472 silly placeDep ROOT pdf-lib@1.17.1 OK for: react-example@0.0.0 want: ^1.17.1
473 silly placeDep ROOT recharts@3.10.1 OK for: react-example@0.0.0 want: ^3.10.1
474 silly placeDep ROOT react-is@19.2.8 OK for: recharts@3.10.1 want: ^16.8.0 || ^17.0.0 || ^18.0.0 || ^19.0.0
475 silly placeDep ROOT supabase@2.116.0 OK for: react-example@0.0.0 want: ^2.115.0
476 silly placeDep ROOT tailwind-merge@3.6.0 OK for: react-example@0.0.0 want: ^3.6.0
477 silly placeDep ROOT tailwindcss@4.3.3 OK for: react-example@0.0.0 want: ^4.1.14
478 silly placeDep ROOT tsx@4.23.13 OK for: react-example@0.0.0 want: ^4.21.0
479 silly placeDep ROOT typescript@5.8.3 OK for: react-example@0.0.0 want: ~5.8.2
480 silly placeDep ROOT zod@4.5.4 OK for: react-example@0.0.0 want: ^4.4.3
481 silly placeDep ROOT zustand@5.0.15 OK for: react-example@0.0.0 want: ^5.0.14
482 silly fetch manifest ws@^8.18.0
483 silly packumentCache full:https://registry.npmjs.org/ws cache-miss
484 silly fetch manifest p-retry@^4.6.2
485 silly packumentCache full:https://registry.npmjs.org/p-retry cache-miss
486 silly fetch manifest protobufjs@^7.5.4
487 silly packumentCache full:https://registry.npmjs.org/protobufjs cache-miss
488 http fetch GET 200 https://registry.npmjs.org/ws 1720ms (cache miss)
489 silly packumentCache full:https://registry.npmjs.org/ws set size:undefined disposed:false
490 silly fetch manifest google-auth-library@^10.3.0
491 silly packumentCache full:https://registry.npmjs.org/google-auth-library cache-miss
492 http fetch GET 200 https://registry.npmjs.org/p-retry 2993ms (cache miss)
493 silly packumentCache full:https://registry.npmjs.org/p-retry set size:undefined disposed:false
494 silly fetch manifest @standard-schema/utils@^0.3.0
495 silly packumentCache full:https://registry.npmjs.org/@standard-schema%2futils cache-miss
496 http fetch GET 200 https://registry.npmjs.org/@standard-schema%2futils 1094ms (cache miss)
497 silly packumentCache full:https://registry.npmjs.org/@standard-schema%2futils set size:undefined disposed:false
498 silly fetch manifest @supabase/auth-js@2.112.4
499 silly packumentCache full:https://registry.npmjs.org/@supabase%2fauth-js cache-miss
500 http fetch GET 200 https://registry.npmjs.org/protobufjs 4546ms (cache miss)
501 silly packumentCache full:https://registry.npmjs.org/protobufjs set size:undefined disposed:false
502 silly fetch manifest @supabase/storage-js@2.112.4
503 silly packumentCache full:https://registry.npmjs.org/@supabase%2fstorage-js cache-miss
504 http fetch GET 200 https://registry.npmjs.org/google-auth-library 3308ms (cache miss)
505 silly packumentCache full:https://registry.npmjs.org/google-auth-library set size:undefined disposed:false
506 silly fetch manifest @supabase/realtime-js@2.112.4
507 silly packumentCache full:https://registry.npmjs.org/@supabase%2frealtime-js cache-miss
508 http fetch GET 200 https://registry.npmjs.org/@supabase%2fauth-js 6303ms (cache miss)
509 silly packumentCache full:https://registry.npmjs.org/@supabase%2fauth-js set size:undefined disposed:false
510 silly fetch manifest @supabase/functions-js@2.112.4
511 silly packumentCache full:https://registry.npmjs.org/@supabase%2ffunctions-js cache-miss
512 http fetch GET 200 https://registry.npmjs.org/@supabase%2frealtime-js 7560ms (cache miss)
513 silly packumentCache full:https://registry.npmjs.org/@supabase%2frealtime-js set size:undefined disposed:false
514 silly fetch manifest @supabase/postgrest-js@2.112.4
515 silly packumentCache full:https://registry.npmjs.org/@supabase%2fpostgrest-js cache-miss
516 http fetch GET 200 https://registry.npmjs.org/@supabase%2fstorage-js 8537ms (cache miss)
517 silly packumentCache full:https://registry.npmjs.org/@supabase%2fstorage-js set size:undefined disposed:false
518 silly fetch manifest tailwindcss@4.3.3
519 silly packumentCache full:https://registry.npmjs.org/tailwindcss cache-miss
520 http cache https://registry.npmjs.org/tailwindcss 1653ms (cache hit)
521 silly packumentCache full:https://registry.npmjs.org/tailwindcss set size:10868886 disposed:false
522 silly fetch manifest @tailwindcss/node@4.3.3
523 silly packumentCache full:https://registry.npmjs.org/@tailwindcss%2fnode cache-miss
524 http fetch GET 200 https://registry.npmjs.org/@supabase%2ffunctions-js 9872ms (cache miss)
525 silly packumentCache full:https://registry.npmjs.org/@supabase%2ffunctions-js set size:undefined disposed:false
526 silly fetch manifest @tailwindcss/oxide@4.3.3
527 silly packumentCache full:https://registry.npmjs.org/@tailwindcss%2foxide cache-miss
528 http fetch GET 200 https://registry.npmjs.org/@supabase%2fpostgrest-js 8823ms (cache miss)
529 silly packumentCache full:https://registry.npmjs.org/@supabase%2fpostgrest-js set size:undefined disposed:false
530 silly fetch manifest fdir@^6.4.4
531 silly packumentCache full:https://registry.npmjs.org/fdir cache-miss
532 http fetch GET 200 https://registry.npmjs.org/fdir 577ms (cache miss)
533 silly packumentCache full:https://registry.npmjs.org/fdir set size:undefined disposed:false
534 silly fetch manifest rollup@^4.34.9
535 silly packumentCache full:https://registry.npmjs.org/rollup cache-miss
536 http fetch GET 200 https://registry.npmjs.org/@tailwindcss%2fnode 6091ms (cache miss)
537 silly packumentCache full:https://registry.npmjs.org/@tailwindcss%2fnode set size:undefined disposed:false
538 silly fetch manifest postcss@^8.5.3
539 silly packumentCache full:https://registry.npmjs.org/postcss cache-hit
540 silly fetch manifest picomatch@^4.0.2
541 silly packumentCache full:https://registry.npmjs.org/picomatch cache-miss
542 http fetch GET 200 https://registry.npmjs.org/picomatch 500ms (cache miss)
543 silly packumentCache full:https://registry.npmjs.org/picomatch set size:undefined disposed:false
544 silly fetch manifest tinyglobby@^0.2.13
545 silly packumentCache full:https://registry.npmjs.org/tinyglobby cache-miss
546 http fetch GET 200 https://registry.npmjs.org/tinyglobby 1582ms (cache miss)
547 silly packumentCache full:https://registry.npmjs.org/tinyglobby set size:undefined disposed:false
548 silly fetch manifest fsevents@~2.3.3
549 silly packumentCache full:https://registry.npmjs.org/fsevents cache-miss
550 http fetch GET 200 https://registry.npmjs.org/@tailwindcss%2foxide 4826ms (cache miss)
551 silly packumentCache full:https://registry.npmjs.org/@tailwindcss%2foxide set size:undefined disposed:false
552 silly fetch manifest @tanstack/query-core@5.102.8
553 silly packumentCache full:https://registry.npmjs.org/@tanstack%2fquery-core cache-miss
554 http fetch GET 200 https://registry.npmjs.org/fsevents 1989ms (cache miss)
555 silly packumentCache full:https://registry.npmjs.org/fsevents set size:undefined disposed:false
556 silly fetch manifest jsesc@^3.1.0
557 silly packumentCache full:https://registry.npmjs.org/jsesc cache-miss
558 http fetch GET 200 https://registry.npmjs.org/jsesc 3620ms (cache miss)
559 silly packumentCache full:https://registry.npmjs.org/jsesc set size:undefined disposed:false
560 silly fetch manifest tiny-warning@^1.0.3
561 silly packumentCache full:https://registry.npmjs.org/tiny-warning cache-miss
562 http fetch GET 200 https://registry.npmjs.org/tiny-warning 400ms (cache miss)
563 silly packumentCache full:https://registry.npmjs.org/tiny-warning set size:undefined disposed:false
564 silly fetch manifest tiny-invariant@^1.3.3
565 silly packumentCache full:https://registry.npmjs.org/tiny-invariant cache-miss
566 http fetch GET 200 https://registry.npmjs.org/rollup 9001ms (cache miss)
567 silly packumentCache full:https://registry.npmjs.org/rollup set size:undefined disposed:false
568 silly fetch manifest @tanstack/history@1.115.0
569 silly packumentCache full:https://registry.npmjs.org/@tanstack%2fhistory cache-miss
570 http fetch GET 200 https://registry.npmjs.org/@tanstack%2fquery-core 6232ms (cache miss)
571 silly packumentCache full:https://registry.npmjs.org/@tanstack%2fquery-core set size:undefined disposed:false
572 silly fetch manifest @tanstack/react-store@^0.7.0
573 silly packumentCache full:https://registry.npmjs.org/@tanstack%2freact-store cache-miss
574 http fetch GET 200 https://registry.npmjs.org/tiny-invariant 1877ms (cache miss)
575 silly packumentCache full:https://registry.npmjs.org/tiny-invariant set size:undefined disposed:false
576 silly fetch manifest @tanstack/router-core@1.119.0
577 silly packumentCache full:https://registry.npmjs.org/@tanstack%2frouter-core cache-miss
578 http fetch GET 200 https://registry.npmjs.org/@tanstack%2freact-store 1024ms (cache miss)
579 silly packumentCache full:https://registry.npmjs.org/@tanstack%2freact-store set size:undefined disposed:false
580 silly fetch manifest scheduler@^0.27.0
581 silly packumentCache full:https://registry.npmjs.org/scheduler cache-miss
582 http fetch GET 200 https://registry.npmjs.org/@tanstack%2fhistory 1550ms (cache miss)
583 silly packumentCache full:https://registry.npmjs.org/@tanstack%2fhistory set size:undefined disposed:false
584 silly fetch manifest @tanstack/start-api-routes@^1.119.0
585 silly packumentCache full:https://registry.npmjs.org/@tanstack%2fstart-api-routes cache-miss
586 http fetch GET 200 https://registry.npmjs.org/@tanstack%2fstart-api-routes 3808ms (cache miss)
587 silly packumentCache full:https://registry.npmjs.org/@tanstack%2fstart-api-routes set size:undefined disposed:false
588 silly fetch manifest @tanstack/react-start-client@^1.120.0
589 silly packumentCache full:https://registry.npmjs.org/@tanstack%2freact-start-client cache-miss
590 http fetch GET 200 https://registry.npmjs.org/@tanstack%2frouter-core 4938ms (cache miss)
591 silly packumentCache full:https://registry.npmjs.org/@tanstack%2frouter-core set size:undefined disposed:false
592 silly fetch manifest @tanstack/react-start-config@^1.120.0
593 silly packumentCache full:https://registry.npmjs.org/@tanstack%2freact-start-config cache-miss
594 http fetch GET 200 https://registry.npmjs.org/@tanstack%2freact-start-config 2395ms (cache miss)
595 silly packumentCache full:https://registry.npmjs.org/@tanstack%2freact-start-config set size:undefined disposed:false
596 silly fetch manifest @tanstack/react-start-server@^1.120.0
597 silly packumentCache full:https://registry.npmjs.org/@tanstack%2freact-start-server cache-miss
598 http fetch GET 200 https://registry.npmjs.org/scheduler 11169ms (cache miss)
599 silly packumentCache full:https://registry.npmjs.org/scheduler set size:undefined disposed:false
600 silly fetch manifest @tanstack/start-server-functions-ssr@^1.119.2
601 silly packumentCache full:https://registry.npmjs.org/@tanstack%2fstart-server-functions-ssr cache-miss
602 http fetch GET 200 https://registry.npmjs.org/@tanstack%2freact-start-client 7747ms (cache miss)
603 silly packumentCache full:https://registry.npmjs.org/@tanstack%2freact-start-client set size:undefined disposed:false
604 silly fetch manifest @tanstack/react-start-router-manifest@^1.119.0
605 silly packumentCache full:https://registry.npmjs.org/@tanstack%2freact-start-router-manifest cache-miss
606 http fetch GET 200 https://registry.npmjs.org/@tanstack%2fstart-server-functions-ssr 1147ms (cache miss)
607 silly packumentCache full:https://registry.npmjs.org/@tanstack%2fstart-server-functions-ssr set size:undefined disposed:false
608 silly fetch manifest @tanstack/start-server-functions-client@^1.119.2
609 silly packumentCache full:https://registry.npmjs.org/@tanstack%2fstart-server-functions-client cache-miss
610 http fetch GET 200 https://registry.npmjs.org/@tanstack%2freact-start-router-manifest 1384ms (cache miss)
611 silly packumentCache full:https://registry.npmjs.org/@tanstack%2freact-start-router-manifest set size:undefined disposed:false
612 silly fetch manifest @tanstack/start-server-functions-server@^1.119.2
613 silly packumentCache full:https://registry.npmjs.org/@tanstack%2fstart-server-functions-server cache-miss
614 http fetch GET 200 https://registry.npmjs.org/@tanstack%2freact-start-server 7030ms (cache miss)
615 silly packumentCache full:https://registry.npmjs.org/@tanstack%2freact-start-server set size:undefined disposed:false
616 silly fetch manifest @tanstack/start-server-functions-handler@^1.119.0
617 silly packumentCache full:https://registry.npmjs.org/@tanstack%2fstart-server-functions-handler cache-miss
618 http fetch GET 200 https://registry.npmjs.org/@tanstack%2fstart-server-functions-client 3827ms (cache miss)
619 silly packumentCache full:https://registry.npmjs.org/@tanstack%2fstart-server-functions-client set size:undefined disposed:false
620 silly fetch manifest @types/qs@*
621 silly packumentCache full:https://registry.npmjs.org/@types%2fqs cache-miss
622 http fetch GET 200 https://registry.npmjs.org/@tanstack%2fstart-server-functions-server 3404ms (cache miss)
623 silly packumentCache full:https://registry.npmjs.org/@tanstack%2fstart-server-functions-server set size:undefined disposed:false
624 silly fetch manifest @types/body-parser@*
625 silly packumentCache full:https://registry.npmjs.org/@types%2fbody-parser cache-miss
626 http fetch GET 200 https://registry.npmjs.org/@tanstack%2fstart-server-functions-handler 2869ms (cache miss)
627 silly packumentCache full:https://registry.npmjs.org/@tanstack%2fstart-server-functions-handler set size:undefined disposed:false
628 silly fetch manifest @types/serve-static@^1
629 silly packumentCache full:https://registry.npmjs.org/@types%2fserve-static cache-miss
630 http fetch GET 200 https://registry.npmjs.org/@types%2fqs 3217ms (cache miss)
631 silly packumentCache full:https://registry.npmjs.org/@types%2fqs set size:undefined disposed:false
632 silly fetch manifest @types/express-serve-static-core@^4.17.33
633 silly packumentCache full:https://registry.npmjs.org/@types%2fexpress-serve-static-core cache-miss
634 http fetch GET 200 https://registry.npmjs.org/@types%2fbody-parser 5086ms (cache miss)
635 silly packumentCache full:https://registry.npmjs.org/@types%2fbody-parser set size:undefined disposed:false
636 silly fetch manifest undici-types@~6.21.0
637 silly packumentCache full:https://registry.npmjs.org/undici-types cache-miss
638 http fetch GET 200 https://registry.npmjs.org/@types%2fserve-static 4770ms (cache miss)
639 silly packumentCache full:https://registry.npmjs.org/@types%2fserve-static set size:undefined disposed:false
640 silly fetch manifest @babel/core@^7.29.0
641 silly packumentCache full:https://registry.npmjs.org/@babel%2fcore cache-miss
642 http fetch GET 200 https://registry.npmjs.org/@types%2fexpress-serve-static-core 2791ms (cache miss)
643 silly packumentCache full:https://registry.npmjs.org/@types%2fexpress-serve-static-core set size:undefined disposed:false
644 silly fetch manifest react-refresh@^0.18.0
645 silly packumentCache full:https://registry.npmjs.org/react-refresh cache-miss
646 http fetch GET 200 https://registry.npmjs.org/undici-types 2826ms (cache miss)
647 silly packumentCache full:https://registry.npmjs.org/undici-types set size:undefined disposed:false
648 silly fetch manifest @types/babel__core@^7.20.5
649 silly packumentCache full:https://registry.npmjs.org/@types%2fbabel__core cache-miss
650 http fetch GET 200 https://registry.npmjs.org/@types%2fbabel__core 2708ms (cache miss)
651 silly packumentCache full:https://registry.npmjs.org/@types%2fbabel__core set size:undefined disposed:false
652 silly fetch manifest @rolldown/pluginutils@1.0.0-rc.3
653 silly packumentCache full:https://registry.npmjs.org/@rolldown%2fpluginutils cache-miss
654 http fetch GET 200 https://registry.npmjs.org/@babel%2fcore 5719ms (cache miss)
655 silly packumentCache full:https://registry.npmjs.org/@babel%2fcore set size:undefined disposed:false
656 silly fetch manifest @babel/plugin-transform-react-jsx-self@^7.27.1
657 silly packumentCache full:https://registry.npmjs.org/@babel%2fplugin-transform-react-jsx-self cache-miss
658 http cache https://registry.npmjs.org/@rolldown%2fpluginutils 4741ms (cache hit)
659 silly packumentCache full:https://registry.npmjs.org/@rolldown%2fpluginutils set size:300388 disposed:false
660 silly fetch manifest @babel/plugin-transform-react-jsx-source@^7.27.1
661 silly packumentCache full:https://registry.npmjs.org/@babel%2fplugin-transform-react-jsx-source cache-miss
662 http fetch GET 200 https://registry.npmjs.org/@babel%2fplugin-transform-react-jsx-self 5799ms (cache miss)
663 silly packumentCache full:https://registry.npmjs.org/@babel%2fplugin-transform-react-jsx-self set size:undefined disposed:false
664 silly fetch manifest picocolors@^1.1.1
665 silly packumentCache full:https://registry.npmjs.org/picocolors cache-miss
666 http fetch GET 200 https://registry.npmjs.org/picocolors 986ms (cache miss)
667 silly packumentCache full:https://registry.npmjs.org/picocolors set size:undefined disposed:false
668 silly fetch manifest fraction.js@^5.3.4
669 silly packumentCache full:https://registry.npmjs.org/fraction.js cache-miss
670 http cache https://registry.npmjs.org/@babel%2fplugin-transform-react-jsx-source 2734ms (cache hit)
671 silly packumentCache full:https://registry.npmjs.org/@babel%2fplugin-transform-react-jsx-source set size:205288 disposed:false
672 silly fetch manifest browserslist@^4.28.6
673 silly packumentCache full:https://registry.npmjs.org/browserslist cache-miss
674 http fetch GET 200 https://registry.npmjs.org/fraction.js 2784ms (cache miss)
675 silly packumentCache full:https://registry.npmjs.org/fraction.js set size:undefined disposed:false
676 silly fetch manifest caniuse-lite@^1.0.30001806
677 silly packumentCache full:https://registry.npmjs.org/caniuse-lite cache-miss
678 http fetch GET 200 https://registry.npmjs.org/browserslist 3181ms (cache miss)
679 silly packumentCache full:https://registry.npmjs.org/browserslist set size:undefined disposed:false
680 silly fetch manifest postcss-value-parser@^4.2.0
681 silly packumentCache full:https://registry.npmjs.org/postcss-value-parser cache-miss
682 http fetch GET 200 https://registry.npmjs.org/postcss-value-parser 2237ms (cache miss)
683 silly packumentCache full:https://registry.npmjs.org/postcss-value-parser set size:undefined disposed:false
684 silly fetch manifest nanoid@^3.3.17
685 silly packumentCache full:https://registry.npmjs.org/nanoid cache-miss
686 http fetch GET 200 https://registry.npmjs.org/caniuse-lite 3432ms (cache miss)
687 silly packumentCache full:https://registry.npmjs.org/caniuse-lite set size:undefined disposed:false
688 silly fetch manifest source-map-js@^1.2.1
689 silly packumentCache full:https://registry.npmjs.org/source-map-js cache-miss
690 http fetch GET 200 https://registry.npmjs.org/react-refresh 18477ms (cache miss)
691 silly packumentCache full:https://registry.npmjs.org/react-refresh set size:undefined disposed:false
692 silly fetch manifest form-data@^4.0.6
693 silly packumentCache full:https://registry.npmjs.org/form-data cache-miss
694 http fetch GET 200 https://registry.npmjs.org/source-map-js 6654ms (cache miss)
695 silly packumentCache full:https://registry.npmjs.org/source-map-js set size:undefined disposed:false
696 silly fetch manifest proxy-from-env@^2.1.0
697 silly packumentCache full:https://registry.npmjs.org/proxy-from-env cache-miss
698 http fetch GET 200 https://registry.npmjs.org/nanoid 6977ms (cache miss)
699 silly packumentCache full:https://registry.npmjs.org/nanoid set size:undefined disposed:false
700 silly fetch manifest follow-redirects@^1.16.0
701 silly packumentCache full:https://registry.npmjs.org/follow-redirects cache-miss
702 http fetch GET 200 https://registry.npmjs.org/proxy-from-env 4186ms (cache miss)
703 silly packumentCache full:https://registry.npmjs.org/proxy-from-env set size:undefined disposed:false
704 silly fetch manifest https-proxy-agent@^5.0.1
705 silly packumentCache full:https://registry.npmjs.org/https-proxy-agent cache-miss
706 http cache https://registry.npmjs.org/https-proxy-agent 19ms (cache hit)
707 silly packumentCache full:https://registry.npmjs.org/https-proxy-agent set size:83792 disposed:false
708 silly fetch manifest @esbuild/aix-ppc64@0.25.12
709 silly packumentCache full:https://registry.npmjs.org/@esbuild%2faix-ppc64 cache-miss
710 http cache https://registry.npmjs.org/@esbuild%2faix-ppc64 284ms (cache hit)
711 silly packumentCache full:https://registry.npmjs.org/@esbuild%2faix-ppc64 set size:67797 disposed:false
712 silly fetch manifest @esbuild/linux-arm@0.25.12
713 silly packumentCache full:https://registry.npmjs.org/@esbuild%2flinux-arm cache-miss
714 http cache https://registry.npmjs.org/@esbuild%2flinux-arm 1841ms (cache hit)
715 silly packumentCache full:https://registry.npmjs.org/@esbuild%2flinux-arm set size:198596 disposed:false
716 silly fetch manifest @esbuild/linux-x64@0.25.12
717 silly packumentCache full:https://registry.npmjs.org/@esbuild%2flinux-x64 cache-miss
718 http fetch GET 200 https://registry.npmjs.org/follow-redirects 6443ms (cache miss)
719 silly packumentCache full:https://registry.npmjs.org/follow-redirects set size:undefined disposed:false
720 silly fetch manifest @esbuild/sunos-x64@0.25.12
721 silly packumentCache full:https://registry.npmjs.org/@esbuild%2fsunos-x64 cache-miss
722 http cache https://registry.npmjs.org/@esbuild%2flinux-x64 1131ms (cache hit)
723 silly packumentCache full:https://registry.npmjs.org/@esbuild%2flinux-x64 set size:198942 disposed:false
724 silly fetch manifest @esbuild/win32-x64@0.25.12
725 silly packumentCache full:https://registry.npmjs.org/@esbuild%2fwin32-x64 cache-miss
726 http fetch GET 200 https://registry.npmjs.org/form-data 15567ms (cache miss)
727 silly packumentCache full:https://registry.npmjs.org/form-data set size:undefined disposed:false
728 silly fetch manifest @esbuild/darwin-x64@0.25.12
729 silly packumentCache full:https://registry.npmjs.org/@esbuild%2fdarwin-x64 cache-miss
730 http fetch GET 200 https://registry.npmjs.org/@esbuild%2fsunos-x64 2718ms (cache miss)
731 silly packumentCache full:https://registry.npmjs.org/@esbuild%2fsunos-x64 set size:undefined disposed:false
732 silly fetch manifest @esbuild/linux-ia32@0.25.12
733 silly packumentCache full:https://registry.npmjs.org/@esbuild%2flinux-ia32 cache-miss
734 http cache https://registry.npmjs.org/@esbuild%2fwin32-x64 2391ms (cache hit)
735 silly packumentCache full:https://registry.npmjs.org/@esbuild%2fwin32-x64 set size:197540 disposed:false
736 silly fetch manifest @esbuild/netbsd-x64@0.25.12
737 silly packumentCache full:https://registry.npmjs.org/@esbuild%2fnetbsd-x64 cache-miss
738 http fetch GET 200 https://registry.npmjs.org/@esbuild%2flinux-ia32 1738ms (cache miss)
739 silly packumentCache full:https://registry.npmjs.org/@esbuild%2flinux-ia32 set size:undefined disposed:false
740 silly fetch manifest @esbuild/win32-ia32@0.25.12
741 silly packumentCache full:https://registry.npmjs.org/@esbuild%2fwin32-ia32 cache-miss
742 http cache https://registry.npmjs.org/@esbuild%2fnetbsd-x64 1591ms (cache hit)
743 silly packumentCache full:https://registry.npmjs.org/@esbuild%2fnetbsd-x64 set size:197314 disposed:false
744 silly fetch manifest @esbuild/android-arm@0.25.12
745 silly packumentCache full:https://registry.npmjs.org/@esbuild%2fandroid-arm cache-miss
746 http cache https://registry.npmjs.org/@esbuild%2fdarwin-x64 2271ms (cache hit)
747 silly packumentCache full:https://registry.npmjs.org/@esbuild%2fdarwin-x64 set size:199670 disposed:false
748 silly fetch manifest @esbuild/android-x64@0.25.12
749 silly packumentCache full:https://registry.npmjs.org/@esbuild%2fandroid-x64 cache-miss
750 http fetch GET 200 https://registry.npmjs.org/@esbuild%2fandroid-x64 4441ms (cache miss)
751 silly packumentCache full:https://registry.npmjs.org/@esbuild%2fandroid-x64 set size:undefined disposed:false
752 silly fetch manifest @esbuild/freebsd-x64@0.25.12
753 silly packumentCache full:https://registry.npmjs.org/@esbuild%2ffreebsd-x64 cache-miss
754 http fetch GET 200 https://registry.npmjs.org/@esbuild%2fwin32-ia32 4852ms (cache miss)
755 silly packumentCache full:https://registry.npmjs.org/@esbuild%2fwin32-ia32 set size:undefined disposed:false
756 silly fetch manifest @esbuild/linux-arm64@0.25.12
757 silly packumentCache full:https://registry.npmjs.org/@esbuild%2flinux-arm64 cache-miss
758 http fetch GET 200 https://registry.npmjs.org/@esbuild%2fandroid-arm 4550ms (cache miss)
759 silly packumentCache full:https://registry.npmjs.org/@esbuild%2fandroid-arm set size:undefined disposed:false
760 silly fetch manifest @esbuild/linux-ppc64@0.25.12
761 silly packumentCache full:https://registry.npmjs.org/@esbuild%2flinux-ppc64 cache-miss
762 http fetch GET 200 https://registry.npmjs.org/@esbuild%2ffreebsd-x64 289ms (cache miss)
763 silly packumentCache full:https://registry.npmjs.org/@esbuild%2ffreebsd-x64 set size:undefined disposed:false
764 silly fetch manifest @esbuild/linux-s390x@0.25.12
765 silly packumentCache full:https://registry.npmjs.org/@esbuild%2flinux-s390x cache-miss
766 http fetch GET 200 https://registry.npmjs.org/@esbuild%2flinux-arm64 1743ms (cache miss)
767 silly packumentCache full:https://registry.npmjs.org/@esbuild%2flinux-arm64 set size:undefined disposed:false
768 silly fetch manifest @esbuild/openbsd-x64@0.25.12
769 silly packumentCache full:https://registry.npmjs.org/@esbuild%2fopenbsd-x64 cache-miss
770 http fetch GET 200 https://registry.npmjs.org/@esbuild%2flinux-s390x 2936ms (cache miss)
771 silly packumentCache full:https://registry.npmjs.org/@esbuild%2flinux-s390x set size:undefined disposed:false
772 silly fetch manifest @esbuild/win32-arm64@0.25.12
773 silly packumentCache full:https://registry.npmjs.org/@esbuild%2fwin32-arm64 cache-miss
774 http fetch GET 200 https://registry.npmjs.org/@esbuild%2flinux-ppc64 3133ms (cache miss)
775 silly packumentCache full:https://registry.npmjs.org/@esbuild%2flinux-ppc64 set size:undefined disposed:false
776 silly fetch manifest @esbuild/darwin-arm64@0.25.12
777 silly packumentCache full:https://registry.npmjs.org/@esbuild%2fdarwin-arm64 cache-miss
778 http fetch GET 200 https://registry.npmjs.org/@esbuild%2fopenbsd-x64 1609ms (cache miss)
779 silly packumentCache full:https://registry.npmjs.org/@esbuild%2fopenbsd-x64 set size:undefined disposed:false
780 silly fetch manifest @esbuild/netbsd-arm64@0.25.12
781 silly packumentCache full:https://registry.npmjs.org/@esbuild%2fnetbsd-arm64 cache-miss
782 http fetch GET 200 https://registry.npmjs.org/@esbuild%2fdarwin-arm64 4215ms (cache miss)
783 silly packumentCache full:https://registry.npmjs.org/@esbuild%2fdarwin-arm64 set size:undefined disposed:false
784 silly fetch manifest @esbuild/android-arm64@0.25.12
785 silly packumentCache full:https://registry.npmjs.org/@esbuild%2fandroid-arm64 cache-miss
786 http fetch GET 200 https://registry.npmjs.org/@esbuild%2fwin32-arm64 4398ms (cache miss)
787 silly packumentCache full:https://registry.npmjs.org/@esbuild%2fwin32-arm64 set size:undefined disposed:false
788 silly fetch manifest @esbuild/freebsd-arm64@0.25.12
789 silly packumentCache full:https://registry.npmjs.org/@esbuild%2ffreebsd-arm64 cache-miss
790 http fetch GET 200 https://registry.npmjs.org/@esbuild%2fnetbsd-arm64 4248ms (cache miss)
791 silly packumentCache full:https://registry.npmjs.org/@esbuild%2fnetbsd-arm64 set size:undefined disposed:false
792 silly fetch manifest @esbuild/linux-loong64@0.25.12
793 silly packumentCache full:https://registry.npmjs.org/@esbuild%2flinux-loong64 cache-miss
794 http fetch GET 200 https://registry.npmjs.org/@esbuild%2fandroid-arm64 1274ms (cache miss)
795 silly packumentCache full:https://registry.npmjs.org/@esbuild%2fandroid-arm64 set size:undefined disposed:false
796 silly fetch manifest @esbuild/linux-riscv64@0.25.12
797 silly packumentCache full:https://registry.npmjs.org/@esbuild%2flinux-riscv64 cache-miss
798 http fetch GET 200 https://registry.npmjs.org/@esbuild%2flinux-riscv64 2518ms (cache miss)
799 silly packumentCache full:https://registry.npmjs.org/@esbuild%2flinux-riscv64 set size:undefined disposed:false
800 silly fetch manifest @esbuild/openbsd-arm64@0.25.12
801 silly packumentCache full:https://registry.npmjs.org/@esbuild%2fopenbsd-arm64 cache-miss
802 http fetch GET 200 https://registry.npmjs.org/@esbuild%2ffreebsd-arm64 3646ms (cache miss)
803 silly packumentCache full:https://registry.npmjs.org/@esbuild%2ffreebsd-arm64 set size:undefined disposed:false
804 silly fetch manifest @esbuild/linux-mips64el@0.25.12
805 silly packumentCache full:https://registry.npmjs.org/@esbuild%2flinux-mips64el cache-miss
806 http fetch GET 200 https://registry.npmjs.org/@esbuild%2flinux-loong64 4437ms (cache miss)
807 silly packumentCache full:https://registry.npmjs.org/@esbuild%2flinux-loong64 set size:undefined disposed:false
808 silly fetch manifest @esbuild/openharmony-arm64@0.25.12
809 silly packumentCache full:https://registry.npmjs.org/@esbuild%2fopenharmony-arm64 cache-miss
810 http fetch GET 200 https://registry.npmjs.org/@esbuild%2flinux-mips64el 1826ms (cache miss)
811 silly packumentCache full:https://registry.npmjs.org/@esbuild%2flinux-mips64el set size:undefined disposed:false
812 silly fetch manifest qs@~6.15.1
813 silly packumentCache full:https://registry.npmjs.org/qs cache-miss
814 http fetch GET 200 https://registry.npmjs.org/@esbuild%2fopenharmony-arm64 1041ms (cache miss)
815 silly packumentCache full:https://registry.npmjs.org/@esbuild%2fopenharmony-arm64 set size:undefined disposed:false
816 silly fetch manifest depd@2.0.0
817 silly packumentCache full:https://registry.npmjs.org/depd cache-miss
818 http fetch GET 200 https://registry.npmjs.org/@esbuild%2fopenbsd-arm64 3832ms (cache miss)
819 silly packumentCache full:https://registry.npmjs.org/@esbuild%2fopenbsd-arm64 set size:undefined disposed:false
820 silly fetch manifest etag@~1.8.1
821 silly packumentCache full:https://registry.npmjs.org/etag cache-miss
822 http fetch GET 200 https://registry.npmjs.org/depd 2006ms (cache miss)
823 silly packumentCache full:https://registry.npmjs.org/depd set size:undefined disposed:false
824 silly fetch manifest send@~0.19.0
825 silly packumentCache full:https://registry.npmjs.org/send cache-miss
826 http fetch GET 200 https://registry.npmjs.org/qs 2504ms (cache miss)
827 silly packumentCache full:https://registry.npmjs.org/qs set size:undefined disposed:false
828 silly fetch manifest vary@~1.1.2
829 silly packumentCache full:https://registry.npmjs.org/vary cache-miss
830 http fetch GET 200 https://registry.npmjs.org/etag 1384ms (cache miss)
831 silly packumentCache full:https://registry.npmjs.org/etag set size:undefined disposed:false
832 silly fetch manifest debug@2.6.9
833 silly packumentCache full:https://registry.npmjs.org/debug cache-miss
834 http fetch GET 200 https://registry.npmjs.org/send 1370ms (cache miss)
835 silly packumentCache full:https://registry.npmjs.org/send set size:undefined disposed:false
836 silly fetch manifest fresh@~0.5.2
837 silly packumentCache full:https://registry.npmjs.org/fresh cache-miss
838 http fetch GET 200 https://registry.npmjs.org/vary 1400ms (cache miss)
839 silly packumentCache full:https://registry.npmjs.org/vary set size:undefined disposed:false
840 silly fetch manifest cookie@~0.7.1
841 silly packumentCache full:https://registry.npmjs.org/cookie cache-miss
842 http fetch GET 200 https://registry.npmjs.org/debug 731ms (cache miss)
843 silly packumentCache full:https://registry.npmjs.org/debug set size:undefined disposed:false
844 silly fetch manifest accepts@~1.3.8
845 silly packumentCache full:https://registry.npmjs.org/accepts cache-miss
846 http fetch GET 200 https://registry.npmjs.org/cookie 1207ms (cache miss)
847 silly packumentCache full:https://registry.npmjs.org/cookie set size:undefined disposed:false
848 silly fetch manifest methods@~1.1.2
849 silly packumentCache full:https://registry.npmjs.org/methods cache-miss
850 http fetch GET 200 https://registry.npmjs.org/fresh 2171ms (cache miss)
851 silly packumentCache full:https://registry.npmjs.org/fresh set size:undefined disposed:false
852 silly fetch manifest type-is@~1.6.18
853 silly packumentCache full:https://registry.npmjs.org/type-is cache-miss
854 http fetch GET 200 https://registry.npmjs.org/accepts 1876ms (cache miss)
855 silly packumentCache full:https://registry.npmjs.org/accepts set size:undefined disposed:false
856 silly fetch manifest parseurl@~1.3.3
857 silly packumentCache full:https://registry.npmjs.org/parseurl cache-miss
858 http fetch GET 200 https://registry.npmjs.org/methods 2088ms (cache miss)
859 silly packumentCache full:https://registry.npmjs.org/methods set size:undefined disposed:false
860 silly fetch manifest statuses@~2.0.1
861 silly packumentCache full:https://registry.npmjs.org/statuses cache-miss
862 http fetch GET 200 https://registry.npmjs.org/parseurl 1233ms (cache miss)
863 silly packumentCache full:https://registry.npmjs.org/parseurl set size:undefined disposed:false
864 silly fetch manifest encodeurl@~2.0.0
865 silly packumentCache full:https://registry.npmjs.org/encodeurl cache-miss
866 http fetch GET 200 https://registry.npmjs.org/type-is 2494ms (cache miss)
867 silly packumentCache full:https://registry.npmjs.org/type-is set size:undefined disposed:false
868 silly fetch manifest proxy-addr@~2.0.7
869 silly packumentCache full:https://registry.npmjs.org/proxy-addr cache-miss
870 http fetch GET 200 https://registry.npmjs.org/statuses 1696ms (cache miss)
871 silly packumentCache full:https://registry.npmjs.org/statuses set size:undefined disposed:false
872 silly fetch manifest body-parser@~1.20.5
873 silly packumentCache full:https://registry.npmjs.org/body-parser cache-miss
874 http fetch GET 200 https://registry.npmjs.org/proxy-addr 1231ms (cache miss)
875 silly packumentCache full:https://registry.npmjs.org/proxy-addr set size:undefined disposed:false
876 silly fetch manifest escape-html@~1.0.3
877 silly packumentCache full:https://registry.npmjs.org/escape-html cache-miss
878 http fetch GET 200 https://registry.npmjs.org/encodeurl 2331ms (cache miss)
879 silly packumentCache full:https://registry.npmjs.org/encodeurl set size:undefined disposed:false
880 silly fetch manifest http-errors@~2.0.0
881 silly packumentCache full:https://registry.npmjs.org/http-errors cache-miss
882 http fetch GET 200 https://registry.npmjs.org/body-parser 2453ms (cache miss)
883 silly packumentCache full:https://registry.npmjs.org/body-parser set size:undefined disposed:false
884 silly fetch manifest on-finished@~2.4.1
885 silly packumentCache full:https://registry.npmjs.org/on-finished cache-miss
886 http fetch GET 200 https://registry.npmjs.org/http-errors 1968ms (cache miss)
887 silly packumentCache full:https://registry.npmjs.org/http-errors set size:undefined disposed:false
888 silly fetch manifest safe-buffer@5.2.1
889 silly packumentCache full:https://registry.npmjs.org/safe-buffer cache-miss
890 http fetch GET 200 https://registry.npmjs.org/escape-html 2178ms (cache miss)
891 silly packumentCache full:https://registry.npmjs.org/escape-html set size:undefined disposed:false
892 silly fetch manifest utils-merge@1.0.1
893 silly packumentCache full:https://registry.npmjs.org/utils-merge cache-miss
894 http fetch GET 200 https://registry.npmjs.org/safe-buffer 9334ms (cache miss)
895 silly packumentCache full:https://registry.npmjs.org/safe-buffer set size:undefined disposed:false
896 silly fetch manifest content-type@~1.0.4
897 silly packumentCache full:https://registry.npmjs.org/content-type cache-miss
898 http fetch GET 200 https://registry.npmjs.org/utils-merge 9332ms (cache miss)
899 silly packumentCache full:https://registry.npmjs.org/utils-merge set size:undefined disposed:false
900 silly fetch manifest finalhandler@~1.3.1
901 silly packumentCache full:https://registry.npmjs.org/finalhandler cache-miss
902 http fetch GET 200 https://registry.npmjs.org/on-finished 9530ms (cache miss)
903 silly packumentCache full:https://registry.npmjs.org/on-finished set size:undefined disposed:false
904 silly fetch manifest range-parser@~1.2.1
905 silly packumentCache full:https://registry.npmjs.org/range-parser cache-miss
906 http fetch GET 200 https://registry.npmjs.org/finalhandler 3145ms (cache miss)
907 silly packumentCache full:https://registry.npmjs.org/finalhandler set size:undefined disposed:false
908 silly fetch manifest serve-static@~1.16.2
909 silly packumentCache full:https://registry.npmjs.org/serve-static cache-miss
910 http fetch GET 200 https://registry.npmjs.org/range-parser 4395ms (cache miss)
911 silly packumentCache full:https://registry.npmjs.org/range-parser set size:undefined disposed:false
912 silly fetch manifest array-flatten@1.1.1
913 silly packumentCache full:https://registry.npmjs.org/array-flatten cache-miss
914 http fetch GET 200 https://registry.npmjs.org/content-type 11327ms (cache miss)
915 silly packumentCache full:https://registry.npmjs.org/content-type set size:undefined disposed:false
916 silly fetch manifest path-to-regexp@~0.1.12
917 silly packumentCache full:https://registry.npmjs.org/path-to-regexp cache-miss
918 http fetch GET 200 https://registry.npmjs.org/path-to-regexp 1794ms (cache miss)
919 silly packumentCache full:https://registry.npmjs.org/path-to-regexp set size:undefined disposed:false
920 silly fetch manifest setprototypeof@1.2.0
921 silly packumentCache full:https://registry.npmjs.org/setprototypeof cache-miss
922 http fetch GET 200 https://registry.npmjs.org/setprototypeof 694ms (cache miss)
923 silly packumentCache full:https://registry.npmjs.org/setprototypeof set size:undefined disposed:false
924 silly fetch manifest cookie-signature@~1.0.6
925 silly packumentCache full:https://registry.npmjs.org/cookie-signature cache-miss
926 http fetch GET 200 https://registry.npmjs.org/cookie-signature 1320ms (cache miss)
927 silly packumentCache full:https://registry.npmjs.org/cookie-signature set size:undefined disposed:false
928 silly fetch manifest merge-descriptors@1.0.3
929 silly packumentCache full:https://registry.npmjs.org/merge-descriptors cache-miss
930 http fetch GET https://registry.npmjs.org/array-flatten attempt 1 failed with ECONNRESET
931 http fetch GET 200 https://registry.npmjs.org/merge-descriptors 11289ms (cache miss)
932 silly packumentCache full:https://registry.npmjs.org/merge-descriptors set size:undefined disposed:false
933 silly fetch manifest content-disposition@~0.5.4
934 silly packumentCache full:https://registry.npmjs.org/content-disposition cache-miss
935 http fetch GET 200 https://registry.npmjs.org/serve-static 23893ms (cache miss)
936 silly packumentCache full:https://registry.npmjs.org/serve-static set size:undefined disposed:false
937 silly fetch manifest tslib@^2.4.0
938 silly packumentCache full:https://registry.npmjs.org/tslib cache-miss
939 http cache https://registry.npmjs.org/tslib 845ms (cache hit)
940 silly packumentCache full:https://registry.npmjs.org/tslib set size:108843 disposed:false
941 silly fetch manifest framer-motion@^12.43.0
942 silly packumentCache full:https://registry.npmjs.org/framer-motion cache-miss
943 http cache https://registry.npmjs.org/content-disposition 1436ms (cache hit)
944 silly packumentCache full:https://registry.npmjs.org/content-disposition set size:45446 disposed:false
945 silly fetch manifest @pdf-lib/standard-fonts@^1.0.0
946 silly packumentCache full:https://registry.npmjs.org/@pdf-lib%2fstandard-fonts cache-miss
947 http cache https://registry.npmjs.org/@pdf-lib%2fstandard-fonts 1647ms (cache hit)
948 silly packumentCache full:https://registry.npmjs.org/@pdf-lib%2fstandard-fonts set size:60466 disposed:false
949 silly fetch manifest @pdf-lib/upng@^1.0.1
950 silly packumentCache full:https://registry.npmjs.org/@pdf-lib%2fupng cache-miss
951 http cache https://registry.npmjs.org/@pdf-lib%2fupng 131ms (cache hit)
952 silly packumentCache full:https://registry.npmjs.org/@pdf-lib%2fupng set size:16373 disposed:false
953 silly fetch manifest pako@^1.0.11
954 silly packumentCache full:https://registry.npmjs.org/pako cache-miss
955 http cache https://registry.npmjs.org/pako 2585ms (cache hit)
956 silly packumentCache full:https://registry.npmjs.org/pako set size:82149 disposed:false
957 silly fetch manifest tslib@^1.11.1
958 silly packumentCache full:https://registry.npmjs.org/tslib cache-hit
959 silly fetch manifest immer@^11.1.8
960 silly packumentCache full:https://registry.npmjs.org/immer cache-miss
961 http cache https://registry.npmjs.org/immer 823ms (cache hit)
962 silly packumentCache full:https://registry.npmjs.org/immer set size:798677 disposed:false
963 silly fetch manifest reselect@5.2.0
964 silly packumentCache full:https://registry.npmjs.org/reselect cache-miss
965 http cache https://registry.npmjs.org/reselect 2195ms (cache hit)
966 silly packumentCache full:https://registry.npmjs.org/reselect set size:361939 disposed:false
967 silly fetch manifest es-toolkit@^1.39.3
968 silly packumentCache full:https://registry.npmjs.org/es-toolkit cache-miss
969 http fetch GET 200 https://registry.npmjs.org/array-flatten 33122ms attempt #2 (cache miss)
970 silly packumentCache full:https://registry.npmjs.org/array-flatten set size:undefined disposed:false
971 silly fetch manifest react-redux@8.x.x || 9.x.x
972 silly packumentCache full:https://registry.npmjs.org/react-redux cache-miss
973 http cache https://registry.npmjs.org/react-redux 1881ms (cache hit)
974 silly packumentCache full:https://registry.npmjs.org/react-redux set size:582163 disposed:false
975 silly fetch manifest eventemitter3@^5.0.1
976 silly packumentCache full:https://registry.npmjs.org/eventemitter3 cache-miss
977 http cache https://registry.npmjs.org/eventemitter3 927ms (cache hit)
978 silly packumentCache full:https://registry.npmjs.org/eventemitter3 set size:92292 disposed:false
979 silly fetch manifest victory-vendor@^37.0.2
980 silly packumentCache full:https://registry.npmjs.org/victory-vendor cache-miss
981 http cache https://registry.npmjs.org/victory-vendor 169ms (cache hit)
982 silly packumentCache full:https://registry.npmjs.org/victory-vendor set size:249209 disposed:false
983 silly fetch manifest @reduxjs/toolkit@^1.9.0 || 2.x.x
984 silly packumentCache full:https://registry.npmjs.org/@reduxjs%2ftoolkit cache-miss
985 http fetch GET 200 https://registry.npmjs.org/framer-motion 17610ms (cache miss)
986 silly packumentCache full:https://registry.npmjs.org/framer-motion set size:undefined disposed:false
987 silly fetch manifest decimal.js-light@^2.5.1
988 silly packumentCache full:https://registry.npmjs.org/decimal.js-light cache-miss
989 http fetch GET 200 https://registry.npmjs.org/es-toolkit 15997ms (cache miss)
990 silly packumentCache full:https://registry.npmjs.org/es-toolkit set size:undefined disposed:false
991 silly fetch manifest use-sync-external-store@^1.2.2
992 silly packumentCache full:https://registry.npmjs.org/use-sync-external-store cache-miss
993 http cache https://registry.npmjs.org/use-sync-external-store 1318ms (cache hit)
994 silly packumentCache full:https://registry.npmjs.org/use-sync-external-store set size:4968927 disposed:false
995 silly fetch manifest jose@^6.2.9
996 silly packumentCache full:https://registry.npmjs.org/jose cache-miss
997 http fetch GET 200 https://registry.npmjs.org/decimal.js-light 7907ms (cache miss)
998 silly packumentCache full:https://registry.npmjs.org/decimal.js-light set size:undefined disposed:false
999 silly fetch manifest eciesjs@^0.5.0
1000 silly packumentCache full:https://registry.npmjs.org/eciesjs cache-miss
1001 http cache https://registry.npmjs.org/jose 1179ms (cache hit)
1002 silly packumentCache full:https://registry.npmjs.org/jose set size:1452435 disposed:false
1003 silly fetch manifest @supabase/cli-linux-x64@2.116.0
1004 silly packumentCache full:https://registry.npmjs.org/@supabase%2fcli-linux-x64 cache-miss
1005 http fetch GET 200 https://registry.npmjs.org/eciesjs 2691ms (cache miss)
1006 silly packumentCache full:https://registry.npmjs.org/eciesjs set size:undefined disposed:false
1007 silly fetch manifest @supabase/cli-darwin-x64@2.116.0
1008 silly packumentCache full:https://registry.npmjs.org/@supabase%2fcli-darwin-x64 cache-miss
1009 http fetch GET 200 https://registry.npmjs.org/@supabase%2fcli-darwin-x64 5923ms (cache miss)
1010 silly packumentCache full:https://registry.npmjs.org/@supabase%2fcli-darwin-x64 set size:undefined disposed:false
1011 silly fetch manifest @supabase/cli-linux-arm64@2.116.0
1012 silly packumentCache full:https://registry.npmjs.org/@supabase%2fcli-linux-arm64 cache-miss
1013 http fetch GET 200 https://registry.npmjs.org/@reduxjs%2ftoolkit 26228ms (cache miss)
1014 silly packumentCache full:https://registry.npmjs.org/@reduxjs%2ftoolkit set size:undefined disposed:false
1015 silly fetch manifest @supabase/cli-windows-x64@2.116.0
1016 silly packumentCache full:https://registry.npmjs.org/@supabase%2fcli-windows-x64 cache-miss
1017 http cache https://registry.npmjs.org/@supabase%2fcli-linux-arm64 2280ms (cache hit)
1018 silly packumentCache full:https://registry.npmjs.org/@supabase%2fcli-linux-arm64 set size:748286 disposed:false
1019 silly fetch manifest @supabase/cli-darwin-arm64@2.116.0
1020 silly packumentCache full:https://registry.npmjs.org/@supabase%2fcli-darwin-arm64 cache-miss
1021 http cache https://registry.npmjs.org/@supabase%2fcli-darwin-arm64 725ms (cache hit)
1022 silly packumentCache full:https://registry.npmjs.org/@supabase%2fcli-darwin-arm64 set size:745285 disposed:false
1023 silly fetch manifest @supabase/cli-windows-arm64@2.116.0
1024 silly packumentCache full:https://registry.npmjs.org/@supabase%2fcli-windows-arm64 cache-miss
1025 http cache https://registry.npmjs.org/@supabase%2fcli-windows-x64 1559ms (cache hit)
1026 silly packumentCache full:https://registry.npmjs.org/@supabase%2fcli-windows-x64 set size:743970 disposed:false
1027 silly fetch manifest @supabase/cli-linux-x64-musl@2.116.0
1028 silly packumentCache full:https://registry.npmjs.org/@supabase%2fcli-linux-x64-musl cache-miss
1029 http cache https://registry.npmjs.org/@supabase%2fcli-windows-arm64 1256ms (cache hit)
1030 silly packumentCache full:https://registry.npmjs.org/@supabase%2fcli-windows-arm64 set size:751267 disposed:false
1031 silly fetch manifest @supabase/cli-linux-arm64-musl@2.116.0
1032 silly packumentCache full:https://registry.npmjs.org/@supabase%2fcli-linux-arm64-musl cache-miss
1033 http cache https://registry.npmjs.org/@supabase%2fcli-linux-x64-musl 554ms (cache hit)
1034 silly packumentCache full:https://registry.npmjs.org/@supabase%2fcli-linux-x64-musl set size:756859 disposed:false
1035 silly fetch manifest esbuild@~0.28.0
1036 silly packumentCache full:https://registry.npmjs.org/esbuild cache-miss
1037 http cache https://registry.npmjs.org/esbuild 1379ms (cache hit)
1038 silly packumentCache full:https://registry.npmjs.org/esbuild set size:1264676 disposed:false
1039 http cache https://registry.npmjs.org/@supabase%2fcli-linux-arm64-musl 2161ms (cache hit)
1040 silly packumentCache full:https://registry.npmjs.org/@supabase%2fcli-linux-arm64-musl set size:764184 disposed:false
1041 http fetch GET 200 https://registry.npmjs.org/@supabase%2fcli-linux-x64 14666ms (cache miss)
1042 silly packumentCache full:https://registry.npmjs.org/@supabase%2fcli-linux-x64 set size:undefined disposed:false
1043 silly fetch manifest bufferutil@^4.0.1
1044 silly packumentCache full:https://registry.npmjs.org/bufferutil cache-miss
1045 http fetch GET 200 https://registry.npmjs.org/bufferutil 1776ms (cache miss)
1046 silly packumentCache full:https://registry.npmjs.org/bufferutil set size:undefined disposed:false
1047 silly fetch manifest utf-8-validate@>=5.0.2
1048 silly packumentCache full:https://registry.npmjs.org/utf-8-validate cache-miss
1049 http fetch GET 200 https://registry.npmjs.org/utf-8-validate 1077ms (cache miss)
1050 silly packumentCache full:https://registry.npmjs.org/utf-8-validate set size:undefined disposed:false
1051 silly placeDep ROOT google-auth-library@10.9.1 OK for: @google/genai@2.19.0 want: ^10.3.0
1052 silly placeDep ROOT p-retry@4.6.2 OK for: @google/genai@2.19.0 want: ^4.6.2
1053 silly placeDep ROOT protobufjs@7.6.6 OK for: @google/genai@2.19.0 want: ^7.5.4
1054 silly placeDep ROOT ws@8.21.3 OK for: @google/genai@2.19.0 want: ^8.18.0
1055 silly fetch manifest jws@^4.0.0
1056 silly packumentCache full:https://registry.npmjs.org/jws cache-miss
1057 silly fetch manifest gaxios@^7.1.4
1058 silly packumentCache full:https://registry.npmjs.org/gaxios cache-miss
1059 silly fetch manifest base64-js@^1.3.0
1060 silly packumentCache full:https://registry.npmjs.org/base64-js cache-miss
1061 http fetch GET 200 https://registry.npmjs.org/base64-js 1502ms (cache miss)
1062 silly packumentCache full:https://registry.npmjs.org/base64-js set size:undefined disposed:false
1063 silly fetch manifest gcp-metadata@8.1.2
1064 silly packumentCache full:https://registry.npmjs.org/gcp-metadata cache-miss
1065 http fetch GET 200 https://registry.npmjs.org/jws 10319ms (cache miss)
1066 silly packumentCache full:https://registry.npmjs.org/jws set size:undefined disposed:false
1067 silly fetch manifest ecdsa-sig-formatter@^1.0.11
1068 silly packumentCache full:https://registry.npmjs.org/ecdsa-sig-formatter cache-miss
1069 http fetch GET 200 https://registry.npmjs.org/gaxios 10325ms (cache miss)
1070 silly packumentCache full:https://registry.npmjs.org/gaxios set size:undefined disposed:false
1071 silly fetch manifest google-logging-utils@1.1.3
1072 silly packumentCache full:https://registry.npmjs.org/google-logging-utils cache-miss
1073 http fetch GET 200 https://registry.npmjs.org/ecdsa-sig-formatter 2829ms (cache miss)
1074 silly packumentCache full:https://registry.npmjs.org/ecdsa-sig-formatter set size:undefined disposed:false
1075 silly fetch manifest retry@^0.13.1
1076 silly packumentCache full:https://registry.npmjs.org/retry cache-miss
1077 http fetch GET 200 https://registry.npmjs.org/gcp-metadata 11566ms (cache miss)
1078 silly packumentCache full:https://registry.npmjs.org/gcp-metadata set size:undefined disposed:false
1079 silly fetch manifest @types/retry@0.12.0
1080 silly packumentCache full:https://registry.npmjs.org/@types%2fretry cache-miss
1081 http fetch GET 200 https://registry.npmjs.org/google-logging-utils 3384ms (cache miss)
1082 silly packumentCache full:https://registry.npmjs.org/google-logging-utils set size:undefined disposed:false
1083 silly fetch manifest long@^5.3.2
1084 silly packumentCache full:https://registry.npmjs.org/long cache-miss
1085 http fetch GET 200 https://registry.npmjs.org/@types%2fretry 1186ms (cache miss)
1086 silly packumentCache full:https://registry.npmjs.org/@types%2fretry set size:undefined disposed:false
1087 silly fetch manifest @protobufjs/path@^1.1.2
1088 silly packumentCache full:https://registry.npmjs.org/@protobufjs%2fpath cache-miss
1089 http fetch GET 200 https://registry.npmjs.org/retry 2437ms (cache miss)
1090 silly packumentCache full:https://registry.npmjs.org/retry set size:undefined disposed:false
1091 silly fetch manifest @protobufjs/pool@^1.1.0
1092 silly packumentCache full:https://registry.npmjs.org/@protobufjs%2fpool cache-miss
1093 http fetch GET 200 https://registry.npmjs.org/long 2814ms (cache miss)
1094 silly packumentCache full:https://registry.npmjs.org/long set size:undefined disposed:false
1095 silly fetch manifest @protobufjs/utf8@^1.1.1
1096 silly packumentCache full:https://registry.npmjs.org/@protobufjs%2futf8 cache-miss
1097 http fetch GET 200 https://registry.npmjs.org/@protobufjs%2fpool 1109ms (cache miss)
1098 silly packumentCache full:https://registry.npmjs.org/@protobufjs%2fpool set size:undefined disposed:false
1099 silly fetch manifest @protobufjs/fetch@^1.1.1
1100 silly packumentCache full:https://registry.npmjs.org/@protobufjs%2ffetch cache-miss
1101 http fetch GET 200 https://registry.npmjs.org/@protobufjs%2fpath 2359ms (cache miss)
1102 silly packumentCache full:https://registry.npmjs.org/@protobufjs%2fpath set size:undefined disposed:false
1103 silly fetch manifest @protobufjs/float@^1.0.2
1104 silly packumentCache full:https://registry.npmjs.org/@protobufjs%2ffloat cache-miss
1105 http fetch GET 200 https://registry.npmjs.org/@protobufjs%2ffloat 440ms (cache miss)
1106 silly packumentCache full:https://registry.npmjs.org/@protobufjs%2ffloat set size:undefined disposed:false
1107 silly fetch manifest @protobufjs/base64@^1.1.2
1108 silly packumentCache full:https://registry.npmjs.org/@protobufjs%2fbase64 cache-miss
1109 http fetch GET 200 https://registry.npmjs.org/@protobufjs%2ffetch 983ms (cache miss)
1110 silly packumentCache full:https://registry.npmjs.org/@protobufjs%2ffetch set size:undefined disposed:false
1111 silly fetch manifest @protobufjs/codegen@^2.0.5
1112 silly packumentCache full:https://registry.npmjs.org/@protobufjs%2fcodegen cache-miss
1113 http fetch GET 200 https://registry.npmjs.org/@protobufjs%2fbase64 1035ms (cache miss)
1114 silly packumentCache full:https://registry.npmjs.org/@protobufjs%2fbase64 set size:undefined disposed:false
1115 silly fetch manifest @protobufjs/aspromise@^1.1.2
1116 silly packumentCache full:https://registry.npmjs.org/@protobufjs%2faspromise cache-miss
1117 http fetch GET 200 https://registry.npmjs.org/@protobufjs%2futf8 1643ms (cache miss)
1118 silly packumentCache full:https://registry.npmjs.org/@protobufjs%2futf8 set size:undefined disposed:false
1119 silly fetch manifest @protobufjs/eventemitter@^1.1.1
1120 silly packumentCache full:https://registry.npmjs.org/@protobufjs%2feventemitter cache-miss
1121 http fetch GET 200 https://registry.npmjs.org/@protobufjs%2faspromise 9622ms (cache miss)
1122 silly packumentCache full:https://registry.npmjs.org/@protobufjs%2faspromise set size:undefined disposed:false
1123 http fetch GET 200 https://registry.npmjs.org/@protobufjs%2feventemitter 9613ms (cache miss)
1124 silly packumentCache full:https://registry.npmjs.org/@protobufjs%2feventemitter set size:undefined disposed:false
1125 http fetch GET 200 https://registry.npmjs.org/@protobufjs%2fcodegen 12271ms (cache miss)
1126 silly packumentCache full:https://registry.npmjs.org/@protobufjs%2fcodegen set size:undefined disposed:false
1127 silly placeDep ROOT @standard-schema/utils@0.3.0 OK for: @hookform/resolvers@5.9.1 want: ^0.3.0
1128 silly placeDep ROOT @supabase/auth-js@2.112.4 OK for: @supabase/supabase-js@2.112.4 want: 2.112.4
1129 silly placeDep ROOT @supabase/functions-js@2.112.4 OK for: @supabase/supabase-js@2.112.4 want: 2.112.4
1130 silly placeDep ROOT @supabase/postgrest-js@2.112.4 OK for: @supabase/supabase-js@2.112.4 want: 2.112.4
1131 silly placeDep ROOT @supabase/realtime-js@2.112.4 OK for: @supabase/supabase-js@2.112.4 want: 2.112.4
1132 silly placeDep ROOT @supabase/storage-js@2.112.4 OK for: @supabase/supabase-js@2.112.4 want: 2.112.4
1133 silly fetch manifest tslib@2.8.1
1134 silly packumentCache full:https://registry.npmjs.org/tslib cache-hit
1135 silly fetch manifest tslib@2.8.1
1136 silly packumentCache full:https://registry.npmjs.org/tslib cache-hit
1137 silly fetch manifest tslib@2.8.1
1138 silly packumentCache full:https://registry.npmjs.org/tslib cache-hit
1139 silly fetch manifest @supabase/phoenix@0.4.5
1140 silly packumentCache full:https://registry.npmjs.org/@supabase%2fphoenix cache-miss
1141 silly fetch manifest iceberg-js@^0.8.1
1142 silly packumentCache full:https://registry.npmjs.org/iceberg-js cache-miss
1143 http fetch GET 200 https://registry.npmjs.org/iceberg-js 2588ms (cache miss)
1144 silly packumentCache full:https://registry.npmjs.org/iceberg-js set size:undefined disposed:false
1145 http fetch GET 200 https://registry.npmjs.org/@supabase%2fphoenix 2595ms (cache miss)
1146 silly packumentCache full:https://registry.npmjs.org/@supabase%2fphoenix set size:undefined disposed:false
1147 silly placeDep ROOT tslib@2.8.1 OK for: @supabase/auth-js@2.112.4 want: 2.8.1
1148 silly placeDep ROOT @supabase/phoenix@0.4.5 OK for: @supabase/realtime-js@2.112.4 want: 0.4.5
1149 silly placeDep ROOT iceberg-js@0.8.1 OK for: @supabase/storage-js@2.112.4 want: ^0.8.1
1150 silly placeDep ROOT @tailwindcss/node@4.3.3 OK for: @tailwindcss/vite@4.3.3 want: 4.3.3
1151 silly placeDep ROOT @tailwindcss/oxide@4.3.3 OK for: @tailwindcss/vite@4.3.3 want: 4.3.3
1152 silly fetch manifest jiti@^2.7.0
1153 silly packumentCache full:https://registry.npmjs.org/jiti cache-hit
1154 silly fetch manifest lightningcss@1.32.0
1155 silly packumentCache full:https://registry.npmjs.org/lightningcss cache-miss
1156 silly fetch manifest magic-string@^0.30.21
1157 silly packumentCache full:https://registry.npmjs.org/magic-string cache-miss
1158 silly fetch manifest enhanced-resolve@^5.24.1
1159 silly packumentCache full:https://registry.npmjs.org/enhanced-resolve cache-miss
1160 http fetch GET 200 https://registry.npmjs.org/magic-string 3301ms (cache miss)
1161 silly packumentCache full:https://registry.npmjs.org/magic-string set size:undefined disposed:false
1162 silly fetch manifest @jridgewell/remapping@^2.3.5
1163 silly packumentCache full:https://registry.npmjs.org/@jridgewell%2fremapping cache-miss
1164 http fetch GET 200 https://registry.npmjs.org/lightningcss 3458ms (cache revalidated)
1165 silly packumentCache full:https://registry.npmjs.org/lightningcss set size:191065 disposed:false
1166 silly fetch manifest @tailwindcss/oxide-darwin-x64@4.3.3
1167 silly packumentCache full:https://registry.npmjs.org/@tailwindcss%2foxide-darwin-x64 cache-miss
1168 http fetch GET 200 https://registry.npmjs.org/enhanced-resolve 4108ms (cache miss)
1169 silly packumentCache full:https://registry.npmjs.org/enhanced-resolve set size:undefined disposed:false
1170 silly fetch manifest @tailwindcss/oxide-freebsd-x64@4.3.3
1171 silly packumentCache full:https://registry.npmjs.org/@tailwindcss%2foxide-freebsd-x64 cache-miss
1172 http fetch GET 200 https://registry.npmjs.org/@jridgewell%2fremapping 2981ms (cache miss)
1173 silly packumentCache full:https://registry.npmjs.org/@jridgewell%2fremapping set size:undefined disposed:false
1174 silly fetch manifest @tailwindcss/oxide-wasm32-wasi@4.3.3
1175 silly packumentCache full:https://registry.npmjs.org/@tailwindcss%2foxide-wasm32-wasi cache-miss
1176 http fetch GET 200 https://registry.npmjs.org/@tailwindcss%2foxide-darwin-x64 6423ms (cache miss)
1177 silly packumentCache full:https://registry.npmjs.org/@tailwindcss%2foxide-darwin-x64 set size:undefined disposed:false
1178 silly fetch manifest @tailwindcss/oxide-darwin-arm64@4.3.3
1179 silly packumentCache full:https://registry.npmjs.org/@tailwindcss%2foxide-darwin-arm64 cache-miss
1180 http fetch GET 200 https://registry.npmjs.org/@tailwindcss%2foxide-wasm32-wasi 6745ms (cache miss)
1181 silly packumentCache full:https://registry.npmjs.org/@tailwindcss%2foxide-wasm32-wasi set size:undefined disposed:false
1182 silly fetch manifest @tailwindcss/oxide-android-arm64@4.3.3
1183 silly packumentCache full:https://registry.npmjs.org/@tailwindcss%2foxide-android-arm64 cache-miss
1184 http fetch GET 200 https://registry.npmjs.org/@tailwindcss%2foxide-freebsd-x64 11717ms (cache miss)
1185 silly packumentCache full:https://registry.npmjs.org/@tailwindcss%2foxide-freebsd-x64 set size:undefined disposed:false
1186 silly fetch manifest @tailwindcss/oxide-linux-x64-gnu@4.3.3
1187 silly packumentCache full:https://registry.npmjs.org/@tailwindcss%2foxide-linux-x64-gnu cache-miss
1188 http fetch GET 200 https://registry.npmjs.org/@tailwindcss%2foxide-android-arm64 6738ms (cache miss)
1189 silly packumentCache full:https://registry.npmjs.org/@tailwindcss%2foxide-android-arm64 set size:undefined disposed:false
1190 silly fetch manifest @tailwindcss/oxide-linux-x64-musl@4.3.3
1191 silly packumentCache full:https://registry.npmjs.org/@tailwindcss%2foxide-linux-x64-musl cache-miss
1192 http fetch GET 200 https://registry.npmjs.org/@tailwindcss%2foxide-darwin-arm64 10726ms (cache miss)
1193 silly packumentCache full:https://registry.npmjs.org/@tailwindcss%2foxide-darwin-arm64 set size:undefined disposed:false
1194 silly fetch manifest @tailwindcss/oxide-win32-x64-msvc@4.3.3
1195 silly packumentCache full:https://registry.npmjs.org/@tailwindcss%2foxide-win32-x64-msvc cache-miss
1196 http fetch GET https://registry.npmjs.org/@tailwindcss%2foxide-linux-x64-gnu attempt 1 failed with ECONNRESET
1197 http fetch GET https://registry.npmjs.org/@tailwindcss%2foxide-win32-x64-msvc attempt 1 failed with ECONNRESET
1198 http fetch GET 200 https://registry.npmjs.org/@tailwindcss%2foxide-linux-x64-musl 22592ms (cache miss)
1199 silly packumentCache full:https://registry.npmjs.org/@tailwindcss%2foxide-linux-x64-musl set size:undefined disposed:false
1200 silly fetch manifest @tailwindcss/oxide-linux-arm64-gnu@4.3.3
1201 silly packumentCache full:https://registry.npmjs.org/@tailwindcss%2foxide-linux-arm64-gnu cache-miss
1202 http fetch GET 200 https://registry.npmjs.org/@tailwindcss%2foxide-linux-x64-gnu 34644ms attempt #2 (cache miss)
1203 silly packumentCache full:https://registry.npmjs.org/@tailwindcss%2foxide-linux-x64-gnu set size:undefined disposed:false
1204 silly fetch manifest @tailwindcss/oxide-linux-arm64-musl@4.3.3
1205 silly packumentCache full:https://registry.npmjs.org/@tailwindcss%2foxide-linux-arm64-musl cache-miss
1206 http fetch GET 200 https://registry.npmjs.org/@tailwindcss%2foxide-win32-x64-msvc 30574ms attempt #2 (cache miss)
1207 silly packumentCache full:https://registry.npmjs.org/@tailwindcss%2foxide-win32-x64-msvc set size:undefined disposed:false
1208 silly fetch manifest @tailwindcss/oxide-win32-arm64-msvc@4.3.3
1209 silly packumentCache full:https://registry.npmjs.org/@tailwindcss%2foxide-win32-arm64-msvc cache-miss
1210 http fetch GET 200 https://registry.npmjs.org/@tailwindcss%2foxide-linux-arm64-gnu 20336ms (cache miss)
1211 silly packumentCache full:https://registry.npmjs.org/@tailwindcss%2foxide-linux-arm64-gnu set size:undefined disposed:false
1212 silly fetch manifest @tailwindcss/oxide-linux-arm-gnueabihf@4.3.3
1213 silly packumentCache full:https://registry.npmjs.org/@tailwindcss%2foxide-linux-arm-gnueabihf cache-miss
1214 http fetch GET 200 https://registry.npmjs.org/@tailwindcss%2foxide-win32-arm64-msvc 18070ms (cache miss)
1215 silly packumentCache full:https://registry.npmjs.org/@tailwindcss%2foxide-win32-arm64-msvc set size:undefined disposed:false
1216 http fetch GET 200 https://registry.npmjs.org/@tailwindcss%2foxide-linux-arm64-musl 19952ms (cache miss)
1217 silly packumentCache full:https://registry.npmjs.org/@tailwindcss%2foxide-linux-arm64-musl set size:undefined disposed:false
1218 http fetch GET 200 https://registry.npmjs.org/@tailwindcss%2foxide-linux-arm-gnueabihf 11151ms (cache miss)
1219 silly packumentCache full:https://registry.npmjs.org/@tailwindcss%2foxide-linux-arm-gnueabihf set size:undefined disposed:false
1220 silly placeDep ROOT @jridgewell/remapping@2.3.5 OK for: @tailwindcss/node@4.3.3 want: ^2.3.5
1221 silly placeDep ROOT enhanced-resolve@5.24.5 OK for: @tailwindcss/node@4.3.3 want: ^5.24.1
1222 silly placeDep ROOT jiti@2.7.0 OK for: @tailwindcss/node@4.3.3 want: ^2.7.0
1223 silly placeDep ROOT lightningcss@1.32.0 OK for: @tailwindcss/node@4.3.3 want: 1.32.0
1224 silly placeDep ROOT magic-string@0.30.21 OK for: @tailwindcss/node@4.3.3 want: ^0.30.21
1225 silly placeDep ROOT source-map-js@1.2.1 OK for: @tailwindcss/node@4.3.3 want: ^1.2.1
1226 silly fetch manifest @jridgewell/gen-mapping@^0.3.5
1227 silly packumentCache full:https://registry.npmjs.org/@jridgewell%2fgen-mapping cache-miss
1228 silly fetch manifest @jridgewell/trace-mapping@^0.3.24
1229 silly packumentCache full:https://registry.npmjs.org/@jridgewell%2ftrace-mapping cache-miss
1230 silly fetch manifest tapable@^2.3.3
1231 silly packumentCache full:https://registry.npmjs.org/tapable cache-miss
1232 http fetch GET 200 https://registry.npmjs.org/@jridgewell%2fgen-mapping 2872ms (cache miss)
1233 silly packumentCache full:https://registry.npmjs.org/@jridgewell%2fgen-mapping set size:undefined disposed:false
1234 silly fetch manifest graceful-fs@^4.2.4
1235 silly packumentCache full:https://registry.npmjs.org/graceful-fs cache-miss
1236 http fetch GET 200 https://registry.npmjs.org/@jridgewell%2ftrace-mapping 3014ms (cache miss)
1237 silly packumentCache full:https://registry.npmjs.org/@jridgewell%2ftrace-mapping set size:undefined disposed:false
1238 silly fetch manifest detect-libc@^2.0.3
1239 silly packumentCache full:https://registry.npmjs.org/detect-libc cache-miss
1240 http fetch GET 200 https://registry.npmjs.org/tapable 3082ms (cache miss)
1241 silly packumentCache full:https://registry.npmjs.org/tapable set size:undefined disposed:false
1242 silly fetch manifest lightningcss-darwin-x64@1.32.0
1243 silly packumentCache full:https://registry.npmjs.org/lightningcss-darwin-x64 cache-miss
1244 http fetch GET 200 https://registry.npmjs.org/detect-libc 516ms (cache miss)
1245 silly packumentCache full:https://registry.npmjs.org/detect-libc set size:undefined disposed:false
1246 silly fetch manifest lightningcss-freebsd-x64@1.32.0
1247 silly packumentCache full:https://registry.npmjs.org/lightningcss-freebsd-x64 cache-miss
1248 http fetch GET 200 https://registry.npmjs.org/graceful-fs 1241ms (cache miss)
1249 silly packumentCache full:https://registry.npmjs.org/graceful-fs set size:undefined disposed:false
1250 silly fetch manifest lightningcss-darwin-arm64@1.32.0
1251 silly packumentCache full:https://registry.npmjs.org/lightningcss-darwin-arm64 cache-miss
1252 http fetch GET 200 https://registry.npmjs.org/lightningcss-darwin-arm64 1027ms (cache miss)
1253 silly packumentCache full:https://registry.npmjs.org/lightningcss-darwin-arm64 set size:undefined disposed:false
1254 silly fetch manifest lightningcss-android-arm64@1.32.0
1255 silly packumentCache full:https://registry.npmjs.org/lightningcss-android-arm64 cache-miss
1256 http fetch GET 200 https://registry.npmjs.org/lightningcss-darwin-x64 2133ms (cache miss)
1257 silly packumentCache full:https://registry.npmjs.org/lightningcss-darwin-x64 set size:undefined disposed:false
1258 silly fetch manifest lightningcss-linux-x64-gnu@1.32.0
1259 silly packumentCache full:https://registry.npmjs.org/lightningcss-linux-x64-gnu cache-miss
1260 http fetch GET 200 https://registry.npmjs.org/lightningcss-freebsd-x64 3165ms (cache miss)
1261 silly packumentCache full:https://registry.npmjs.org/lightningcss-freebsd-x64 set size:undefined disposed:false
1262 silly fetch manifest lightningcss-linux-x64-musl@1.32.0
1263 silly packumentCache full:https://registry.npmjs.org/lightningcss-linux-x64-musl cache-miss
1264 http fetch GET 200 https://registry.npmjs.org/lightningcss-android-arm64 1488ms (cache miss)
1265 silly packumentCache full:https://registry.npmjs.org/lightningcss-android-arm64 set size:undefined disposed:false
1266 silly fetch manifest lightningcss-win32-x64-msvc@1.32.0
1267 silly packumentCache full:https://registry.npmjs.org/lightningcss-win32-x64-msvc cache-miss
1268 http fetch GET 200 https://registry.npmjs.org/lightningcss-linux-x64-gnu 1492ms (cache miss)
1269 silly packumentCache full:https://registry.npmjs.org/lightningcss-linux-x64-gnu set size:undefined disposed:false
1270 silly fetch manifest lightningcss-linux-arm64-gnu@1.32.0
1271 silly packumentCache full:https://registry.npmjs.org/lightningcss-linux-arm64-gnu cache-miss
1272 http fetch GET 200 https://registry.npmjs.org/lightningcss-linux-x64-musl 2328ms (cache miss)
1273 silly packumentCache full:https://registry.npmjs.org/lightningcss-linux-x64-musl set size:undefined disposed:false
1274 silly fetch manifest lightningcss-linux-arm64-musl@1.32.0
1275 silly packumentCache full:https://registry.npmjs.org/lightningcss-linux-arm64-musl cache-miss
1276 http fetch GET 200 https://registry.npmjs.org/lightningcss-linux-arm64-gnu 2376ms (cache miss)
1277 silly packumentCache full:https://registry.npmjs.org/lightningcss-linux-arm64-gnu set size:undefined disposed:false
1278 silly fetch manifest lightningcss-win32-arm64-msvc@1.32.0
1279 silly packumentCache full:https://registry.npmjs.org/lightningcss-win32-arm64-msvc cache-miss
1280 http fetch GET 200 https://registry.npmjs.org/lightningcss-win32-x64-msvc 2401ms (cache miss)
1281 silly packumentCache full:https://registry.npmjs.org/lightningcss-win32-x64-msvc set size:undefined disposed:false
1282 silly fetch manifest lightningcss-linux-arm-gnueabihf@1.32.0
1283 silly packumentCache full:https://registry.npmjs.org/lightningcss-linux-arm-gnueabihf cache-miss
1284 http fetch GET 200 https://registry.npmjs.org/lightningcss-win32-arm64-msvc 907ms (cache miss)
1285 silly packumentCache full:https://registry.npmjs.org/lightningcss-win32-arm64-msvc set size:undefined disposed:false
1286 silly fetch manifest @jridgewell/sourcemap-codec@^1.5.5
1287 silly packumentCache full:https://registry.npmjs.org/@jridgewell%2fsourcemap-codec cache-miss
1288 http fetch GET 200 https://registry.npmjs.org/lightningcss-linux-arm64-musl 1180ms (cache miss)
1289 silly packumentCache full:https://registry.npmjs.org/lightningcss-linux-arm64-musl set size:undefined disposed:false
1290 http fetch GET 200 https://registry.npmjs.org/lightningcss-linux-arm-gnueabihf 1139ms (cache miss)
1291 silly packumentCache full:https://registry.npmjs.org/lightningcss-linux-arm-gnueabihf set size:undefined disposed:false
1292 http fetch GET 200 https://registry.npmjs.org/@jridgewell%2fsourcemap-codec 254ms (cache miss)
1293 silly packumentCache full:https://registry.npmjs.org/@jridgewell%2fsourcemap-codec set size:undefined disposed:false
1294 silly placeDep ROOT @jridgewell/gen-mapping@0.3.13 OK for: @jridgewell/remapping@2.3.5 want: ^0.3.5
1295 silly placeDep ROOT @jridgewell/trace-mapping@0.3.31 OK for: @jridgewell/remapping@2.3.5 want: ^0.3.24
1296 silly fetch manifest @jridgewell/sourcemap-codec@^1.5.0
1297 silly packumentCache full:https://registry.npmjs.org/@jridgewell%2fsourcemap-codec cache-miss
1298 silly fetch manifest @jridgewell/resolve-uri@^3.1.0
1299 silly packumentCache full:https://registry.npmjs.org/@jridgewell%2fresolve-uri cache-miss
1300 silly fetch manifest @jridgewell/sourcemap-codec@^1.4.14
1301 silly packumentCache full:https://registry.npmjs.org/@jridgewell%2fsourcemap-codec cache-miss
1302 http cache https://registry.npmjs.org/@jridgewell%2fsourcemap-codec 10093ms (cache hit)
1303 silly packumentCache full:https://registry.npmjs.org/@jridgewell%2fsourcemap-codec set size:65255 disposed:false
1304 http cache https://registry.npmjs.org/@jridgewell%2fsourcemap-codec 10163ms (cache hit)
1305 silly packumentCache full:https://registry.npmjs.org/@jridgewell%2fsourcemap-codec set size:65255 disposed:false
1306 silly packumentCache full:https://registry.npmjs.org/@jridgewell%2fsourcemap-codec dispose
1307 http fetch GET 200 https://registry.npmjs.org/@jridgewell%2fresolve-uri 10125ms (cache miss)
1308 silly packumentCache full:https://registry.npmjs.org/@jridgewell%2fresolve-uri set size:undefined disposed:false
1309 silly placeDep ROOT @jridgewell/sourcemap-codec@1.6.0 OK for: @jridgewell/gen-mapping@0.3.13 want: ^1.5.0
1310 silly placeDep ROOT @jridgewell/resolve-uri@3.1.2 OK for: @jridgewell/trace-mapping@0.3.31 want: ^3.1.0
1311 silly placeDep ROOT @tailwindcss/oxide-android-arm64@4.3.3 OK for: @tailwindcss/oxide@4.3.3 want: 4.3.3
1312 silly placeDep ROOT @tailwindcss/oxide-darwin-arm64@4.3.3 OK for: @tailwindcss/oxide@4.3.3 want: 4.3.3
1313 silly placeDep ROOT @tailwindcss/oxide-darwin-x64@4.3.3 OK for: @tailwindcss/oxide@4.3.3 want: 4.3.3
1314 silly placeDep ROOT @tailwindcss/oxide-freebsd-x64@4.3.3 OK for: @tailwindcss/oxide@4.3.3 want: 4.3.3
1315 silly placeDep ROOT @tailwindcss/oxide-linux-arm-gnueabihf@4.3.3 OK for: @tailwindcss/oxide@4.3.3 want: 4.3.3
1316 silly placeDep ROOT @tailwindcss/oxide-linux-arm64-gnu@4.3.3 OK for: @tailwindcss/oxide@4.3.3 want: 4.3.3
1317 silly placeDep ROOT @tailwindcss/oxide-linux-arm64-musl@4.3.3 OK for: @tailwindcss/oxide@4.3.3 want: 4.3.3
1318 silly placeDep ROOT @tailwindcss/oxide-linux-x64-gnu@4.3.3 OK for: @tailwindcss/oxide@4.3.3 want: 4.3.3
1319 silly placeDep ROOT @tailwindcss/oxide-linux-x64-musl@4.3.3 OK for: @tailwindcss/oxide@4.3.3 want: 4.3.3
1320 silly placeDep ROOT @tailwindcss/oxide-wasm32-wasi@4.3.3 OK for: @tailwindcss/oxide@4.3.3 want: 4.3.3
1321 silly placeDep ROOT @tailwindcss/oxide-win32-arm64-msvc@4.3.3 OK for: @tailwindcss/oxide@4.3.3 want: 4.3.3
1322 silly placeDep ROOT @tailwindcss/oxide-win32-x64-msvc@4.3.3 OK for: @tailwindcss/oxide@4.3.3 want: 4.3.3
1323 silly placeDep ROOT @tanstack/query-core@5.102.8 OK for: @tanstack/react-query@5.102.8 want: 5.102.8
1324 silly fetch manifest react@>=18.0.0 || >=19.0.0
1325 silly packumentCache full:https://registry.npmjs.org/react cache-miss
1326 http fetch GET 200 https://registry.npmjs.org/react 2430ms (cache revalidated)
1327 silly packumentCache full:https://registry.npmjs.org/react set size:6926968 disposed:false
1328 silly fetch manifest react-dom@>=18.0.0 || >=19.0.0
1329 silly packumentCache full:https://registry.npmjs.org/react-dom cache-miss
1330 http fetch GET 200 https://registry.npmjs.org/react-dom 4717ms (cache revalidated)
1331 silly packumentCache full:https://registry.npmjs.org/react-dom set size:9313795 disposed:false
1332 silly placeDep ROOT @tanstack/history@1.115.0 OK for: @tanstack/react-router@1.120.0 want: 1.115.0
1333 silly placeDep ROOT @tanstack/react-store@0.7.7 OK for: @tanstack/react-router@1.120.0 want: ^0.7.0
1334 silly placeDep ROOT @tanstack/router-core@1.119.0 OK for: @tanstack/react-router@1.120.0 want: 1.119.0
1335 silly placeDep ROOT jsesc@3.1.0 OK for: @tanstack/react-router@1.120.0 want: ^3.1.0
1336 silly placeDep ROOT tiny-invariant@1.3.3 OK for: @tanstack/react-router@1.120.0 want: ^1.3.3
1337 silly placeDep ROOT tiny-warning@1.0.3 OK for: @tanstack/react-router@1.120.0 want: ^1.0.3
1338 silly fetch manifest @tanstack/store@0.7.7
1339 silly packumentCache full:https://registry.npmjs.org/@tanstack%2fstore cache-miss
1340 silly fetch manifest use-sync-external-store@^1.5.0
1341 silly packumentCache full:https://registry.npmjs.org/use-sync-external-store cache-miss
1342 silly fetch manifest @tanstack/store@^0.7.0
1343 silly packumentCache full:https://registry.npmjs.org/@tanstack%2fstore cache-miss
1344 http fetch GET 200 https://registry.npmjs.org/use-sync-external-store 1080ms (cache revalidated)
1345 silly packumentCache full:https://registry.npmjs.org/use-sync-external-store set size:4968927 disposed:false
1346 http fetch GET 200 https://registry.npmjs.org/@tanstack%2fstore 2443ms (cache miss)
1347 silly packumentCache full:https://registry.npmjs.org/@tanstack%2fstore set size:undefined disposed:false
1348 http fetch GET 200 https://registry.npmjs.org/@tanstack%2fstore 2783ms (cache miss)
1349 silly packumentCache full:https://registry.npmjs.org/@tanstack%2fstore set size:undefined disposed:false
1350 silly placeDep ROOT @tanstack/react-start-client@1.168.30 OK for: @tanstack/react-start@1.120.0 want: ^1.120.0
1351 silly placeDep ROOT @tanstack/react-start-config@1.120.20 OK for: @tanstack/react-start@1.120.0 want: ^1.120.0
1352 silly placeDep ROOT @tanstack/react-start-router-manifest@1.120.19 OK for: @tanstack/react-start@1.120.0 want: ^1.119.0
1353 silly placeDep ROOT @tanstack/react-start-server@1.167.37 OK for: @tanstack/react-start@1.120.0 want: ^1.120.0
1354 silly placeDep ROOT @tanstack/start-api-routes@1.120.19 OK for: @tanstack/react-start@1.120.0 want: ^1.119.0
1355 silly placeDep ROOT @tanstack/start-server-functions-client@1.131.50 OK for: @tanstack/react-start@1.120.0 want: ^1.119.2
1356 silly placeDep ROOT @tanstack/start-server-functions-handler@1.120.19 OK for: @tanstack/react-start@1.120.0 want: ^1.119.0
1357 silly placeDep ROOT @tanstack/start-server-functions-server@1.131.2 OK for: @tanstack/react-start@1.120.0 want: ^1.119.2
1358 silly placeDep ROOT @tanstack/start-server-functions-ssr@1.120.19 OK for: @tanstack/react-start@1.120.0 want: ^1.119.2
1359 silly fetch manifest @tanstack/router-core@1.171.27
1360 silly packumentCache full:https://registry.npmjs.org/@tanstack%2frouter-core cache-miss
1361 silly fetch manifest @tanstack/react-router@1.170.32
1362 silly packumentCache full:https://registry.npmjs.org/@tanstack%2freact-router cache-miss
1363 silly fetch manifest @tanstack/start-client-core@1.170.27
1364 silly packumentCache full:https://registry.npmjs.org/@tanstack%2fstart-client-core cache-miss
1365 http fetch GET 200 https://registry.npmjs.org/@tanstack%2freact-router 1574ms (cache revalidated)
1366 silly packumentCache full:https://registry.npmjs.org/@tanstack%2freact-router set size:3687605 disposed:false
1367 silly fetch manifest zod@^3.24.2
1368 silly packumentCache full:https://registry.npmjs.org/zod cache-miss
1369 http fetch GET 200 https://registry.npmjs.org/@tanstack%2frouter-core 4142ms (cache revalidated)
1370 silly packumentCache full:https://registry.npmjs.org/@tanstack%2frouter-core set size:1688356 disposed:false
1371 silly fetch manifest vinxi@0.5.3
1372 silly packumentCache full:https://registry.npmjs.org/vinxi cache-miss
1373 http fetch GET 200 https://registry.npmjs.org/zod 2412ms (cache revalidated)
1374 silly packumentCache full:https://registry.npmjs.org/zod set size:4147901 disposed:false
1375 silly fetch manifest ofetch@^1.4.1
1376 silly packumentCache full:https://registry.npmjs.org/ofetch cache-miss
1377 http fetch GET 200 https://registry.npmjs.org/@tanstack%2fstart-client-core 5901ms (cache miss)
1378 silly packumentCache full:https://registry.npmjs.org/@tanstack%2fstart-client-core set size:undefined disposed:false
1379 silly fetch manifest nitropack@^2.10.4
1380 silly packumentCache full:https://registry.npmjs.org/nitropack cache-miss
1381 http fetch GET 200 https://registry.npmjs.org/ofetch 2209ms (cache miss)
1382 silly packumentCache full:https://registry.npmjs.org/ofetch set size:undefined disposed:false
1383 silly fetch manifest import-meta-resolve@^4.1.0
1384 silly packumentCache full:https://registry.npmjs.org/import-meta-resolve cache-miss
1385 http fetch GET 200 https://registry.npmjs.org/import-meta-resolve 616ms (cache miss)
1386 silly packumentCache full:https://registry.npmjs.org/import-meta-resolve set size:undefined disposed:false
1387 silly fetch manifest @vitejs/plugin-react@^4.3.4
1388 silly packumentCache full:https://registry.npmjs.org/@vitejs%2fplugin-react cache-miss
1389 http fetch GET 200 https://registry.npmjs.org/nitropack 4322ms (cache miss)
1390 silly packumentCache full:https://registry.npmjs.org/nitropack set size:undefined disposed:false
1391 silly fetch manifest @tanstack/router-core@^1.120.19
1392 silly packumentCache full:https://registry.npmjs.org/@tanstack%2frouter-core cache-miss
1393 http cache https://registry.npmjs.org/@tanstack%2frouter-core 779ms (cache hit)
1394 silly packumentCache full:https://registry.npmjs.org/@tanstack%2frouter-core set size:1688356 disposed:false
1395 silly fetch manifest @tanstack/router-plugin@^1.120.20
1396 silly packumentCache full:https://registry.npmjs.org/@tanstack%2frouter-plugin cache-miss
1397 http fetch GET 200 https://registry.npmjs.org/vinxi 7544ms (cache miss)
1398 silly packumentCache full:https://registry.npmjs.org/vinxi set size:undefined disposed:false
1399 silly fetch manifest @tanstack/router-generator@^1.120.20
1400 silly packumentCache full:https://registry.npmjs.org/@tanstack%2frouter-generator cache-miss
1401 http fetch GET 200 https://registry.npmjs.org/@vitejs%2fplugin-react 4400ms (cache revalidated)
1402 silly packumentCache full:https://registry.npmjs.org/@vitejs%2fplugin-react set size:284195 disposed:false
1403 silly fetch manifest @tanstack/react-start-plugin@^1.120.17
1404 silly packumentCache full:https://registry.npmjs.org/@tanstack%2freact-start-plugin cache-miss
1405 http fetch GET 200 https://registry.npmjs.org/@tanstack%2freact-start-plugin 3193ms (cache miss)
1406 silly packumentCache full:https://registry.npmjs.org/@tanstack%2freact-start-plugin set size:undefined disposed:false
1407 silly fetch manifest @tanstack/server-functions-plugin@^1.120.17
1408 silly packumentCache full:https://registry.npmjs.org/@tanstack%2fserver-functions-plugin cache-miss
1409 http fetch GET 200 https://registry.npmjs.org/@tanstack%2frouter-generator 6231ms (cache miss)
1410 silly packumentCache full:https://registry.npmjs.org/@tanstack%2frouter-generator set size:undefined disposed:false
1411 silly fetch manifest @tanstack/start-server-functions-handler@^1.120.19
1412 silly packumentCache full:https://registry.npmjs.org/@tanstack%2fstart-server-functions-handler cache-miss
1413 http fetch GET 200 https://registry.npmjs.org/@tanstack%2fserver-functions-plugin 4022ms (cache miss)
1414 silly packumentCache full:https://registry.npmjs.org/@tanstack%2fserver-functions-plugin set size:undefined disposed:false
1415 silly fetch manifest @tanstack/start-server-core@1.169.31
1416 silly packumentCache full:https://registry.npmjs.org/@tanstack%2fstart-server-core cache-miss
1417 http fetch GET 200 https://registry.npmjs.org/@tanstack%2fstart-server-functions-handler 6565ms (cache revalidated)
1418 silly packumentCache full:https://registry.npmjs.org/@tanstack%2fstart-server-functions-handler set size:258031 disposed:false
1419 silly fetch manifest @tanstack/start-server-core@^1.120.19
1420 silly packumentCache full:https://registry.npmjs.org/@tanstack%2fstart-server-core cache-miss
1421 http fetch GET 200 https://registry.npmjs.org/@tanstack%2frouter-plugin 15494ms (cache miss)
1422 silly packumentCache full:https://registry.npmjs.org/@tanstack%2frouter-plugin set size:undefined disposed:false
1423 silly fetch manifest @tanstack/server-functions-plugin@1.131.2
1424 silly packumentCache full:https://registry.npmjs.org/@tanstack%2fserver-functions-plugin cache-miss
1425 http fetch GET 200 https://registry.npmjs.org/@tanstack%2fstart-server-core 7795ms (cache miss)
1426 silly packumentCache full:https://registry.npmjs.org/@tanstack%2fstart-server-core set size:undefined disposed:false
1427 silly fetch manifest @tanstack/start-server-functions-fetcher@1.131.50
1428 silly packumentCache full:https://registry.npmjs.org/@tanstack%2fstart-server-functions-fetcher cache-miss
1429 http fetch GET 200 https://registry.npmjs.org/@tanstack%2fstart-server-core 3247ms (cache miss)
1430 silly packumentCache full:https://registry.npmjs.org/@tanstack%2fstart-server-core set size:undefined disposed:false
1431 silly fetch manifest @tanstack/start-client-core@^1.120.19
1432 silly packumentCache full:https://registry.npmjs.org/@tanstack%2fstart-client-core cache-miss
1433 http cache https://registry.npmjs.org/@tanstack%2fserver-functions-plugin 1040ms (cache hit)
1434 silly packumentCache full:https://registry.npmjs.org/@tanstack%2fserver-functions-plugin set size:264890 disposed:false
1435 silly fetch manifest @tanstack/start-client-core@^1.120.19
1436 silly packumentCache full:https://registry.npmjs.org/@tanstack%2fstart-client-core cache-miss
1437 http cache https://registry.npmjs.org/@tanstack%2fstart-client-core 4993ms (cache hit)
1438 silly packumentCache full:https://registry.npmjs.org/@tanstack%2fstart-client-core set size:1299845 disposed:false
1439 silly fetch manifest @tanstack/start-server-functions-fetcher@^1.120.19
1440 silly packumentCache full:https://registry.npmjs.org/@tanstack%2fstart-server-functions-fetcher cache-miss
1441 http cache https://registry.npmjs.org/@tanstack%2fstart-client-core 5098ms (cache hit)
1442 silly packumentCache full:https://registry.npmjs.org/@tanstack%2fstart-client-core set size:1299845 disposed:false
1443 http fetch GET 200 https://registry.npmjs.org/@tanstack%2fstart-server-functions-fetcher 6324ms (cache miss)
1444 silly packumentCache full:https://registry.npmjs.org/@tanstack%2fstart-server-functions-fetcher set size:undefined disposed:false
1445 http cache https://registry.npmjs.org/@tanstack%2fstart-server-functions-fetcher 744ms (cache hit)
1446 silly packumentCache full:https://registry.npmjs.org/@tanstack%2fstart-server-functions-fetcher set size:530928 disposed:false
1447 silly placeDep node_modules/@tanstack/react-start-client @tanstack/react-router@1.170.32 OK for: @tanstack/react-start-client@1.168.30 want: 1.170.32
1448 silly placeDep node_modules/@tanstack/react-start-client @tanstack/router-core@1.171.27 OK for: @tanstack/react-start-client@1.168.30 want: 1.171.27
1449 silly placeDep ROOT @tanstack/start-client-core@1.170.27 OK for: @tanstack/react-start-client@1.168.30 want: 1.170.27
1450 silly fetch manifest isbot@^5.1.22
1451 silly packumentCache full:https://registry.npmjs.org/isbot cache-miss
1452 silly fetch manifest @tanstack/history@1.162.1
1453 silly packumentCache full:https://registry.npmjs.org/@tanstack%2fhistory cache-miss
1454 silly fetch manifest @tanstack/react-store@^0.9.3
1455 silly packumentCache full:https://registry.npmjs.org/@tanstack%2freact-store cache-miss
1456 http fetch GET 200 https://registry.npmjs.org/isbot 3654ms (cache miss)
1457 silly packumentCache full:https://registry.npmjs.org/isbot set size:undefined disposed:false
1458 silly fetch manifest seroval@^1.6.2
1459 silly packumentCache full:https://registry.npmjs.org/seroval cache-miss
1460 http fetch GET 200 https://registry.npmjs.org/@tanstack%2freact-store 4094ms (cache revalidated)
1461 silly packumentCache full:https://registry.npmjs.org/@tanstack%2freact-store set size:213359 disposed:false
1462 silly fetch manifest cookie-es@^3.0.0
1463 silly packumentCache full:https://registry.npmjs.org/cookie-es cache-miss
1464 http fetch GET 200 https://registry.npmjs.org/@tanstack%2fhistory 4271ms (cache revalidated)
1465 silly packumentCache full:https://registry.npmjs.org/@tanstack%2fhistory set size:506537 disposed:false
1466 silly fetch manifest seroval-plugins@^1.6.2
1467 silly packumentCache full:https://registry.npmjs.org/seroval-plugins cache-miss
1468 http fetch GET 200 https://registry.npmjs.org/cookie-es 4050ms (cache miss)
1469 silly packumentCache full:https://registry.npmjs.org/cookie-es set size:undefined disposed:false
1470 silly fetch manifest seroval@^1.6.2
1471 silly packumentCache full:https://registry.npmjs.org/seroval cache-miss
1472 http fetch GET 200 https://registry.npmjs.org/seroval 4601ms (cache miss)
1473 silly packumentCache full:https://registry.npmjs.org/seroval set size:undefined disposed:false
1474 silly fetch manifest @tanstack/start-fn-stubs@1.162.0
1475 silly packumentCache full:https://registry.npmjs.org/@tanstack%2fstart-fn-stubs cache-miss
1476 http fetch GET 200 https://registry.npmjs.org/seroval-plugins 4045ms (cache miss)
1477 silly packumentCache full:https://registry.npmjs.org/seroval-plugins set size:undefined disposed:false
1478 silly fetch manifest @tanstack/start-storage-context@1.167.29
1479 silly packumentCache full:https://registry.npmjs.org/@tanstack%2fstart-storage-context cache-miss
1480 http cache https://registry.npmjs.org/seroval 152ms (cache hit)
1481 silly packumentCache full:https://registry.npmjs.org/seroval set size:227350 disposed:false
1482 http cache https://registry.npmjs.org/@tanstack%2fstart-fn-stubs 676ms (cache hit)
1483 silly packumentCache full:https://registry.npmjs.org/@tanstack%2fstart-fn-stubs set size:28640 disposed:false
1484 http cache https://registry.npmjs.org/@tanstack%2fstart-storage-context 1024ms (cache hit)
1485 silly packumentCache full:https://registry.npmjs.org/@tanstack%2fstart-storage-context set size:833601 disposed:false
1486 silly fetch manifest xml2js@^0.6.2
1487 silly packumentCache full:https://registry.npmjs.org/xml2js cache-miss
1488 http cache https://registry.npmjs.org/xml2js 26ms (cache hit)
1489 silly packumentCache full:https://registry.npmjs.org/xml2js set size:198018 disposed:false
1490 silly fetch manifest vite@^6.1.0
1491 silly packumentCache full:https://registry.npmjs.org/vite cache-miss
1492 http fetch GET 200 https://registry.npmjs.org/vite 5355ms (cache revalidated)
1493 silly packumentCache full:https://registry.npmjs.org/vite set size:38929639 disposed:false
1494 silly fetch manifest @types/node@^18.0.0 || ^20.0.0 || >=22.0.0
1495 silly packumentCache full:https://registry.npmjs.org/@types%2fnode cache-miss
1496 http fetch GET 200 https://registry.npmjs.org/@types%2fnode 2163ms (cache revalidated)
1497 silly packumentCache full:https://registry.npmjs.org/@types%2fnode set size:11096266 disposed:false
1498 silly fetch manifest tsx@^4.8.1
1499 silly packumentCache full:https://registry.npmjs.org/tsx cache-miss
1500 http fetch GET 200 https://registry.npmjs.org/tsx 2258ms (cache revalidated)
1501 silly packumentCache full:https://registry.npmjs.org/tsx set size:344351 disposed:false
1502 silly fetch manifest @rsbuild/core@>=1.0.2 || ^2.0.0
1503 silly packumentCache full:https://registry.npmjs.org/@rsbuild%2fcore cache-miss
1504 http fetch GET 200 https://registry.npmjs.org/@rsbuild%2fcore 3693ms (cache miss)
1505 silly packumentCache full:https://registry.npmjs.org/@rsbuild%2fcore set size:undefined disposed:false
1506 silly fetch manifest core-js@>= 3.0.0
1507 silly packumentCache full:https://registry.npmjs.org/core-js cache-miss
1508 http fetch GET 200 https://registry.npmjs.org/core-js 902ms (cache miss)
1509 silly packumentCache full:https://registry.npmjs.org/core-js set size:undefined disposed:false
1510 silly fetch manifest @tanstack/react-router@^1.170.32
1511 silly packumentCache full:https://registry.npmjs.org/@tanstack%2freact-router cache-miss
1512 http cache https://registry.npmjs.org/@tanstack%2freact-router 3211ms (cache hit)
1513 silly packumentCache full:https://registry.npmjs.org/@tanstack%2freact-router set size:3687605 disposed:false
1514 silly fetch manifest vite-plugin-solid@^2.11.10 || ^3.0.0-0
1515 silly packumentCache full:https://registry.npmjs.org/vite-plugin-solid cache-miss
1516 http cache https://registry.npmjs.org/vite-plugin-solid 1494ms (cache hit)
1517 silly packumentCache full:https://registry.npmjs.org/vite-plugin-solid set size:429860 disposed:false
1518 silly fetch manifest @testing-library/jest-dom@^5.16.6 || ^5.17.0 || ^6.0.0 || ^7.0.0
1519 silly packumentCache full:https://registry.npmjs.org/@testing-library%2fjest-dom cache-miss
1520 http cache https://registry.npmjs.org/@testing-library%2fjest-dom 4057ms (cache hit)
1521 silly packumentCache full:https://registry.npmjs.org/@testing-library%2fjest-dom set size:438371 disposed:false
1522 silly fetch manifest @testing-library/dom@>=10 <11
1523 silly packumentCache full:https://registry.npmjs.org/@testing-library%2fdom cache-miss
1524 http cache https://registry.npmjs.org/@testing-library%2fdom 11502ms (cache hit)
1525 silly packumentCache full:https://registry.npmjs.org/@testing-library%2fdom set size:1097604 disposed:false
1526 silly fetch manifest vitest@>= 0.32
1527 silly packumentCache full:https://registry.npmjs.org/vitest cache-miss
1528 http cache https://registry.npmjs.org/vitest 6372ms (cache hit)
1529 silly packumentCache full:https://registry.npmjs.org/vitest set size:2246949 disposed:false
1530 silly fetch manifest @edge-runtime/vm@*
1531 silly packumentCache full:https://registry.npmjs.org/@edge-runtime%2fvm cache-miss
1532 http cache https://registry.npmjs.org/@edge-runtime%2fvm 1514ms (cache hit)
1533 silly packumentCache full:https://registry.npmjs.org/@edge-runtime%2fvm set size:269934 disposed:false
1534 silly fetch manifest @opentelemetry/api@^1.9.0
1535 silly packumentCache full:https://registry.npmjs.org/@opentelemetry%2fapi cache-hit
1536 silly fetch manifest @vitest/browser-playwright@4.1.11
1537 silly packumentCache full:https://registry.npmjs.org/@vitest%2fbrowser-playwright cache-miss
1538 http cache https://registry.npmjs.org/@vitest%2fbrowser-playwright 103ms (cache hit)
1539 silly packumentCache full:https://registry.npmjs.org/@vitest%2fbrowser-playwright set size:148414 disposed:false
1540 silly fetch manifest playwright@*
1541 silly packumentCache full:https://registry.npmjs.org/playwright cache-miss
1542 http fetch GET 200 https://registry.npmjs.org/playwright 15693ms (cache miss)
1543 silly packumentCache full:https://registry.npmjs.org/playwright set size:undefined disposed:false
1544 silly fetch manifest @vitest/browser-preview@4.1.11
1545 silly packumentCache full:https://registry.npmjs.org/@vitest%2fbrowser-preview cache-miss
1546 http cache https://registry.npmjs.org/@vitest%2fbrowser-preview 16731ms (cache hit)
1547 silly packumentCache full:https://registry.npmjs.org/@vitest%2fbrowser-preview set size:142297 disposed:false
1548 silly fetch manifest @vitest/browser-webdriverio@4.1.11
1549 silly packumentCache full:https://registry.npmjs.org/@vitest%2fbrowser-webdriverio cache-miss
1550 http cache https://registry.npmjs.org/@vitest%2fbrowser-webdriverio 2987ms (cache hit)
1551 silly packumentCache full:https://registry.npmjs.org/@vitest%2fbrowser-webdriverio set size:140979 disposed:false
1552 silly fetch manifest webdriverio@*
1553 silly packumentCache full:https://registry.npmjs.org/webdriverio cache-miss
1554 http cache https://registry.npmjs.org/webdriverio 110ms (cache hit)
1555 silly packumentCache full:https://registry.npmjs.org/webdriverio set size:3166662 disposed:false
1556 silly fetch manifest puppeteer-core@>=22.x <=24.x
1557 silly packumentCache full:https://registry.npmjs.org/puppeteer-core cache-miss
1558 http cache https://registry.npmjs.org/puppeteer-core 174ms (cache hit)
1559 silly packumentCache full:https://registry.npmjs.org/puppeteer-core set size:1576304 disposed:false
1560 silly fetch manifest @vitest/coverage-istanbul@4.1.11
1561 silly packumentCache full:https://registry.npmjs.org/@vitest%2fcoverage-istanbul cache-miss
1562 http cache https://registry.npmjs.org/@vitest%2fcoverage-istanbul 32ms (cache hit)
1563 silly packumentCache full:https://registry.npmjs.org/@vitest%2fcoverage-istanbul set size:703632 disposed:false
1564 silly fetch manifest @vitest/coverage-v8@4.1.11
1565 silly packumentCache full:https://registry.npmjs.org/@vitest%2fcoverage-v8 cache-miss
1566 http fetch GET 200 https://registry.npmjs.org/@vitest%2fcoverage-v8 238ms (cache miss)
1567 silly packumentCache full:https://registry.npmjs.org/@vitest%2fcoverage-v8 set size:undefined disposed:false
1568 silly fetch manifest @vitest/browser@4.1.11
1569 silly packumentCache full:https://registry.npmjs.org/@vitest%2fbrowser cache-miss
1570 http fetch GET 200 https://registry.npmjs.org/@vitest%2fbrowser 2173ms (cache miss)
1571 silly packumentCache full:https://registry.npmjs.org/@vitest%2fbrowser set size:undefined disposed:false
1572 silly fetch manifest @vitest/ui@4.1.11
1573 silly packumentCache full:https://registry.npmjs.org/@vitest%2fui cache-miss
1574 http fetch GET 200 https://registry.npmjs.org/@vitest%2fui 1335ms (cache miss)
1575 silly packumentCache full:https://registry.npmjs.org/@vitest%2fui set size:undefined disposed:false
1576 silly fetch manifest happy-dom@*
1577 silly packumentCache full:https://registry.npmjs.org/happy-dom cache-miss
1578 http fetch GET 200 https://registry.npmjs.org/happy-dom 1383ms (cache miss)
1579 silly packumentCache full:https://registry.npmjs.org/happy-dom set size:undefined disposed:false
1580 silly fetch manifest jsdom@*
1581 silly packumentCache full:https://registry.npmjs.org/jsdom cache-miss
1582 http fetch GET 200 https://registry.npmjs.org/jsdom 2424ms (cache miss)
1583 silly packumentCache full:https://registry.npmjs.org/jsdom set size:undefined disposed:false
1584 silly fetch manifest canvas@^3.2.3
1585 silly packumentCache full:https://registry.npmjs.org/canvas cache-miss
1586 http fetch GET 200 https://registry.npmjs.org/canvas 1491ms (cache miss)
1587 silly packumentCache full:https://registry.npmjs.org/canvas set size:undefined disposed:false
1588 silly fetch manifest solid-js@^1.7.2
1589 silly packumentCache full:https://registry.npmjs.org/solid-js cache-miss
1590 http fetch GET 200 https://registry.npmjs.org/solid-js 2313ms (cache miss)
1591 silly packumentCache full:https://registry.npmjs.org/solid-js set size:undefined disposed:false
1592 silly fetch manifest webpack@>=5.92.0
1593 silly packumentCache full:https://registry.npmjs.org/webpack cache-miss
1594 http fetch GET 200 https://registry.npmjs.org/webpack 10067ms (cache miss)
1595 silly packumentCache full:https://registry.npmjs.org/webpack set size:undefined disposed:false
1596 silly placeDep ROOT @tanstack/react-start-plugin@1.131.50 OK for: @tanstack/react-start-config@1.120.20 want: ^1.120.17
1597 silly placeDep node_modules/@tanstack/react-start-config @tanstack/router-core@1.171.27 OK for: @tanstack/react-start-config@1.120.20 want: ^1.120.19
1598 silly placeDep ROOT @tanstack/router-generator@1.167.33 OK for: @tanstack/react-start-config@1.120.20 want: ^1.120.20
1599 silly placeDep node_modules/@tanstack/react-start-config @tanstack/router-plugin@1.168.35 OK for: @tanstack/react-start-config@1.120.20 want: ^1.120.20
1600 silly placeDep node_modules/@tanstack/react-start-config @tanstack/react-router@1.170.32 OK for: @tanstack/router-plugin@1.168.35 want: ^1.170.32
1601 silly placeDep ROOT @tanstack/server-functions-plugin@1.142.1 OK for: @tanstack/react-start-config@1.120.20 want: ^1.120.17
1602 silly placeDep node_modules/@tanstack/react-start-config @vitejs/plugin-react@4.7.0 OK for: @tanstack/react-start-config@1.120.20 want: ^4.3.4
1603 silly placeDep ROOT import-meta-resolve@4.2.0 OK for: @tanstack/react-start-config@1.120.20 want: ^4.1.0
1604 silly placeDep ROOT nitropack@2.13.4 OK for: @tanstack/react-start-config@1.120.20 want: ^2.10.4
1605 silly placeDep ROOT ofetch@1.5.1 OK for: @tanstack/react-start-config@1.120.20 want: ^1.4.1
1606 silly placeDep ROOT vinxi@0.5.3 OK for: @tanstack/react-start-config@1.120.20 want: 0.5.3
1607 silly placeDep node_modules/@tanstack/react-start-config zod@3.25.76 OK for: @tanstack/react-start-config@1.120.20 want: ^3.24.2
1608 silly fetch manifest pathe@^2.0.3
1609 silly packumentCache full:https://registry.npmjs.org/pathe cache-miss
1610 silly fetch manifest @tanstack/start-plugin-core@1.131.50
1611 silly packumentCache full:https://registry.npmjs.org/@tanstack%2fstart-plugin-core cache-miss
1612 silly fetch manifest prettier@^3.5.0
1613 silly packumentCache full:https://registry.npmjs.org/prettier cache-miss
1614 http fetch GET 200 https://registry.npmjs.org/pathe 9527ms (cache miss)
1615 silly packumentCache full:https://registry.npmjs.org/pathe set size:undefined disposed:false
1616 silly fetch manifest @babel/types@^7.28.5
1617 silly packumentCache full:https://registry.npmjs.org/@babel%2ftypes cache-miss
1618 http fetch GET 200 https://registry.npmjs.org/prettier 9535ms (cache miss)
1619 silly packumentCache full:https://registry.npmjs.org/prettier set size:undefined disposed:false
1620 silly fetch manifest @tanstack/router-utils@1.162.2
1621 silly packumentCache full:https://registry.npmjs.org/@tanstack%2frouter-utils cache-miss
1622 http fetch GET 200 https://registry.npmjs.org/@babel%2ftypes 879ms (cache miss)
1623 silly packumentCache full:https://registry.npmjs.org/@babel%2ftypes set size:undefined disposed:false
1624 silly fetch manifest @tanstack/virtual-file-routes@1.162.0
1625 silly packumentCache full:https://registry.npmjs.org/@tanstack%2fvirtual-file-routes cache-miss
1626 http fetch GET 200 https://registry.npmjs.org/@tanstack%2frouter-utils 3927ms (cache miss)
1627 silly packumentCache full:https://registry.npmjs.org/@tanstack%2frouter-utils set size:undefined disposed:false
1628 silly fetch manifest chokidar@^5.0.0
1629 silly packumentCache full:https://registry.npmjs.org/chokidar cache-miss
1630 http fetch GET 200 https://registry.npmjs.org/@tanstack%2fvirtual-file-routes 4382ms (cache miss)
1631 silly packumentCache full:https://registry.npmjs.org/@tanstack%2fvirtual-file-routes set size:undefined disposed:false
1632 silly fetch manifest unplugin@^3.0.0
1633 silly packumentCache full:https://registry.npmjs.org/unplugin cache-miss
1634 http fetch GET 200 https://registry.npmjs.org/chokidar 15421ms (cache miss)
1635 silly packumentCache full:https://registry.npmjs.org/chokidar set size:undefined disposed:false
1636 silly fetch manifest @babel/core@^7.28.5
1637 silly packumentCache full:https://registry.npmjs.org/@babel%2fcore cache-miss
1638 http fetch GET 200 https://registry.npmjs.org/@tanstack%2fstart-plugin-core 29527ms (cache miss)
1639 silly packumentCache full:https://registry.npmjs.org/@tanstack%2fstart-plugin-core set size:undefined disposed:false
1640 silly fetch manifest @babel/template@^7.27.2
1641 silly packumentCache full:https://registry.npmjs.org/@babel%2ftemplate cache-miss
1642 http fetch GET 200 https://registry.npmjs.org/@babel%2fcore 9337ms (cache revalidated)
1643 silly packumentCache full:https://registry.npmjs.org/@babel%2fcore set size:788273 disposed:false
1644 silly fetch manifest @babel/core@^7.27.7
1645 silly packumentCache full:https://registry.npmjs.org/@babel%2fcore cache-hit
1646 silly fetch manifest @babel/types@^7.27.7
1647 silly packumentCache full:https://registry.npmjs.org/@babel%2ftypes cache-miss
1648 http fetch GET 200 https://registry.npmjs.org/unplugin 24517ms (cache miss)
1649 silly packumentCache full:https://registry.npmjs.org/unplugin set size:undefined disposed:false
1650 silly fetch manifest @babel/template@^7.27.2
1651 silly packumentCache full:https://registry.npmjs.org/@babel%2ftemplate cache-miss
1652 http fetch GET 200 https://registry.npmjs.org/@babel%2ftemplate 10209ms (cache miss)
1653 silly packumentCache full:https://registry.npmjs.org/@babel%2ftemplate set size:undefined disposed:false
1654 silly fetch manifest @babel/traverse@^7.27.7
1655 silly packumentCache full:https://registry.npmjs.org/@babel%2ftraverse cache-miss
1656 http cache https://registry.npmjs.org/@babel%2ftemplate 1501ms (cache hit)
1657 silly packumentCache full:https://registry.npmjs.org/@babel%2ftemplate set size:237074 disposed:false
1658 silly fetch manifest @babel/code-frame@7.27.1
1659 silly packumentCache full:https://registry.npmjs.org/@babel%2fcode-frame cache-miss
1660 http cache https://registry.npmjs.org/@babel%2ftypes 2629ms (cache hit)
1661 silly packumentCache full:https://registry.npmjs.org/@babel%2ftypes set size:502938 disposed:false
1662 silly fetch manifest @babel/plugin-syntax-jsx@^7.27.1
1663 silly packumentCache full:https://registry.npmjs.org/@babel%2fplugin-syntax-jsx cache-miss
1664 http cache https://registry.npmjs.org/@babel%2fcode-frame 2825ms (cache hit)
1665 silly packumentCache full:https://registry.npmjs.org/@babel%2fcode-frame set size:206617 disposed:false
1666 silly fetch manifest babel-dead-code-elimination@^1.0.9
1667 silly packumentCache full:https://registry.npmjs.org/babel-dead-code-elimination cache-miss
1668 http fetch GET 200 https://registry.npmjs.org/@babel%2fplugin-syntax-jsx 2692ms (cache miss)
1669 silly packumentCache full:https://registry.npmjs.org/@babel%2fplugin-syntax-jsx set size:undefined disposed:false
1670 silly fetch manifest @babel/plugin-syntax-typescript@^7.27.1
1671 silly packumentCache full:https://registry.npmjs.org/@babel%2fplugin-syntax-typescript cache-miss
1672 http fetch GET 200 https://registry.npmjs.org/@babel%2ftraverse 4556ms (cache miss)
1673 silly packumentCache full:https://registry.npmjs.org/@babel%2ftraverse set size:undefined disposed:false
1674 silly fetch manifest @tanstack/directive-functions-plugin@1.142.1
1675 silly packumentCache full:https://registry.npmjs.org/@tanstack%2fdirective-functions-plugin cache-miss
1676 http cache https://registry.npmjs.org/babel-dead-code-elimination 1354ms (cache hit)
1677 silly packumentCache full:https://registry.npmjs.org/babel-dead-code-elimination set size:41610 disposed:false
1678 silly fetch manifest @babel/core@^7.28.0
1679 silly packumentCache full:https://registry.npmjs.org/@babel%2fcore cache-hit
1680 silly fetch manifest react-refresh@^0.17.0
1681 silly packumentCache full:https://registry.npmjs.org/react-refresh cache-miss
1682 http fetch GET 200 https://registry.npmjs.org/@babel%2fplugin-syntax-typescript 2781ms (cache miss)
1683 silly packumentCache full:https://registry.npmjs.org/@babel%2fplugin-syntax-typescript set size:undefined disposed:false
1684 silly fetch manifest @rolldown/pluginutils@1.0.0-beta.27
1685 silly packumentCache full:https://registry.npmjs.org/@rolldown%2fpluginutils cache-hit
1686 silly fetch manifest @cloudflare/kv-asset-handler@^0.4.2
1687 silly packumentCache full:https://registry.npmjs.org/@cloudflare%2fkv-asset-handler cache-miss
1688 http fetch GET 200 https://registry.npmjs.org/@tanstack%2fdirective-functions-plugin 2744ms (cache miss)
1689 silly packumentCache full:https://registry.npmjs.org/@tanstack%2fdirective-functions-plugin set size:undefined disposed:false
1690 silly fetch manifest @rollup/plugin-alias@^6.0.0
1691 silly packumentCache full:https://registry.npmjs.org/@rollup%2fplugin-alias cache-miss
1692 http fetch GET 200 https://registry.npmjs.org/react-refresh 5570ms (cache revalidated)
1693 silly packumentCache full:https://registry.npmjs.org/react-refresh set size:6574811 disposed:false
1694 silly fetch manifest @rollup/plugin-commonjs@^29.0.2
1695 silly packumentCache full:https://registry.npmjs.org/@rollup%2fplugin-commonjs cache-miss
1696 http fetch GET 200 https://registry.npmjs.org/@cloudflare%2fkv-asset-handler 6678ms (cache miss)
1697 silly packumentCache full:https://registry.npmjs.org/@cloudflare%2fkv-asset-handler set size:undefined disposed:false
1698 silly fetch manifest @rollup/plugin-inject@^5.0.5
1699 silly packumentCache full:https://registry.npmjs.org/@rollup%2fplugin-inject cache-miss
1700 http fetch GET 200 https://registry.npmjs.org/@rollup%2fplugin-alias 6376ms (cache miss)
1701 silly packumentCache full:https://registry.npmjs.org/@rollup%2fplugin-alias set size:undefined disposed:false
1702 silly fetch manifest @rollup/plugin-json@^6.1.0
1703 silly packumentCache full:https://registry.npmjs.org/@rollup%2fplugin-json cache-miss
1704 http fetch GET 200 https://registry.npmjs.org/@rollup%2fplugin-commonjs 1869ms (cache miss)
1705 silly packumentCache full:https://registry.npmjs.org/@rollup%2fplugin-commonjs set size:undefined disposed:false
1706 silly fetch manifest @rollup/plugin-node-resolve@^16.0.3
1707 silly packumentCache full:https://registry.npmjs.org/@rollup%2fplugin-node-resolve cache-miss
1708 http fetch GET 200 https://registry.npmjs.org/@rollup%2fplugin-inject 1578ms (cache miss)
1709 silly packumentCache full:https://registry.npmjs.org/@rollup%2fplugin-inject set size:undefined disposed:false
1710 silly fetch manifest @rollup/plugin-replace@^6.0.3
1711 silly packumentCache full:https://registry.npmjs.org/@rollup%2fplugin-replace cache-miss
1712 http fetch GET 200 https://registry.npmjs.org/@rollup%2fplugin-json 2758ms (cache miss)
1713 silly packumentCache full:https://registry.npmjs.org/@rollup%2fplugin-json set size:undefined disposed:false
1714 silly fetch manifest @rollup/plugin-terser@^1.0.0
1715 silly packumentCache full:https://registry.npmjs.org/@rollup%2fplugin-terser cache-miss
1716 http fetch GET 200 https://registry.npmjs.org/@rollup%2fplugin-replace 2230ms (cache miss)
1717 silly packumentCache full:https://registry.npmjs.org/@rollup%2fplugin-replace set size:undefined disposed:false
1718 silly fetch manifest @vercel/nft@^1.5.0
1719 silly packumentCache full:https://registry.npmjs.org/@vercel%2fnft cache-miss
1720 http fetch GET 200 https://registry.npmjs.org/@rollup%2fplugin-node-resolve 2975ms (cache miss)
1721 silly packumentCache full:https://registry.npmjs.org/@rollup%2fplugin-node-resolve set size:undefined disposed:false
1722 silly fetch manifest archiver@^7.0.1
1723 silly packumentCache full:https://registry.npmjs.org/archiver cache-miss
1724 http fetch GET 200 https://registry.npmjs.org/@rollup%2fplugin-terser 2102ms (cache miss)
1725 silly packumentCache full:https://registry.npmjs.org/@rollup%2fplugin-terser set size:undefined disposed:false
1726 silly fetch manifest c12@^3.3.4
1727 silly packumentCache full:https://registry.npmjs.org/c12 cache-miss
1728 http fetch GET 200 https://registry.npmjs.org/c12 1092ms (cache miss)
1729 silly packumentCache full:https://registry.npmjs.org/c12 set size:undefined disposed:false
1730 silly fetch manifest citty@^0.2.2
1731 silly packumentCache full:https://registry.npmjs.org/citty cache-miss
1732 http fetch GET 200 https://registry.npmjs.org/archiver 2568ms (cache miss)
1733 silly packumentCache full:https://registry.npmjs.org/archiver set size:undefined disposed:false
1734 silly fetch manifest compatx@^0.2.0
1735 silly packumentCache full:https://registry.npmjs.org/compatx cache-miss
1736 http fetch GET 200 https://registry.npmjs.org/@vercel%2fnft 3198ms (cache miss)
1737 silly packumentCache full:https://registry.npmjs.org/@vercel%2fnft set size:undefined disposed:false
1738 silly fetch manifest confbox@^0.2.4
1739 silly packumentCache full:https://registry.npmjs.org/confbox cache-miss
1740 http fetch GET 200 https://registry.npmjs.org/citty 2436ms (cache miss)
1741 silly packumentCache full:https://registry.npmjs.org/citty set size:undefined disposed:false
1742 silly fetch manifest consola@^3.4.2
1743 silly packumentCache full:https://registry.npmjs.org/consola cache-miss
1744 http fetch GET 200 https://registry.npmjs.org/confbox 4591ms (cache miss)
1745 silly packumentCache full:https://registry.npmjs.org/confbox set size:undefined disposed:false
1746 silly fetch manifest cookie-es@^2.0.1
1747 silly packumentCache full:https://registry.npmjs.org/cookie-es cache-miss
1748 http fetch GET 200 https://registry.npmjs.org/compatx 4999ms (cache miss)
1749 silly packumentCache full:https://registry.npmjs.org/compatx set size:undefined disposed:false
1750 silly fetch manifest croner@^10.0.1
1751 silly packumentCache full:https://registry.npmjs.org/croner cache-miss
1752 http fetch GET 200 https://registry.npmjs.org/consola 5197ms (cache miss)
1753 silly packumentCache full:https://registry.npmjs.org/consola set size:undefined disposed:false
1754 silly fetch manifest crossws@^0.3.5
1755 silly packumentCache full:https://registry.npmjs.org/crossws cache-miss
1756 http cache https://registry.npmjs.org/cookie-es 3008ms (cache hit)
1757 silly packumentCache full:https://registry.npmjs.org/cookie-es set size:30011 disposed:false
1758 silly fetch manifest db0@^0.3.4
1759 silly packumentCache full:https://registry.npmjs.org/db0 cache-miss
1760 http fetch GET 200 https://registry.npmjs.org/crossws 642ms (cache miss)
1761 silly packumentCache full:https://registry.npmjs.org/crossws set size:undefined disposed:false
1762 silly fetch manifest defu@^6.1.7
1763 silly packumentCache full:https://registry.npmjs.org/defu cache-miss
1764 http fetch GET 200 https://registry.npmjs.org/croner 4031ms (cache miss)
1765 silly packumentCache full:https://registry.npmjs.org/croner set size:undefined disposed:false
1766 silly fetch manifest destr@^2.0.5
1767 silly packumentCache full:https://registry.npmjs.org/destr cache-miss
1768 http fetch GET 200 https://registry.npmjs.org/db0 3737ms (cache miss)
1769 silly packumentCache full:https://registry.npmjs.org/db0 set size:undefined disposed:false
1770 silly fetch manifest dot-prop@^10.1.0
1771 silly packumentCache full:https://registry.npmjs.org/dot-prop cache-miss
1772 http fetch GET 200 https://registry.npmjs.org/defu 3792ms (cache miss)
1773 silly packumentCache full:https://registry.npmjs.org/defu set size:undefined disposed:false
1774 silly fetch manifest esbuild@^0.28.0
1775 silly packumentCache full:https://registry.npmjs.org/esbuild cache-miss
1776 http fetch GET 200 https://registry.npmjs.org/destr 4340ms (cache miss)
1777 silly packumentCache full:https://registry.npmjs.org/destr set size:undefined disposed:false
1778 silly fetch manifest escape-string-regexp@^5.0.0
1779 silly packumentCache full:https://registry.npmjs.org/escape-string-regexp cache-miss
1780 http cache https://registry.npmjs.org/dot-prop 3172ms (cache hit)
1781 silly packumentCache full:https://registry.npmjs.org/dot-prop set size:77505 disposed:false
1782 silly fetch manifest etag@^1.8.1
1783 silly packumentCache full:https://registry.npmjs.org/etag cache-miss
1784 http cache https://registry.npmjs.org/escape-string-regexp 2139ms (cache hit)
1785 silly packumentCache full:https://registry.npmjs.org/escape-string-regexp set size:22244 disposed:false
1786 silly fetch manifest exsolve@^1.0.8
1787 silly packumentCache full:https://registry.npmjs.org/exsolve cache-miss
1788 http cache https://registry.npmjs.org/esbuild 5866ms (cache hit)
1789 silly packumentCache full:https://registry.npmjs.org/esbuild set size:1264676 disposed:false
1790 silly fetch manifest globby@^16.2.0
1791 silly packumentCache full:https://registry.npmjs.org/globby cache-miss
1792 http fetch GET 200 https://registry.npmjs.org/etag 3669ms (cache revalidated)
1793 silly packumentCache full:https://registry.npmjs.org/etag set size:30032 disposed:false
1794 silly fetch manifest gzip-size@^7.0.0
1795 silly packumentCache full:https://registry.npmjs.org/gzip-size cache-miss
1796 http cache https://registry.npmjs.org/exsolve 3247ms (cache hit)
1797 silly packumentCache full:https://registry.npmjs.org/exsolve set size:60813 disposed:false
1798 silly fetch manifest h3@^1.15.11
1799 silly packumentCache full:https://registry.npmjs.org/h3 cache-miss
1800 http cache https://registry.npmjs.org/gzip-size 1257ms (cache hit)
1801 silly packumentCache full:https://registry.npmjs.org/gzip-size set size:35291 disposed:false
1802 silly fetch manifest hookable@^5.5.3
1803 silly packumentCache full:https://registry.npmjs.org/hookable cache-miss
1804 http cache https://registry.npmjs.org/hookable 422ms (cache hit)
1805 silly packumentCache full:https://registry.npmjs.org/hookable set size:114658 disposed:false
1806 silly fetch manifest httpxy@^0.5.1
1807 silly packumentCache full:https://registry.npmjs.org/httpxy cache-miss
1808 http cache https://registry.npmjs.org/globby 2435ms (cache hit)
1809 silly packumentCache full:https://registry.npmjs.org/globby set size:171193 disposed:false
1810 silly fetch manifest ioredis@^5.10.1
1811 silly packumentCache full:https://registry.npmjs.org/ioredis cache-miss
1812 http cache https://registry.npmjs.org/h3 2615ms (cache hit)
1813 silly packumentCache full:https://registry.npmjs.org/h3 set size:479788 disposed:false
1814 silly fetch manifest klona@^2.0.6
1815 silly packumentCache full:https://registry.npmjs.org/klona cache-miss
1816 http cache https://registry.npmjs.org/httpxy 1976ms (cache hit)
1817 silly packumentCache full:https://registry.npmjs.org/httpxy set size:59408 disposed:false
1818 silly fetch manifest knitwork@^1.3.0
1819 silly packumentCache full:https://registry.npmjs.org/knitwork cache-miss
1820 http cache https://registry.npmjs.org/ioredis 2171ms (cache hit)
1821 silly packumentCache full:https://registry.npmjs.org/ioredis set size:859203 disposed:false
1822 silly fetch manifest listhen@^1.9.1
1823 silly packumentCache full:https://registry.npmjs.org/listhen cache-miss
1824 http cache https://registry.npmjs.org/klona 1783ms (cache hit)
1825 silly packumentCache full:https://registry.npmjs.org/klona set size:42195 disposed:false
1826 silly fetch manifest magicast@^0.5.2
1827 silly packumentCache full:https://registry.npmjs.org/magicast cache-miss
1828 http cache https://registry.npmjs.org/listhen 679ms (cache hit)
1829 silly packumentCache full:https://registry.npmjs.org/listhen set size:202573 disposed:false
1830 silly fetch manifest mime@^4.1.0
1831 silly packumentCache full:https://registry.npmjs.org/mime cache-miss
1832 http cache https://registry.npmjs.org/magicast 436ms (cache hit)
1833 silly packumentCache full:https://registry.npmjs.org/magicast set size:87467 disposed:false
1834 silly fetch manifest mlly@^1.8.2
1835 silly packumentCache full:https://registry.npmjs.org/mlly cache-miss
1836 http cache https://registry.npmjs.org/knitwork 2687ms (cache hit)
1837 silly packumentCache full:https://registry.npmjs.org/knitwork set size:35116 disposed:false
1838 silly fetch manifest node-fetch-native@^1.6.7
1839 silly packumentCache full:https://registry.npmjs.org/node-fetch-native cache-miss
1840 http cache https://registry.npmjs.org/mime 1164ms (cache hit)
1841 silly packumentCache full:https://registry.npmjs.org/mime set size:119236 disposed:false
1842 silly fetch manifest node-mock-http@^1.0.4
1843 silly packumentCache full:https://registry.npmjs.org/node-mock-http cache-miss
1844 http cache https://registry.npmjs.org/mlly 1537ms (cache hit)
1845 silly packumentCache full:https://registry.npmjs.org/mlly set size:209209 disposed:false
1846 silly fetch manifest ofetch@^1.5.1
1847 silly packumentCache full:https://registry.npmjs.org/ofetch cache-miss
1848 http cache https://registry.npmjs.org/node-mock-http 1848ms (cache hit)
1849 silly packumentCache full:https://registry.npmjs.org/node-mock-http set size:28745 disposed:false
1850 silly fetch manifest ohash@^2.0.11
1851 silly packumentCache full:https://registry.npmjs.org/ohash cache-miss
1852 http cache https://registry.npmjs.org/node-fetch-native 1908ms (cache hit)
1853 silly packumentCache full:https://registry.npmjs.org/node-fetch-native set size:114626 disposed:false
1854 silly fetch manifest perfect-debounce@^2.1.0
1855 silly packumentCache full:https://registry.npmjs.org/perfect-debounce cache-miss
1856 http cache https://registry.npmjs.org/ofetch 1578ms (cache hit)
1857 silly packumentCache full:https://registry.npmjs.org/ofetch set size:75280 disposed:false
1858 silly fetch manifest pkg-types@^2.3.1
1859 silly packumentCache full:https://registry.npmjs.org/pkg-types cache-miss
1860 http cache https://registry.npmjs.org/ohash 814ms (cache hit)
1861 silly packumentCache full:https://registry.npmjs.org/ohash set size:71846 disposed:false
1862 silly fetch manifest pretty-bytes@^7.1.0
1863 silly packumentCache full:https://registry.npmjs.org/pretty-bytes cache-miss
1864 http cache https://registry.npmjs.org/pkg-types 547ms (cache hit)
1865 silly packumentCache full:https://registry.npmjs.org/pkg-types set size:90685 disposed:false
1866 silly fetch manifest radix3@^1.1.2
1867 silly packumentCache full:https://registry.npmjs.org/radix3 cache-miss
1868 http cache https://registry.npmjs.org/perfect-debounce 1208ms (cache hit)
1869 silly packumentCache full:https://registry.npmjs.org/perfect-debounce set size:28201 disposed:false
1870 silly fetch manifest rollup@^4.60.2
1871 silly packumentCache full:https://registry.npmjs.org/rollup cache-miss
1872 http cache https://registry.npmjs.org/pretty-bytes 516ms (cache hit)
1873 silly packumentCache full:https://registry.npmjs.org/pretty-bytes set size:68443 disposed:false
1874 silly fetch manifest rollup-plugin-visualizer@^7.0.1
1875 silly packumentCache full:https://registry.npmjs.org/rollup-plugin-visualizer cache-miss
1876 http cache https://registry.npmjs.org/rollup-plugin-visualizer 1177ms (cache hit)
1877 silly packumentCache full:https://registry.npmjs.org/rollup-plugin-visualizer set size:465872 disposed:false
1878 silly fetch manifest scule@^1.3.0
1879 silly packumentCache full:https://registry.npmjs.org/scule cache-miss
1880 http cache https://registry.npmjs.org/radix3 2564ms (cache hit)
1881 silly packumentCache full:https://registry.npmjs.org/radix3 set size:36680 disposed:false
1882 silly fetch manifest semver@^7.7.4
1883 silly packumentCache full:https://registry.npmjs.org/semver cache-miss
1884 http cache https://registry.npmjs.org/rollup 3752ms (cache hit)
1885 silly packumentCache full:https://registry.npmjs.org/rollup set size:6315915 disposed:false
1886 silly fetch manifest serve-placeholder@^2.0.2
1887 silly packumentCache full:https://registry.npmjs.org/serve-placeholder cache-miss
1888 http fetch GET 200 https://registry.npmjs.org/scule 4282ms (cache miss)
1889 silly packumentCache full:https://registry.npmjs.org/scule set size:undefined disposed:false
1890 silly fetch manifest serve-static@^2.2.1
1891 silly packumentCache full:https://registry.npmjs.org/serve-static cache-miss
1892 http cache https://registry.npmjs.org/semver 3611ms (cache hit)
1893 silly packumentCache full:https://registry.npmjs.org/semver set size:246069 disposed:false
1894 silly fetch manifest source-map@^0.7.6
1895 silly packumentCache full:https://registry.npmjs.org/source-map cache-miss
1896 http cache https://registry.npmjs.org/serve-placeholder 1697ms (cache hit)
1897 silly packumentCache full:https://registry.npmjs.org/serve-placeholder set size:46333 disposed:false
1898 silly fetch manifest std-env@^4.1.0
1899 silly packumentCache full:https://registry.npmjs.org/std-env cache-miss
1900 http cache https://registry.npmjs.org/serve-static 1395ms (cache hit)
1901 silly packumentCache full:https://registry.npmjs.org/serve-static set size:150391 disposed:false
1902 silly fetch manifest ufo@^1.6.4
1903 silly packumentCache full:https://registry.npmjs.org/ufo cache-miss
1904 http cache https://registry.npmjs.org/source-map 1268ms (cache hit)
1905 silly packumentCache full:https://registry.npmjs.org/source-map set size:231637 disposed:false
1906 silly fetch manifest ultrahtml@^1.6.0
1907 silly packumentCache full:https://registry.npmjs.org/ultrahtml cache-miss
1908 http fetch GET 200 https://registry.npmjs.org/ultrahtml 2251ms (cache miss)
1909 silly packumentCache full:https://registry.npmjs.org/ultrahtml set size:undefined disposed:false
1910 silly fetch manifest uncrypto@^0.1.3
1911 silly packumentCache full:https://registry.npmjs.org/uncrypto cache-miss
1912 http cache https://registry.npmjs.org/std-env 3729ms (cache hit)
1913 silly packumentCache full:https://registry.npmjs.org/std-env set size:90491 disposed:false
1914 silly fetch manifest unctx@^2.5.0
1915 silly packumentCache full:https://registry.npmjs.org/unctx cache-miss
1916 http fetch GET 200 https://registry.npmjs.org/uncrypto 852ms (cache miss)
1917 silly packumentCache full:https://registry.npmjs.org/uncrypto set size:undefined disposed:false
1918 silly fetch manifest unenv@2.0.0-rc.24
1919 silly packumentCache full:https://registry.npmjs.org/unenv cache-miss
1920 http cache https://registry.npmjs.org/ufo 3668ms (cache hit)
1921 silly packumentCache full:https://registry.npmjs.org/ufo set size:169119 disposed:false
1922 silly fetch manifest unimport@^6.2.0
1923 silly packumentCache full:https://registry.npmjs.org/unimport cache-miss
1924 http cache https://registry.npmjs.org/unctx 442ms (cache hit)
1925 silly packumentCache full:https://registry.npmjs.org/unctx set size:98214 disposed:false
1926 silly fetch manifest unplugin-utils@^0.3.1
1927 silly packumentCache full:https://registry.npmjs.org/unplugin-utils cache-miss
1928 http cache https://registry.npmjs.org/unplugin-utils 2036ms (cache hit)
1929 silly packumentCache full:https://registry.npmjs.org/unplugin-utils set size:26075 disposed:false
1930 silly fetch manifest unstorage@^1.17.5
1931 silly packumentCache full:https://registry.npmjs.org/unstorage cache-miss
1932 http fetch GET 200 https://registry.npmjs.org/unenv 3901ms (cache miss)
1933 silly packumentCache full:https://registry.npmjs.org/unenv set size:undefined disposed:false
1934 silly fetch manifest untyped@^2.0.0
1935 silly packumentCache full:https://registry.npmjs.org/untyped cache-miss
1936 http fetch GET 200 https://registry.npmjs.org/unimport 3687ms (cache miss)
1937 silly packumentCache full:https://registry.npmjs.org/unimport set size:undefined disposed:false
1938 silly fetch manifest unwasm@^0.5.3
1939 silly packumentCache full:https://registry.npmjs.org/unwasm cache-miss
1940 http cache https://registry.npmjs.org/untyped 2035ms (cache hit)
1941 silly packumentCache full:https://registry.npmjs.org/untyped set size:138665 disposed:false
1942 silly fetch manifest youch@^4.1.1
1943 silly packumentCache full:https://registry.npmjs.org/youch cache-miss
1944 http fetch GET 200 https://registry.npmjs.org/unwasm 5709ms (cache miss)
1945 silly packumentCache full:https://registry.npmjs.org/unwasm set size:undefined disposed:false
1946 silly fetch manifest youch-core@^0.3.3
1947 silly packumentCache full:https://registry.npmjs.org/youch-core cache-miss
1948 http fetch GET 200 https://registry.npmjs.org/unstorage 8602ms (cache miss)
1949 silly packumentCache full:https://registry.npmjs.org/unstorage set size:undefined disposed:false
1950 silly fetch manifest ufo@^1.6.1
1951 silly packumentCache full:https://registry.npmjs.org/ufo cache-hit
1952 silly fetch manifest h3@1.13.0
1953 silly packumentCache full:https://registry.npmjs.org/h3 cache-hit
1954 silly fetch manifest ufo@^1.3.0
1955 silly packumentCache full:https://registry.npmjs.org/ufo cache-hit
1956 silly fetch manifest zod@^3.22.2
1957 silly packumentCache full:https://registry.npmjs.org/zod cache-miss
1958 http fetch GET 200 https://registry.npmjs.org/youch 5383ms (cache miss)
1959 silly packumentCache full:https://registry.npmjs.org/youch set size:undefined disposed:false
1960 silly fetch manifest defu@^6.1.2
1961 silly packumentCache full:https://registry.npmjs.org/defu cache-miss
1962 http cache https://registry.npmjs.org/youch-core 2794ms (cache hit)
1963 silly packumentCache full:https://registry.npmjs.org/youch-core set size:45040 disposed:false
1964 silly fetch manifest boxen@^7.1.1
1965 silly packumentCache full:https://registry.npmjs.org/boxen cache-miss
1966 http cache https://registry.npmjs.org/defu 1185ms (cache hit)
1967 silly packumentCache full:https://registry.npmjs.org/defu set size:87806 disposed:false
1968 silly fetch manifest citty@^0.1.4
1969 silly packumentCache full:https://registry.npmjs.org/citty cache-miss
1970 http cache https://registry.npmjs.org/zod 1868ms (cache hit)
1971 silly packumentCache full:https://registry.npmjs.org/zod set size:4147901 disposed:false
1972 silly fetch manifest pathe@^1.1.1
1973 silly packumentCache full:https://registry.npmjs.org/pathe cache-miss
1974 http cache https://registry.npmjs.org/citty 3857ms (cache hit)
1975 silly packumentCache full:https://registry.npmjs.org/citty set size:38628 disposed:false
1976 silly fetch manifest unctx@^2.3.1
1977 silly packumentCache full:https://registry.npmjs.org/unctx cache-hit
1978 silly fetch manifest unenv@^1.9.0
1979 silly packumentCache full:https://registry.npmjs.org/unenv cache-miss
1980 http cache https://registry.npmjs.org/pathe 2773ms (cache hit)
1981 silly packumentCache full:https://registry.npmjs.org/pathe set size:68788 disposed:false
1982 silly fetch manifest dax-sh@^0.39.1
1983 silly packumentCache full:https://registry.npmjs.org/dax-sh cache-miss
1984 http fetch GET 200 https://registry.npmjs.org/boxen 5324ms (cache miss)
1985 silly packumentCache full:https://registry.npmjs.org/boxen set size:undefined disposed:false
1986 silly fetch manifest radix3@^1.1.0
1987 silly packumentCache full:https://registry.npmjs.org/radix3 cache-hit
1988 silly fetch manifest consola@^3.2.3
1989 silly packumentCache full:https://registry.npmjs.org/consola cache-miss
1990 http cache https://registry.npmjs.org/unenv 4307ms (cache hit)
1991 silly packumentCache full:https://registry.npmjs.org/unenv set size:236480 disposed:false
1992 silly fetch manifest crossws@^0.3.1
1993 silly packumentCache full:https://registry.npmjs.org/crossws cache-miss
1994 http fetch GET 200 https://registry.npmjs.org/dax-sh 4567ms (cache miss)
1995 silly packumentCache full:https://registry.npmjs.org/dax-sh set size:undefined disposed:false
1996 silly fetch manifest esbuild@^0.20.2
1997 silly packumentCache full:https://registry.npmjs.org/esbuild cache-miss
1998 http cache https://registry.npmjs.org/consola 3772ms (cache hit)
1999 silly packumentCache full:https://registry.npmjs.org/consola set size:324648 disposed:false
2000 silly fetch manifest resolve@^1.22.6
2001 silly packumentCache full:https://registry.npmjs.org/resolve cache-miss
2002 http cache https://registry.npmjs.org/crossws 2612ms (cache hit)
2003 silly packumentCache full:https://registry.npmjs.org/crossws set size:120040 disposed:false
2004 silly fetch manifest chokidar@^3.5.3
2005 silly packumentCache full:https://registry.npmjs.org/chokidar cache-miss
2006 http cache https://registry.npmjs.org/esbuild 2423ms (cache hit)
2007 silly packumentCache full:https://registry.npmjs.org/esbuild set size:1264676 disposed:false
2008 silly fetch manifest fast-glob@^3.3.1
2009 silly packumentCache full:https://registry.npmjs.org/fast-glob cache-miss
2010 http fetch GET 200 https://registry.npmjs.org/resolve 3455ms (cache miss)
2011 silly packumentCache full:https://registry.npmjs.org/resolve set size:undefined disposed:false
2012 silly fetch manifest unstorage@^1.13.1
2013 silly packumentCache full:https://registry.npmjs.org/unstorage cache-miss
2014 http cache https://registry.npmjs.org/chokidar 1815ms (cache hit)
2015 silly packumentCache full:https://registry.npmjs.org/chokidar set size:255902 disposed:false
2016 silly fetch manifest http-proxy@^1.18.1
2017 silly packumentCache full:https://registry.npmjs.org/http-proxy cache-miss
2018 http fetch GET 200 https://registry.npmjs.org/fast-glob 5655ms (cache miss)
2019 silly packumentCache full:https://registry.npmjs.org/fast-glob set size:undefined disposed:false
2020 silly fetch manifest micromatch@^4.0.5
2021 silly packumentCache full:https://registry.npmjs.org/micromatch cache-miss
2022 http cache https://registry.npmjs.org/unstorage 5055ms (cache hit)
2023 silly packumentCache full:https://registry.npmjs.org/unstorage set size:358714 disposed:false
2024 silly fetch manifest @babel/core@^7.22.11
2025 silly packumentCache full:https://registry.npmjs.org/@babel%2fcore cache-hit
2026 silly fetch manifest serve-static@^1.15.0
2027 silly packumentCache full:https://registry.npmjs.org/serve-static cache-hit
2028 silly fetch manifest @vinxi/listhen@^1.5.6
2029 silly packumentCache full:https://registry.npmjs.org/@vinxi%2flisthen cache-miss
2030 http fetch GET 200 https://registry.npmjs.org/http-proxy 9065ms (cache miss)
2031 silly packumentCache full:https://registry.npmjs.org/http-proxy set size:undefined disposed:false
2032 silly fetch manifest path-to-regexp@^6.2.1
2033 silly packumentCache full:https://registry.npmjs.org/path-to-regexp cache-miss
2034 http fetch GET 200 https://registry.npmjs.org/@vinxi%2flisthen 4128ms (cache miss)
2035 silly packumentCache full:https://registry.npmjs.org/@vinxi%2flisthen set size:undefined disposed:false
2036 silly fetch manifest es-module-lexer@^1.3.0
2037 silly packumentCache full:https://registry.npmjs.org/es-module-lexer cache-miss
2038 http fetch GET 200 https://registry.npmjs.org/micromatch 6285ms (cache miss)
2039 silly packumentCache full:https://registry.npmjs.org/micromatch set size:undefined disposed:false
2040 silly fetch manifest get-port-please@^3.1.1
2041 silly packumentCache full:https://registry.npmjs.org/get-port-please cache-miss
2042 http fetch GET 200 https://registry.npmjs.org/get-port-please 1872ms (cache miss)
2043 silly packumentCache full:https://registry.npmjs.org/get-port-please set size:undefined disposed:false
2044 silly fetch manifest @types/micromatch@^4.0.2
2045 silly packumentCache full:https://registry.npmjs.org/@types%2fmicromatch cache-miss
2046 http fetch GET 200 https://registry.npmjs.org/es-module-lexer 3628ms (cache miss)
2047 silly packumentCache full:https://registry.npmjs.org/es-module-lexer set size:undefined disposed:false
2048 silly fetch manifest node-fetch-native@^1.4.0
2049 silly packumentCache full:https://registry.npmjs.org/node-fetch-native cache-hit
2050 silly fetch manifest serve-placeholder@^2.0.1
2051 silly packumentCache full:https://registry.npmjs.org/serve-placeholder cache-hit
2052 silly fetch manifest @babel/plugin-syntax-jsx@^7.22.5
2053 silly packumentCache full:https://registry.npmjs.org/@babel%2fplugin-syntax-jsx cache-miss
2054 http fetch GET 200 https://registry.npmjs.org/path-to-regexp 3680ms (cache revalidated)
2055 silly packumentCache full:https://registry.npmjs.org/path-to-regexp set size:216334 disposed:false
2056 silly fetch manifest @babel/plugin-syntax-typescript@^7.22.5
2057 silly packumentCache full:https://registry.npmjs.org/@babel%2fplugin-syntax-typescript cache-miss
2058 http cache https://registry.npmjs.org/@babel%2fplugin-syntax-jsx 2443ms (cache hit)
2059 silly packumentCache full:https://registry.npmjs.org/@babel%2fplugin-syntax-jsx set size:194952 disposed:false
2060 http cache https://registry.npmjs.org/@babel%2fplugin-syntax-typescript 2411ms (cache hit)
2061 silly packumentCache full:https://registry.npmjs.org/@babel%2fplugin-syntax-typescript set size:221236 disposed:false
2062 http cache https://registry.npmjs.org/@types%2fmicromatch 3811ms (cache hit)
2063 silly packumentCache full:https://registry.npmjs.org/@types%2fmicromatch set size:48932 disposed:false
2064 silly fetch manifest vite@>=6.0.0
2065 silly packumentCache full:https://registry.npmjs.org/vite cache-miss
2066 http cache https://registry.npmjs.org/vite 5885ms (cache hit)
2067 silly packumentCache full:https://registry.npmjs.org/vite set size:38929639 disposed:false
2068 silly fetch manifest @types/node@^20.19.0 || >=22.12.0
2069 silly packumentCache full:https://registry.npmjs.org/@types%2fnode cache-miss
2070 http cache https://registry.npmjs.org/@types%2fnode 3613ms (cache hit)
2071 silly packumentCache full:https://registry.npmjs.org/@types%2fnode set size:11096266 disposed:false
2072 silly fetch manifest @vitejs/devtools@^0.4.0 || ^0.5.0
2073 silly packumentCache full:https://registry.npmjs.org/@vitejs%2fdevtools cache-miss
2074 http fetch GET 200 https://registry.npmjs.org/@vitejs%2fdevtools 9320ms (cache miss)
2075 silly packumentCache full:https://registry.npmjs.org/@vitejs%2fdevtools set size:undefined disposed:false
2076 silly fetch manifest @vitejs/devtools-oxc@^0.5.2
2077 silly packumentCache full:https://registry.npmjs.org/@vitejs%2fdevtools-oxc cache-miss
2078 http fetch GET 200 https://registry.npmjs.org/@vitejs%2fdevtools-oxc 957ms (cache miss)
2079 silly packumentCache full:https://registry.npmjs.org/@vitejs%2fdevtools-oxc set size:undefined disposed:false
2080 silly fetch manifest @vitejs/devtools-rolldown@^0.5.2
2081 silly packumentCache full:https://registry.npmjs.org/@vitejs%2fdevtools-rolldown cache-miss
2082 http fetch GET 200 https://registry.npmjs.org/@vitejs%2fdevtools-rolldown 326ms (cache miss)
2083 silly packumentCache full:https://registry.npmjs.org/@vitejs%2fdevtools-rolldown set size:undefined disposed:false
2084 silly fetch manifest @vitejs/devtools-vite@^0.5.2
2085 silly packumentCache full:https://registry.npmjs.org/@vitejs%2fdevtools-vite cache-miss
2086 http fetch GET 200 https://registry.npmjs.org/@vitejs%2fdevtools-vite 568ms (cache miss)
2087 silly packumentCache full:https://registry.npmjs.org/@vitejs%2fdevtools-vite set size:undefined disposed:false
2088 silly fetch manifest @vitejs/devtools-vitest@^0.5.2
2089 silly packumentCache full:https://registry.npmjs.org/@vitejs%2fdevtools-vitest cache-miss
2090 http fetch GET 200 https://registry.npmjs.org/@vitejs%2fdevtools-vitest 618ms (cache miss)
2091 silly packumentCache full:https://registry.npmjs.org/@vitejs%2fdevtools-vitest set size:undefined disposed:false
2092 silly fetch manifest vitest@*
2093 silly packumentCache full:https://registry.npmjs.org/vitest cache-miss
2094 http cache https://registry.npmjs.org/vitest 632ms (cache hit)
2095 silly packumentCache full:https://registry.npmjs.org/vitest set size:2246949 disposed:false
2096 silly fetch manifest esbuild@^0.27.0 || ^0.28.0
2097 silly packumentCache full:https://registry.npmjs.org/esbuild cache-miss
2098 http cache https://registry.npmjs.org/esbuild 2346ms (cache hit)
2099 silly packumentCache full:https://registry.npmjs.org/esbuild set size:1264676 disposed:false
2100 silly fetch manifest less@^4.0.0
2101 silly packumentCache full:https://registry.npmjs.org/less cache-miss
2102 http fetch GET 200 https://registry.npmjs.org/less 1225ms (cache revalidated)
2103 silly packumentCache full:https://registry.npmjs.org/less set size:500352 disposed:false
2104 silly fetch manifest sass@^1.70.0
2105 silly packumentCache full:https://registry.npmjs.org/sass cache-miss
2106 http fetch GET 200 https://registry.npmjs.org/sass 2385ms (cache revalidated)
2107 silly packumentCache full:https://registry.npmjs.org/sass set size:747752 disposed:false
2108 silly fetch manifest sass-embedded@^1.70.0
2109 silly packumentCache full:https://registry.npmjs.org/sass-embedded cache-miss
2110 http fetch GET 200 https://registry.npmjs.org/sass-embedded 1175ms (cache revalidated)
2111 silly packumentCache full:https://registry.npmjs.org/sass-embedded set size:428375 disposed:false
2112 silly fetch manifest stylus@>=0.54.8
2113 silly packumentCache full:https://registry.npmjs.org/stylus cache-miss
2114 http fetch GET 200 https://registry.npmjs.org/stylus 1319ms (cache revalidated)
2115 silly packumentCache full:https://registry.npmjs.org/stylus set size:286766 disposed:false
2116 silly fetch manifest sugarss@^5.0.0
2117 silly packumentCache full:https://registry.npmjs.org/sugarss cache-miss
2118 http cache https://registry.npmjs.org/sugarss 490ms (cache hit)
2119 silly packumentCache full:https://registry.npmjs.org/sugarss set size:44975 disposed:false
2120 silly placeDep ROOT @tanstack/start-plugin-core@1.131.50 OK for: @tanstack/react-start-plugin@1.131.50 want: 1.131.50
2121 silly placeDep ROOT pathe@2.0.3 OK for: @tanstack/react-start-plugin@1.131.50 want: ^2.0.3
2122 silly placeDep node_modules/@tanstack/react-start-plugin zod@3.25.76 OK for: @tanstack/react-start-plugin@1.131.50 want: ^3.24.2
2123 silly fetch manifest ufo@^1.5.4
2124 silly packumentCache full:https://registry.npmjs.org/ufo cache-hit
2125 silly fetch manifest vitefu@^1.1.1
2126 silly packumentCache full:https://registry.npmjs.org/vitefu cache-miss
2127 silly fetch manifest cheerio@^1.0.0
2128 silly packumentCache full:https://registry.npmjs.org/cheerio cache-miss
2129 silly fetch manifest @babel/core@^7.26.8
2130 silly packumentCache full:https://registry.npmjs.org/@babel%2fcore cache-hit
2131 silly fetch manifest xmlbuilder2@^3.1.1
2132 silly packumentCache full:https://registry.npmjs.org/xmlbuilder2 cache-miss
2133 http cache https://registry.npmjs.org/vitefu 1582ms (cache hit)
2134 silly packumentCache full:https://registry.npmjs.org/vitefu set size:46970 disposed:false
2135 silly fetch manifest @babel/types@^7.26.8
2136 silly packumentCache full:https://registry.npmjs.org/@babel%2ftypes cache-hit
2137 silly fetch manifest @babel/code-frame@7.26.2
2138 silly packumentCache full:https://registry.npmjs.org/@babel%2fcode-frame cache-hit
2139 silly fetch manifest @tanstack/router-core@1.131.50
2140 silly packumentCache full:https://registry.npmjs.org/@tanstack%2frouter-core cache-miss
2141 http cache https://registry.npmjs.org/xmlbuilder2 1619ms (cache hit)
2142 silly packumentCache full:https://registry.npmjs.org/xmlbuilder2 set size:169332 disposed:false
2143 silly fetch manifest @tanstack/router-utils@1.131.2
2144 silly packumentCache full:https://registry.npmjs.org/@tanstack%2frouter-utils cache-miss
2145 http cache https://registry.npmjs.org/cheerio 2014ms (cache hit)
2146 silly packumentCache full:https://registry.npmjs.org/cheerio set size:169055 disposed:false
2147 silly fetch manifest @tanstack/router-plugin@1.131.50
2148 silly packumentCache full:https://registry.npmjs.org/@tanstack%2frouter-plugin cache-miss
2149 http cache https://registry.npmjs.org/@tanstack%2frouter-core 2796ms (cache hit)
2150 silly packumentCache full:https://registry.npmjs.org/@tanstack%2frouter-core set size:1688356 disposed:false
2151 silly fetch manifest @types/babel__code-frame@^7.0.6
2152 silly packumentCache full:https://registry.npmjs.org/@types%2fbabel__code-frame cache-miss
2153 http cache https://registry.npmjs.org/@tanstack%2frouter-utils 2814ms (cache hit)
2154 silly packumentCache full:https://registry.npmjs.org/@tanstack%2frouter-utils set size:145395 disposed:false
2155 silly fetch manifest @tanstack/router-generator@1.131.50
2156 silly packumentCache full:https://registry.npmjs.org/@tanstack%2frouter-generator cache-miss
2157 http cache https://registry.npmjs.org/@types%2fbabel__code-frame 469ms (cache hit)
2158 silly packumentCache full:https://registry.npmjs.org/@types%2fbabel__code-frame set size:16920 disposed:false
2159 silly fetch manifest @tanstack/start-server-core@1.131.50
2160 silly packumentCache full:https://registry.npmjs.org/@tanstack%2fstart-server-core cache-miss
2161 http fetch GET 200 https://registry.npmjs.org/@tanstack%2frouter-plugin 3170ms (cache revalidated)
2162 silly packumentCache full:https://registry.npmjs.org/@tanstack%2frouter-plugin set size:2861302 disposed:false
2163 http fetch GET 200 https://registry.npmjs.org/@tanstack%2frouter-generator 1490ms (cache revalidated)
2164 silly packumentCache full:https://registry.npmjs.org/@tanstack%2frouter-generator set size:1820453 disposed:false
2165 http fetch GET 200 https://registry.npmjs.org/@tanstack%2fstart-server-core 3053ms (cache revalidated)
2166 silly packumentCache full:https://registry.npmjs.org/@tanstack%2fstart-server-core set size:1519063 disposed:false
2167 silly placeDep node_modules/@tanstack/react-start-router-manifest @tanstack/router-core@1.171.27 OK for: @tanstack/react-start-router-manifest@1.120.19 want: ^1.120.19
2168 silly placeDep node_modules/@tanstack/react-start-server @tanstack/react-router@1.170.32 OK for: @tanstack/react-start-server@1.167.37 want: 1.170.32
2169 silly placeDep node_modules/@tanstack/react-start-server @tanstack/router-core@1.171.27 OK for: @tanstack/react-start-server@1.167.37 want: 1.171.27
2170 silly placeDep ROOT @tanstack/start-server-core@1.169.31 OK for: @tanstack/react-start-server@1.167.37 want: 1.169.31
2171 silly fetch manifest h3-v2@npm:h3@2.0.1-rc.20
2172 silly packumentCache full:https://registry.npmjs.org/h3 cache-hit
2173 silly fetch manifest fetchdts@^0.1.6
2174 silly packumentCache full:https://registry.npmjs.org/fetchdts cache-miss
2175 http fetch GET 200 https://registry.npmjs.org/fetchdts 2201ms (cache miss)
2176 silly packumentCache full:https://registry.npmjs.org/fetchdts set size:undefined disposed:false
2177 silly fetch manifest react@^16.8.0 || ^17.0.0 || ^18.0.0 || ^19.0.0
2178 silly packumentCache full:https://registry.npmjs.org/react cache-miss
2179 http fetch GET 200 https://registry.npmjs.org/react 3400ms (cache revalidated)
2180 silly packumentCache full:https://registry.npmjs.org/react set size:6926968 disposed:false
2181 silly placeDep ROOT @tanstack/store@0.7.7 OK for: @tanstack/react-store@0.7.7 want: 0.7.7
2182 silly placeDep ROOT use-sync-external-store@1.6.0 OK for: @tanstack/react-store@0.7.7 want: ^1.5.0
2183 silly placeDep ROOT @babel/types@7.29.8 OK for: @tanstack/router-generator@1.167.33 want: ^7.28.5
2184 silly placeDep node_modules/@tanstack/router-generator @tanstack/router-core@1.171.27 OK for: @tanstack/router-generator@1.167.33 want: 1.171.27
2185 silly placeDep ROOT @tanstack/router-utils@1.162.2 OK for: @tanstack/router-generator@1.167.33 want: 1.162.2
2186 silly placeDep ROOT @tanstack/virtual-file-routes@1.162.0 OK for: @tanstack/router-generator@1.167.33 want: 1.162.0
2187 silly placeDep ROOT prettier@3.9.6 OK for: @tanstack/router-generator@1.167.33 want: ^3.5.0
2188 silly fetch manifest @babel/helper-string-parser@^7.29.7
2189 silly packumentCache full:https://registry.npmjs.org/@babel%2fhelper-string-parser cache-miss
2190 silly fetch manifest @babel/helper-validator-identifier@^7.29.7
2191 silly packumentCache full:https://registry.npmjs.org/@babel%2fhelper-validator-identifier cache-miss
2192 silly fetch manifest diff@^8.0.2
2193 silly packumentCache full:https://registry.npmjs.org/diff cache-miss
2194 http fetch GET 200 https://registry.npmjs.org/diff 2438ms (cache miss)
2195 silly packumentCache full:https://registry.npmjs.org/diff set size:undefined disposed:false
2196 silly fetch manifest ansis@^4.1.0
2197 silly packumentCache full:https://registry.npmjs.org/ansis cache-miss
2198 http fetch GET 200 https://registry.npmjs.org/@babel%2fhelper-validator-identifier 3831ms (cache miss)
2199 silly packumentCache full:https://registry.npmjs.org/@babel%2fhelper-validator-identifier set size:undefined disposed:false
2200 silly fetch manifest tinyglobby@^0.2.15
2201 silly packumentCache full:https://registry.npmjs.org/tinyglobby cache-miss
2202 http fetch GET 200 https://registry.npmjs.org/@babel%2fhelper-string-parser 3992ms (cache miss)
2203 silly packumentCache full:https://registry.npmjs.org/@babel%2fhelper-string-parser set size:undefined disposed:false
2204 silly fetch manifest @babel/parser@^7.28.5
2205 silly packumentCache full:https://registry.npmjs.org/@babel%2fparser cache-miss
2206 http fetch GET 200 https://registry.npmjs.org/ansis 1772ms (cache miss)
2207 silly packumentCache full:https://registry.npmjs.org/ansis set size:undefined disposed:false
2208 silly fetch manifest @babel/generator@^7.28.5
2209 silly packumentCache full:https://registry.npmjs.org/@babel%2fgenerator cache-miss
2210 http fetch GET 200 https://registry.npmjs.org/@babel%2fparser 552ms (cache miss)
2211 silly packumentCache full:https://registry.npmjs.org/@babel%2fparser set size:undefined disposed:false
2212 silly fetch manifest babel-dead-code-elimination@^1.0.12
2213 silly packumentCache full:https://registry.npmjs.org/babel-dead-code-elimination cache-hit
2214 http fetch GET 200 https://registry.npmjs.org/tinyglobby 1022ms (cache revalidated)
2215 silly packumentCache full:https://registry.npmjs.org/tinyglobby set size:54291 disposed:false
2216 http fetch GET 200 https://registry.npmjs.org/@babel%2fgenerator 1604ms (cache miss)
2217 silly packumentCache full:https://registry.npmjs.org/@babel%2fgenerator set size:undefined disposed:false
2218 silly placeDep ROOT @babel/helper-string-parser@7.29.7 OK for: @babel/types@7.29.8 want: ^7.29.7
2219 silly placeDep ROOT @babel/helper-validator-identifier@7.29.7 OK for: @babel/types@7.29.8 want: ^7.29.7
2220 silly placeDep ROOT @babel/generator@7.29.8 OK for: @tanstack/router-utils@1.162.2 want: ^7.28.5
2221 silly placeDep ROOT @babel/parser@7.29.8 OK for: @tanstack/router-utils@1.162.2 want: ^7.28.5
2222 silly placeDep ROOT ansis@4.3.1 OK for: @tanstack/router-utils@1.162.2 want: ^4.1.0
2223 silly placeDep ROOT babel-dead-code-elimination@1.0.12 OK for: @tanstack/router-utils@1.162.2 want: ^1.0.12
2224 silly placeDep ROOT diff@8.0.4 OK for: @tanstack/router-utils@1.162.2 want: ^8.0.2
2225 silly placeDep ROOT tinyglobby@0.2.17 OK for: @tanstack/router-utils@1.162.2 want: ^0.2.15
2226 silly fetch manifest @babel/parser@^7.29.8
2227 silly packumentCache full:https://registry.npmjs.org/@babel%2fparser cache-miss
2228 silly fetch manifest @babel/core@^7.23.7
2229 silly packumentCache full:https://registry.npmjs.org/@babel%2fcore cache-hit
2230 silly fetch manifest @babel/traverse@^7.23.7
2231 silly packumentCache full:https://registry.npmjs.org/@babel%2ftraverse cache-miss
2232 silly fetch manifest fdir@^6.5.0
2233 silly packumentCache full:https://registry.npmjs.org/fdir cache-miss
2234 http cache https://registry.npmjs.org/@babel%2fparser 4386ms (cache hit)
2235 silly packumentCache full:https://registry.npmjs.org/@babel%2fparser set size:737961 disposed:false
2236 silly fetch manifest picomatch@^4.0.4
2237 silly packumentCache full:https://registry.npmjs.org/picomatch cache-miss
2238 http cache https://registry.npmjs.org/@babel%2ftraverse 4402ms (cache hit)
2239 silly packumentCache full:https://registry.npmjs.org/@babel%2ftraverse set size:564759 disposed:false
2240 http fetch GET 200 https://registry.npmjs.org/fdir 5116ms (cache revalidated)
2241 silly packumentCache full:https://registry.npmjs.org/fdir set size:136182 disposed:false
2242 http fetch GET 200 https://registry.npmjs.org/picomatch 3465ms (cache revalidated)
2243 silly packumentCache full:https://registry.npmjs.org/picomatch set size:134451 disposed:false
2244 silly fetch manifest vite@>=6.0.0 || >=7.0.0
2245 silly packumentCache full:https://registry.npmjs.org/vite cache-miss
2246 http cache https://registry.npmjs.org/vite 3025ms (cache hit)
2247 silly packumentCache full:https://registry.npmjs.org/vite set size:38929639 disposed:false
2248 silly placeDep ROOT @babel/code-frame@7.27.1 OK for: @tanstack/server-functions-plugin@1.142.1 want: 7.27.1
2249 silly placeDep ROOT @babel/core@7.29.7 OK for: @tanstack/server-functions-plugin@1.142.1 want: ^7.27.7
2250 silly placeDep ROOT @babel/plugin-syntax-jsx@7.29.7 OK for: @tanstack/server-functions-plugin@1.142.1 want: ^7.27.1
2251 silly placeDep ROOT @babel/plugin-syntax-typescript@7.29.7 OK for: @tanstack/server-functions-plugin@1.142.1 want: ^7.27.1
2252 silly placeDep ROOT @babel/template@7.29.7 OK for: @tanstack/server-functions-plugin@1.142.1 want: ^7.27.2
2253 silly placeDep ROOT @babel/traverse@7.29.8 OK for: @tanstack/server-functions-plugin@1.142.1 want: ^7.27.7
2254 silly placeDep ROOT @tanstack/directive-functions-plugin@1.142.1 OK for: @tanstack/server-functions-plugin@1.142.1 want: 1.142.1
2255 silly fetch manifest js-tokens@^4.0.0
2256 silly packumentCache full:https://registry.npmjs.org/js-tokens cache-miss
2257 silly fetch manifest debug@^4.1.0
2258 silly packumentCache full:https://registry.npmjs.org/debug cache-miss
2259 silly fetch manifest json5@^2.2.3
2260 silly packumentCache full:https://registry.npmjs.org/json5 cache-miss
2261 http cache https://registry.npmjs.org/js-tokens 233ms (cache hit)
2262 silly packumentCache full:https://registry.npmjs.org/js-tokens set size:41947 disposed:false
2263 silly fetch manifest semver@^6.3.1
2264 silly packumentCache full:https://registry.npmjs.org/semver cache-hit
2265 silly fetch manifest gensync@^1.0.0-beta.2
2266 silly packumentCache full:https://registry.npmjs.org/gensync cache-miss
2267 http cache https://registry.npmjs.org/json5 310ms (cache hit)
2268 silly packumentCache full:https://registry.npmjs.org/json5 set size:86136 disposed:false
2269 silly fetch manifest @babel/helpers@^7.29.7
2270 silly packumentCache full:https://registry.npmjs.org/@babel%2fhelpers cache-miss
2271 http cache https://registry.npmjs.org/gensync 370ms (cache hit)
2272 silly packumentCache full:https://registry.npmjs.org/gensync set size:15068 disposed:false
2273 silly fetch manifest @babel/template@^7.29.7
2274 silly packumentCache full:https://registry.npmjs.org/@babel%2ftemplate cache-hit
2275 silly fetch manifest @babel/traverse@^7.29.7
2276 silly packumentCache full:https://registry.npmjs.org/@babel%2ftraverse cache-hit
2277 silly fetch manifest @babel/code-frame@^7.29.7
2278 silly packumentCache full:https://registry.npmjs.org/@babel%2fcode-frame cache-hit
2279 silly fetch manifest convert-source-map@^2.0.0
2280 silly packumentCache full:https://registry.npmjs.org/convert-source-map cache-miss
2281 http cache https://registry.npmjs.org/@babel%2fhelpers 388ms (cache hit)
2282 silly packumentCache full:https://registry.npmjs.org/@babel%2fhelpers set size:398496 disposed:false
2283 silly fetch manifest @babel/helper-module-transforms@^7.29.7
2284 silly packumentCache full:https://registry.npmjs.org/@babel%2fhelper-module-transforms cache-miss
2285 http cache https://registry.npmjs.org/@babel%2fhelper-module-transforms 64ms (cache hit)
2286 silly packumentCache full:https://registry.npmjs.org/@babel%2fhelper-module-transforms set size:346454 disposed:false
2287 silly fetch manifest @babel/helper-compilation-targets@^7.29.7
2288 silly packumentCache full:https://registry.npmjs.org/@babel%2fhelper-compilation-targets cache-miss
2289 http cache https://registry.npmjs.org/convert-source-map 134ms (cache hit)
2290 silly packumentCache full:https://registry.npmjs.org/convert-source-map set size:66997 disposed:false
2291 silly fetch manifest @babel/helper-plugin-utils@^7.29.7
2292 silly packumentCache full:https://registry.npmjs.org/@babel%2fhelper-plugin-utils cache-miss
2293 http cache https://registry.npmjs.org/@babel%2fhelper-compilation-targets 41ms (cache hit)
2294 silly packumentCache full:https://registry.npmjs.org/@babel%2fhelper-compilation-targets set size:229541 disposed:false
2295 silly fetch manifest @babel/helper-plugin-utils@^7.29.7
2296 silly packumentCache full:https://registry.npmjs.org/@babel%2fhelper-plugin-utils cache-miss
2297 http fetch GET 200 https://registry.npmjs.org/debug 884ms (cache revalidated)
2298 silly packumentCache full:https://registry.npmjs.org/debug set size:195840 disposed:false
2299 silly fetch manifest debug@^4.3.1
2300 silly packumentCache full:https://registry.npmjs.org/debug cache-hit
2301 silly fetch manifest @babel/helper-globals@^7.29.7
2302 silly packumentCache full:https://registry.npmjs.org/@babel%2fhelper-globals cache-miss
2303 http cache https://registry.npmjs.org/@babel%2fhelper-plugin-utils 399ms (cache hit)
2304 silly packumentCache full:https://registry.npmjs.org/@babel%2fhelper-plugin-utils set size:175564 disposed:false
2305 silly fetch manifest @tanstack/router-utils@1.141.0
2306 silly packumentCache full:https://registry.npmjs.org/@tanstack%2frouter-utils cache-hit
2307 http cache https://registry.npmjs.org/@babel%2fhelper-plugin-utils 494ms (cache hit)
2308 silly packumentCache full:https://registry.npmjs.org/@babel%2fhelper-plugin-utils set size:175564 disposed:false
2309 silly packumentCache full:https://registry.npmjs.org/@babel%2fhelper-plugin-utils dispose
2310 http cache https://registry.npmjs.org/@babel%2fhelper-globals 234ms (cache hit)
2311 silly packumentCache full:https://registry.npmjs.org/@babel%2fhelper-globals set size:25155 disposed:false
2312 silly placeDep ROOT js-tokens@4.0.0 OK for: @babel/code-frame@7.27.1 want: ^4.0.0
2313 silly placeDep ROOT picocolors@1.1.1 OK for: @babel/code-frame@7.27.1 want: ^1.1.1
2314 silly fetch manifest @babel/core@^7.0.0
2315 silly packumentCache full:https://registry.npmjs.org/@babel%2fcore cache-hit
2316 silly placeDep node_modules/@babel/core @babel/code-frame@7.29.7 OK for: @babel/core@7.29.7 want: ^7.29.7
2317 silly placeDep ROOT @babel/helper-compilation-targets@7.29.7 OK for: @babel/core@7.29.7 want: ^7.29.7
2318 silly placeDep ROOT @babel/helper-module-transforms@7.29.7 OK for: @babel/core@7.29.7 want: ^7.29.7
2319 silly placeDep ROOT @babel/helpers@7.29.7 OK for: @babel/core@7.29.7 want: ^7.29.7
2320 silly placeDep ROOT convert-source-map@2.0.0 OK for: @babel/core@7.29.7 want: ^2.0.0
2321 silly placeDep ROOT debug@4.4.3 OK for: @babel/core@7.29.7 want: ^4.1.0
2322 silly placeDep ROOT gensync@1.0.0-beta.2 OK for: @babel/core@7.29.7 want: ^1.0.0-beta.2
2323 silly placeDep ROOT json5@2.2.3 OK for: @babel/core@7.29.7 want: ^2.2.3
2324 silly placeDep ROOT semver@6.3.1 OK for: @babel/core@7.29.7 want: ^6.3.1
2325 silly fetch manifest lru-cache@^5.1.1
2326 silly packumentCache full:https://registry.npmjs.org/lru-cache cache-miss
2327 silly fetch manifest browserslist@^4.24.0
2328 silly packumentCache full:https://registry.npmjs.org/browserslist cache-miss
2329 silly fetch manifest @babel/compat-data@^7.29.7
2330 silly packumentCache full:https://registry.npmjs.org/@babel%2fcompat-data cache-miss
2331 http cache https://registry.npmjs.org/lru-cache 43ms (cache hit)
2332 silly packumentCache full:https://registry.npmjs.org/lru-cache set size:460407 disposed:false
2333 silly fetch manifest @babel/helper-validator-option@^7.29.7
2334 silly packumentCache full:https://registry.npmjs.org/@babel%2fhelper-validator-option cache-miss
2335 http cache https://registry.npmjs.org/browserslist 74ms (cache hit)
2336 silly packumentCache full:https://registry.npmjs.org/browserslist set size:518659 disposed:false
2337 silly fetch manifest @babel/helper-module-imports@^7.29.7
2338 silly packumentCache full:https://registry.npmjs.org/@babel%2fhelper-module-imports cache-miss
2339 http cache https://registry.npmjs.org/@babel%2fcompat-data 100ms (cache hit)
2340 silly packumentCache full:https://registry.npmjs.org/@babel%2fcompat-data set size:318807 disposed:false
2341 silly fetch manifest ms@^2.1.3
2342 silly packumentCache full:https://registry.npmjs.org/ms cache-miss
2343 http cache https://registry.npmjs.org/@babel%2fhelper-module-imports 8354ms (cache hit)
2344 silly packumentCache full:https://registry.npmjs.org/@babel%2fhelper-module-imports set size:203392 disposed:false
2345 http cache https://registry.npmjs.org/ms 8353ms (cache hit)
2346 silly packumentCache full:https://registry.npmjs.org/ms set size:92208 disposed:false
2347 http cache https://registry.npmjs.org/@babel%2fhelper-validator-option 8503ms (cache hit)
2348 silly packumentCache full:https://registry.npmjs.org/@babel%2fhelper-validator-option set size:101303 disposed:false
2349 silly placeDep ROOT @babel/compat-data@7.29.7 OK for: @babel/helper-compilation-targets@7.29.7 want: ^7.29.7
2350 silly placeDep ROOT @babel/helper-validator-option@7.29.7 OK for: @babel/helper-compilation-targets@7.29.7 want: ^7.29.7
2351 silly placeDep ROOT browserslist@4.28.8 OK for: @babel/helper-compilation-targets@7.29.7 want: ^4.24.0
2352 silly placeDep ROOT lru-cache@5.1.1 OK for: @babel/helper-compilation-targets@7.29.7 want: ^5.1.1
2353 silly fetch manifest caniuse-lite@^1.0.30001809
2354 silly packumentCache full:https://registry.npmjs.org/caniuse-lite cache-miss
2355 silly fetch manifest node-releases@^2.0.53
2356 silly packumentCache full:https://registry.npmjs.org/node-releases cache-miss
2357 silly fetch manifest electron-to-chromium@^1.5.402
2358 silly packumentCache full:https://registry.npmjs.org/electron-to-chromium cache-miss
2359 http cache https://registry.npmjs.org/node-releases 680ms (cache hit)
2360 silly packumentCache full:https://registry.npmjs.org/node-releases set size:295994 disposed:false
2361 silly fetch manifest update-browserslist-db@^1.3.0
2362 silly packumentCache full:https://registry.npmjs.org/update-browserslist-db cache-miss
2363 http cache https://registry.npmjs.org/caniuse-lite 796ms (cache hit)
2364 silly packumentCache full:https://registry.npmjs.org/caniuse-lite set size:2313344 disposed:false
2365 silly fetch manifest baseline-browser-mapping@^2.11.12
2366 silly packumentCache full:https://registry.npmjs.org/baseline-browser-mapping cache-miss
2367 http cache https://registry.npmjs.org/electron-to-chromium 982ms (cache hit)
2368 silly packumentCache full:https://registry.npmjs.org/electron-to-chromium set size:4919285 disposed:false
2369 silly fetch manifest yallist@^3.0.2
2370 silly packumentCache full:https://registry.npmjs.org/yallist cache-miss
2371 http cache https://registry.npmjs.org/update-browserslist-db 472ms (cache hit)
2372 silly packumentCache full:https://registry.npmjs.org/update-browserslist-db set size:68935 disposed:false
2373 http cache https://registry.npmjs.org/yallist 44ms (cache hit)
2374 silly packumentCache full:https://registry.npmjs.org/yallist set size:34610 disposed:false
2375 http cache https://registry.npmjs.org/baseline-browser-mapping 1333ms (cache hit)
2376 silly packumentCache full:https://registry.npmjs.org/baseline-browser-mapping set size:621461 disposed:false
2377 silly placeDep ROOT @babel/helper-module-imports@7.29.7 OK for: @babel/helper-module-transforms@7.29.7 want: ^7.29.7
2378 silly placeDep ROOT @babel/helper-plugin-utils@7.29.7 OK for: @babel/plugin-syntax-jsx@7.29.7 want: ^7.29.7
2379 silly placeDep node_modules/@babel/template @babel/code-frame@7.29.7 OK for: @babel/template@7.29.7 want: ^7.29.7
2380 silly placeDep node_modules/@babel/traverse @babel/code-frame@7.29.7 OK for: @babel/traverse@7.29.8 want: ^7.29.7
2381 silly placeDep ROOT @babel/helper-globals@7.29.7 OK for: @babel/traverse@7.29.8 want: ^7.29.7
2382 silly placeDep node_modules/@tanstack/directive-functions-plugin @tanstack/router-utils@1.141.0 OK for: @tanstack/directive-functions-plugin@1.142.1 want: 1.141.0
2383 silly fetch manifest @babel/preset-typescript@^7.27.1
2384 silly packumentCache full:https://registry.npmjs.org/@babel%2fpreset-typescript cache-miss
2385 http fetch GET 200 https://registry.npmjs.org/@babel%2fpreset-typescript 289ms (cache miss)
2386 silly packumentCache full:https://registry.npmjs.org/@babel%2fpreset-typescript set size:undefined disposed:false
2387 silly placeDep node_modules/@tanstack/start-api-routes @tanstack/router-core@1.171.27 OK for: @tanstack/start-api-routes@1.120.19 want: ^1.120.19
2388 silly placeDep node_modules/@tanstack/start-client-core @tanstack/router-core@1.171.27 OK for: @tanstack/start-client-core@1.170.27 want: 1.171.27
2389 silly placeDep ROOT @tanstack/start-fn-stubs@1.162.0 OK for: @tanstack/start-client-core@1.170.27 want: 1.162.0
2390 silly placeDep ROOT @tanstack/start-storage-context@1.167.29 OK for: @tanstack/start-client-core@1.170.27 want: 1.167.29
2391 silly placeDep ROOT seroval@1.6.4 OK for: @tanstack/start-client-core@1.170.27 want: ^1.6.2
2392 silly fetch manifest @rsbuild/core@>=1.0.2
2393 silly packumentCache full:https://registry.npmjs.org/@rsbuild%2fcore cache-miss
2394 http fetch GET 200 https://registry.npmjs.org/@rsbuild%2fcore 1012ms (cache revalidated)
2395 silly packumentCache full:https://registry.npmjs.org/@rsbuild%2fcore set size:1465652 disposed:false
2396 silly fetch manifest @tanstack/react-router@^1.131.50
2397 silly packumentCache full:https://registry.npmjs.org/@tanstack%2freact-router cache-miss
2398 http fetch GET 200 https://registry.npmjs.org/@tanstack%2freact-router 3195ms (cache revalidated)
2399 silly packumentCache full:https://registry.npmjs.org/@tanstack%2freact-router set size:3687605 disposed:false
2400 silly fetch manifest vite-plugin-solid@^2.11.2
2401 silly packumentCache full:https://registry.npmjs.org/vite-plugin-solid cache-hit
2402 silly placeDep node_modules/@tanstack/start-plugin-core @babel/code-frame@7.26.2 OK for: @tanstack/start-plugin-core@1.131.50 want: 7.26.2
2403 silly placeDep node_modules/@tanstack/start-plugin-core @tanstack/router-core@1.131.50 OK for: @tanstack/start-plugin-core@1.131.50 want: 1.131.50
2404 silly placeDep node_modules/@tanstack/start-plugin-core @tanstack/router-generator@1.131.50 OK for: @tanstack/start-plugin-core@1.131.50 want: 1.131.50
2405 silly placeDep node_modules/@tanstack/start-plugin-core @tanstack/router-plugin@1.131.50 OK for: @tanstack/start-plugin-core@1.131.50 want: 1.131.50
2406 silly placeDep node_modules/@tanstack/start-plugin-core @tanstack/react-router@1.170.32 OK for: @tanstack/router-plugin@1.131.50 want: ^1.131.50
2407 silly placeDep node_modules/@tanstack/start-plugin-core @tanstack/router-utils@1.131.2 OK for: @tanstack/start-plugin-core@1.131.50 want: 1.131.2
2408 silly placeDep node_modules/@tanstack/start-plugin-core @tanstack/server-functions-plugin@1.131.2 OK for: @tanstack/start-plugin-core@1.131.50 want: 1.131.2
2409 silly placeDep node_modules/@tanstack/start-plugin-core @tanstack/start-server-core@1.131.50 OK for: @tanstack/start-plugin-core@1.131.50 want: 1.131.50
2410 silly placeDep ROOT @types/babel__code-frame@7.27.0 OK for: @tanstack/start-plugin-core@1.131.50 want: ^7.0.6
2411 silly placeDep ROOT @types/babel__core@7.20.5 OK for: @tanstack/start-plugin-core@1.131.50 want: ^7.20.5
2412 silly placeDep ROOT cheerio@1.2.0 OK for: @tanstack/start-plugin-core@1.131.50 want: ^1.0.0
2413 silly placeDep ROOT h3@1.13.0 OK for: @tanstack/start-plugin-core@1.131.50 want: 1.13.0
2414 silly placeDep ROOT ufo@1.6.4 OK for: @tanstack/start-plugin-core@1.131.50 want: ^1.5.4
2415 silly placeDep ROOT vitefu@1.1.3 OK for: @tanstack/start-plugin-core@1.131.50 want: ^1.1.1
2416 silly placeDep ROOT xmlbuilder2@3.1.1 OK for: @tanstack/start-plugin-core@1.131.50 want: ^3.1.1
2417 silly placeDep node_modules/@tanstack/start-plugin-core zod@3.25.76 OK for: @tanstack/start-plugin-core@1.131.50 want: ^3.24.2
2418 silly fetch manifest cookie-es@^1.2.2
2419 silly packumentCache full:https://registry.npmjs.org/cookie-es cache-hit
2420 silly fetch manifest seroval-plugins@^1.3.2
2421 silly packumentCache full:https://registry.npmjs.org/seroval-plugins cache-miss
2422 silly fetch manifest @tanstack/history@1.131.2
2423 silly packumentCache full:https://registry.npmjs.org/@tanstack%2fhistory cache-hit
2424 silly fetch manifest recast@^0.23.11
2425 silly packumentCache full:https://registry.npmjs.org/recast cache-miss
2426 silly fetch manifest source-map@^0.7.4
2427 silly packumentCache full:https://registry.npmjs.org/source-map cache-hit
2428 silly fetch manifest @tanstack/virtual-file-routes@1.131.2
2429 silly packumentCache full:https://registry.npmjs.org/@tanstack%2fvirtual-file-routes cache-miss
2430 http fetch GET 200 https://registry.npmjs.org/recast 454ms (cache miss)
2431 silly packumentCache full:https://registry.npmjs.org/recast set size:undefined disposed:false
2432 silly fetch manifest chokidar@^3.6.0
2433 silly packumentCache full:https://registry.npmjs.org/chokidar cache-hit
2434 silly fetch manifest unplugin@^2.1.2
2435 silly packumentCache full:https://registry.npmjs.org/unplugin cache-miss
2436 http cache https://registry.npmjs.org/@tanstack%2fvirtual-file-routes 555ms (cache hit)
2437 silly packumentCache full:https://registry.npmjs.org/@tanstack%2fvirtual-file-routes set size:122608 disposed:false
2438 silly fetch manifest @tanstack/directive-functions-plugin@1.131.2
2439 silly packumentCache full:https://registry.npmjs.org/@tanstack%2fdirective-functions-plugin cache-miss
2440 http cache https://registry.npmjs.org/unplugin 93ms (cache hit)
2441 silly packumentCache full:https://registry.npmjs.org/unplugin set size:411824 disposed:false
2442 silly fetch manifest unctx@^2.4.1
2443 silly packumentCache full:https://registry.npmjs.org/unctx cache-hit
2444 silly fetch manifest @tanstack/start-client-core@1.131.50
2445 silly packumentCache full:https://registry.npmjs.org/@tanstack%2fstart-client-core cache-miss
2446 http fetch GET 200 https://registry.npmjs.org/seroval-plugins 2340ms (cache revalidated)
2447 silly packumentCache full:https://registry.npmjs.org/seroval-plugins set size:74735 disposed:false
2448 silly fetch manifest @tanstack/start-storage-context@1.131.50
2449 silly packumentCache full:https://registry.npmjs.org/@tanstack%2fstart-storage-context cache-hit
2450 silly fetch manifest @types/babel__template@*
2451 silly packumentCache full:https://registry.npmjs.org/@types%2fbabel__template cache-miss
2452 http cache https://registry.npmjs.org/@tanstack%2fdirective-functions-plugin 2525ms (cache hit)
2453 silly packumentCache full:https://registry.npmjs.org/@tanstack%2fdirective-functions-plugin set size:221345 disposed:false
2454 silly fetch manifest @types/babel__traverse@*
2455 silly packumentCache full:https://registry.npmjs.org/@types%2fbabel__traverse cache-miss
2456 http fetch GET 200 https://registry.npmjs.org/@types%2fbabel__template 798ms (cache miss)
2457 silly packumentCache full:https://registry.npmjs.org/@types%2fbabel__template set size:undefined disposed:false
2458 silly fetch manifest @types/babel__generator@*
2459 silly packumentCache full:https://registry.npmjs.org/@types%2fbabel__generator cache-miss
2460 http fetch GET 200 https://registry.npmjs.org/@types%2fbabel__generator 379ms (cache miss)
2461 silly packumentCache full:https://registry.npmjs.org/@types%2fbabel__generator set size:undefined disposed:false
2462 silly fetch manifest parse5@^7.3.0
2463 silly packumentCache full:https://registry.npmjs.org/parse5 cache-miss
2464 http fetch GET 200 https://registry.npmjs.org/@tanstack%2fstart-client-core 2994ms (cache revalidated)
2465 silly packumentCache full:https://registry.npmjs.org/@tanstack%2fstart-client-core set size:1299845 disposed:false
2466 silly fetch manifest undici@^7.19.0
2467 silly packumentCache full:https://registry.npmjs.org/undici cache-miss
2468 http fetch GET 200 https://registry.npmjs.org/parse5 1645ms (cache miss)
2469 silly packumentCache full:https://registry.npmjs.org/parse5 set size:undefined disposed:false
2470 silly fetch manifest domutils@^3.2.2
2471 silly packumentCache full:https://registry.npmjs.org/domutils cache-miss
2472 http fetch GET 200 https://registry.npmjs.org/@types%2fbabel__traverse 2348ms (cache miss)
2473 silly packumentCache full:https://registry.npmjs.org/@types%2fbabel__traverse set size:undefined disposed:false
2474 silly fetch manifest domhandler@^5.0.3
2475 silly packumentCache full:https://registry.npmjs.org/domhandler cache-miss
2476 http fetch GET 200 https://registry.npmjs.org/domutils 1487ms (cache miss)
2477 silly packumentCache full:https://registry.npmjs.org/domutils set size:undefined disposed:false
2478 silly fetch manifest htmlparser2@^10.1.0
2479 silly packumentCache full:https://registry.npmjs.org/htmlparser2 cache-miss
2480 http fetch GET 200 https://registry.npmjs.org/domhandler 1709ms (cache miss)
2481 silly packumentCache full:https://registry.npmjs.org/domhandler set size:undefined disposed:false
2482 silly fetch manifest cheerio-select@^2.1.0
2483 silly packumentCache full:https://registry.npmjs.org/cheerio-select cache-miss
2484 http fetch GET 200 https://registry.npmjs.org/htmlparser2 512ms (cache miss)
2485 silly packumentCache full:https://registry.npmjs.org/htmlparser2 set size:undefined disposed:false
2486 silly fetch manifest dom-serializer@^2.0.0
2487 silly packumentCache full:https://registry.npmjs.org/dom-serializer cache-miss
2488 http fetch GET 200 https://registry.npmjs.org/cheerio-select 3374ms (cache miss)
2489 silly packumentCache full:https://registry.npmjs.org/cheerio-select set size:undefined disposed:false
2490 silly fetch manifest whatwg-mimetype@^4.0.0
2491 silly packumentCache full:https://registry.npmjs.org/whatwg-mimetype cache-miss
2492 http fetch GET 200 https://registry.npmjs.org/dom-serializer 3205ms (cache miss)
2493 silly packumentCache full:https://registry.npmjs.org/dom-serializer set size:undefined disposed:false
2494 silly fetch manifest encoding-sniffer@^0.2.1
2495 silly packumentCache full:https://registry.npmjs.org/encoding-sniffer cache-miss
2496 http fetch GET 200 https://registry.npmjs.org/undici 7166ms (cache miss)
2497 silly packumentCache full:https://registry.npmjs.org/undici set size:undefined disposed:false
2498 silly fetch manifest parse5-parser-stream@^7.1.2
2499 silly packumentCache full:https://registry.npmjs.org/parse5-parser-stream cache-miss
2500 http fetch GET 200 https://registry.npmjs.org/whatwg-mimetype 1357ms (cache miss)
2501 silly packumentCache full:https://registry.npmjs.org/whatwg-mimetype set size:undefined disposed:false
2502 silly fetch manifest parse5-htmlparser2-tree-adapter@^7.1.0
2503 silly packumentCache full:https://registry.npmjs.org/parse5-htmlparser2-tree-adapter cache-miss
2504 http fetch GET 200 https://registry.npmjs.org/encoding-sniffer 1294ms (cache miss)
2505 silly packumentCache full:https://registry.npmjs.org/encoding-sniffer set size:undefined disposed:false
2506 silly fetch manifest defu@^6.1.4
2507 silly packumentCache full:https://registry.npmjs.org/defu cache-hit
2508 silly fetch manifest destr@^2.0.3
2509 silly packumentCache full:https://registry.npmjs.org/destr cache-miss
2510 http fetch GET 200 https://registry.npmjs.org/parse5-parser-stream 987ms (cache miss)
2511 silly packumentCache full:https://registry.npmjs.org/parse5-parser-stream set size:undefined disposed:false
2512 silly fetch manifest ohash@^1.1.4
2513 silly packumentCache full:https://registry.npmjs.org/ohash cache-hit
2514 silly fetch manifest unenv@^1.10.0
2515 silly packumentCache full:https://registry.npmjs.org/unenv cache-hit
2516 silly fetch manifest crossws@>=0.2.0 <0.4.0
2517 silly packumentCache full:https://registry.npmjs.org/crossws cache-hit
2518 silly fetch manifest iron-webcrypto@^1.2.1
2519 silly packumentCache full:https://registry.npmjs.org/iron-webcrypto cache-miss
2520 http cache https://registry.npmjs.org/destr 2893ms (cache hit)
2521 silly packumentCache full:https://registry.npmjs.org/destr set size:65344 disposed:false
2522 silly fetch manifest js-yaml@3.14.1
2523 silly packumentCache full:https://registry.npmjs.org/js-yaml cache-miss
2524 http fetch GET 200 https://registry.npmjs.org/parse5-htmlparser2-tree-adapter 3331ms (cache miss)
2525 silly packumentCache full:https://registry.npmjs.org/parse5-htmlparser2-tree-adapter set size:undefined disposed:false
2526 silly fetch manifest @oozcitak/dom@1.15.10
2527 silly packumentCache full:https://registry.npmjs.org/@oozcitak%2fdom cache-miss
2528 http fetch GET 200 https://registry.npmjs.org/iron-webcrypto 4241ms (cache miss)
2529 silly packumentCache full:https://registry.npmjs.org/iron-webcrypto set size:undefined disposed:false
2530 silly fetch manifest @oozcitak/util@8.3.8
2531 silly packumentCache full:https://registry.npmjs.org/@oozcitak%2futil cache-miss
2532 http fetch GET 200 https://registry.npmjs.org/js-yaml 1807ms (cache miss)
2533 silly packumentCache full:https://registry.npmjs.org/js-yaml set size:undefined disposed:false
2534 silly fetch manifest @oozcitak/infra@1.0.8
2535 silly packumentCache full:https://registry.npmjs.org/@oozcitak%2finfra cache-miss
2536 http fetch GET 200 https://registry.npmjs.org/@oozcitak%2fdom 1512ms (cache miss)
2537 silly packumentCache full:https://registry.npmjs.org/@oozcitak%2fdom set size:undefined disposed:false
2538 http fetch GET 200 https://registry.npmjs.org/@oozcitak%2futil 844ms (cache miss)
2539 silly packumentCache full:https://registry.npmjs.org/@oozcitak%2futil set size:undefined disposed:false
2540 http fetch GET 200 https://registry.npmjs.org/@oozcitak%2finfra 1010ms (cache miss)
2541 silly packumentCache full:https://registry.npmjs.org/@oozcitak%2finfra set size:undefined disposed:false
2542 silly fetch manifest crossws@^0.4.1
2543 silly packumentCache full:https://registry.npmjs.org/crossws cache-hit
2544 silly fetch manifest srvx@>=0.11.5
2545 silly packumentCache full:https://registry.npmjs.org/srvx cache-miss
